symbol,call,term,tone,quote
INDIAGLYCO,Nov 2025,de-merger,forward,"…this INR 467 crores will also be utilized for the repayment or you can say the prepayment of the existing debt. As far as the division is concerned, after the de-merger, there will be three companies. One is India Glycols, other one is IGL Spirits and third one will be the Ennature Bio Pharma. So, in these two companies, India…"
INDIAGLYCO,Feb 2026,demerger,forward,"…ose on 31st March 2026 around INR1,100 crores term loan. Apart from this, we are not having any big size capex. And any capex will be undertaken only after the demerger. And our efforts are continuing relating to the prepayment, and we are planning to pay, say, about INR100 crores, INR150 crores in April '26 also. Reason being…"
INDIAGLYCO,Feb 2026,demerger,forward,"…in the coming years. Saket Kapoor: When would the ratings happen? Anand Singhal: Rating is in process. Shortly, you will get. But only thing is because of the demerger, the rating is in watch list. Saket Kapoor: Watch list, yes sir. Anand Singhal: So, you will not find the rating improvement till our demerger happens. So, any…"
INDIAGLYCO,Feb 2026,demerger,forward,"…s because of the demerger, the rating is in watch list. Saket Kapoor: Watch list, yes sir. Anand Singhal: So, you will not find the rating improvement till our demerger happens. So, any improvement in the rating you will see only after the completion of the demerger. Till that time, the rating will be the same, and we will con…"
INDIAGLYCO,Feb 2026,demerger,forward,"…inghal: So, you will not find the rating improvement till our demerger happens. So, any improvement in the rating you will see only after the completion of the demerger. Till that time, the rating will be the same, and we will continue to be in watch list. Saket Kapoor: Okay. But cost of fund will remain then remain the same o…"
INDIAGLYCO,Jun 2026,scheme of arrangement,forward,"…ll give you the debt profile of all these three units, which is in process and I will share with you. Balasubramanian: Okay, sir. So, my second question on the scheme of arrangement is submitted by NCLT. I think the hearing is expected, 21st of May. Is there any expected timeline for the completion of demerger? Anand Singhal: 21st May, we…"
INDIAGLYCO,Jun 2026,demerger,forward,"…question on the scheme of arrangement is submitted by NCLT. I think the hearing is expected, 21st of May. Is there any expected timeline for the completion of demerger? Anand Singhal: 21st May, we are hopeful that we will get the order for the demerger of the division. And another hope is that in first 10 days of the June we…"
INDIAGLYCO,Jun 2026,demerger,forward,"…xpected, 21st of May. Is there any expected timeline for the completion of demerger? Anand Singhal: 21st May, we are hopeful that we will get the order for the demerger of the division. And another hope is that in first 10 days of the June we will get the order. So, once we get the order, we will start working for filing that…"
NH,Feb 2026,carve out,backward,"…a J: Yes, you should take this number going forward. So , the Practice Plus balance sheet was three legal entities which were there , and this is now after the carve out. There is also the… most of the depreciation is also coming from the leases. And as we consolidated, there was a re -accounting that we did with the statutory…"
NH,Jun 2026,demerging,neutral,…we are doing is a little bit of consolidation and a few of the corporate overheads can be worked in a way that we share resources with the parent and we'll be demerging the clinic business into the core that should help with a lot of that. But we've s een a lot of positive aspects of running these clinics. We are accessing pat…
VEDL,Nov 2025,demerger,forward,"…chromium , cobalt, vanadium, potash and manganese. This brings the total number of secured blocks to 11. We have also made substantial progress on the proposed demerger, which is a pivotal step towards unlocking further shareholder value. The final N CLT hearing is scheduled for November 12, and we expect approvals to follow.…"
VEDL,Nov 2025,demerge,forward,"…shareholder value. The final N CLT hearing is scheduled for November 12, and we expect approvals to follow. This will set the stage for the listing of all five demerge d entities by the end of FY '26, enabling greater strategic focus and enhanced value creation for all stakeholders. At the start of FY 2026, global markets fac…"
VEDL,Nov 2025,demerger,forward,"…w petition has been filed against this order, but on accounting basis, we have taken the provision. The second matter is regarding SEPCO settlement. As part of demerger proceedings, a full and final settlement of Rs. 660 Cr has been done with SEPCO , thereby resolving a long -standing dispute, paving the way for a proposed dem…"
VEDL,Nov 2025,demerger,neutral,"…ger proceedings, a full and final settlement of Rs. 660 Cr has been done with SEPCO , thereby resolving a long -standing dispute, paving the way for a proposed demerger process. Similarly, in Q2 last year, we have recorded net exceptional income of Rs. 1,160 crores, mainly on account of oil and gas impairment reversal. Our EBI…"
VEDL,Nov 2025,demerger,neutral,"…high cost debt now retired, VRL is positioned to operate on autopilot mode, supported by a dividend payout of 4% to 5% in future and routine brand fee. On the demerger, we are at the final stage. We remain confident of completing our demerger by end of this fiscal, unlocking focused value acros s our five verticals. In summar…"
VEDL,Nov 2025,demerger,neutral,"…, supported by a dividend payout of 4% to 5% in future and routine brand fee. On the demerger, we are at the final stage. We remain confident of completing our demerger by end of this fiscal, unlocking focused value acros s our five verticals. In summary, we remain encouraged about our commodity macro fundamentals, operational…"
VEDL,Jan 2026,demerger,neutral,"…o achieve our full year guidance of around $1.7 billion. On the “Corporate Action Front ,” a significant milestone in this quarter has been the approval of our demerger scheme. This marks a defining moment in our journey, one that empowers our businesses to sharpen the strategies, strengthen the balance sheets and accelerate g…"
VEDL,Jan 2026,demerger,forward,"…the strategies, strengthen the balance sheets and accelerate growth with the aim of unlocking shareholder value. On the 16th of December, the NCLT approved our demerger scheme , and on the 21st of January, we received the certified copy of NCLT's order. We are now progressing towards implementation and targeting 1st of April a…"
VEDL,Jan 2026,demerger,backward,"…d a refinery train. These are the significant milestones that will drive business growth in the coming quarters. We received the NCLT's approval for a historic demerger and approval to acquire I ncab Industries, another strategic move aligned with our vision of unlocking downstream synergies and broadening our market presence…"
VEDL,Jan 2026,demerger,forward,"…FY26 has been a quarter of immense significance for Vedanta, marked by remarkable performance, both operationally and financially, and crucial progress made on demerger and capital structure. The macro environment is supportive with a strong demand and pricing being favorable, and we expect these conditions to sustain going fo…"
VEDL,Jan 2026,demerger,forward,"…nd and pricing being favorable, and we expect these conditions to sustain going forward. On results presentation, following NCLT order on December 16, '25, the demerger accounting under Indian accounting standards, IND AS 105 has been incorporated in Q3 results, filed with the regulators. These results show aluminum , oil and…"
VEDL,Jan 2026,demerger,neutral,"…steel businesses separately in a summary one -line form. For clarity and for like -to-like comparison, below results are for combined operations which is pre -demerger and for all Vedanta existing businesses. On “Performance ,” we delivered our highest ever quarterly revenue of Rs.45,899 crores , up 19% YoY, with our portfoli…"
VEDL,Apr 2026,de-merger,forward,"…o zero net debt businesses. Other three businesses' net debt to EBITDA ratios will be in line with their debt serving capabilities. At Vedanta group level pre -de-merger, our leverage stands at 0.95x, re flecting resilient EBITDA and disciplined financial structuring. For the Q4 and FY26 results, following NCLT approvals, we ha…"
VEDL,Apr 2026,de-merger,neutral,"…per Indian accounting regulations Ind AS 105. For clarity and like -to-like comparison, our results discussions are for the combined operations, which is pre -de-merger and includes all five businesses. Moving very briefly to performance, we recorded all -time highs in all three m etrices, they being revenue, EBITDA and PAT, b…"
VEDL,Apr 2026,value unlocking,forward,"…ong performance and notable advancements across strategic focus areas. The upcoming de -merger marks Vedanta's transition into a future new phase of growth and value unlocking in to a powerhouse of critical minerals, energy transition and technology. Thank you and over to operator for Q&As. Moderator: Thank you very much. We will now…"
VEDL,Apr 2026,demerger,neutral,"…r each of the entities? Moderator: Indrajit can you please self-mute , there is lot of disturbance on your line. Thank you. Indrajit Agarwal: Yes. So after the demerger how would the dividend policies look like for each of the entities? Ajay Goel: So that is a one change that will entail post -de-merger. In that case, five com…"
VEDL,Apr 2026,de-merger,forward,"…arwal: Yes. So after the demerger how would the dividend policies look like for each of the entities? Ajay Goel: So that is a one change that will entail post -de-merger. In that case, five companies' board, ran independently, will be free to design their own policies. In case of Vedanta Limited today, the board has approved it…"
VEDL,Apr 2026,de-merger,forward,"…in an unbundled fashion, so each of the new companies' benchmarking is different. In summary, the 3% rate continues and the only change that will be done post -de-merger is in the copper brand fee. So the brand fee for copper from the current 3% will go down to 0.75% and that alone from India's viewpoint means higher EBITDA by…"
JSWENERGY,Oct 2025,Scheme of Arrangement,neutral,…am pleased to share 3 strategic developments during the quarter : 1. Acquisition of GE Power India Ltd.’s Boiler Manufacturing Business: We have entered into a Scheme of Arrangement with GE Power India Ltd. to acquire its boiler manufacturing business. This acquisition significantly enhances our in -house capabilities wit h both technology…
APOLLOHOSP,Feb 2026,demerger,neutral,"…ance long -term shareholder value. We have also made progress with respect to the regulatory integration process for the com posite scheme of Keimed merger and demerger of Apollo HealthCo and remain well positioned to capture the full benefits of scale with the combined entity to achieve a run rate of INR 25,000 crore in combi…"
APOLLOHOSP,Feb 2026,demerger,forward,"…see as expansion. Bino Pathiparampil : Understood. Okay. And finally, an update on wha t is happening on the HealthCo side regarding the corporate action about demerger, et cetera. How is the progress on the Keimed side in terms of accumulation of the different pieces of business that were separate, et cetera, would be great?…"
APOLLOHOSP,May 2026,demerger,backward,"…LT convened meeting of the shareholders is now being called for on June 24 to obtain the requisite shareholder approval, consequent to which we are hopeful the demerger process is completed by Q4 FY27 as planned earlier. In terms of financial milestones, I am pleased to share that our consolidated revenues crossed INR 25,000 c…"
APOLLOHOSP,May 2026,demerger,forward,"…Can you update us on the timeline for this entire transaction on AHL and when will the new company will come into existence and when will the separation or the demerger will happen? A. Krishnan: So, as we said already that the shareholders, this call is scheduled for June 24, where we should be, which is the NCLT process, conv…"
APOLLOHOSP,May 2026,demerged,forward,"…en the NCLT process should ta ke it some 3, 4 months to close. And hopefully, by Q4 FY27, end of December or early Q4 FY27 is when Apollo Healthtech should get demerged and listed. That is the plan. And that Transcript of AHEL Q 4 FY26 Earnings Call Page 14 of 16 Company , when it gets listed, you should be in a position to se…"
HINDUNILVR,Oct 2025,demerger,neutral,"…rlier, by GST transition. Ice Cream business declined year on year, impacted by extended monsoon in addition to GST transition. As you are aware, the Ice Cream demerger process is currently underway. We expect to complete the demerger by December, with the listing anticipated in Quarter 4 of Financial Year 2026, subject to nec…"
HINDUNILVR,Oct 2025,demerger,neutral,"…, impacted by extended monsoon in addition to GST transition. As you are aware, the Ice Cream demerger process is currently underway. We expect to complete the demerger by December, with the listing anticipated in Quarter 4 of Financial Year 2026, subject to necessary regulatory approvals Moving on to the summary of our perfor…"
HINDUNILVR,Oct 2025,demerger,forward,"…remain firmly committed to investing be hind our business, confident that this continued focus will unlock sustained growth. Coming to EBITDA margin, Ice Cream demerger is expected to result in an improvement of 50-60 bps to the reported margin as Ice Cream business operates at a margin lower than HUL av erage. Our current nea…"
HINDUNILVR,Oct 2025,demerger,neutral,"…Ice Cream business operates at a margin lower than HUL av erage. Our current near to mid-term guidance is 22-23%, hence everything else being equal, Ice Cream demerger adds 50-60 bps to this guidance. September Quarter 2025 Earnings call of Hindustan Unilever Limited Page 12 of 42 We remain committed to executing our strategy…"
HINDUNILVR,Oct 2025,demerger,neutral,"…in guidance for HUL has been upgraded. You clarified on that bit that there was an Ice Cream impact of 50, 60 bps. But if you could clarify becau se –Ice Cream demerger is going to be at the year end. So, when does that benefit happen? That happens in FY'27 essentially, 50-60 bps? Ritesh Tiwari: So yes, currently, where we are…"
HINDUNILVR,Oct 2025,demerger,forward,"…t benefit happen? That happens in FY'27 essentially, 50-60 bps? Ritesh Tiwari: So yes, currently, where we are with the Ice Cream plans, Abneesh, we expect the demerger to happen in December quarter. And when I say demerger, which means if everything goes as per plan an d with all regulatory approvals, when we declare our res…"
HINDUNILVR,Feb 2026,demerger,backward,"…-based with all categories contributing and it was competitive as we continued to gain turnover weighted market share. As you are aware, we have completed the demerger of the I ce Cream business this quarter. The numbers on this slide reflect performance of the continuing business, excluding I ce Cream. EBITDA at Rs. 3,788 cr…"
HINDUNILVR,Feb 2026,demerger,backward,"…year. Reported Profit After Tax for the period at Rs. 6,603 crores grew 121% year -on- year. This includes several one- off impacts arising from the I ce Cream demerger and O Ziva fair valuation in the quarter. It also includes the base effect of the December Quarter 2025 Earnings call of Hindustan Unilever Limited Page 4 of…"
HINDUNILVR,Feb 2026,demerger,neutral,…st year. December Quarter 2025 Earnings call of Hindustan Unilever Limited Page 9 of 34 And the second item is one- time non -cash gain arising from I ce Cream demerger accounted for in accordance with the approved scheme of demerger and applicable accounting standards. The detailed amounts on each of these is there in the not…
HINDUNILVR,Feb 2026,demerger,backward,"…r Limited Page 9 of 34 And the second item is one- time non -cash gain arising from I ce Cream demerger accounted for in accordance with the approved scheme of demerger and applicable accounting standards. The detailed amounts on each of these is there in the notes to accounts. Consequently, the reported profit after tax for t…"
HINDUNILVR,Feb 2026,demerger,neutral,"…utritiona lab Private Limited, we are selling the stake to USV Private Limited for a consideration of Rs. 307 crores. We also recently concluded the I ce Cream demerger process in December. With a dedicated management team and singular focus, we are confident that KWIL is well positioned to capitali se on the growing market op…"
HINDUNILVR,Feb 2026,demerger,forward,"…range still? Niranjan Gupta: So, our guided range has been that 22% to 23%. We also outlined that the range, therefore, you will see a benefit of the ice cream demerger to the extent of 50 basis points. So basically, we remain with this guidance that we have provided. Mihir P Shah: Sorry, so it should be 22.5% to 23.5%, is tha…"
HINDUNILVR,May 2026,demerger,neutral,"…ormats of Beauty and Home Care. We have actively rotated our portfolio to sharpen the quality and growth profile of the business. Strategic actions such as the demerger of I ce Cream, along with the investments at O Ziva and Minimalist, are already enhancing the growth mix of the portfolio. The company has also been reorganize…"
TRIVENI,Nov 2025,scheme of arrangement,forward,"…ut delivering an improved performance in FY26 , given all the various situations that our various businesses are incurring . Lastly, I'd like to comment on the scheme of arrangement, the proposed amalgamation with SSEL and the demerger of the Power Transmission business. The proposed scheme has been approved by the stock exchanges, and the…"
TRIVENI,Nov 2025,demerger,forward,"…us situations that our various businesses are incurring . Lastly, I'd like to comment on the scheme of arrangement, the proposed amalgamation with SSEL and the demerger of the Power Transmission business. The proposed scheme has been approved by the stock exchanges, and the process is obtaining approval of NCLT . The meetings…"
TRIVENI,Feb 2026,demerger,forward,"…l will have had a benefit, and you've seen that benefit in this quarter's results. Lastly, with respect to the proposed scheme of amalgamation of SS EL and the demerger of the Power Transmission busine ss to unlock value and to drive operational efficiencies, the scheme has been approved by shareholders of creditors, this was…"
TRIVENI,Feb 2026,demerger,neutral,"…this to happen during under this quarter, this calendar quarter. So on that front, nothing really stands unchanged. We are, of course, as we get closer to this demerger. Looking at the Power Transmission business, gaining a lot of skill set s in terms of ability to operate as a separate company. A lot of systems work is being…"
TRIVENI,Jun 2026,scheme of arrangement,backward,"…We wanted all the senior management team to be present for this very important and in some ways, historic call. I'm delighted to inform you that the composite scheme of arrangement is effective from th e 19th of May, 2026 after the approval of the NCLT. The revenues from operations of the company net of excise stood at ■6,291 crore , and…"
TRIVENI,Jun 2026,independent listing,neutral,"…from any pricing increa se of note over the last two years. Within the Power Transmission Business, our strategic push to clearly move towards, of course, the independent listing of TPTL. Our capital expenditure program mes are progressing very smoothly and I've already covered that in my opening remarks. The export market continues to…"
TRIVENI,Jun 2026,demerger,forward,"…at we will be receiving more orders in the very near future in this business. Before I open up the floor for questions, I'd like to just offer a comment on the demerger. As I mentioned at the very outset of this call, the approval of NCLT has been granted on the 19th of May and has been informed to the stock exchanges and the…"
TRIVENI,Jun 2026,demerger,neutral,"…th of May and has been informed to the stock exchanges and the ROC. T he appointed date for the scheme is the 1st of April 2025, and the appointed date for the demerger is the 1st of April 2026. In respect to the record date, we have two record dates. The issuance of shares for Sir Shadilal, a group company of Triveni is the 3…"
TRIVENI,Jun 2026,demerger,backward,"…anuj Na ngalia from SKP Securities. Please go ahead. Tanuj Na ngalia : Thanks for the opportunity. Can I get to know what is the EBITDA margin impact after the demerger? Do we see any positive side or negative side in the PTB business? Suresh Taneja : As regards to the PTB busines s, it has got its own dynamics, as a matter of…"
AMBUJACEM,Feb 2026,value unlocking,neutral,"…erall, how is the industry growing? And my third question, what we have seen, and I remember a few quarters back, you had alluded to this that there's a lot of value unlocking you're doing in ACC Ambuja, which is below the EBITDA, the tax refunds which you're securing or getting it cleared f or prior periods. So some discussions arou…"
AMBUJACEM,Feb 2026,value unlocking,forward,"…brownfield and Penna anyways is in a fairly advanced stage, which will be up and running in February. Rajesh Ravi : Great. Great. And on the demand outlook and value unlocking through tax refund for prior period? Vinod Bahety : Tax refunds of the prior period, I think we have done a major efforts on that and unlocked the working capi…"
GABRIEL,Feb 2026,scheme of arrangement,forward,"…es. Ananya Khanna: So my question is, when can we expect the statutory approvals to start rolling in for the scheme of arrangement? Mohit Srivastava: So on the scheme of arrangement, we received the NOC from st ock exchange and post that, we filed our application to NCLT. I'm happy to share that the first motion hearing happened in early J…"
GABRIEL,May 2026,demerger,neutral,…e to update you all that the composite scheme involving the amalgamation of Anchemco India Private Limited into Asia Investment Private Limited followed by the demerger of automotive undertaking into Gabriel India has now received key shareholder and NCLT approvals. The scheme is becoming effective from 2 2 nd May 2026. Speaki…
INOXGREEN,Nov 2025,demerger,forward,"…prospects of the company, we believe Inox Green is on track to become the largest renewable O&M player in India. Another positive development is the scheme of demerger of the substa tion business from Inox Green and its subsequent margin into Inox Renewable, receiving approval from shareholders and creditors. This will add va…"
INOXGREEN,Nov 2025,demergers,neutral,"…add value for both Inox Wind, with subsequent listing of Inox Renewable solution as an EPC arm of Inox Wind, and Inox Green with elimination of depreciation on demergers of the asset blocks With a global shift towards greener power, India has also set ambitious plan for the complete transition to renewable energy. Hy brid proje…"
INOXGREEN,Nov 2025,demerger,neutral,…d to consolidate into Inox Green's books in FY '27 post -statutory approvals. We expect our profitability to grow manifold in FY '27 over FY '26. The scheme of demerger of the substation business from Inox Green and its subsequent merger into Inox renewable solutions h as received approvals from shareholders and creditors. Onc…
INOXGREEN,Feb 2026,demerger,forward,"…to enhance the speed of execution and increasing margins and reducing the manual dependencies. Finally, I would like to inform our investors that the scheme of demerger of substation business from Inox Green and its subsequent merger into Inox Renewable Solutions is in the final stages of hearing at Hon ’ble NCLT Ahmedabad. On…"
INOXGREEN,Feb 2026,demerger,neutral,"…ng? Kailash Tarachandani : Yes. And there is a possibility to get north of INR 600 crores. Utkarsh Somaiya : Yes. And since we will have zero depreciation post demerger, and your finance cost is virtually nil, your PBT should be equal to your EBITDA , give or take? Management : So, our PBT would be equivalent to EBITDA. Furthe…"
INOXGREEN,Feb 2026,demerger,neutral,"…from the line of Pr it Nag ersheth from Wealth Fin visor. Please proceed. Prit Nagersheth : Yes. Hi. S ir, I want to understand, again on Inox Green , post the demerger, how much revenue will come off? Management : So post the demerger, as we have clarified on the multiple cores, there would be a very limited amount of revenu…"
INOXGREEN,Feb 2026,demerger,forward,"…oceed. Prit Nagersheth : Yes. Hi. S ir, I want to understand, again on Inox Green , post the demerger, how much revenue will come off? Management : So post the demerger, as we have clarified on the multiple cores, there would be a very limited amount of revenue in the range of INR 10 odd crore will get out of the balance shee…"
INOXGREEN,Feb 2026,demerger,forward,"…Financial Group Investments. Please proceed. Pradyumna Choudhary : Yes. Hi. Just on Inox Renewable Solutions, d o we have any specific timeline in terms of the demerger? When are we expecting the same? Any update on that? Like I know you mentioned that it is in the final stages and all, but any particular timeline you are look…"
INOXGREEN,Jun 2026,demerger,forward,"…ill be the largest renewable O&M company in India in the near future and is well placed to become one of the largest , globally by 2030. Further, the scheme of demerger of Inox Green , evacuation infrastructure business and its merger into Inox Renewable Solutions has been approved by the Honorable NCLT , Ahmedabad. IRSL will…"
INOXGREEN,Jun 2026,demerger,neutral,"…ntribute to this. Inox Wind and Inox Green Energy Services Limited May 2 9, 202 6 Page 6 of 19 Finally, I am pleased to inform our investors that the scheme of demerger of the evacuation infrastructure business from Inox Green and its subsequent merger into Inox Renewable Solutions has been approv ed by Honorable NCLT Ahmedaba…"
INOXGREEN,Jun 2026,demerger,forward,"…rsheth: Got you. My second question was regarding -- could we get a sense of the top line and the EBITDA profile for the Inox Renewable business given that the demerger dates will be announced pretty soon. Management: We cannot say at this point in time. I think once that demerged, we'll elucidate more plans. At this point in…"
INOXGREEN,Jun 2026,demerged,forward,"…for the Inox Renewable business given that the demerger dates will be announced pretty soon. Management: We cannot say at this point in time. I think once that demerged, we'll elucidate more plans. At this point in time, it's part and parcel of Inox Wind. Once its demerge d, we'll elucidate our plan s on that. Moderator: Sorry…"
INOXGREEN,Jun 2026,demerge,forward,"…We cannot say at this point in time. I think once that demerged, we'll elucidate more plans. At this point in time, it's part and parcel of Inox Wind. Once its demerge d, we'll elucidate our plan s on that. Moderator: Sorry to interrupt, may I request Mr. Prit to please rejoin the queue. Thank you. The next question is from t…"
INOXGREEN,Jun 2026,demerging,forward,"…e past 4 years, we've got a virtually zero value company to massive value. We've spun off Inox Green, which has created tremendous value. We're on the verge of demerging Inox Renewable Solutions, which we hope will create tremendous value. Inox Wind and Inox Green Energy Services Limited May 2 9, 202 6 Page 12 of 19 I am not to…"
THOMASCOOK,May 2026,demerger,forward,"…egmental analysis, I will discuss the strategic divestment announcement that was made in March 2026, where the Board has granted in -principle approval for the demerger of our resort business into Sterling Holiday Resorts. This is a significant strategic move for our organization, one that we believe will unlock value for our…"
THOMASCOOK,May 2026,demerger,neutral,"…omplete r e-architecture of the brand that should begin reflecting across customer touch points in the next 2 to 4 quarters. In parallel, as you are aware, the demerger process from Thomas Cook has also been initiated. While we remain watchful of short -term headwinds like weather and impacts on input costs that may impact us,…"
THOMASCOOK,May 2026,demerger,forward,"…w you plan to tide over the impact of mon soon as far as the resort segment is concerned? And third thing, if we could get some clarity on the timeline for the demerger, that would be great. Mahesh Iyer: Yes. So let me pass your questions, Ananya. And I think I'll take one part of the question. I'll let Debasis comment on the…"
THOMASCOOK,May 2026,demerger,neutral,"…eat. Mahesh Iyer: Yes. So let me pass your questions, Ananya. And I think I'll take one part of the question. I'll let Debasis comment on the timelines for the demerger. And then I'll get Vikram to come back and talk about the effect of monsoon and stuff and how he's prepar ing for that. First, your question on foreign exchang…"
THOMASCOOK,May 2026,demerger,forward,"…ment has been weak. I think despite that, the quarterly performance has been strong. Debasis Nandy: Yes. So when we took the Board approval for this particular demerger project, we said that it will take us 12 to 15 months. The project is currently on track. We have applied to the NSE and the BSE for relevant approvals, and we…"
REFEX,Nov 2025,de-merger,forward,"…ients to chart a ready to deploy fleet expansion and improve utilization across B2B and B2B2C platforms. On this note, I would like to briefly mention that the de-merger of Refex Green Mobility Limited from Refex Industries Limited is in progress through a composite scheme comprising two steps. That is, first the merger of RGML…"
REFEX,Nov 2025,de-merger,neutral,"…Limited from Refex Industries Limited is in progress through a composite scheme comprising two steps. That is, first the merger of RGML into RIL, followed by a de-merger of Mobility Undertaking from RIL into a separate listed entity called Refex Mobility Limited, in line with our strategy to unlock focused value creation for al…"
REFEX,Nov 2025,demerger,forward,"…from RIL into a separate listed entity called Refex Mobility Limited, in line with our strategy to unlock focused value creation for all our stakeholders. Post-demerger, the mobility vertical will pursue its growth plan independently with strategic and financial flexibility. Our wind vertical continues to progress steadily as…"
REFEX,Nov 2025,hive off,neutral,"…r. Refex Industries Limited November 06, 2025 Page 6 of 15 Smit Jain : Ok, second question was regarding the Refex Mobility Vertical that now we are wanting to hive off to a different listed entity. What valuation is that going to be? Let’s say if I own 100% of Refex, what valuation have we ascertained to this particular verti…"
REFEX,Nov 2025,demerged,forward,"…t valuation is that going to be? Let’s say if I own 100% of Refex, what valuation have we ascertained to this particular vertical? Because now that it would be demerged from the company, have we reached that number? And at what point do we see that company getting listed completely as a separate unit? Is there a timeline to it…"
REFEX,Nov 2025,demerger,forward,"…e that company getting listed completely as a separate unit? Is there a timeline to it? Dinesh Kumar Agarwal : As per the company and the process of merger and demerger process there is no valuations requirement to be done since the company holds 100, it is a 100 subsidiary and a mirror shareholding will happen, all the shareh…"
REFEX,Jan 2026,de-merger,forward,"…dation with teams actively engaging enterprise clients and working towards calibrated fleet expansion with a clear focus on utilization and unit economics. The de-merger of Refex Green Mobility Limited is progressing as per the approved composite scheme, following which the mobility business will operate as a separate entity wi…"
REFEX,Jan 2026,demerger,forward,"…es. Please go ahead with your question. Ananya Khanna : Hello, first of all, congratulations on a good set of numbers. I wish to understand the timeline of the demerger scheme, how long it is expected to take and the expected synergies from the same? Anil Jain : On the demerger, I think we currently are waiting for some final…"
REFEX,Jan 2026,demerger,forward,"…numbers. I wish to understand the timeline of the demerger scheme, how long it is expected to take and the expected synergies from the same? Anil Jain : On the demerger, I think we currently are waiting for some final NOCs from the lenders. As soon as it comes, the scheme is ready to be filed and we are trying our best to ensu…"
REFEX,Jan 2026,demerged,forward,"…rom the lenders. As soon as it comes, the scheme is ready to be filed and we are trying our best to ensure that this can happen as soon as possible. Once it is demerged, the Refex Mobility will run as a separate entity where it will have more liberty to do its own business and also it will have its own, all the debt etc. will…"
REFEX,Jan 2026,separate listing,neutral,"…Agarwal : It is a 100% subs idiary and Refex industry does not own any assets of the Refex Green Mobility. So it is a 100% subsidiary and it will be a parallel separate listing completely. Vivek Joshi : Okay. But since it is consolidated, what percentage of the assets are in? Just to get an idea from the balance sheet because right no…"
REFEX,Jan 2026,demerged,forward,"…percentage of your business will be from ash, coal, and green mobility, just to get an idea of how the company is thinking? Anil Jain : Green mobility will be demerged. So it will be a separate entity. Officially, on a standalone basis, Refex industries will have 100% business, maybe 95% business from ash and coal handling on…"
REFEX,Jun 2026,demerger,neutral,…ewable energy ecosystem. We believe this development further reinforces our long-term growth strategy in this sector. Now coming to the mobility business. The demerger process continues to progress in line with the approved scheme and planned time line. Key regulatory and procedural milestones have already been achieved and t…
REFEX,Jun 2026,demerger,forward,"…e line. Key regulatory and procedural milestones have already been achieved and the process remains on track for operational separation. Post completion of the demerger, the mobility platform will operate independently with a dedicated strategic and financial focus. We believe this structure will create sharper operational foc…"
REFEX,Jun 2026,demerger,forward,"…ross our businesses. With a strong order book at Ash & Coal Handling, the wind business entering active execution and the mobility business progressing towards demerger, we remain confident about the company's long-term growth trajectory and value creating potential. I would like to conclude by thanking our shareholders, custo…"
REFEX,Jun 2026,demerger,neutral,…question is what liquidity buffers and refinancing tactics have been planned over the next 1 to 2 years to sustain profitability while supporting the mobility demerger and renewable energy scale up? Dinesh Agarwal: Yes. Already we started the work with respect to the financing. We have already did some refinancing during the…
REFEX,Jun 2026,demerger,forward,"…nt vision and the management mission, how they are executing it. And I think you are doing a great job in that. We would like to understand where we are on the demerger. Is it just stuck with NCLT Refex Industries Limited May 27, 2026 Page 11 of 21 and other regulatory process? Or is there some other stumbling block that you h…"
REFEX,Jun 2026,demerger,forward,"…have any other questions because everything else is quite sticking for us. Dinesh Agarwal: Yes. This is, I mean, ongoing. I mean, there is no challenge in the demerger process. It is a part of NCLT process. We expect very soon to get the demerger process being done. Currently, the courts are on holidays. It is a summer vacati…"
RELIGARE,Nov 2025,demerged,neutral,"…ing deep market penetration and brand visibility across India. I am happy to share that during the quarter, e -governance business of Religare Broking has been demerged and transferred to Religare Digital Solutions Limited which is a wholly -owned subsidiary of Religare Broking Limited, pursuant to the scheme of arrangement ap…"
RELIGARE,Nov 2025,scheme of arrangement,neutral,"…roking has been demerged and transferred to Religare Digital Solutions Limited which is a wholly -owned subsidiary of Religare Broking Limited, pursuant to the scheme of arrangement approved by the Honorable NCLT. So I am just coming to the next slide that gives the e -governance business model how we operate. So we operate through a distr…"
RELIGARE,Nov 2025,demerger,neutral,"…e foreseeable future? And my second question is what does the corporate structure look like two years from now? Specific question I am asking is r egarding the demerger of Care and the other two, three subsidiaries from the HoldCo and in terms of any plans, what are the plans there? Pratul Gupta: Thanks Vikas for the question.…"
RELIGARE,Nov 2025,value unlocking,forward,"…which we will be lending, if you can give us some broad understanding on that NBFC business, that will be helpful. And in terms of your initial comments on the value unlocking, if you can j ust touch upon whether we will be looking for an IPO for the care health business or we will be better off with the de -merger of the business? T…"
RELIGARE,Feb 2026,demerger,forward,"…pta : Thank you, Rahul. Now that we have discussed the quarter gone by, let me get to the other part where we will discuss about reorganization of Religare and demerger of its financial services business. On 14th Feb 2026 this year, the Boards of Religare Enterp rises Limited and Religare Finvest Limited have approved the deme…"
RELIGARE,Feb 2026,demerger,neutral,"…rger of its financial services business. On 14th Feb 2026 this year, the Boards of Religare Enterp rises Limited and Religare Finvest Limited have approved the demerger of financial services and insurance businesses of the group into two focused and independent listed entities. This is not just a structural or reorganization.…"
RELIGARE,Feb 2026,demerger,neutral,"…tock is listed on BSE and NSE, whereas RFL is an unlisted entity, and it is registered with RBI as a middle layer category, NBFC. Now if you see Slide 37, this demerger is built on 4 pillars. First, streamlined business focus and simplified structure. The segregation of financial services from insurance business is to create a…"
RELIGARE,Feb 2026,independent listing,forward,"…siness model, growth strategy, capital deployment and performance metrics for t he teams. Secondly, unlocking shareholder value through a separate listing. The independent listing of RFL is expected to unlock shareholder value and enhance investor participation. It will facilitate targeted capital raising for this business and enable mor…"
RELIGARE,Feb 2026,demerger,neutral,"…y supporting sustainable growth and long -term value creation by this newly created company. Third, the focused management attention and talent alignment. Post demerger, each entity will have dedica ted leadership teams. The leadership teams are already in the hiring mode. They'll require sharper operational alignment and clea…"
RELIGARE,Feb 2026,demerger,neutral,…objectives for the new incumbents as we hire the senior leadership for different components of the business. Both enhance r isk management and compliance. The demerger enables implementation of spec ific risk management policies and internal compliance frameworks tailored to each business segment. This improves monitoring and…
RELIGARE,May 2026,demerger,forward,"…this stake is expected to rise further. During the last quarter, the respective Boards of Religare Enterprises Limited and Religare Finvest Limited approved a demerger scheme to create 2 separately listed focused en tities. Under the proposed demerger, REL's lending, broking and ancillary financial services business will move…"
RELIGARE,May 2026,demerger,forward,"…rds of Religare Enterprises Limited and Religare Finvest Limited approved a demerger scheme to create 2 separately listed focused en tities. Under the proposed demerger, REL's lending, broking and ancillary financial services business will move to RFL, while REL will become a pure play health insurance holding company through…"
RELIGARE,May 2026,demerger,forward,"…ove to RFL, while REL will become a pure play health insurance holding company through its stake in Care Health Insurance business. Post the impleme ntation of demerger, RFL will operate as an integrated financial services platform and REL shareholders shall receive 1 RFL share for every REL share held. Referring to Slide 6. T…"
RELIGARE,May 2026,demerger,backward,"…uestion is directed towards Mr. Arjun Lamba since he is representing the promoters. So I think in the last call also, there were concerns raised regarding this demerger process and the hold ing company discount, which can be created because of this sort of a structure. So now in this last quarter, we have seen promoters incre…"
RELIGARE,May 2026,scheme of arrangement,forward,"…riate stage. Sarvesh Gupta: Okay. And if we were to go down on that path, can this be being done parallelly? Or it has to be done sequentially once the current scheme of arrangement gets over, which will take at least a year from now? Arjun Lamba: We will evaluate all this. I mean, we will evaluate all this, and we'll get back to you. And…"
RELIGARE,May 2026,demerger,neutral,"…his. If Kedaara is a long term -- as there are some legal issues, which the previous person asked, can we amend -- is it possible legal ly to amend the current demerger in case you are able, for example, to either get Anuj as a promoter or Kedaara as a promoter, it was good to hear that Kedaara are long -term investors. That's…"
LT,Jan 2026,Scheme of Arrangement,neutral,"…& Toubro has initiated a transfer of its Realty business undertaking to L&T Realty Properties Limited, a wholly owned subsidiary through a slump -sale under a Scheme of Arrangement s ubject to regulatory approvals. This marks the start of a phased consolidation of all real estate assets into a unified platform, positioning L&T Realty for…"
LT,May 2026,slump sale,neutral,"…le platform. Accordingly, the company initiated the transfer of its Realty business undertaking to L&T Realty Properties, a wholly -owned subsidiary, through a slump sale under an approved NCLT scheme of arrangement. In addition, the Realty business has also more than doubled its pre-sales to Rs 94 billion in FY26 , aided by suc…"
LT,May 2026,scheme of arrangement,neutral,"…any initiated the transfer of its Realty business undertaking to L&T Realty Properties, a wholly -owned subsidiary, through a slump sale under an approved NCLT scheme of arrangement. In addition, the Realty business has also more than doubled its pre-sales to Rs 94 billion in FY26 , aided by successful launches in Noida and Panvel. I come…"
ADANIENT,Apr 2026,value unlock,forward,"…folio -style as we close this financial year with 80% of the EBITDA share coming from core infrastructure and services businesses. AEL is now getting ready for value unlock through demergers. These businesses are independent, sector -leading , large core infra platform , spread across Airports, Roads, ANIL ecosystem and long -term…"
ADANIENT,Apr 2026,demergers,forward,"…ose this financial year with 80% of the EBITDA share coming from core infrastructure and services businesses. AEL is now getting ready for value unlock through demergers. These businesses are independent, sector -leading , large core infra platform , spread across Airports, Roads, ANIL ecosystem and long -term contract ed MDO s…"
ADANIENT,Apr 2026,"value
unlock",forward,"…clear picture where initial and primary capex phase is reaching maturity across businesses and EBITDA mix has shifted to mature scalable platforms and path for value unlock i s taking shape. Adani Enterprises Limited April 30, 2026 Page 3 of 12 Incubation journey is a repeatable playbook for us: build, stabilize, scale and unlock.…"
ADANIENT,Apr 2026,value unlock,forward,"…ited April 30, 2026 Page 3 of 12 Incubation journey is a repeatable playbook for us: build, stabilize, scale and unlock. We are already past first 3 phases and value unlock is the next phase of our journey. The roadmap we are building is designed not just to perform in the next quarter or quarter after that. It is designed to deli…"
ADANIENT,Apr 2026,demerger,neutral,"…umar: Sure. And on Airport segment, again, strong exit to the year. When should we look at this company , this segment looking to monetize or not monetize, but demerger, which we have talked about in the past? Moderator: Ladies and gentlemen, we have lost the line of the management. Please stay connected while I reconnect the…"
ADANIENT,Apr 2026,demerger,neutral,"…question for the management. Prateek Kumar: Yes, I was asking regarding the Airport segment, you have exited this year on a strong note. When should we look at demerger of this business, which you have talked about in the past? Robbie Singh : I think from Airports business plan point of view, Prateek, I think the airport team…"
TMPV,Nov 2025,demerger,neutral,"…eaking to you as we report our ■rst quarterly earnings as a listed entity. Next slide, please. The Safe Harbor statement , as it's the ■rst quarter post the CV demerger , a few hygiene accounting related matters to get out of the way. Our segment reporting will now comprise of automotive segments and others. The automotive seg…"
TMPV,Nov 2025,demerger,neutral,"…Aspirations Tata Motors Passenger Vehicles Limited November 14, 2025 is something for you to know. Next slide, please. Another accounting matter related to the demerger. As part of demerger accounting entries, we have recorded a pro■t of ~Rs. 83,000 Cr on disposal of the CV undertaking, which is essentially the fair value of t…"
TMPV,Nov 2025,demerger,neutral,"…rs Passenger Vehicles Limited November 14, 2025 is something for you to know. Next slide, please. Another accounting matter related to the demerger. As part of demerger accounting entries, we have recorded a pro■t of ~Rs. 83,000 Cr on disposal of the CV undertaking, which is essentially the fair value of the CV assets, less th…"
TMPV,Feb 2026,demerger,backward,"…afe Harbor statement, nothing material to report here. Our reporting segments remain the same. Commercial vehicle business is out I think last quarter post the demerger , everything else is the same. Next slide please. In terms of key business highlights for the quarter, the domestic business has had a pretty busy launch calen…"
TMPV,Jun 2026,demerger,neutral,"…r the year was Rs. 2,500 Cr, and this excludes about Rs. 4,100 Cr of except ionals for cyber, the labor code impact in India and the stamp duty charges for the demerger. Next slide, please. Tata Motors Passenger Vehicles Limited May 14, 202 6 The Board has approved a dividend of Rs. 3 per share. The cash outflow for the divide…"
TMPV,Jun 2026,demerger,backward,"…o years. The TMLCV has announced Rs. 4 of dividend in the results meeting yesterday. So this actually represents a total dividend of Rs. 7 in the year when the demerger was undertaken and an increase over the Rs. 6 that we have paid for the last two years. Next slide. The net debt for the year ending March 2026 was Rs. 30,000…"
UPL,Feb 2026,value unlocking,forward,"…ing this decision to list the entity? Because as t hings stand today, it's a business which is cash surplus. It's doing exceedingly well. So if at all, there's value unlocking, how is value getting unlocked and for who is the value getting unlocked? Bikash Prasad: So I think as a first the valuation of Advanta is expected to be final…"
UPL,Feb 2026,value unlock,forward,"…I think the Advanta IPO has, as Bikash said, three objectives. Th ere is, a ) deleve raging for UPL. UPL Limited February 02, 202 6 Page 14 of 17 There is b ) value unlock for KKR. If you recollect KKR partnered with Advanta more than 3 years back when they put in a check of $300 -plus million into Advanta. By the way, the cash t…"
UPL,Feb 2026,value unlock,forward,"…are fundamentally different, and we believe Advanta as the eighth largest seeds player globally has a journey and destiny of its own. Obviously, a lot of that value unlock finding the right price will happen through the IPO process. And that value does flow through to UPL, both as a shareholder and from a restructuring deleveragi…"
ASTRAMICRO,Jun 2026,demerger,neutral,"…itability as we move forward. Other key business development happened during the year. On a strategic front, the Board of Directors have in -principle approved demerger of our space, meteorology, and hydrology business. The objective of this move is to create sharper strategic and operational focus for business segments. The p…"
ASTRAMICRO,Jun 2026,demerger,forward,"…ter capital allocation, and improved operational e fficiency. We will share the detailed Astra Microwave Products Limited May 27 , 202 6 Page 4 of 19 scheme of demerger once it is formally approved by board, which is expected over the next few weeks. I will now hand over the call to Mr. M. V. Reddy and Atim Kabra, who will pro…"
EMBDL,Feb 2026,demerger,backward,"…provide an update on ongoing insolvency proceeding. The case relates to facilities availed by Sinnar Thermal Power Limited, in 2011 following a court -approved demerger under which the power business was separated from the erstwhile Indiabulls Group and certain historical corporate guarantee arrangements linked to equity infus…"
EMBDL,Feb 2026,demerger,backward,"…was separated from the erstwhile Indiabulls Group and certain historical corporate guarantee arrangements linked to equity infusion obligations. Following the demerger, STPL has been part of the Ratan India Group since 2011. Canara Bank has initiated proceedings against the company alleging liability for repayment of loans of…"
EMBDL,May 2026,demerger,backward,"…provide an update on ongoing insolvency proceeding. The case relates to facilities availed by Sinnar Thermal Power Limited, in 2011 following a court -approved demerger under which the power business was separated from the erstwhile Indiabulls Group and certain historical corporate guarantee arrangements linked to equity infus…"
EMBDL,May 2026,demerger,backward,"…was separated from the erstwhile Indiabulls Group and certain historical corporate guarantee arrangements linked to equity infusion obligations. Following the demerger, STPL has been part of the Ratan India Group since 2011. Canara Bank has initiated proceedings against the company alleging liability for repayment of loans of…"
LEMONTREE,Nov 2025,demerger,forward,"…I expect we will hit Rs. 12,000. Page 9 of 26 Abhay Khaitan: Understood. That is very helpful. My second question is that if you have any updates on the Fleur demerger, any update that you can provide on what is the process and what is the timeline that we are working with right now on this? Patanjali Keswani: It is in proces…"
LEMONTREE,Nov 2025,demerger,forward,"…h of interesting things to tell the market, I think, in the next 3 months. Would that be right, Kapil? Kapil Sharma: Yes. Patanjali Keswani: It is not only the demerger of Fleur, but some other even more exciting stuff, but we will talk about it when the time is right. Moderator: Thank you. Next question comes from the line of…"
LEMONTREE,Jan 2026,Scheme of Arrangement,forward,"…Disclosure Requirements) Regulations, 2015, transcript of the Investors & Analysts Conference Call held on January 15, 2026, w.r.t. announced of the Composite Scheme of Arrangement is enclosed. You are requested to take the above information in your record . Thanking you, For Lemon Tree Hotels Limited Pawan Kumar Kumawat Company Secretary…"
LEMONTREE,Jan 2026,Scheme of Arrangement,forward,"…joining us, and I wish you all a belated Happy New Year. The purpose of this call is really to explain the rationale of the timing and logic for this Composite Scheme of Arrangement, which has just been announced. To begin with, I would like to give some context. So please bear with me. As you know, the hospitality sector in India is curre…"
LEMONTREE,Jan 2026,scheme of arrangement,forward,"…s structure will provide clarity on accountability and sharper strategic focus as both these entities scale going forward. Against this backdrop, the corporate scheme of arrangement represents a logical and value accretive next step. The proposed reorganization will result in 2 distinct well-capitalized businesses, Lemon Tree Hotels as a p…"
LEMONTREE,Jan 2026,demerger,forward,"…is our thought. The way we look at risk mitigation and management on the asset -heavy side of the businesses. I am talking now about Fleur. Firstly, when this demerger happens, all the debt, including the Lemon Tree's debt, after adjustment is being transferred to Fleur. Fleur will have 100% of our debt and Lemon Tree will ha…"
LEMONTREE,Jan 2026,demerger,forward,"…will have 100% of our debt and Lemon Tree will have zero debt. Okay. So, what will Fleur's debt be on an ongoing basis by end of next year, by the time of this demerger would be around Rs. 1,300 c rore including Lemon Tree’s debt which will be transferred. What will Fleur's EBITDA be after paying all fees and expenses, would b…"
LEMONTREE,Jan 2026,demerger,forward,"…ber 1, number 2 are they going to increase their stake at the level of what APG has in Fleur currently? Patanjali Keswani: See, currently, when you do the full demerger, Sumant, it is 26% on a fully diluted basis. The Rs. 960 crores if it comes in, will obviously increase their stake and dilute Lemon Tree. Lemon Tree today is…"
LEMONTREE,Feb 2026,demerger,backward,"…e shown actually a very significant improvement in performance relative to the mark et. Karan Khanna: Sure. And then lastly, on Aurika, given that now even the demerger process is underway, how should one think about growth for both Lemon Tree standalone and for Fleur? And in your post -demerger call, you also spoke about Rs.…"
LEMONTREE,Feb 2026,demerger,backward,"…Aurika, given that now even the demerger process is underway, how should one think about growth for both Lemon Tree standalone and for Fleur? And in your post -demerger call, you also spoke about Rs. 1,000 crore EBITDA for Fleur. You were mentioning that you are looking to close a few opportunities as far as Aurika is concerne…"
LEMONTREE,Feb 2026,demerger,forward,"…on a few Aurikas. But would it be fair for us to assume that all the other own room addition that is going to happen from Fleur end will only happen after the demerger is completed? Or can we expect some announce ment even before that as well for other brands like Lemon Tree or Lemon Tree Premier? Patanjali Keswani: See, we w…"
LEMONTREE,Feb 2026,demerger,forward,"…uired chain? Tha t is the first question. And secondly, if you can just guide on the overall CAPEX for next 2 -3 years. And since we mentioned during the Fleur demerger call that Lemon Tree would be a net cash company. When do you expect the entire debt repayment to happen? Tha t is it from my side. Patanjali Keswani: Firstly,…"
LEMONTREE,Feb 2026,demerger,forward,"…ther Rs. 70 crore - Rs. 80 crore . It is significant numbers, which will all shrink dramatically after FY27. Page 20 of 20 What will happen is in the scheme of demerger, all the assets of Lemon Tree, including its debt will be transferred to Fleur. Lemon Tree will immediately effectively be a debt -free company from next year.…"
LEMONTREE,Jun 2026,demerger,forward,"…which, Saurabh, the Managing Director of Fleur Hotels, who will share an update on Fleur's business development. And lastly, I will then share an update on the demerger scheme, which we have also included in the earnings presentation this time. Po st which, of course, we will open the forum for your questions and suggestions.…"
LEMONTREE,Jun 2026,demerger,forward,…advantage in the market where good assets do not always come packaged neatly. Now I hand over the forum to Pat anjali to give an update on composite scheme of demerger. Patanjali Keswani: I want to take this opportunity to continue the conversation on the demerger scheme. This time with the results we have shared pro forma fi…
LEMONTREE,Jun 2026,demerger,forward,…e forum to Pat anjali to give an update on composite scheme of demerger. Patanjali Keswani: I want to take this opportunity to continue the conversation on the demerger scheme. This time with the results we have shared pro forma financials for both Lemon Tree Hotels Limited and Fleur Hotels Limited as they would appear upon th…
LEMONTREE,Jun 2026,demerger,forward,"…cheme. This time with the results we have shared pro forma financials for both Lemon Tree Hotels Limited and Fleur Hotels Limited as they would appear upon the demerger scheme be coming effective. The transaction itself is very simple. Warburg has completed the purchase of APG's stake in Fleur. Next, Lemon Tree will transfer 1…"
LEMONTREE,Jun 2026,demerger,forward,"…fees and brand -related income. Fleur Hotels will consolidate ownership of our group's existing hotels, all of which will be fully renovated by the time of the demerger. From a shareholder perspective, the scheme is designed to unlock value while preserving continuity. Post reorganization , Lemon Tree shareholders will effecti…"
LEMONTREE,Jun 2026,demerger,neutral,"…s that you may have. Moderator: The first question is from the line of Achal Kumar with HSBC. Achal Kumar: I have 2 simple questions . So first, tomorrow after demerger, if Fleur believes that its inventory can be managed by some other operator and not Lemon Tree, how would that happen? Is it goes beyond arm's length basis, or…"
SKFINDIA,May 2026,demerged,backward,…ed has been extracted from consolidated financial stat ements of erstwhile combined entity and may involve some assumptions by the management pertaining to the demerged industrial undertaking. These are prepared in accordance with the Appendix C of Ind AS 103 business combinations by using the financial information maintained…
SKFINDIA,May 2026,demerger,backward,"…e cost provision reversal . Now talking about year -on-year change in profit before tax, again, there were certain one -off factors, including costs related to demerger , mix impact as well as the comparability issue, as mentioned in the introductory statement. SKF India Limited May 21, 2026 Page 4 of 16 Now let's move to Slid…"
SKFINDIA,May 2026,demerger,neutral,"…INR 4.05 billion, which represents a cash conversion ratio of about 85%. Cash flow during the year was also impacted by certain one -off factors related to the demerger and these are expected to smoothen as we move forward, and we look forward for the next fina ncial year. This brings us to the end of financial part of the pre…"
SKFINDIA,May 2026,demerger,forward,"…profile. What we have seen, of course, is a deterioration on a Y -o-Y basis. Just wanted to get a sense around what would be the one -off costs relating to the demerger in the fourth quarter of FY '26 and FY '26? And with respect to margins, what can be the sustainable margin expectation going ahead into FY '27? Mayank Holani…"
SKFINDIA,May 2026,demerger,backward,"…be the sustainable margin expectation going ahead into FY '27? Mayank Holani : See if you look at -- in quarter 4 of financial year, there were not too much of demerger -related costs. And if you look at the one -off cos ts, which I mentioned in the Q3 , rather one-off gains in Q3, if we remove them, it was more or less at par…"
SKFINDIA,May 2026,demerger,backward,"…Mandlesha from Anand Rathi Institutional Equities. Mumuksh Mandlesha : Thank you. Sir for the opportunity , firstly, on the cost side. In Q4, how much was the demerger - related impact in the other expenses? And going ahead, I mean, do you see further impact due to demerger -related costs, sir? Mayank Holani : We don't have m…"
CELLO,Jun 2026,scheme of arrangement,forward,"…t for the maintenance capex. Going ahead for financial year FY27, we expect to do a capex of around INR100 crores. Lastly, Iwould like to inform that composite scheme of arrangement among Wimplast, Cello Consumer Products Limited and the company has become cffective from 27th May 2026, with an appointed date of 1st April 2025 as defined un…"
HAPPSTMNDS,Jul 2026,carve out,neutral,"…our security offerings. It has AI. Now this does not form part of GBS. Which is why we said that we have t o look at our entire revenue stream, go by project, carve out not by technology but what is the impact or relevance of AI, carve it out and then give you this number which is called AI -led revenues of the total. So, if w…"
PICCADIL,May 2026,demerger,forward,"…to focus on our core brand portfolio. And we've been discussing this and with management approval and Board approval yesterday, now we have filed our scheme of demerger of our sugar business, into a new entity. So the entire scheme has been filed with SEBI KPMG is our partner for this exercise. Once we get go-ahead from SEBI,…"
PICCADIL,May 2026,demerger,forward,"…n exceptional year for us. It's going to be exceptional year where the company is looking to grow at 60% to 70%. As mentioned earlier, we also in a process of demerger just to focus on the main Alco-Bev business. In next 3 to 4 years, we expect revenue to grow by 3x to 4x of the current revenue. We also aspire to be a global…"
PICCADIL,May 2026,demerger,neutral,…to building that distillery over the next couple of years. Himanshu Shah: Over the next couple of years? Management: Yes. Himanshu Shah: Okay. And lastly this demerger of sugar business into a separate I think so a subsidiary wholly owned subsidiary. So what is the intent? Are we looking to sell out eventually this particular…
STAR,May 2026,demerger,backward,"…Komandur: Yes. I just want to give you a perspective of this $400 million. This $400 million is there for the last 2 to 3 years, right? And post that, we had a demerger of our soft -gel business. That's number one. But we did not change the $400 million because we want to chase an aspiration. And we believe that we can be betw…"
DEVYANI,Jan 2026,Scheme of Arrangement,forward,"…losure Requirements) Regulations, 2015, transcript of the Investors & Analysts Conference Call held on January 6, 2026, w.r.t. announcement of merger through a Scheme of Arrangement involving Sapphire Foods India Limited (‘Transferor Company’), Devyani International Limited (‘Transferee Company’) and their respective shareholders is enclos…"
NTPC,Nov 2025,hiving off,backward,"…s, Mauritius. Some of the other key developments include business transfer agreement for transfer of coal mines from NTPC to NTPC Mining Limited was signed for hiving off coal mining business at an estimated value of ■10,503 crore and Chatti Bariatu and Badam mines have been transferred. We expect to complete transfer of all the…"
RELIANCE,Jan 2026,demerger,neutral,"…e fact that we have now 1.6 million orders run rate that is what we are doing, and very much on track to be the second largest QC player. On the FMCG side, the demerger happened on 1st December. And we are at more than 5,000 Crores of turnover, and this is 60% up on a year -on-year basis. A lot of purchases of brands that we h…"
RELIANCE,Jan 2026,demerger,backward,"…in Q3. So , if you remember, we had a very strong Q2 growth. Some of the sales, which was built in Q3 last year was in Q2. And then the third part is the RCPL demerger, which was effective during the quarter. So RCPL's entire revenue was included in Q2. Now that reve nue has gone out of retail business. EBITDA came in at 6,91…"
RELIANCE,Jan 2026,demerger,forward,"…y bottomline , it is accretive for me. Ques tioner ( Harit Kapoor ) Good evening, this is Harit from Investec. This is the first quarter where there is an RCPL demerger and from the next quarter it will be entirely there , so if you could just give us a sense of ex the merger what the like -to-like growth would be for the reta…"
RELIANCE,Jan 2026,demerger,forward,"…uld want to kind of know from you, especially because it comes fully in the quarter and more so on the margins as well, h ow much of a margin impact woul d the demerger have from next quarter we start looking at the numbers ? Company Speaker ( Dinesh Taluja ) From a revenue perspective, there is a month of revenue which has go…"
RELIANCE,Jan 2026,demerger,neutral,"…xtreme and more so in the context of fairly valid set of explanations because it is a combination of things unique you do not have this Q2 and Q3 and some RCPL demerger and something to do with GST coming at the same time and accelerating from an EBITDA standpoint, accelerating on quick commerce, lots of things , so you have t…"
RELIANCE,Jan 2026,demerger,neutral,"…e fact that we have now 1.6 million orders run rate that is what we are doing, and very much on track to be the second largest QC player. On the FMCG side, the demerger happened on 1st December. And we are at more than 5,000 Crores of turnover, and this is 60% up on a year -on-year basis. A lot of purchases of brands that we h…"
RELIANCE,Jan 2026,demerger,backward,"…in Q3. So , if you remember, we had a very strong Q2 growth. Some of the sales, which was built in Q3 last year was in Q2. And then the third part is the RCPL demerger, which was effective during the quarter. So RCPL's entire revenue was included in Q2. Now that reve nue has gone out of retail business. EBITDA came in at 6,91…"
RELIANCE,Jan 2026,demerger,forward,"…y bottomline , it is accretive for me. Ques tioner ( Harit Kapoor ) Good evening, this is Harit from Investec. This is the first quarter where there is an RCPL demerger and from the next quarter it will be entirely there , so if you could just give us a sense of ex the merger what the like -to-like growth would be for the reta…"
RELIANCE,Jan 2026,demerger,forward,"…uld want to kind of know from you, especially because it comes fully in the quarter and more so on the margins as well, h ow much of a margin impact woul d the demerger have from next quarter we start looking at the numbers ? Company Speaker ( Dinesh Taluja ) From a revenue perspective, there is a month of revenue which has go…"
RELIANCE,Jan 2026,demerger,neutral,"…xtreme and more so in the context of fairly valid set of explanations because it is a combination of things unique you do not have this Q2 and Q3 and some RCPL demerger and something to do with GST coming at the same time and accelerating from an EBITDA standpoint, accelerating on quick commerce, lots of things , so you have t…"
RELIANCE,Apr 2026,demerged,neutral,"…even marginally higher than Q3 , so overall, very good performance, 11% growth on a Y-o-Y basis for th e full quarter. Now, if you recollect, RCPL business was demerged out in the last quarter adjusted for that, the growth is almost 14%, for the full year the growth is 12% and if you exclude RCP L demerger the growth would be…"
RELIANCE,Apr 2026,demerger,backward,"…, RCPL business was demerged out in the last quarter adjusted for that, the growth is almost 14%, for the full year the growth is 12% and if you exclude RCP L demerger the growth would be even higher. EBITDA came in at Rs.6,900 Crores , EBITDA margin is at 7.9%. Hyperlocal commerce continues to grow pretty steadily. We had a…"
RELIANCE,Jul 2026,demerged,backward,"…etail platform. So, these are customers who shopped across at least one of the platforms. In terms of topline growth, as you would recollect, RCPL business was demerged out on 1 st of December. So Q1 had the full revenue. Adjusted for that, the underlying revenue growth is 11.6%. On a reported basis, the growth is 7.4%. Grocer…"
SKFINDUS,May 2026,demerged,neutral,…presentation shared has been extracted and may involve some assumptions by the management from the financial information of SKF India Limited pertaining to the demerged industrial undertaking. These are prepared in accordance with the Appendix C of Ind AS 103 Business Combinations by using the financial information maintained…
SKFINDUS,May 2026,demerged,forward,"…These are prepared in accordance with the Appendix C of Ind AS 103 Business Combinations by using the financial information maintained by the SKF India Limited demerged company. Before I turn over the call to the management, I would like to remind you that in this call, some of the remarks contain forward -looking statements w…"
SKFINDUS,May 2026,demerger,backward,"…e had a 1,731 basis points improvement in our profit before tax, that's at 9.5%. Caveat on that, which is the two bullets you can see at the bottom. Due to the demerger, there were some one -time expenses both in the previous quarter and in this quarter. If we remove that, remove the impact of that, this quarter we delivered a…"
SKFINDUS,May 2026,demerger,backward,"…f that, this quarter we delivered a margin of 11.5% -- or profit before tax of 11.5%. Again, solid performance given all the changes which were going on in the demerger. And then in net working capital also, we came in strong, reduced our net working capital by 2.8% quarter -on-quarter and delivered 18.7% of sales net working…"
SKFINDUS,May 2026,demerger,backward,"…e -time charges which happened in the previous quarter and in this quarter included, in the previous quarter, it included some IT -related costs related to the demerger, professional services, and a large stamp duty which was paid related to the land transfer from SKF India to SKF India (Industrial ) Limited. That was a total…"
SKFINDUS,May 2026,demerger,backward,"…e land transfer from SKF India to SKF India (Industrial ) Limited. That was a total of around INR1.8 billion in the last quarter. In this quarter, we again had demerger -related IT costs, primarily that, totalling up to INR 183 million. These are all explained in detail in our detailed financials. But overall, very solid perfo…"
AMBUJACEM,Feb 2026,value unlocking,neutral,"…erall, how is the industry growing? And my third question, what we have seen, and I remember a few quarters back, you had alluded to this that there's a lot of value unlocking you're doing in ACC Ambuja, which is below the EBITDA, the tax refunds which you're securing or getting it cleared f or prior periods. So some discussions arou…"
AMBUJACEM,Feb 2026,value unlocking,forward,"…brownfield and Penna anyways is in a fairly advanced stage, which will be up and running in February. Rajesh Ravi : Great. Great. And on the demand outlook and value unlocking through tax refund for prior period? Vinod Bahety : Tax refunds of the prior period, I think we have done a major efforts on that and unlocked the working capi…"
ADANIENT,Apr 2026,value unlock,forward,"…folio -style as we close this financial year with 80% of the EBITDA share coming from core infrastructure and services businesses. AEL is now getting ready for value unlock through demergers. These businesses are independent, sector -leading , large core infra platform , spread across Airports, Roads, ANIL ecosystem and long -term…"
ADANIENT,Apr 2026,demergers,forward,"…ose this financial year with 80% of the EBITDA share coming from core infrastructure and services businesses. AEL is now getting ready for value unlock through demergers. These businesses are independent, sector -leading , large core infra platform , spread across Airports, Roads, ANIL ecosystem and long -term contract ed MDO s…"
ADANIENT,Apr 2026,"value
unlock",forward,"…clear picture where initial and primary capex phase is reaching maturity across businesses and EBITDA mix has shifted to mature scalable platforms and path for value unlock i s taking shape. Adani Enterprises Limited April 30, 2026 Page 3 of 12 Incubation journey is a repeatable playbook for us: build, stabilize, scale and unlock.…"
ADANIENT,Apr 2026,value unlock,forward,"…ited April 30, 2026 Page 3 of 12 Incubation journey is a repeatable playbook for us: build, stabilize, scale and unlock. We are already past first 3 phases and value unlock is the next phase of our journey. The roadmap we are building is designed not just to perform in the next quarter or quarter after that. It is designed to deli…"
ADANIENT,Apr 2026,demerger,neutral,"…umar: Sure. And on Airport segment, again, strong exit to the year. When should we look at this company , this segment looking to monetize or not monetize, but demerger, which we have talked about in the past? Moderator: Ladies and gentlemen, we have lost the line of the management. Please stay connected while I reconnect the…"
ADANIENT,Apr 2026,demerger,neutral,"…question for the management. Prateek Kumar: Yes, I was asking regarding the Airport segment, you have exited this year on a strong note. When should we look at demerger of this business, which you have talked about in the past? Robbie Singh : I think from Airports business plan point of view, Prateek, I think the airport team…"
TRIVENI,Nov 2025,scheme of arrangement,forward,"…ut delivering an improved performance in FY26 , given all the various situations that our various businesses are incurring . Lastly, I'd like to comment on the scheme of arrangement, the proposed amalgamation with SSEL and the demerger of the Power Transmission business. The proposed scheme has been approved by the stock exchanges, and the…"
TRIVENI,Nov 2025,demerger,forward,"…us situations that our various businesses are incurring . Lastly, I'd like to comment on the scheme of arrangement, the proposed amalgamation with SSEL and the demerger of the Power Transmission business. The proposed scheme has been approved by the stock exchanges, and the process is obtaining approval of NCLT . The meetings…"
TRIVENI,Feb 2026,demerger,forward,"…l will have had a benefit, and you've seen that benefit in this quarter's results. Lastly, with respect to the proposed scheme of amalgamation of SS EL and the demerger of the Power Transmission busine ss to unlock value and to drive operational efficiencies, the scheme has been approved by shareholders of creditors, this was…"
TRIVENI,Feb 2026,demerger,neutral,"…this to happen during under this quarter, this calendar quarter. So on that front, nothing really stands unchanged. We are, of course, as we get closer to this demerger. Looking at the Power Transmission business, gaining a lot of skill set s in terms of ability to operate as a separate company. A lot of systems work is being…"
TRIVENI,Jun 2026,scheme of arrangement,backward,"…We wanted all the senior management team to be present for this very important and in some ways, historic call. I'm delighted to inform you that the composite scheme of arrangement is effective from th e 19th of May, 2026 after the approval of the NCLT. The revenues from operations of the company net of excise stood at ■6,291 crore , and…"
TRIVENI,Jun 2026,independent listing,neutral,"…from any pricing increa se of note over the last two years. Within the Power Transmission Business, our strategic push to clearly move towards, of course, the independent listing of TPTL. Our capital expenditure program mes are progressing very smoothly and I've already covered that in my opening remarks. The export market continues to…"
TRIVENI,Jun 2026,demerger,forward,"…at we will be receiving more orders in the very near future in this business. Before I open up the floor for questions, I'd like to just offer a comment on the demerger. As I mentioned at the very outset of this call, the approval of NCLT has been granted on the 19th of May and has been informed to the stock exchanges and the…"
TRIVENI,Jun 2026,demerger,neutral,"…th of May and has been informed to the stock exchanges and the ROC. T he appointed date for the scheme is the 1st of April 2025, and the appointed date for the demerger is the 1st of April 2026. In respect to the record date, we have two record dates. The issuance of shares for Sir Shadilal, a group company of Triveni is the 3…"
TRIVENI,Jun 2026,demerger,backward,"…anuj Na ngalia from SKP Securities. Please go ahead. Tanuj Na ngalia : Thanks for the opportunity. Can I get to know what is the EBITDA margin impact after the demerger? Do we see any positive side or negative side in the PTB business? Suresh Taneja : As regards to the PTB busines s, it has got its own dynamics, as a matter of…"
HAPPSTMNDS,Jul 2026,carve out,neutral,"…our security offerings. It has AI. Now this does not form part of GBS. Which is why we said that we have t o look at our entire revenue stream, go by project, carve out not by technology but what is the impact or relevance of AI, carve it out and then give you this number which is called AI -led revenues of the total. So, if w…"
ADANIENT,Apr 2026,value unlock,forward,"…folio -style as we close this financial year with 80% of the EBITDA share coming from core infrastructure and services businesses. AEL is now getting ready for value unlock through demergers. These businesses are independent, sector -leading , large core infra platform , spread across Airports, Roads, ANIL ecosystem and long -term…"
ADANIENT,Apr 2026,demergers,forward,"…ose this financial year with 80% of the EBITDA share coming from core infrastructure and services businesses. AEL is now getting ready for value unlock through demergers. These businesses are independent, sector -leading , large core infra platform , spread across Airports, Roads, ANIL ecosystem and long -term contract ed MDO s…"
ADANIENT,Apr 2026,"value
unlock",forward,"…clear picture where initial and primary capex phase is reaching maturity across businesses and EBITDA mix has shifted to mature scalable platforms and path for value unlock i s taking shape. Adani Enterprises Limited April 30, 2026 Page 3 of 12 Incubation journey is a repeatable playbook for us: build, stabilize, scale and unlock.…"
ADANIENT,Apr 2026,value unlock,forward,"…ited April 30, 2026 Page 3 of 12 Incubation journey is a repeatable playbook for us: build, stabilize, scale and unlock. We are already past first 3 phases and value unlock is the next phase of our journey. The roadmap we are building is designed not just to perform in the next quarter or quarter after that. It is designed to deli…"
ADANIENT,Apr 2026,demerger,neutral,"…umar: Sure. And on Airport segment, again, strong exit to the year. When should we look at this company , this segment looking to monetize or not monetize, but demerger, which we have talked about in the past? Moderator: Ladies and gentlemen, we have lost the line of the management. Please stay connected while I reconnect the…"
ADANIENT,Apr 2026,demerger,neutral,"…question for the management. Prateek Kumar: Yes, I was asking regarding the Airport segment, you have exited this year on a strong note. When should we look at demerger of this business, which you have talked about in the past? Robbie Singh : I think from Airports business plan point of view, Prateek, I think the airport team…"
DEVYANI,Jan 2026,Scheme of Arrangement,forward,"…losure Requirements) Regulations, 2015, transcript of the Investors & Analysts Conference Call held on January 6, 2026, w.r.t. announcement of merger through a Scheme of Arrangement involving Sapphire Foods India Limited (‘Transferor Company’), Devyani International Limited (‘Transferee Company’) and their respective shareholders is enclos…"
LT,Jan 2026,Scheme of Arrangement,neutral,"…& Toubro has initiated a transfer of its Realty business undertaking to L&T Realty Properties Limited, a wholly owned subsidiary through a slump -sale under a Scheme of Arrangement s ubject to regulatory approvals. This marks the start of a phased consolidation of all real estate assets into a unified platform, positioning L&T Realty for…"
LT,May 2026,slump sale,neutral,"…le platform. Accordingly, the company initiated the transfer of its Realty business undertaking to L&T Realty Properties, a wholly -owned subsidiary, through a slump sale under an approved NCLT scheme of arrangement. In addition, the Realty business has also more than doubled its pre-sales to Rs 94 billion in FY26 , aided by suc…"
LT,May 2026,scheme of arrangement,neutral,"…any initiated the transfer of its Realty business undertaking to L&T Realty Properties, a wholly -owned subsidiary, through a slump sale under an approved NCLT scheme of arrangement. In addition, the Realty business has also more than doubled its pre-sales to Rs 94 billion in FY26 , aided by successful launches in Noida and Panvel. I come…"
LT,Jan 2026,Scheme of Arrangement,neutral,"…& Toubro has initiated a transfer of its Realty business undertaking to L&T Realty Properties Limited, a wholly owned subsidiary through a slump -sale under a Scheme of Arrangement s ubject to regulatory approvals. This marks the start of a phased consolidation of all real estate assets into a unified platform, positioning L&T Realty for…"
LT,May 2026,slump sale,neutral,"…le platform. Accordingly, the company initiated the transfer of its Realty business undertaking to L&T Realty Properties, a wholly -owned subsidiary, through a slump sale under an approved NCLT scheme of arrangement. In addition, the Realty business has also more than doubled its pre-sales to Rs 94 billion in FY26 , aided by suc…"
LT,May 2026,scheme of arrangement,neutral,"…any initiated the transfer of its Realty business undertaking to L&T Realty Properties, a wholly -owned subsidiary, through a slump sale under an approved NCLT scheme of arrangement. In addition, the Realty business has also more than doubled its pre-sales to Rs 94 billion in FY26 , aided by successful launches in Noida and Panvel. I come…"
CELLO,Jun 2026,scheme of arrangement,forward,"…t for the maintenance capex. Going ahead for financial year FY27, we expect to do a capex of around INR100 crores. Lastly, Iwould like to inform that composite scheme of arrangement among Wimplast, Cello Consumer Products Limited and the company has become cffective from 27th May 2026, with an appointed date of 1st April 2025 as defined un…"
INOXGREEN,Nov 2025,demerger,forward,"…prospects of the company, we believe Inox Green is on track to become the largest renewable O&M player in India. Another positive development is the scheme of demerger of the substa tion business from Inox Green and its subsequent margin into Inox Renewable, receiving approval from shareholders and creditors. This will add va…"
INOXGREEN,Nov 2025,demergers,neutral,"…add value for both Inox Wind, with subsequent listing of Inox Renewable solution as an EPC arm of Inox Wind, and Inox Green with elimination of depreciation on demergers of the asset blocks With a global shift towards greener power, India has also set ambitious plan for the complete transition to renewable energy. Hy brid proje…"
INOXGREEN,Nov 2025,demerger,neutral,…d to consolidate into Inox Green's books in FY '27 post -statutory approvals. We expect our profitability to grow manifold in FY '27 over FY '26. The scheme of demerger of the substation business from Inox Green and its subsequent merger into Inox renewable solutions h as received approvals from shareholders and creditors. Onc…
INOXGREEN,Feb 2026,demerger,forward,"…to enhance the speed of execution and increasing margins and reducing the manual dependencies. Finally, I would like to inform our investors that the scheme of demerger of substation business from Inox Green and its subsequent merger into Inox Renewable Solutions is in the final stages of hearing at Hon ’ble NCLT Ahmedabad. On…"
INOXGREEN,Feb 2026,demerger,neutral,"…ng? Kailash Tarachandani : Yes. And there is a possibility to get north of INR 600 crores. Utkarsh Somaiya : Yes. And since we will have zero depreciation post demerger, and your finance cost is virtually nil, your PBT should be equal to your EBITDA , give or take? Management : So, our PBT would be equivalent to EBITDA. Furthe…"
INOXGREEN,Feb 2026,demerger,neutral,"…from the line of Pr it Nag ersheth from Wealth Fin visor. Please proceed. Prit Nagersheth : Yes. Hi. S ir, I want to understand, again on Inox Green , post the demerger, how much revenue will come off? Management : So post the demerger, as we have clarified on the multiple cores, there would be a very limited amount of revenu…"
INOXGREEN,Feb 2026,demerger,forward,"…oceed. Prit Nagersheth : Yes. Hi. S ir, I want to understand, again on Inox Green , post the demerger, how much revenue will come off? Management : So post the demerger, as we have clarified on the multiple cores, there would be a very limited amount of revenue in the range of INR 10 odd crore will get out of the balance shee…"
INOXGREEN,Feb 2026,demerger,forward,"…Financial Group Investments. Please proceed. Pradyumna Choudhary : Yes. Hi. Just on Inox Renewable Solutions, d o we have any specific timeline in terms of the demerger? When are we expecting the same? Any update on that? Like I know you mentioned that it is in the final stages and all, but any particular timeline you are look…"
INOXGREEN,Jun 2026,demerger,forward,"…ill be the largest renewable O&M company in India in the near future and is well placed to become one of the largest , globally by 2030. Further, the scheme of demerger of Inox Green , evacuation infrastructure business and its merger into Inox Renewable Solutions has been approved by the Honorable NCLT , Ahmedabad. IRSL will…"
INOXGREEN,Jun 2026,demerger,neutral,"…ntribute to this. Inox Wind and Inox Green Energy Services Limited May 2 9, 202 6 Page 6 of 19 Finally, I am pleased to inform our investors that the scheme of demerger of the evacuation infrastructure business from Inox Green and its subsequent merger into Inox Renewable Solutions has been approv ed by Honorable NCLT Ahmedaba…"
INOXGREEN,Jun 2026,demerger,forward,"…rsheth: Got you. My second question was regarding -- could we get a sense of the top line and the EBITDA profile for the Inox Renewable business given that the demerger dates will be announced pretty soon. Management: We cannot say at this point in time. I think once that demerged, we'll elucidate more plans. At this point in…"
INOXGREEN,Jun 2026,demerged,forward,"…for the Inox Renewable business given that the demerger dates will be announced pretty soon. Management: We cannot say at this point in time. I think once that demerged, we'll elucidate more plans. At this point in time, it's part and parcel of Inox Wind. Once its demerge d, we'll elucidate our plan s on that. Moderator: Sorry…"
INOXGREEN,Jun 2026,demerge,forward,"…We cannot say at this point in time. I think once that demerged, we'll elucidate more plans. At this point in time, it's part and parcel of Inox Wind. Once its demerge d, we'll elucidate our plan s on that. Moderator: Sorry to interrupt, may I request Mr. Prit to please rejoin the queue. Thank you. The next question is from t…"
INOXGREEN,Jun 2026,demerging,forward,"…e past 4 years, we've got a virtually zero value company to massive value. We've spun off Inox Green, which has created tremendous value. We're on the verge of demerging Inox Renewable Solutions, which we hope will create tremendous value. Inox Wind and Inox Green Energy Services Limited May 2 9, 202 6 Page 12 of 19 I am not to…"
NH,Feb 2026,carve out,backward,"…a J: Yes, you should take this number going forward. So , the Practice Plus balance sheet was three legal entities which were there , and this is now after the carve out. There is also the… most of the depreciation is also coming from the leases. And as we consolidated, there was a re -accounting that we did with the statutory…"
NH,Jun 2026,demerging,neutral,…we are doing is a little bit of consolidation and a few of the corporate overheads can be worked in a way that we share resources with the parent and we'll be demerging the clinic business into the core that should help with a lot of that. But we've s een a lot of positive aspects of running these clinics. We are accessing pat…
REFEX,Nov 2025,de-merger,forward,"…ients to chart a ready to deploy fleet expansion and improve utilization across B2B and B2B2C platforms. On this note, I would like to briefly mention that the de-merger of Refex Green Mobility Limited from Refex Industries Limited is in progress through a composite scheme comprising two steps. That is, first the merger of RGML…"
REFEX,Nov 2025,de-merger,neutral,"…Limited from Refex Industries Limited is in progress through a composite scheme comprising two steps. That is, first the merger of RGML into RIL, followed by a de-merger of Mobility Undertaking from RIL into a separate listed entity called Refex Mobility Limited, in line with our strategy to unlock focused value creation for al…"
REFEX,Nov 2025,demerger,forward,"…from RIL into a separate listed entity called Refex Mobility Limited, in line with our strategy to unlock focused value creation for all our stakeholders. Post-demerger, the mobility vertical will pursue its growth plan independently with strategic and financial flexibility. Our wind vertical continues to progress steadily as…"
REFEX,Nov 2025,hive off,neutral,"…r. Refex Industries Limited November 06, 2025 Page 6 of 15 Smit Jain : Ok, second question was regarding the Refex Mobility Vertical that now we are wanting to hive off to a different listed entity. What valuation is that going to be? Let’s say if I own 100% of Refex, what valuation have we ascertained to this particular verti…"
REFEX,Nov 2025,demerged,forward,"…t valuation is that going to be? Let’s say if I own 100% of Refex, what valuation have we ascertained to this particular vertical? Because now that it would be demerged from the company, have we reached that number? And at what point do we see that company getting listed completely as a separate unit? Is there a timeline to it…"
REFEX,Nov 2025,demerger,forward,"…e that company getting listed completely as a separate unit? Is there a timeline to it? Dinesh Kumar Agarwal : As per the company and the process of merger and demerger process there is no valuations requirement to be done since the company holds 100, it is a 100 subsidiary and a mirror shareholding will happen, all the shareh…"
REFEX,Jan 2026,de-merger,forward,"…dation with teams actively engaging enterprise clients and working towards calibrated fleet expansion with a clear focus on utilization and unit economics. The de-merger of Refex Green Mobility Limited is progressing as per the approved composite scheme, following which the mobility business will operate as a separate entity wi…"
REFEX,Jan 2026,demerger,forward,"…es. Please go ahead with your question. Ananya Khanna : Hello, first of all, congratulations on a good set of numbers. I wish to understand the timeline of the demerger scheme, how long it is expected to take and the expected synergies from the same? Anil Jain : On the demerger, I think we currently are waiting for some final…"
REFEX,Jan 2026,demerger,forward,"…numbers. I wish to understand the timeline of the demerger scheme, how long it is expected to take and the expected synergies from the same? Anil Jain : On the demerger, I think we currently are waiting for some final NOCs from the lenders. As soon as it comes, the scheme is ready to be filed and we are trying our best to ensu…"
REFEX,Jan 2026,demerged,forward,"…rom the lenders. As soon as it comes, the scheme is ready to be filed and we are trying our best to ensure that this can happen as soon as possible. Once it is demerged, the Refex Mobility will run as a separate entity where it will have more liberty to do its own business and also it will have its own, all the debt etc. will…"
REFEX,Jan 2026,separate listing,neutral,"…Agarwal : It is a 100% subs idiary and Refex industry does not own any assets of the Refex Green Mobility. So it is a 100% subsidiary and it will be a parallel separate listing completely. Vivek Joshi : Okay. But since it is consolidated, what percentage of the assets are in? Just to get an idea from the balance sheet because right no…"
REFEX,Jan 2026,demerged,forward,"…percentage of your business will be from ash, coal, and green mobility, just to get an idea of how the company is thinking? Anil Jain : Green mobility will be demerged. So it will be a separate entity. Officially, on a standalone basis, Refex industries will have 100% business, maybe 95% business from ash and coal handling on…"
REFEX,Jun 2026,demerger,neutral,…ewable energy ecosystem. We believe this development further reinforces our long-term growth strategy in this sector. Now coming to the mobility business. The demerger process continues to progress in line with the approved scheme and planned time line. Key regulatory and procedural milestones have already been achieved and t…
REFEX,Jun 2026,demerger,forward,"…e line. Key regulatory and procedural milestones have already been achieved and the process remains on track for operational separation. Post completion of the demerger, the mobility platform will operate independently with a dedicated strategic and financial focus. We believe this structure will create sharper operational foc…"
REFEX,Jun 2026,demerger,forward,"…ross our businesses. With a strong order book at Ash & Coal Handling, the wind business entering active execution and the mobility business progressing towards demerger, we remain confident about the company's long-term growth trajectory and value creating potential. I would like to conclude by thanking our shareholders, custo…"
REFEX,Jun 2026,demerger,neutral,…question is what liquidity buffers and refinancing tactics have been planned over the next 1 to 2 years to sustain profitability while supporting the mobility demerger and renewable energy scale up? Dinesh Agarwal: Yes. Already we started the work with respect to the financing. We have already did some refinancing during the…
REFEX,Jun 2026,demerger,forward,"…nt vision and the management mission, how they are executing it. And I think you are doing a great job in that. We would like to understand where we are on the demerger. Is it just stuck with NCLT Refex Industries Limited May 27, 2026 Page 11 of 21 and other regulatory process? Or is there some other stumbling block that you h…"
REFEX,Jun 2026,demerger,forward,"…have any other questions because everything else is quite sticking for us. Dinesh Agarwal: Yes. This is, I mean, ongoing. I mean, there is no challenge in the demerger process. It is a part of NCLT process. We expect very soon to get the demerger process being done. Currently, the courts are on holidays. It is a summer vacati…"
RELIANCE,Jan 2026,demerger,neutral,"…e fact that we have now 1.6 million orders run rate that is what we are doing, and very much on track to be the second largest QC player. On the FMCG side, the demerger happened on 1st December. And we are at more than 5,000 Crores of turnover, and this is 60% up on a year -on-year basis. A lot of purchases of brands that we h…"
RELIANCE,Jan 2026,demerger,backward,"…in Q3. So , if you remember, we had a very strong Q2 growth. Some of the sales, which was built in Q3 last year was in Q2. And then the third part is the RCPL demerger, which was effective during the quarter. So RCPL's entire revenue was included in Q2. Now that reve nue has gone out of retail business. EBITDA came in at 6,91…"
RELIANCE,Jan 2026,demerger,forward,"…y bottomline , it is accretive for me. Ques tioner ( Harit Kapoor ) Good evening, this is Harit from Investec. This is the first quarter where there is an RCPL demerger and from the next quarter it will be entirely there , so if you could just give us a sense of ex the merger what the like -to-like growth would be for the reta…"
RELIANCE,Jan 2026,demerger,forward,"…uld want to kind of know from you, especially because it comes fully in the quarter and more so on the margins as well, h ow much of a margin impact woul d the demerger have from next quarter we start looking at the numbers ? Company Speaker ( Dinesh Taluja ) From a revenue perspective, there is a month of revenue which has go…"
RELIANCE,Jan 2026,demerger,neutral,"…xtreme and more so in the context of fairly valid set of explanations because it is a combination of things unique you do not have this Q2 and Q3 and some RCPL demerger and something to do with GST coming at the same time and accelerating from an EBITDA standpoint, accelerating on quick commerce, lots of things , so you have t…"
RELIANCE,Jan 2026,demerger,neutral,"…e fact that we have now 1.6 million orders run rate that is what we are doing, and very much on track to be the second largest QC player. On the FMCG side, the demerger happened on 1st December. And we are at more than 5,000 Crores of turnover, and this is 60% up on a year -on-year basis. A lot of purchases of brands that we h…"
RELIANCE,Jan 2026,demerger,backward,"…in Q3. So , if you remember, we had a very strong Q2 growth. Some of the sales, which was built in Q3 last year was in Q2. And then the third part is the RCPL demerger, which was effective during the quarter. So RCPL's entire revenue was included in Q2. Now that reve nue has gone out of retail business. EBITDA came in at 6,91…"
RELIANCE,Jan 2026,demerger,forward,"…y bottomline , it is accretive for me. Ques tioner ( Harit Kapoor ) Good evening, this is Harit from Investec. This is the first quarter where there is an RCPL demerger and from the next quarter it will be entirely there , so if you could just give us a sense of ex the merger what the like -to-like growth would be for the reta…"
RELIANCE,Jan 2026,demerger,forward,"…uld want to kind of know from you, especially because it comes fully in the quarter and more so on the margins as well, h ow much of a margin impact woul d the demerger have from next quarter we start looking at the numbers ? Company Speaker ( Dinesh Taluja ) From a revenue perspective, there is a month of revenue which has go…"
RELIANCE,Jan 2026,demerger,neutral,"…xtreme and more so in the context of fairly valid set of explanations because it is a combination of things unique you do not have this Q2 and Q3 and some RCPL demerger and something to do with GST coming at the same time and accelerating from an EBITDA standpoint, accelerating on quick commerce, lots of things , so you have t…"
RELIANCE,Apr 2026,demerged,neutral,"…even marginally higher than Q3 , so overall, very good performance, 11% growth on a Y-o-Y basis for th e full quarter. Now, if you recollect, RCPL business was demerged out in the last quarter adjusted for that, the growth is almost 14%, for the full year the growth is 12% and if you exclude RCP L demerger the growth would be…"
RELIANCE,Apr 2026,demerger,backward,"…, RCPL business was demerged out in the last quarter adjusted for that, the growth is almost 14%, for the full year the growth is 12% and if you exclude RCP L demerger the growth would be even higher. EBITDA came in at Rs.6,900 Crores , EBITDA margin is at 7.9%. Hyperlocal commerce continues to grow pretty steadily. We had a…"
RELIANCE,Jul 2026,demerged,backward,"…etail platform. So, these are customers who shopped across at least one of the platforms. In terms of topline growth, as you would recollect, RCPL business was demerged out on 1 st of December. So Q1 had the full revenue. Adjusted for that, the underlying revenue growth is 11.6%. On a reported basis, the growth is 7.4%. Grocer…"
ADANIENT,Apr 2026,value unlock,forward,"…folio -style as we close this financial year with 80% of the EBITDA share coming from core infrastructure and services businesses. AEL is now getting ready for value unlock through demergers. These businesses are independent, sector -leading , large core infra platform , spread across Airports, Roads, ANIL ecosystem and long -term…"
ADANIENT,Apr 2026,demergers,forward,"…ose this financial year with 80% of the EBITDA share coming from core infrastructure and services businesses. AEL is now getting ready for value unlock through demergers. These businesses are independent, sector -leading , large core infra platform , spread across Airports, Roads, ANIL ecosystem and long -term contract ed MDO s…"
ADANIENT,Apr 2026,"value
unlock",forward,"…clear picture where initial and primary capex phase is reaching maturity across businesses and EBITDA mix has shifted to mature scalable platforms and path for value unlock i s taking shape. Adani Enterprises Limited April 30, 2026 Page 3 of 12 Incubation journey is a repeatable playbook for us: build, stabilize, scale and unlock.…"
ADANIENT,Apr 2026,value unlock,forward,"…ited April 30, 2026 Page 3 of 12 Incubation journey is a repeatable playbook for us: build, stabilize, scale and unlock. We are already past first 3 phases and value unlock is the next phase of our journey. The roadmap we are building is designed not just to perform in the next quarter or quarter after that. It is designed to deli…"
ADANIENT,Apr 2026,demerger,neutral,"…umar: Sure. And on Airport segment, again, strong exit to the year. When should we look at this company , this segment looking to monetize or not monetize, but demerger, which we have talked about in the past? Moderator: Ladies and gentlemen, we have lost the line of the management. Please stay connected while I reconnect the…"
ADANIENT,Apr 2026,demerger,neutral,"…question for the management. Prateek Kumar: Yes, I was asking regarding the Airport segment, you have exited this year on a strong note. When should we look at demerger of this business, which you have talked about in the past? Robbie Singh : I think from Airports business plan point of view, Prateek, I think the airport team…"
APOLLOHOSP,Feb 2026,demerger,neutral,"…ance long -term shareholder value. We have also made progress with respect to the regulatory integration process for the com posite scheme of Keimed merger and demerger of Apollo HealthCo and remain well positioned to capture the full benefits of scale with the combined entity to achieve a run rate of INR 25,000 crore in combi…"
APOLLOHOSP,Feb 2026,demerger,forward,"…see as expansion. Bino Pathiparampil : Understood. Okay. And finally, an update on wha t is happening on the HealthCo side regarding the corporate action about demerger, et cetera. How is the progress on the Keimed side in terms of accumulation of the different pieces of business that were separate, et cetera, would be great?…"
APOLLOHOSP,May 2026,demerger,backward,"…LT convened meeting of the shareholders is now being called for on June 24 to obtain the requisite shareholder approval, consequent to which we are hopeful the demerger process is completed by Q4 FY27 as planned earlier. In terms of financial milestones, I am pleased to share that our consolidated revenues crossed INR 25,000 c…"
APOLLOHOSP,May 2026,demerger,forward,"…Can you update us on the timeline for this entire transaction on AHL and when will the new company will come into existence and when will the separation or the demerger will happen? A. Krishnan: So, as we said already that the shareholders, this call is scheduled for June 24, where we should be, which is the NCLT process, conv…"
APOLLOHOSP,May 2026,demerged,forward,"…en the NCLT process should ta ke it some 3, 4 months to close. And hopefully, by Q4 FY27, end of December or early Q4 FY27 is when Apollo Healthtech should get demerged and listed. That is the plan. And that Transcript of AHEL Q 4 FY26 Earnings Call Page 14 of 16 Company , when it gets listed, you should be in a position to se…"
REFEX,Nov 2025,de-merger,forward,"…ients to chart a ready to deploy fleet expansion and improve utilization across B2B and B2B2C platforms. On this note, I would like to briefly mention that the de-merger of Refex Green Mobility Limited from Refex Industries Limited is in progress through a composite scheme comprising two steps. That is, first the merger of RGML…"
REFEX,Nov 2025,de-merger,neutral,"…Limited from Refex Industries Limited is in progress through a composite scheme comprising two steps. That is, first the merger of RGML into RIL, followed by a de-merger of Mobility Undertaking from RIL into a separate listed entity called Refex Mobility Limited, in line with our strategy to unlock focused value creation for al…"
REFEX,Nov 2025,demerger,forward,"…from RIL into a separate listed entity called Refex Mobility Limited, in line with our strategy to unlock focused value creation for all our stakeholders. Post-demerger, the mobility vertical will pursue its growth plan independently with strategic and financial flexibility. Our wind vertical continues to progress steadily as…"
REFEX,Nov 2025,hive off,neutral,"…r. Refex Industries Limited November 06, 2025 Page 6 of 15 Smit Jain : Ok, second question was regarding the Refex Mobility Vertical that now we are wanting to hive off to a different listed entity. What valuation is that going to be? Let’s say if I own 100% of Refex, what valuation have we ascertained to this particular verti…"
REFEX,Nov 2025,demerged,forward,"…t valuation is that going to be? Let’s say if I own 100% of Refex, what valuation have we ascertained to this particular vertical? Because now that it would be demerged from the company, have we reached that number? And at what point do we see that company getting listed completely as a separate unit? Is there a timeline to it…"
REFEX,Nov 2025,demerger,forward,"…e that company getting listed completely as a separate unit? Is there a timeline to it? Dinesh Kumar Agarwal : As per the company and the process of merger and demerger process there is no valuations requirement to be done since the company holds 100, it is a 100 subsidiary and a mirror shareholding will happen, all the shareh…"
REFEX,Jan 2026,de-merger,forward,"…dation with teams actively engaging enterprise clients and working towards calibrated fleet expansion with a clear focus on utilization and unit economics. The de-merger of Refex Green Mobility Limited is progressing as per the approved composite scheme, following which the mobility business will operate as a separate entity wi…"
REFEX,Jan 2026,demerger,forward,"…es. Please go ahead with your question. Ananya Khanna : Hello, first of all, congratulations on a good set of numbers. I wish to understand the timeline of the demerger scheme, how long it is expected to take and the expected synergies from the same? Anil Jain : On the demerger, I think we currently are waiting for some final…"
REFEX,Jan 2026,demerger,forward,"…numbers. I wish to understand the timeline of the demerger scheme, how long it is expected to take and the expected synergies from the same? Anil Jain : On the demerger, I think we currently are waiting for some final NOCs from the lenders. As soon as it comes, the scheme is ready to be filed and we are trying our best to ensu…"
REFEX,Jan 2026,demerged,forward,"…rom the lenders. As soon as it comes, the scheme is ready to be filed and we are trying our best to ensure that this can happen as soon as possible. Once it is demerged, the Refex Mobility will run as a separate entity where it will have more liberty to do its own business and also it will have its own, all the debt etc. will…"
REFEX,Jan 2026,separate listing,neutral,"…Agarwal : It is a 100% subs idiary and Refex industry does not own any assets of the Refex Green Mobility. So it is a 100% subsidiary and it will be a parallel separate listing completely. Vivek Joshi : Okay. But since it is consolidated, what percentage of the assets are in? Just to get an idea from the balance sheet because right no…"
REFEX,Jan 2026,demerged,forward,"…percentage of your business will be from ash, coal, and green mobility, just to get an idea of how the company is thinking? Anil Jain : Green mobility will be demerged. So it will be a separate entity. Officially, on a standalone basis, Refex industries will have 100% business, maybe 95% business from ash and coal handling on…"
REFEX,Jun 2026,demerger,neutral,…ewable energy ecosystem. We believe this development further reinforces our long-term growth strategy in this sector. Now coming to the mobility business. The demerger process continues to progress in line with the approved scheme and planned time line. Key regulatory and procedural milestones have already been achieved and t…
REFEX,Jun 2026,demerger,forward,"…e line. Key regulatory and procedural milestones have already been achieved and the process remains on track for operational separation. Post completion of the demerger, the mobility platform will operate independently with a dedicated strategic and financial focus. We believe this structure will create sharper operational foc…"
REFEX,Jun 2026,demerger,forward,"…ross our businesses. With a strong order book at Ash & Coal Handling, the wind business entering active execution and the mobility business progressing towards demerger, we remain confident about the company's long-term growth trajectory and value creating potential. I would like to conclude by thanking our shareholders, custo…"
REFEX,Jun 2026,demerger,neutral,…question is what liquidity buffers and refinancing tactics have been planned over the next 1 to 2 years to sustain profitability while supporting the mobility demerger and renewable energy scale up? Dinesh Agarwal: Yes. Already we started the work with respect to the financing. We have already did some refinancing during the…
REFEX,Jun 2026,demerger,forward,"…nt vision and the management mission, how they are executing it. And I think you are doing a great job in that. We would like to understand where we are on the demerger. Is it just stuck with NCLT Refex Industries Limited May 27, 2026 Page 11 of 21 and other regulatory process? Or is there some other stumbling block that you h…"
REFEX,Jun 2026,demerger,forward,"…have any other questions because everything else is quite sticking for us. Dinesh Agarwal: Yes. This is, I mean, ongoing. I mean, there is no challenge in the demerger process. It is a part of NCLT process. We expect very soon to get the demerger process being done. Currently, the courts are on holidays. It is a summer vacati…"
THOMASCOOK,May 2026,demerger,forward,"…egmental analysis, I will discuss the strategic divestment announcement that was made in March 2026, where the Board has granted in -principle approval for the demerger of our resort business into Sterling Holiday Resorts. This is a significant strategic move for our organization, one that we believe will unlock value for our…"
THOMASCOOK,May 2026,demerger,neutral,"…omplete r e-architecture of the brand that should begin reflecting across customer touch points in the next 2 to 4 quarters. In parallel, as you are aware, the demerger process from Thomas Cook has also been initiated. While we remain watchful of short -term headwinds like weather and impacts on input costs that may impact us,…"
THOMASCOOK,May 2026,demerger,forward,"…w you plan to tide over the impact of mon soon as far as the resort segment is concerned? And third thing, if we could get some clarity on the timeline for the demerger, that would be great. Mahesh Iyer: Yes. So let me pass your questions, Ananya. And I think I'll take one part of the question. I'll let Debasis comment on the…"
THOMASCOOK,May 2026,demerger,neutral,"…eat. Mahesh Iyer: Yes. So let me pass your questions, Ananya. And I think I'll take one part of the question. I'll let Debasis comment on the timelines for the demerger. And then I'll get Vikram to come back and talk about the effect of monsoon and stuff and how he's prepar ing for that. First, your question on foreign exchang…"
THOMASCOOK,May 2026,demerger,forward,"…ment has been weak. I think despite that, the quarterly performance has been strong. Debasis Nandy: Yes. So when we took the Board approval for this particular demerger project, we said that it will take us 12 to 15 months. The project is currently on track. We have applied to the NSE and the BSE for relevant approvals, and we…"
GODREJAGRO,Feb 2026,value unlocking,forward,"…d afternoon. Thank you so much for taking my question. So maybe just to start. It would be great to get your perspective on any outcome of the possible sort of value unlocking initiatives, the analysis that you've been doing over the last few months. So what are your thoughts at this point in time and what portfolio of businesses do…"
GODREJAGRO,Feb 2026,demerging,neutral,"…, so can you give some context of what are we talking here about in terms of value creation? What is the core objective we are trying to achieve? Is it sort of demerging the business into multiple segments or is it sort of making sure of capital allocation in to different businesses? Can you give some sense on that? Sunil Katar…"
GODREJAGRO,Feb 2026,demerger,forward,"…also in mind as filters. So I think that is the way we'll come back to you, but those are the pie ces we are keeping in mind. Regarding whether there will be a demerger or whether value unlock, I think those are pieces which are right now maybe premature to call. I think the first piece for us is that how we're going to choose…"
GODREJAGRO,Feb 2026,value unlock,forward,"…ers. So I think that is the way we'll come back to you, but those are the pie ces we are keeping in mind. Regarding whether there will be a demerger or whether value unlock, I think those are pieces which are right now maybe premature to call. I think the first piece for us is that how we're going to choose portfolios and what we'…"
GODREJAGRO,Feb 2026,value unlocking,forward,"…d afternoon. Thank you so much for taking my question. So maybe just to start. It would be great to get your perspective on any outcome of the possible sort of value unlocking initiatives, the analysis that you've been doing over the last few months. So what are your thoughts at this point in time and what portfolio of businesses do…"
GODREJAGRO,Feb 2026,demerging,neutral,"…, so can you give some context of what are we talking here about in terms of value creation? What is the core objective we are trying to achieve? Is it sort of demerging the business into multiple segments or is it sort of making sure of capital allocation in to different businesses? Can you give some sense on that? Sunil Katar…"
GODREJAGRO,Feb 2026,demerger,forward,"…also in mind as filters. So I think that is the way we'll come back to you, but those are the pie ces we are keeping in mind. Regarding whether there will be a demerger or whether value unlock, I think those are pieces which are right now maybe premature to call. I think the first piece for us is that how we're going to choose…"
GODREJAGRO,Feb 2026,value unlock,forward,"…ers. So I think that is the way we'll come back to you, but those are the pie ces we are keeping in mind. Regarding whether there will be a demerger or whether value unlock, I think those are pieces which are right now maybe premature to call. I think the first piece for us is that how we're going to choose portfolios and what we'…"
IIFL,May 2026,demerger,forward,"…Jain: So, I think if they remain here , we should see AUM growth of around 20% to 25%. Yash: Right. And is there anything happening with IIFL Home Finance . a demerger because we've been talking about this since 2 years, but it's always gotten to this next quarter or to the next year, to want to understand, are there any trig…"
IIFL,May 2026,demerger,forward,"…t's always gotten to this next quarter or to the next year, to want to understand, are there any triggers or -- is there anything happening with regards to the demerger of IIFL Home Finance? Nirmal Jain: I don't know for 2 years. I mean, we never said that we are... Yash: No. There've been rumours about separating this, but an…"
IIFL,May 2026,demerger,backward,"…r ADIA . Obviously, they need to exit, and there will be the most elegant way to get it listed separately and give exit to private equity investor is through a demerger . Because more than 25% holding is public, so it automatically gets listed. The way we had done in 2019, if you remember, our consolidated entity had Wealth Fi…"
IIFL,May 2026,demerger,forward,"…alone business and the home finance business separately, right? Samasta will stay as it is? Nirmal Jain: No, even Samasta can get separated, so there will be demerger, there will be three entities. Yash: Okay. Okay. So just to clarify, if you demerge, you'll demerge into three entities, right? Nirmal Jain: Yes, right. Modera…"
IIFL,May 2026,demerge,forward,"…s it is? Nirmal Jain: No, even Samasta can get separated, so there will be demerger, there will be three entities. Yash: Okay. Okay. So just to clarify, if you demerge, you'll demerge into three entities, right? Nirmal Jain: Yes, right. Moderator: The next question is from the line of Deepak Poddar from Sapphire Capital. Plea…"
IIFL,May 2026,demerge,forward,"…Jain: No, even Samasta can get separated, so there will be demerger, there will be three entities. Yash: Okay. Okay. So just to clarify, if you demerge, you'll demerge into three entities, right? Nirmal Jain: Yes, right. Moderator: The next question is from the line of Deepak Poddar from Sapphire Capital. Please go ahead. Dee…"
IIFL,Jul 2026,demerge,neutral,"…our parent company, the subsidiaries are valued at cost. So that basically is a disadvantage when we compute the capital adequacy for the parent. So even if we demerge, then also the capital adequacy gets released. So we are looking at various options. But as I said in the previous question that we are very conscious of this,…"
DBL,Feb 2026,value unlocking,forward,"…mething. For our ageing equipment bank, we will want to do that. Shravan Shah: Got it. And in terms of MDO, any thoughts or are we thinking in terms of kind of value unlocking through listing or anything at least in next 1 or 2 years? Rohan Suryavanshi: So MDO opportunity also is performing well for us. We've also added another bauxi…"
DBL,Feb 2026,demerging,forward,"…ose are conversations for a later time as we decide whether and what our shareholders also kind of suggest around it. If there is more value to be created into demerging and hiving it off into a different platform where different risks with different reward profile with different set of investors, we will take that call complet…"
DBL,Feb 2026,hiving off,forward,"…nd obviously, like I said, as a shareholder of our company, we will obviously come and also discuss the various options and opportunities that can be done. The hiving off, let's say, coal business is -- or demerging of that business is -- a part of it is also regulatory, where the contract that we have entered, how their languag…"
DBL,Feb 2026,demerging,forward,"…our company, we will obviously come and also discuss the various options and opportunities that can be done. The hiving off, let's say, coal business is -- or demerging of that business is -- a part of it is also regulatory, where the contract that we have entered, how their language is also structured and what we may want to…"
SBIN,Nov 2025,value unlocking,forward,"…we definitely would be looking at, as I mentioned several times, SBI AMC and SBI General are right candidates for listing in our stable. It also provides some value unlocking and, more importantly, value recognition for the industry. We would soon be working on that. It is also important that SBI conglomerate is leveraging One SBI v…"
SBIN,May 2026,"value
unlocking",forward,"…ng year and despite of that, over 25,000 crores in this type of environment is really wonderful , and a couple of important points. Now everybody is looking at value unlocking, and we have over 10% in National Stock Exchange. SEBI chairman has said it should get listed soon. So, what's the thought process on value unlocking? I see pa…"
SBIN,May 2026,value unlocking,forward,"…ooking at value unlocking, and we have over 10% in National Stock Exchange. SEBI chairman has said it should get listed soon. So, what's the thought process on value unlocking? I see page number 55 which talks about total reserve and surplus INR 5,95,000 crores. Now we'll get valua tion, fair market valuation on the balance sheet. Ap…"
SBIN,May 2026,value unlocking,forward,"…e results better than expected because I have been present and looking at the transcript, saw it as a knee jerk reaction but with your clarification and lot of value unlocking hopefully your direction towards that should help in creating greater value year to year. All the best to the board and the team. Mr. C.S. Setty – Chairman, St…"
HINDPETRO,Oct 2025,value unlocking,forward,"…ing the question on debt, would you also have any color at this stage on the debt level of HMEL and HRRL. And a related point on that front is you had outlined value unlocking as a Hindustan Petroleum Corporation L imited October 31 , 202 5 Page 9 of 22 agenda and announced that the Lubes business will be demerged and you would seek…"
HINDPETRO,Oct 2025,demerged,forward,"…had outlined value unlocking as a Hindustan Petroleum Corporation L imited October 31 , 202 5 Page 9 of 22 agenda and announced that the Lubes business will be demerged and you would seek the best value for that. So just wanted to understand when -- or also pass on this feedback that when investors l ook at HPCL typically, we…"
HINDPETRO,Oct 2025,value unlocking,forward,"…mulated losses that you'll have to absorb. So Vikas, I want your thoughts on at an overall portfolio level, how should one think about HPCL from a deleveraging/value unlocking perspective or capital recycling perspective? However, you may have thought about it. Vikas Kaushal: I'll request Director of Finance to just first share the n…"
HINDZINC,Oct 2025,demerger,forward,"…ton. So right now, we have no more capacity to absorb any further zinc capacity from any other part of the world. So that's number one. And number two, on the demerger, we still believe that's the right process, and we will take it up wherever it is required because as you can understand today, with such rising silver prices,…"
HINDZINC,Oct 2025,demerged,forward,"…elieve that's the right process, and we will take it up wherever it is required because as you can understand today, with such rising silver prices, if we were demerged into zinc, lead and silver company, net valu ation would have been far better than what it is now. Sumangal Nevatia : Understood, sir. Thank you and all the be…"
HINDZINC,Jul 2026,demerger,forward,"…ate. We really can't get any update on what government will do. Pratim Roy: Okay, sir. Okay. And secondly, is there any change in the dividend policy after the demerger happen ed at Vedanta . So how should we see the dividend during this year? Arun Misra: Dividend policy, there is no change. Amit Gupta: There's no change in th…"
QUESS,Nov 2025,demerger,forward,"…, it is weak. That is question one. Second question is effective tax rat e. How one should look at it? This quarter it is around 10 percentage. Considering now demerger -related thing as well as business mix change, what we are observing from profit contribution perspective, what would be the effective tax rate one should look…"
QUESS,Feb 2026,demerger,backward,"…r numbers a s we move forward. Guruprasad Srinivasan: Just to add a point there. If you recollect, in Q4, these were the discontinued businesses as part of the demerger that we had announced to the Street, and we had taken an exceptional credit loss on that. And as co mmitted, the effort is on. And as and when the collection h…"
QUESS,Feb 2026,demerger,backward,"…per quarter is about INR102 crores across the group as part of the IDC. And there are a few costs in the earlier, if you are comparing year-on-year, there were demerger expenses , which wouldn't recur in this current year. So that's the entire sort of gap there. But otherwise, the run rate where we are today is about INR102 cr…"
QUESS,Feb 2026,demerger,backward,"…y? Has there been a subsequent change in the industry? Kushal Ma heshwari: When you're looking at margins, then they were looking at consolidated Quess before demerger. Now the margins which we are reflecting over year in the range of 2% are post demerger for Quess Corp itself. So, if you look at it, if you look at the histor…"
QUESS,Feb 2026,demerger,backward,"…looking at margins, then they were looking at consolidated Quess before demerger. Now the margins which we are reflecting over year in the range of 2% are post demerger for Quess Corp itself. So, if you look at it, if you look at the history of our company, we underwent a demerger, which was since 1st April 2024. And if you lo…"
QUESS,Feb 2026,demerger,backward,"…flecting over year in the range of 2% are post demerger for Quess Corp itself. So, if you look at it, if you look at the history of our company, we underwent a demerger, which was since 1st April 2024. And if you look at our financials, Bluspring and Digitide are not part of the company. So, prior to that, when you're looking…"
QUESS,Feb 2026,demerged,neutral,"…ales around, say, 5 years back or pre -COVID? Or has there been a general trend of margins declining? Neeraj Jain: Okay. Just to add, so as Kushal said, it's a demerged balance sheet now, and its only workforce business that we have, of which we, General Staffing delivers about 1.4% to 1.5% EBITDA margin. Professional Staffing…"
QUESS,May 2026,demerger,forward,"…. That would be a medium term. So, that is how we should kind of look at it. To your question on the discontinued project, as you would remember, closer to our demerger timeline, we had said any business which does not meet the financi al metrics of the company and does not yield us the cash realization , we will exit and disc…"
QUESS,May 2026,demerger,backward,"…u everyone for joining us and continuing to support Quess Corp in this journey. As we said, we are foundationally strong in our 19th year and one year post our demerger. From a balance sheet perspective, there is strength in the organization and the balance both from a business and an execution point of view as well as from a…"
DEEPAKFERT,Feb 2026,demerger,backward,"…y we are trying to infuse in that exclusive manufacturer? That's my first question. And second is on the line of Deepak Mining Solutions and Deepak Fertilisers demerger. We have been saying it since, I think, 2023 or 2024, and we are in 2026, and we are yet to see any updates on that front. Subhash Anand: Okay. Let me give sec…"
DEEPAKFERT,Feb 2026,demerger,backward,"…re in 2026, and we are yet to see any updates on that front. Subhash Anand: Okay. Let me give second answer first, and then, I'll pass on to Tarun. Now, on the demerger, there are 2 aspects. Demerger per se in a separate entity happened last year. We have created a separate entity, which is DMSL, and the business of mining che…"
DEEPAKFERT,Feb 2026,Demerger,backward,"…ee any updates on that front. Subhash Anand: Okay. Let me give second answer first, and then, I'll pass on to Tarun. Now, on the demerger, there are 2 aspects. Demerger per se in a separate entity happened last year. We have created a separate entity, which is DMSL, and the business of mining chemical moved out of MAL and gone…"
DEEPAKFERT,Feb 2026,listing of subsidiar,forward,"…hich is DMSL, and the business of mining chemical moved out of MAL and gone to DMSL. So the restructuring of entity has happened. If you're looking -- yes, the listing of subsidiary, yes, that is, I'd say, as a part of our plan, we are -- in fact, when we went with the restructuring, the focus is very clear. We need to have a very clean e…"
DEEPAKFERT,Jun 2026,demerger,forward,"…comes from the line of Parth Kotak with Plus91 Asset Management. Parth Kotak: Most of my questions have been answered. Sir, a couple of questions. One, on the demerger front, any expected time lines? Are we expecting to do it this year? Subhash Anand: No, not immediately. In fact, we yet to take a call in terms of form and sh…"
DEEPAKFERT,Jun 2026,demerger,neutral,"…xpecting to do it this year? Subhash Anand: No, not immediately. In fact, we yet to take a call in terms of form and shape and timing of subsidiary listing and demerger or listing, I call it, not demerger, how and when it has to happen. So we'll come back once we have more clarity. But yes, we are c ommitted and we'll walk tha…"
DEEPAKFERT,Jun 2026,demerger,neutral,"…Anand: No, not immediately. In fact, we yet to take a call in terms of form and shape and timing of subsidiary listing and demerger or listing, I call it, not demerger, how and when it has to happen. So we'll come back once we have more clarity. But yes, we are c ommitted and we'll walk that path. Parth Kotak: Sure. Sir, just…"
SURYAROSNI,Feb 2026,demerger,neutral,"…improvement in payout . This is our only request, sir and of course, you are the only medium who can take it to the management is , we have been talking about demerger for many years . And secondly, if our growth is less, at least we can increase the payout at the company level because the company does not need so much money.…"
SURYAROSNI,Feb 2026,Demerger,forward,"…payout at the company level because the company does not need so much money. Raju Bista : No, you are absolutely right. We will keep both your points in mind. Demerger is also a valid suggestion of yours. And subsequently, whatever CAPEX we need, apart from that, we do not need to run a bank, s o we always s ay this to the ma…"
SURYAROSNI,Feb 2026,demerger,neutral,"…in our hands as to what is the growth in the economy, what is the demand, what is the interest rate? So, at least, what we have in our hands, like you have the demerger and our balance sheet is very good. Now, t he government has re duced the taxation for buybacks a lot in the recent budget. For corporate promoters, the taxati…"
SURYAROSNI,Jun 2026,demerger,forward,"…ta from Countercyclical Investments. Please go ahead. Love Gupta: Thank you for the opportunity, sir. So, I wanted to understand if there is any update on the demerger of the Lighting and Consumer Durable business and what is the expected timeline or any progress on that front? Raju Bista: No, I think once this crisis ends, h…"
DCMSHRIRAM,Jan 2026,demerger,backward,"…by the end of these 12 months since acquisition, we should be nearing the break even or maybe better than that. Raj Vyas : Okay. And lastly with respect to the demerger of our consumer facing products, any update that we can get? Amit Agarwal : Yes. So we are in the advanced stage s. See, it is a very old organization, over 10…"
DCMSHRIRAM,Jan 2026,demerger,forward,"…of Ahmed Madha from Unifi Capital. Please go ahead. Ahmed Madha : Thanks for the opportunity. F irstly, on taking the previous participant on the restructuring/demerger spin-off, can you give broad sense of timelines? I think we announced this Board meeting about I think 9 or 10 months ago. So there has been a bit of time. So…"
DCMSHRIRAM,Jan 2026,spin-off,forward,"…Madha from Unifi Capital. Please go ahead. Ahmed Madha : Thanks for the opportunity. F irstly, on taking the previous participant on the restructuring/demerger spin-off, can you give broad sense of timelines? I think we announced this Board meeting about I think 9 or 10 months ago. So there has been a bit of time. So any broad…"
AXISCADES,Jun 2026,slump sale,forward,"…nam: It is good. Mr. Shashidhar S.K: So, yeah, let me, let me answer this question. The way this deal is structured is that the business… it is structured as a slump sale, so the businesses of heavy engineering, automotive, and energy is going to be sold to the A kkodis entity in India. And the way the, you know, I would say the…"
AXISCADES,Jun 2026,slump sale,forward,"…fer immediately, or will we run it until June 2027? And is the PAT target for FY30 underscoring the total potential? Mr. Shashidhar S.K.: It is structured as a slump sale to the Akkodis entity in India. We will transfer people and contracts and handhold them for one year to grow synergies. There is a guaranteed portion of $23.4…"
KRBL,Nov 2025,"value
unlocking",forward,"…rutilized bank limits. KRBL Limited November 14, 202 5 Page 5 of 17 We also hold significant land reserves, particularly in Ghaziabad, which offers substantial value unlocking potential. The company plans to monetize this approximately 110-acre parcel currently valued at about INR 2,500 crores while relocating our existing plant over…"
KRBL,Nov 2025,demerger,forward,"…ess will be shifted into that subsidiary company. Hitesh Goel : But sir, subsidiary also the funds will flow from KRBL only, right? I mean can't we do a proper demerger? Anoop Kumar Gupta: Yes, funds will flow from KRBL, from the principal company only. Yes. Ashish Jain: I'll just add to that. See, I think the rationale for re…"
SAATVIKGL,Feb 2026,value unlocking,forward,"…it's maybe around 3% -4% of our monthly sales. Gaurav: Fair enough. Prashant Mathur: Yes, that's what in the earlier answer I was saying that with Saatvik the value unlocking is around the corner and that is because since our cell manufacturing is about to begin. And so the value unlocking from cell manufacturing and DCR is going to…"
SAATVIKGL,Feb 2026,value unlocking,forward,"…r answer I was saying that with Saatvik the value unlocking is around the corner and that is because since our cell manufacturing is about to begin. And so the value unlocking from cell manufacturing and DCR is going to come in the year next year. Gaurav: Fair enough. Just last question sir, what is the capex that we are planning for…"
ABLBL,Feb 2026,demerger,neutral,"…ou. The first question is from Videesha Sheth from Ambit Capital. Please go ahead. Videesha Sheth: Yes, hi. My first question was that time and again since the demerger announcement, it has been called out that no fundraise would be made and either of the two entities barring for the tomor row business. But in yesterday's fili…"
ABLBL,Feb 2026,demerger,forward,"…ization area for this fundraise and by when are you looking to, when are you intending to raise it? Management: Thanks, Vidisha. Yeah, you know, at the time of demerger, the company got the borrowings transferred based on the allocation formula. The INR500 crores debentures which we repaid recently in the month of January, we…"
ABLBL,Feb 2026,demerger,neutral,"…o INR800 crores . The plan is to reduce it, bring it to by another INR75 to INR100 crores . But you know , Vishak and Ashish can talk on the growth capex after demerger which was the rationale which we conveyed that the company will have the growth capital available to them. Vishak, Ashish. Management: Vishak, do you want to j…"
ABLBL,Feb 2026,demerger,neutral,"…n the best years, maybe INR225 odd crores kind of capex. Aditya Birla Lifestyle Brands Limited February 03 , 202 6 Page 5 of 18 One of the primary reasons for demerger was to create an entity which can reinvest back more aggressively into growth. Some of those signals are visible here. This year, our capex will be north of IN…"
ABLBL,May 2026,demerger,backward,"…81 crores in March last year. The Board of the company has also declared a dividend of INR 50 paisa per equity share within the first year of the company post -demerger. Through the year, store expansion gathered strong momentum, culminating in new stores addition of 300 +, accelerated expansion supported by strong product mar…"
GROWW,Apr 2026,carve out,neutral,"…s is how we like to see where with the existing strength, we can launch lot of new products. All the new products that we launch, we don't need t o kind of, we carve out a team from within our existing folks. Madhur Sharma: Understood, understood. Thank you. And lastly, data-keeping questions. So Ishan, if you can tell me the r…"
GROWW,Apr 2026,carve out,forward,"…formula, but it's difficult to predict how much will be the real revenue growth in the next year. Neeraj Toshniwal: Okay, got it. And on the -- if you want to carve out the cost of acquisition like the number we gave in last letter, but I think we have not given this time. How much was the cost of acquisition? Ishan Bansal: So…"
KIRLOSENG,Nov 2025,slump sale,forward,"…tisfying. On October 10, we announced the restructuring of our B2C business. The Board approved the transfer of B2C business within KOEL stand- alone by way of slump sale as a growing conc ern to its wholly owned subsidiary, LGM. So, from Q3 onwards, you will see this chan ge taking place in the reporting. Kirloskar Oil Engines…"
KIRLOSENG,Feb 2026,slump sale,backward,"…siness of B2B was at INR140 crores, 26% increase year-on-year. Please note that on October 10, we completed the transfer of our B2C business to LGM through the slump sale route. Accordingly, the financial performance for this quarter reflects the impact of this restructuring. For ease of comparison, top line without the restruct…"
SUDARSCHEM,Feb 2026,hive off,forward,"…help to increase my share. Chetan Cholera: Yes. My second question is, what's your long-term strategy of whole Heubach operation? Is there any plan to merge or hive off some of the operation or divest some of the operation? Rajesh Rathi: Whatever manufacturing footprint changes we wanted to bring in, we have already brought th…"
SUDARSCHEM,Jun 2026,hiving off,backward,"…al situation where we have reduced substantial inventory. Ankur Periwal: Sure, sir. Second, your thoughts on RIECO. Some time back, we had thoughts of probably hiving off the business, turning around the business and having it off. How do you look at that asset now? Is there further uptick in profitability margins or a business…"
