nse_symbol,status
AADHARHFC,"ok:consolidated:headline=6:cols=8;schedules=Cash from Operating Activity=8,Cash from Investing Activity=6,Cash from Financing Activity=10"
AARTIDRUGS,"ok:consolidated:headline=6:cols=12;schedules=Cash from Operating Activity=6,Cash from Investing Activity=7,Cash from Financing Activity=6"
AARTIIND,"ok:consolidated:headline=6:cols=12;schedules=Cash from Operating Activity=8,Cash from Investing Activity=9,Cash from Financing Activity=7"
AARTIPHARM,"ok:consolidated:headline=6:cols=6;schedules=Cash from Operating Activity=7,Cash from Investing Activity=6,Cash from Financing Activity=6"
AAVAS,"ok:consolidated:headline=6:cols=7;schedules=Cash from Operating Activity=5,Cash from Investing Activity=6,Cash from Financing Activity=5"
ABB,"ok:consolidated:headline=6:cols=4;schedules=Cash from Operating Activity=8,Cash from Investing Activity=6,Cash from Financing Activity=5"
ABBOTINDIA,"ok:standalone:headline=6:cols=12;schedules=Cash from Operating Activity=8,Cash from Investing Activity=5,Cash from Financing Activity=4"
ABCAPITAL,"ok:consolidated:headline=6:cols=12;schedules=Cash from Operating Activity=9,Cash from Investing Activity=10,Cash from Financing Activity=9"
ABDL,"ok:consolidated:headline=6:cols=7;schedules=Cash from Operating Activity=6,Cash from Investing Activity=7,Cash from Financing Activity=8"
ABFRL,"ok:consolidated:headline=6:cols=8;schedules=Cash from Operating Activity=7,Cash from Investing Activity=10,Cash from Financing Activity=6"
ABLBL,"ok:consolidated:headline=6:cols=2;schedules=Cash from Operating Activity=7,Cash from Investing Activity=4,Cash from Financing Activity=6"
ABREL,"ok:consolidated:headline=6:cols=10;schedules=Cash from Operating Activity=7,Cash from Investing Activity=8,Cash from Financing Activity=7"
ABSLAMC,"ok:consolidated:headline=6:cols=10;schedules=Cash from Operating Activity=7,Cash from Investing Activity=6,Cash from Financing Activity=4"
ACC,"ok:consolidated:headline=6:cols=12;schedules=Cash from Operating Activity=8,Cash from Investing Activity=9,Cash from Financing Activity=6"
ACE,"ok:consolidated:headline=6:cols=12;schedules=Cash from Operating Activity=8,Cash from Investing Activity=9,Cash from Financing Activity=7"
ACI,"ok:consolidated:headline=6:cols=6;schedules=Cash from Operating Activity=7,Cash from Investing Activity=6,Cash from Financing Activity=7"
ACMESOLAR,"ok:consolidated:headline=6:cols=7;schedules=Cash from Operating Activity=8,Cash from Investing Activity=8,Cash from Financing Activity=9"
ACUTAAS,"ok:consolidated:headline=6:cols=10;schedules=Cash from Operating Activity=8,Cash from Investing Activity=6,Cash from Financing Activity=7"
ADANIENSOL,"ok:consolidated:headline=6:cols=12;schedules=Cash from Operating Activity=8,Cash from Investing Activity=8,Cash from Financing Activity=8"
ADANIENT,"ok:consolidated:headline=6:cols=12;schedules=Cash from Operating Activity=9,Cash from Investing Activity=11,Cash from Financing Activity=8"
ADANIGREEN,"ok:consolidated:headline=6:cols=11;schedules=Cash from Operating Activity=9,Cash from Investing Activity=8,Cash from Financing Activity=9"
ADANIPORTS,"ok:consolidated:headline=6:cols=12;schedules=Cash from Operating Activity=8,Cash from Investing Activity=11,Cash from Financing Activity=8"
ADANIPOWER,"ok:consolidated:headline=6:cols=12;schedules=Cash from Operating Activity=8,Cash from Investing Activity=10,Cash from Financing Activity=9"
ADVENZYMES,"ok:consolidated:headline=6:cols=12;schedules=Cash from Operating Activity=8,Cash from Investing Activity=7,Cash from Financing Activity=7"
AEGISLOG,"ok:consolidated:headline=6:cols=12;schedules=Cash from Operating Activity=8,Cash from Investing Activity=10,Cash from Financing Activity=7"
AEGISVOPAK,"ok:consolidated:headline=6:cols=5;schedules=Cash from Operating Activity=7,Cash from Investing Activity=6,Cash from Financing Activity=7"
AEQUS,"ok:consolidated:headline=6:cols=4;schedules=Cash from Operating Activity=7,Cash from Investing Activity=8,Cash from Financing Activity=7"
AETHER,"ok:consolidated:headline=6:cols=5;schedules=Cash from Operating Activity=8,Cash from Investing Activity=6,Cash from Financing Activity=6"
AFCONS,"ok:consolidated:headline=6:cols=7;schedules=Cash from Operating Activity=7,Cash from Investing Activity=6,Cash from Financing Activity=6"
AFFLE,"ok:consolidated:headline=6:cols=9;schedules=Cash from Operating Activity=6,Cash from Investing Activity=7,Cash from Financing Activity=6"
AGARWALEYE,"ok:consolidated:headline=6:cols=7;schedules=Cash from Operating Activity=7,Cash from Investing Activity=6,Cash from Financing Activity=8"
AHLUCONT,"ok:consolidated:headline=6:cols=12;schedules=Cash from Operating Activity=8,Cash from Investing Activity=5,Cash from Financing Activity=6"
AIAENG,"ok:consolidated:headline=6:cols=12;schedules=Cash from Operating Activity=8,Cash from Investing Activity=8,Cash from Financing Activity=7"
AIIL,"ok:consolidated:headline=6:cols=4;schedules=Cash from Operating Activity=8,Cash from Investing Activity=4,Cash from Financing Activity=6"
AJANTPHARM,"ok:consolidated:headline=6:cols=12;schedules=Cash from Operating Activity=8,Cash from Investing Activity=5,Cash from Financing Activity=7"
AKUMS,"ok:consolidated:headline=6:cols=9;schedules=Cash from Operating Activity=7,Cash from Investing Activity=8,Cash from Financing Activity=6"
ALIVUS,"ok:consolidated:headline=6:cols=3;schedules=Cash from Operating Activity=empty,Cash from Investing Activity=empty,Cash from Financing Activity=empty"
ALKEM,"ok:consolidated:headline=6:cols=12;schedules=Cash from Operating Activity=8,Cash from Investing Activity=10,Cash from Financing Activity=8"
ALKYLAMINE,"ok:consolidated:headline=6:cols=12;schedules=Cash from Operating Activity=8,Cash from Investing Activity=7,Cash from Financing Activity=5"
ALOKINDS,"ok:consolidated:headline=6:cols=12;schedules=Cash from Operating Activity=8,Cash from Investing Activity=8,Cash from Financing Activity=7"
AMBER,"ok:consolidated:headline=6:cols=12;schedules=Cash from Operating Activity=8,Cash from Investing Activity=8,Cash from Financing Activity=8"
AMBUJACEM,"ok:consolidated:headline=6:cols=12;schedules=Cash from Operating Activity=7,Cash from Investing Activity=10,Cash from Financing Activity=8"
ANANDRATHI,"ok:consolidated:headline=6:cols=8;schedules=Cash from Operating Activity=6,Cash from Investing Activity=7,Cash from Financing Activity=7"
ANANTRAJ,"ok:consolidated:headline=6:cols=12;schedules=Cash from Operating Activity=10,Cash from Investing Activity=8,Cash from Financing Activity=8"
ANGELONE,"ok:consolidated:headline=6:cols=12;schedules=Cash from Operating Activity=8,Cash from Investing Activity=7,Cash from Financing Activity=9"
ANTHEM,"ok:consolidated:headline=6:cols=7;schedules=Cash from Operating Activity=8,Cash from Investing Activity=9,Cash from Financing Activity=6"
ANUP,"ok:consolidated:headline=6:cols=6;schedules=Cash from Operating Activity=7,Cash from Investing Activity=7,Cash from Financing Activity=7"
ANURAS,"ok:consolidated:headline=6:cols=8;schedules=Cash from Operating Activity=8,Cash from Investing Activity=8,Cash from Financing Activity=9"
APARINDS,"ok:consolidated:headline=6:cols=12;schedules=Cash from Operating Activity=7,Cash from Investing Activity=11,Cash from Financing Activity=7"
APLAPOLLO,"ok:consolidated:headline=6:cols=12;schedules=Cash from Operating Activity=8,Cash from Investing Activity=8,Cash from Financing Activity=7"
APLLTD,"ok:consolidated:headline=6:cols=12;schedules=Cash from Operating Activity=8,Cash from Investing Activity=9,Cash from Financing Activity=7"
APOLLO,"ok:consolidated:headline=6:cols=7;schedules=Cash from Operating Activity=8,Cash from Investing Activity=4,Cash from Financing Activity=9"
APOLLOHOSP,"ok:consolidated:headline=6:cols=12;schedules=Cash from Operating Activity=9,Cash from Investing Activity=10,Cash from Financing Activity=7"
APOLLOTYRE,"ok:consolidated:headline=6:cols=12;schedules=Cash from Operating Activity=10,Cash from Investing Activity=10,Cash from Financing Activity=8"
APTUS,"ok:consolidated:headline=6:cols=10;schedules=Cash from Operating Activity=8,Cash from Investing Activity=8,Cash from Financing Activity=9"
ARVIND,"ok:consolidated:headline=6:cols=12;schedules=Cash from Operating Activity=8,Cash from Investing Activity=9,Cash from Financing Activity=7"
ARVINDFASN,"ok:consolidated:headline=6:cols=10;schedules=Cash from Operating Activity=7,Cash from Investing Activity=9,Cash from Financing Activity=7"
ASAHIINDIA,"ok:consolidated:headline=6:cols=12;schedules=Cash from Operating Activity=10,Cash from Investing Activity=5,Cash from Financing Activity=6"
ASHAPURMIN,"ok:consolidated:headline=6:cols=12;schedules=Cash from Operating Activity=8,Cash from Investing Activity=7,Cash from Financing Activity=7"
ASHOKA,"ok:consolidated:headline=6:cols=12;schedules=Cash from Operating Activity=9,Cash from Investing Activity=9,Cash from Financing Activity=8"
ASHOKLEY,"ok:consolidated:headline=6:cols=12;schedules=Cash from Operating Activity=8,Cash from Investing Activity=9,Cash from Financing Activity=8"
ASIANPAINT,"ok:consolidated:headline=6:cols=12;schedules=Cash from Operating Activity=7,Cash from Investing Activity=10,Cash from Financing Activity=7"
ASKAUTOLTD,"ok:consolidated:headline=6:cols=8;schedules=Cash from Operating Activity=9,Cash from Investing Activity=7,Cash from Financing Activity=6"
ASTERDM,"ok:consolidated:headline=6:cols=12;schedules=Cash from Operating Activity=9,Cash from Investing Activity=10,Cash from Financing Activity=7"
ASTRAL,"ok:consolidated:headline=6:cols=12;schedules=Cash from Operating Activity=6,Cash from Investing Activity=10,Cash from Financing Activity=7"
ASTRAMICRO,"ok:consolidated:headline=6:cols=12;schedules=Cash from Operating Activity=7,Cash from Investing Activity=8,Cash from Financing Activity=8"
ATGL,"ok:consolidated:headline=6:cols=9;schedules=Cash from Operating Activity=7,Cash from Investing Activity=7,Cash from Financing Activity=7"
ATHERENERG,"ok:standalone:headline=6:cols=7;schedules=Cash from Operating Activity=8,Cash from Investing Activity=6,Cash from Financing Activity=7"
ATLANTAELE,"ok:consolidated:headline=6:cols=6;schedules=Cash from Operating Activity=7,Cash from Investing Activity=8,Cash from Financing Activity=6"
ATUL,"ok:consolidated:headline=6:cols=12;schedules=Cash from Operating Activity=9,Cash from Investing Activity=9,Cash from Financing Activity=7"
AUBANK,"ok:consolidated:headline=6:cols=4;schedules=Cash from Operating Activity=7,Cash from Investing Activity=8,Cash from Financing Activity=5"
AURIONPRO,"ok:consolidated:headline=6:cols=12;schedules=Cash from Operating Activity=7,Cash from Investing Activity=7,Cash from Financing Activity=7"
AUROPHARMA,"ok:consolidated:headline=6:cols=12;schedules=Cash from Operating Activity=8,Cash from Investing Activity=11,Cash from Financing Activity=7"
AVALON,"ok:consolidated:headline=6:cols=7;schedules=Cash from Operating Activity=7,Cash from Investing Activity=8,Cash from Financing Activity=8"
AVANTIFEED,"ok:consolidated:headline=6:cols=12;schedules=Cash from Operating Activity=8,Cash from Investing Activity=7,Cash from Financing Activity=6"
AVL,"ok:standalone:headline=6:cols=12;schedules=Cash from Operating Activity=9,Cash from Investing Activity=7,Cash from Financing Activity=7"
AWFIS,"ok:consolidated:headline=6:cols=8;schedules=Cash from Operating Activity=8,Cash from Investing Activity=5,Cash from Financing Activity=6"
AWL,"ok:consolidated:headline=6:cols=8;schedules=Cash from Operating Activity=8,Cash from Investing Activity=7,Cash from Financing Activity=6"
AXISBANK,"ok:consolidated:headline=6:cols=12;schedules=Cash from Operating Activity=7,Cash from Investing Activity=7,Cash from Financing Activity=5"
AXISCADES,"ok:consolidated:headline=6:cols=12;schedules=Cash from Operating Activity=8,Cash from Investing Activity=10,Cash from Financing Activity=8"
AZAD,"ok:consolidated:headline=6:cols=6;schedules=Cash from Operating Activity=7,Cash from Investing Activity=7,Cash from Financing Activity=7"
BAJAJ-AUTO,"ok:consolidated:headline=6:cols=12;schedules=Cash from Operating Activity=7,Cash from Investing Activity=8,Cash from Financing Activity=7"
BAJAJELEC,"ok:consolidated:headline=6:cols=11;schedules=Cash from Operating Activity=8,Cash from Investing Activity=7,Cash from Financing Activity=7"
BAJAJFINSV,"ok:consolidated:headline=6:cols=12;schedules=Cash from Operating Activity=10,Cash from Investing Activity=7,Cash from Financing Activity=8"
BAJAJHFL,"ok:standalone:headline=6:cols=7;schedules=Cash from Operating Activity=7,Cash from Investing Activity=6,Cash from Financing Activity=6"
BAJAJHLDNG,"ok:consolidated:headline=6:cols=12;schedules=Cash from Operating Activity=8,Cash from Investing Activity=6,Cash from Financing Activity=3"
BAJFINANCE,"ok:consolidated:headline=6:cols=12;schedules=Cash from Operating Activity=11,Cash from Investing Activity=9,Cash from Financing Activity=9"
BALAMINES,"ok:consolidated:headline=6:cols=12;schedules=Cash from Operating Activity=7,Cash from Investing Activity=6,Cash from Financing Activity=7"
BALKRISIND,"ok:consolidated:headline=6:cols=12;schedules=Cash from Operating Activity=8,Cash from Investing Activity=8,Cash from Financing Activity=6"
BALRAMCHIN,"ok:consolidated:headline=6:cols=12;schedules=Cash from Operating Activity=10,Cash from Investing Activity=10,Cash from Financing Activity=11"
BALUFORGE,"ok:consolidated:headline=6:cols=6;schedules=Cash from Operating Activity=7,Cash from Investing Activity=3,Cash from Financing Activity=7"
BANCOINDIA,"ok:consolidated:headline=6:cols=12;schedules=Cash from Operating Activity=9,Cash from Investing Activity=8,Cash from Financing Activity=6"
BANDHANBNK,"ok:standalone:headline=6:cols=12;schedules=Cash from Operating Activity=7,Cash from Investing Activity=8,Cash from Financing Activity=5"
BANKBARODA,"ok:consolidated:headline=6:cols=12;schedules=Cash from Operating Activity=9,Cash from Investing Activity=4,Cash from Financing Activity=6"
BANKINDIA,"ok:consolidated:headline=6:cols=12;schedules=Cash from Operating Activity=8,Cash from Investing Activity=7,Cash from Financing Activity=9"
BATAINDIA,"ok:consolidated:headline=6:cols=12;schedules=Cash from Operating Activity=8,Cash from Investing Activity=6,Cash from Financing Activity=4"
BAYERCROP,"ok:consolidated:headline=6:cols=2;schedules=Cash from Operating Activity=7,Cash from Investing Activity=6,Cash from Financing Activity=5"
BBOX,"ok:consolidated:headline=6:cols=12;schedules=Cash from Operating Activity=8,Cash from Investing Activity=7,Cash from Financing Activity=7"
BBTC,"ok:consolidated:headline=6:cols=12;schedules=Cash from Operating Activity=9,Cash from Investing Activity=10,Cash from Financing Activity=10"
BDL,"ok:standalone:headline=6:cols=12;schedules=Cash from Operating Activity=9,Cash from Investing Activity=6,Cash from Financing Activity=4"
BECTORFOOD,"ok:consolidated:headline=6:cols=9;schedules=Cash from Operating Activity=8,Cash from Investing Activity=6,Cash from Financing Activity=7"
BEL,"ok:consolidated:headline=6:cols=12;schedules=Cash from Operating Activity=9,Cash from Investing Activity=6,Cash from Financing Activity=6"
BELRISE,"ok:consolidated:headline=6:cols=5;schedules=Cash from Operating Activity=7,Cash from Investing Activity=5,Cash from Financing Activity=7"
BEML,"ok:consolidated:headline=6:cols=12;schedules=Cash from Operating Activity=8,Cash from Investing Activity=6,Cash from Financing Activity=6"
BERGEPAINT,"ok:consolidated:headline=6:cols=12;schedules=Cash from Operating Activity=8,Cash from Investing Activity=10,Cash from Financing Activity=7"
BHARATFORG,"ok:consolidated:headline=6:cols=12;schedules=Cash from Operating Activity=9,Cash from Investing Activity=10,Cash from Financing Activity=8"
BHARTIARTL,"ok:consolidated:headline=6:cols=12;schedules=Cash from Operating Activity=7,Cash from Investing Activity=11,Cash from Financing Activity=8"
BHARTIHEXA,"ok:standalone:headline=6:cols=8;schedules=Cash from Operating Activity=7,Cash from Investing Activity=6,Cash from Financing Activity=5"
BHEL,"ok:consolidated:headline=6:cols=12;schedules=Cash from Operating Activity=9,Cash from Investing Activity=9,Cash from Financing Activity=7"
BIKAJI,"ok:consolidated:headline=6:cols=7;schedules=Cash from Operating Activity=8,Cash from Investing Activity=9,Cash from Financing Activity=7"
BIOCON,"ok:consolidated:headline=6:cols=12;schedules=Cash from Operating Activity=8,Cash from Investing Activity=8,Cash from Financing Activity=9"
BIRLACORPN,"ok:consolidated:headline=6:cols=12;schedules=Cash from Operating Activity=8,Cash from Investing Activity=10,Cash from Financing Activity=6"
BLACKBUCK,"ok:consolidated:headline=6:cols=6;schedules=Cash from Operating Activity=10,Cash from Investing Activity=8,Cash from Financing Activity=7"
BLS,"ok:consolidated:headline=6:cols=12;schedules=Cash from Operating Activity=8,Cash from Investing Activity=8,Cash from Financing Activity=7"
BLUEDART,"ok:consolidated:headline=6:cols=12;schedules=Cash from Operating Activity=8,Cash from Investing Activity=8,Cash from Financing Activity=8"
BLUEJET,"ok:consolidated:headline=6:cols=2;schedules=Cash from Operating Activity=7,Cash from Investing Activity=5,Cash from Financing Activity=2"
BLUESTARCO,"ok:consolidated:headline=6:cols=12;schedules=Cash from Operating Activity=8,Cash from Investing Activity=9,Cash from Financing Activity=7"
BLUESTONE,"ok:consolidated:headline=6:cols=2;schedules=Cash from Operating Activity=9,Cash from Investing Activity=7,Cash from Financing Activity=6"
BORORENEW,"ok:consolidated:headline=6:cols=10;schedules=Cash from Operating Activity=6,Cash from Investing Activity=10,Cash from Financing Activity=8"
BOSCHLTD,"ok:consolidated:headline=6:cols=11;schedules=Cash from Operating Activity=8,Cash from Investing Activity=10,Cash from Financing Activity=5"
BPCL,"ok:consolidated:headline=6:cols=12;schedules=Cash from Operating Activity=8,Cash from Investing Activity=12,Cash from Financing Activity=7"
BRIGADE,"ok:consolidated:headline=6:cols=12;schedules=Cash from Operating Activity=9,Cash from Investing Activity=8,Cash from Financing Activity=7"
BRITANNIA,"ok:consolidated:headline=6:cols=12;schedules=Cash from Operating Activity=8,Cash from Investing Activity=10,Cash from Financing Activity=9"
BSE,"ok:consolidated:headline=6:cols=12;schedules=Cash from Operating Activity=9,Cash from Investing Activity=10,Cash from Financing Activity=6"
BSOFT,"ok:consolidated:headline=6:cols=12;schedules=Cash from Operating Activity=8,Cash from Investing Activity=10,Cash from Financing Activity=7"
CAMPUS,"ok:consolidated:headline=6:cols=6;schedules=Cash from Operating Activity=8,Cash from Investing Activity=5,Cash from Financing Activity=6"
CAMS,"ok:consolidated:headline=6:cols=9;schedules=Cash from Operating Activity=7,Cash from Investing Activity=10,Cash from Financing Activity=6"
CANBK,"ok:consolidated:headline=6:cols=12;schedules=Cash from Operating Activity=8,Cash from Investing Activity=6,Cash from Financing Activity=6"
CANFINHOME,"ok:standalone:headline=6:cols=12;schedules=Cash from Operating Activity=7,Cash from Investing Activity=7,Cash from Financing Activity=8"
CANHLIFE,"ok:standalone:headline=6:cols=7;schedules=Cash from Operating Activity=3,Cash from Investing Activity=6,Cash from Financing Activity=2"
CAPILLARY,"ok:consolidated:headline=6:cols=6;schedules=Cash from Operating Activity=8,Cash from Investing Activity=6,Cash from Financing Activity=7"
CAPLIPOINT,"ok:consolidated:headline=6:cols=12;schedules=Cash from Operating Activity=8,Cash from Investing Activity=9,Cash from Financing Activity=6"
CARBORUNIV,"ok:consolidated:headline=6:cols=12;schedules=Cash from Operating Activity=8,Cash from Investing Activity=8,Cash from Financing Activity=8"
CARTRADE,"ok:consolidated:headline=6:cols=10;schedules=Cash from Operating Activity=8,Cash from Investing Activity=9,Cash from Financing Activity=7"
CASTROLIND,"ok:standalone:headline=6:cols=12;schedules=Cash from Operating Activity=8,Cash from Investing Activity=5,Cash from Financing Activity=4"
CCAVENUE,"ok:consolidated:headline=6:cols=12;schedules=Cash from Operating Activity=10,Cash from Investing Activity=9,Cash from Financing Activity=8"
CCL,"ok:consolidated:headline=6:cols=12;schedules=Cash from Operating Activity=8,Cash from Investing Activity=7,Cash from Financing Activity=7"
CDSL,"ok:consolidated:headline=6:cols=12;schedules=Cash from Operating Activity=7,Cash from Investing Activity=9,Cash from Financing Activity=4"
CEATLTD,"ok:consolidated:headline=6:cols=12;schedules=Cash from Operating Activity=9,Cash from Investing Activity=8,Cash from Financing Activity=8"
CELLO,"ok:consolidated:headline=6:cols=6;schedules=Cash from Operating Activity=7,Cash from Investing Activity=10,Cash from Financing Activity=7"
CEMPRO,"ok:consolidated:headline=6:cols=12;schedules=Cash from Operating Activity=8,Cash from Investing Activity=8,Cash from Financing Activity=7"
CENTRALBK,"ok:consolidated:headline=6:cols=12;schedules=Cash from Operating Activity=8,Cash from Investing Activity=3,Cash from Financing Activity=5"
CENTURYPLY,"ok:consolidated:headline=6:cols=12;schedules=Cash from Operating Activity=8,Cash from Investing Activity=6,Cash from Financing Activity=7"
CERA,"ok:consolidated:headline=6:cols=10;schedules=Cash from Operating Activity=8,Cash from Investing Activity=11,Cash from Financing Activity=7"
CESC,"ok:consolidated:headline=6:cols=12;schedules=Cash from Operating Activity=7,Cash from Investing Activity=12,Cash from Financing Activity=7"
CGCL,"ok:consolidated:headline=6:cols=12;schedules=Cash from Operating Activity=10,Cash from Investing Activity=10,Cash from Financing Activity=10"
CGPOWER,"ok:consolidated:headline=6:cols=12;schedules=Cash from Operating Activity=9,Cash from Investing Activity=10,Cash from Financing Activity=7"
CHALET,"ok:consolidated:headline=6:cols=12;schedules=Cash from Operating Activity=8,Cash from Investing Activity=7,Cash from Financing Activity=9"
CHAMBLFERT,"ok:consolidated:headline=6:cols=12;schedules=Cash from Operating Activity=8,Cash from Investing Activity=8,Cash from Financing Activity=7"
CHENNPETRO,"ok:consolidated:headline=6:cols=12;schedules=Cash from Operating Activity=7,Cash from Investing Activity=7,Cash from Financing Activity=6"
CHOICEIN,"ok:consolidated:headline=6:cols=12;schedules=Cash from Operating Activity=10,Cash from Investing Activity=11,Cash from Financing Activity=8"
CHOLAFIN,"ok:consolidated:headline=6:cols=12;schedules=Cash from Operating Activity=9,Cash from Investing Activity=8,Cash from Financing Activity=9"
CHOLAHLDNG,"ok:consolidated:headline=6:cols=12;schedules=Cash from Operating Activity=11,Cash from Investing Activity=8,Cash from Financing Activity=10"
CIEINDIA,"ok:consolidated:headline=6:cols=12;schedules=Cash from Operating Activity=7,Cash from Investing Activity=8,Cash from Financing Activity=7"
CIPLA,"ok:consolidated:headline=6:cols=12;schedules=Cash from Operating Activity=7,Cash from Investing Activity=11,Cash from Financing Activity=8"
CLEAN,"ok:consolidated:headline=6:cols=9;schedules=Cash from Operating Activity=8,Cash from Investing Activity=7,Cash from Financing Activity=7"
CMSINFO,"ok:consolidated:headline=6:cols=9;schedules=Cash from Operating Activity=9,Cash from Investing Activity=7,Cash from Financing Activity=6"
COALINDIA,"ok:consolidated:headline=6:cols=12;schedules=Cash from Operating Activity=8,Cash from Investing Activity=8,Cash from Financing Activity=6"
COCHINSHIP,"ok:consolidated:headline=6:cols=9;schedules=Cash from Operating Activity=6,Cash from Investing Activity=9,Cash from Financing Activity=8"
COFORGE,"ok:consolidated:headline=6:cols=12;schedules=Cash from Operating Activity=10,Cash from Investing Activity=10,Cash from Financing Activity=7"
COHANCE,"ok:consolidated:headline=6:cols=8;schedules=Cash from Operating Activity=7,Cash from Investing Activity=7,Cash from Financing Activity=7"
COLPAL,"ok:consolidated:headline=6:cols=5;schedules=Cash from Operating Activity=7,Cash from Investing Activity=7,Cash from Financing Activity=5"
CONCOR,"ok:consolidated:headline=6:cols=12;schedules=Cash from Operating Activity=8,Cash from Investing Activity=8,Cash from Financing Activity=7"
CONCORDBIO,"ok:consolidated:headline=6:cols=7;schedules=Cash from Operating Activity=7,Cash from Investing Activity=6,Cash from Financing Activity=6"
COROMANDEL,"ok:consolidated:headline=6:cols=12;schedules=Cash from Operating Activity=8,Cash from Investing Activity=10,Cash from Financing Activity=7"
CORONA,"ok:consolidated:headline=6:cols=4;schedules=Cash from Operating Activity=8,Cash from Investing Activity=6,Cash from Financing Activity=5"
CPPLUS,"ok:consolidated:headline=6:cols=7;schedules=Cash from Operating Activity=9,Cash from Investing Activity=9,Cash from Financing Activity=7"
CRAFTSMAN,"ok:consolidated:headline=6:cols=10;schedules=Cash from Operating Activity=7,Cash from Investing Activity=5,Cash from Financing Activity=7"
CRAMC,"ok:standalone:headline=6:cols=7;schedules=Cash from Operating Activity=6,Cash from Investing Activity=4,Cash from Financing Activity=5"
CREDITACC,"ok:consolidated:headline=6:cols=8;schedules=Cash from Operating Activity=8,Cash from Investing Activity=7,Cash from Financing Activity=8"
CRISIL,"ok:consolidated:headline=6:cols=12;schedules=Cash from Operating Activity=8,Cash from Investing Activity=10,Cash from Financing Activity=8"
CRIZAC,"ok:consolidated:headline=6:cols=6;schedules=Cash from Operating Activity=6,Cash from Investing Activity=9,Cash from Financing Activity=4"
CROMPTON,"ok:consolidated:headline=6:cols=9;schedules=Cash from Operating Activity=7,Cash from Investing Activity=7,Cash from Financing Activity=8"
CSBBANK,"ok:standalone:headline=6:cols=12;schedules=Cash from Operating Activity=8,Cash from Investing Activity=4,Cash from Financing Activity=7"
CUB,"ok:standalone:headline=6:cols=12;schedules=Cash from Operating Activity=7,Cash from Investing Activity=2,Cash from Financing Activity=5"
CUMMINSIND,"ok:consolidated:headline=6:cols=12;schedules=Cash from Operating Activity=8,Cash from Investing Activity=9,Cash from Financing Activity=6"
CUPID,"ok:consolidated:headline=6:cols=4;schedules=Cash from Operating Activity=8,Cash from Investing Activity=5,Cash from Financing Activity=7"
CYIENT,"ok:consolidated:headline=6:cols=12;schedules=Cash from Operating Activity=8,Cash from Investing Activity=11,Cash from Financing Activity=8"
DABUR,"ok:consolidated:headline=6:cols=12;schedules=Cash from Operating Activity=7,Cash from Investing Activity=7,Cash from Financing Activity=7"
DALBHARAT,"ok:consolidated:headline=6:cols=10;schedules=Cash from Operating Activity=7,Cash from Investing Activity=9,Cash from Financing Activity=7"
DATAMATICS,"ok:consolidated:headline=6:cols=12;schedules=Cash from Operating Activity=8,Cash from Investing Activity=10,Cash from Financing Activity=8"
DATAPATTNS,"ok:standalone:headline=6:cols=12;schedules=Cash from Operating Activity=8,Cash from Investing Activity=6,Cash from Financing Activity=7"
DBL,"ok:consolidated:headline=6:cols=12;schedules=Cash from Operating Activity=8,Cash from Investing Activity=7,Cash from Financing Activity=7"
DBREALTY,"ok:consolidated:headline=6:cols=12;schedules=Cash from Operating Activity=11,Cash from Investing Activity=11,Cash from Financing Activity=6"
DCBBANK,"ok:standalone:headline=6:cols=12;schedules=Cash from Operating Activity=7,Cash from Investing Activity=3,Cash from Financing Activity=5"
DCMSHRIRAM,"ok:consolidated:headline=6:cols=12;schedules=Cash from Operating Activity=8,Cash from Investing Activity=10,Cash from Financing Activity=6"
DEEPAKFERT,"ok:consolidated:headline=6:cols=12;schedules=Cash from Operating Activity=9,Cash from Investing Activity=10,Cash from Financing Activity=9"
DEEPAKNTR,"ok:consolidated:headline=6:cols=12;schedules=Cash from Operating Activity=8,Cash from Investing Activity=10,Cash from Financing Activity=8"
DELHIVERY,"ok:consolidated:headline=6:cols=8;schedules=Cash from Operating Activity=8,Cash from Investing Activity=8,Cash from Financing Activity=6"
DEVYANI,"ok:consolidated:headline=6:cols=11;schedules=Cash from Operating Activity=9,Cash from Investing Activity=7,Cash from Financing Activity=7"
DIACABS,"ok:consolidated:headline=6:cols=12;schedules=Cash from Operating Activity=9,Cash from Investing Activity=5,Cash from Financing Activity=9"
DIVISLAB,"ok:consolidated:headline=6:cols=12;schedules=Cash from Operating Activity=8,Cash from Investing Activity=7,Cash from Financing Activity=6"
DIXON,"ok:consolidated:headline=6:cols=12;schedules=Cash from Operating Activity=8,Cash from Investing Activity=11,Cash from Financing Activity=7"
DLF,"ok:consolidated:headline=6:cols=12;schedules=Cash from Operating Activity=10,Cash from Investing Activity=9,Cash from Financing Activity=9"
DMART,"ok:consolidated:headline=6:cols=12;schedules=Cash from Operating Activity=9,Cash from Investing Activity=10,Cash from Financing Activity=10"
DOMS,"ok:consolidated:headline=6:cols=7;schedules=Cash from Operating Activity=9,Cash from Investing Activity=7,Cash from Financing Activity=7"
DRREDDY,"ok:consolidated:headline=6:cols=12;schedules=Cash from Operating Activity=7,Cash from Investing Activity=9,Cash from Financing Activity=7"
DYNAMATECH,"ok:consolidated:headline=6:cols=12;schedules=Cash from Operating Activity=8,Cash from Investing Activity=7,Cash from Financing Activity=8"
ECLERX,"ok:consolidated:headline=6:cols=12;schedules=Cash from Operating Activity=9,Cash from Investing Activity=8,Cash from Financing Activity=9"
EDELWEISS,"ok:consolidated:headline=6:cols=12;schedules=Cash from Operating Activity=10,Cash from Investing Activity=6,Cash from Financing Activity=10"
EICHERMOT,"ok:consolidated:headline=6:cols=12;schedules=Cash from Operating Activity=8,Cash from Investing Activity=8,Cash from Financing Activity=7"
EIDPARRY,"ok:consolidated:headline=6:cols=12;schedules=Cash from Operating Activity=7,Cash from Investing Activity=12,Cash from Financing Activity=8"
EIEL,"ok:consolidated:headline=6:cols=7;schedules=Cash from Operating Activity=8,Cash from Investing Activity=7,Cash from Financing Activity=5"
EIHOTEL,"ok:consolidated:headline=6:cols=12;schedules=Cash from Operating Activity=8,Cash from Investing Activity=9,Cash from Financing Activity=7"
ELECON,"ok:consolidated:headline=6:cols=12;schedules=Cash from Operating Activity=8,Cash from Investing Activity=7,Cash from Financing Activity=6"
ELECTCAST,"ok:consolidated:headline=6:cols=12;schedules=Cash from Operating Activity=8,Cash from Investing Activity=11,Cash from Financing Activity=9"
ELGIEQUIP,"ok:consolidated:headline=6:cols=12;schedules=Cash from Operating Activity=8,Cash from Investing Activity=10,Cash from Financing Activity=7"
ELLEN,"ok:standalone:headline=6:cols=12;schedules=Cash from Operating Activity=12,Cash from Investing Activity=7,Cash from Financing Activity=6"
EMAMILTD,"ok:consolidated:headline=6:cols=12;schedules=Cash from Operating Activity=8,Cash from Investing Activity=9,Cash from Financing Activity=6"
EMBDL,"ok:consolidated:headline=6:cols=12;schedules=Cash from Operating Activity=9,Cash from Investing Activity=10,Cash from Financing Activity=8"
EMCURE,"ok:consolidated:headline=6:cols=8;schedules=Cash from Operating Activity=7,Cash from Investing Activity=7,Cash from Financing Activity=7"
EMIL,"ok:consolidated:headline=6:cols=7;schedules=Cash from Operating Activity=8,Cash from Investing Activity=4,Cash from Financing Activity=5"
EMMVEE,"ok:consolidated:headline=6:cols=7;schedules=Cash from Operating Activity=8,Cash from Investing Activity=7,Cash from Financing Activity=5"
ENDURANCE,"ok:consolidated:headline=6:cols=12;schedules=Cash from Operating Activity=8,Cash from Investing Activity=9,Cash from Financing Activity=6"
ENGINERSIN,"ok:consolidated:headline=6:cols=12;schedules=Cash from Operating Activity=9,Cash from Investing Activity=8,Cash from Financing Activity=3"
ENRIN,"ok:standalone:headline=6:cols=3;schedules=Cash from Operating Activity=7,Cash from Investing Activity=4,Cash from Financing Activity=4"
ENTERO,"ok:consolidated:headline=6:cols=7;schedules=Cash from Operating Activity=9,Cash from Investing Activity=7,Cash from Financing Activity=8"
EPL,"ok:consolidated:headline=6:cols=12;schedules=Cash from Operating Activity=7,Cash from Investing Activity=10,Cash from Financing Activity=9"
EQUITASBNK,"ok:standalone:headline=6:cols=12;schedules=Cash from Operating Activity=11,Cash from Investing Activity=6,Cash from Financing Activity=6"
ERIS,"ok:consolidated:headline=6:cols=12;schedules=Cash from Operating Activity=8,Cash from Investing Activity=11,Cash from Financing Activity=9"
ESCORTS,"ok:consolidated:headline=6:cols=12;schedules=Cash from Operating Activity=7,Cash from Investing Activity=9,Cash from Financing Activity=7"
ETERNAL,"ok:consolidated:headline=6:cols=9;schedules=Cash from Operating Activity=7,Cash from Investing Activity=8,Cash from Financing Activity=6"
ETHOSLTD,"ok:consolidated:headline=6:cols=8;schedules=Cash from Operating Activity=8,Cash from Investing Activity=6,Cash from Financing Activity=6"
EUREKAFORB,"ok:consolidated:headline=6:cols=6;schedules=Cash from Operating Activity=8,Cash from Investing Activity=6,Cash from Financing Activity=5"
EXIDEIND,"ok:consolidated:headline=6:cols=12;schedules=Cash from Operating Activity=8,Cash from Investing Activity=10,Cash from Financing Activity=6"
FACT,"ok:consolidated:headline=6:cols=11;schedules=Cash from Operating Activity=10,Cash from Investing Activity=5,Cash from Financing Activity=6"
FEDERALBNK,"ok:consolidated:headline=6:cols=12;schedules=Cash from Operating Activity=7,Cash from Investing Activity=6,Cash from Financing Activity=5"
FEDFINA,"ok:standalone:headline=6:cols=8;schedules=Cash from Operating Activity=7,Cash from Investing Activity=6,Cash from Financing Activity=9"
FIEMIND,"ok:consolidated:headline=6:cols=12;schedules=Cash from Operating Activity=8,Cash from Investing Activity=11,Cash from Financing Activity=7"
FINCABLES,"ok:consolidated:headline=6:cols=11;schedules=Cash from Operating Activity=9,Cash from Investing Activity=8,Cash from Financing Activity=6"
FINPIPE,"ok:consolidated:headline=6:cols=11;schedules=Cash from Operating Activity=9,Cash from Investing Activity=7,Cash from Financing Activity=6"
FIRSTCRY,"ok:consolidated:headline=6:cols=9;schedules=Cash from Operating Activity=7,Cash from Investing Activity=6,Cash from Financing Activity=6"
FIVESTAR,"ok:consolidated:headline=6:cols=5;schedules=Cash from Operating Activity=8,Cash from Investing Activity=6,Cash from Financing Activity=7"
FLUOROCHEM,"ok:consolidated:headline=6:cols=9;schedules=Cash from Operating Activity=10,Cash from Investing Activity=10,Cash from Financing Activity=7"
FORCEMOT,"ok:consolidated:headline=6:cols=12;schedules=Cash from Operating Activity=7,Cash from Investing Activity=7,Cash from Financing Activity=5"
FORTIS,"ok:consolidated:headline=6:cols=12;schedules=Cash from Operating Activity=8,Cash from Investing Activity=12,Cash from Financing Activity=8"
FSL,"ok:consolidated:headline=6:cols=12;schedules=Cash from Operating Activity=6,Cash from Investing Activity=8,Cash from Financing Activity=7"
GABRIEL,"ok:consolidated:headline=6:cols=3;schedules=Cash from Operating Activity=7,Cash from Investing Activity=6,Cash from Financing Activity=6"
GAEL,"ok:consolidated:headline=6:cols=12;schedules=Cash from Operating Activity=8,Cash from Investing Activity=8,Cash from Financing Activity=7"
GAIL,"ok:consolidated:headline=6:cols=12;schedules=Cash from Operating Activity=7,Cash from Investing Activity=10,Cash from Financing Activity=7"
GALLANTT,"ok:consolidated:headline=6:cols=12;schedules=Cash from Operating Activity=7,Cash from Investing Activity=7,Cash from Financing Activity=5"
GESHIP,"ok:consolidated:headline=6:cols=12;schedules=Cash from Operating Activity=7,Cash from Investing Activity=7,Cash from Financing Activity=6"
GHCL,"ok:consolidated:headline=6:cols=12;schedules=Cash from Operating Activity=9,Cash from Investing Activity=7,Cash from Financing Activity=8"
GICRE,"ok:consolidated:headline=6:cols=12;schedules=Cash from Operating Activity=10,Cash from Investing Activity=6,Cash from Financing Activity=2"
GILLETTE,"ok:standalone:headline=6:cols=12;schedules=Cash from Operating Activity=8,Cash from Investing Activity=4,Cash from Financing Activity=4"
GLAND,"ok:consolidated:headline=6:cols=7;schedules=Cash from Operating Activity=8,Cash from Investing Activity=7,Cash from Financing Activity=6"
GLAXO,"ok:consolidated:headline=6:cols=12;schedules=Cash from Operating Activity=10,Cash from Investing Activity=6,Cash from Financing Activity=5"
GLENMARK,"ok:consolidated:headline=6:cols=12;schedules=Cash from Operating Activity=7,Cash from Investing Activity=8,Cash from Financing Activity=8"
GMDCLTD,"ok:consolidated:headline=6:cols=12;schedules=Cash from Operating Activity=9,Cash from Investing Activity=7,Cash from Financing Activity=6"
GMMPFAUDLR,"ok:consolidated:headline=6:cols=12;schedules=Cash from Operating Activity=6,Cash from Investing Activity=8,Cash from Financing Activity=7"
GMRAIRPORT,"ok:consolidated:headline=6:cols=12;schedules=Cash from Operating Activity=9,Cash from Investing Activity=9,Cash from Financing Activity=8"
GNFC,"ok:consolidated:headline=6:cols=12;schedules=Cash from Operating Activity=8,Cash from Investing Activity=8,Cash from Financing Activity=5"
GODFRYPHLP,"ok:consolidated:headline=6:cols=12;schedules=Cash from Operating Activity=9,Cash from Investing Activity=8,Cash from Financing Activity=6"
GODIGIT,"ok:standalone:headline=6:cols=6;schedules=Cash from Operating Activity=2,Cash from Investing Activity=6,Cash from Financing Activity=4"
GODREJAGRO,"ok:consolidated:headline=6:cols=12;schedules=Cash from Operating Activity=8,Cash from Investing Activity=11,Cash from Financing Activity=7"
GODREJCP,"ok:consolidated:headline=6:cols=12;schedules=Cash from Operating Activity=10,Cash from Investing Activity=9,Cash from Financing Activity=8"
GODREJIND,"ok:consolidated:headline=6:cols=12;schedules=Cash from Operating Activity=7,Cash from Investing Activity=13,Cash from Financing Activity=7"
GODREJPROP,"ok:consolidated:headline=6:cols=12;schedules=Cash from Operating Activity=5,Cash from Investing Activity=11,Cash from Financing Activity=7"
GOKEX,"ok:consolidated:headline=6:cols=12;schedules=Cash from Operating Activity=8,Cash from Investing Activity=6,Cash from Financing Activity=7"
GOKULAGRO,"ok:consolidated:headline=6:cols=11;schedules=Cash from Operating Activity=8,Cash from Investing Activity=7,Cash from Financing Activity=5"
GPIL,"ok:consolidated:headline=6:cols=12;schedules=Cash from Operating Activity=8,Cash from Investing Activity=9,Cash from Financing Activity=8"
GPPL,"ok:consolidated:headline=6:cols=11;schedules=Cash from Operating Activity=8,Cash from Investing Activity=4,Cash from Financing Activity=4"
GRANULES,"ok:consolidated:headline=6:cols=12;schedules=Cash from Operating Activity=8,Cash from Investing Activity=9,Cash from Financing Activity=7"
GRAPHITE,"ok:consolidated:headline=6:cols=12;schedules=Cash from Operating Activity=8,Cash from Investing Activity=8,Cash from Financing Activity=6"
GRASIM,"ok:consolidated:headline=6:cols=12;schedules=Cash from Operating Activity=8,Cash from Investing Activity=12,Cash from Financing Activity=8"
GRAVITA,"ok:consolidated:headline=6:cols=12;schedules=Cash from Operating Activity=8,Cash from Investing Activity=8,Cash from Financing Activity=7"
GREAVESCOT,"ok:consolidated:headline=6:cols=12;schedules=Cash from Operating Activity=7,Cash from Investing Activity=9,Cash from Financing Activity=8"
GROWW,"ok:consolidated:headline=6:cols=5;schedules=Cash from Operating Activity=7,Cash from Investing Activity=9,Cash from Financing Activity=6"
GRSE,"ok:standalone:headline=6:cols=12;schedules=Cash from Operating Activity=7,Cash from Investing Activity=5,Cash from Financing Activity=6"
GRWRHITECH,"ok:consolidated:headline=6:cols=12;schedules=Cash from Operating Activity=9,Cash from Investing Activity=7,Cash from Financing Activity=7"
GSFC,"ok:consolidated:headline=6:cols=12;schedules=Cash from Operating Activity=6,Cash from Investing Activity=7,Cash from Financing Activity=7"
HAL,"ok:consolidated:headline=6:cols=12;schedules=Cash from Operating Activity=8,Cash from Investing Activity=8,Cash from Financing Activity=6"
HAPPSTMNDS,"ok:consolidated:headline=6:cols=8;schedules=Cash from Operating Activity=7,Cash from Investing Activity=8,Cash from Financing Activity=9"
HAVELLS,"ok:consolidated:headline=6:cols=12;schedules=Cash from Operating Activity=8,Cash from Investing Activity=9,Cash from Financing Activity=7"
HBLENGINE,"ok:consolidated:headline=6:cols=12;schedules=Cash from Operating Activity=9,Cash from Investing Activity=9,Cash from Financing Activity=6"
HCC,"ok:consolidated:headline=6:cols=12;schedules=Cash from Operating Activity=8,Cash from Investing Activity=10,Cash from Financing Activity=7"
HCG,"ok:consolidated:headline=6:cols=12;schedules=Cash from Operating Activity=8,Cash from Investing Activity=9,Cash from Financing Activity=6"
HCLTECH,"ok:consolidated:headline=6:cols=12;schedules=Cash from Operating Activity=8,Cash from Investing Activity=11,Cash from Financing Activity=8"
HDBFS,"ok:consolidated:headline=6:cols=5;schedules=Cash from Operating Activity=8,Cash from Investing Activity=5,Cash from Financing Activity=7"
HDFCAMC,"ok:consolidated:headline=6:cols=4;schedules=Cash from Operating Activity=6,Cash from Investing Activity=7,Cash from Financing Activity=6"
HDFCBANK,"ok:consolidated:headline=6:cols=12;schedules=Cash from Operating Activity=7,Cash from Investing Activity=6,Cash from Financing Activity=7"
HDFCLIFE,"ok:consolidated:headline=6:cols=12;schedules=Cash from Operating Activity=8,Cash from Investing Activity=9,Cash from Financing Activity=5"
HEG,"ok:consolidated:headline=6:cols=12;schedules=Cash from Operating Activity=8,Cash from Investing Activity=9,Cash from Financing Activity=7"
HEMIPROP,"ok:standalone:headline=6:cols=11;schedules=Cash from Operating Activity=8,Cash from Investing Activity=6,Cash from Financing Activity=7"
HERITGFOOD,"ok:consolidated:headline=6:cols=12;schedules=Cash from Operating Activity=9,Cash from Investing Activity=9,Cash from Financing Activity=7"
HEROMOTOCO,"ok:consolidated:headline=6:cols=12;schedules=Cash from Operating Activity=8,Cash from Investing Activity=11,Cash from Financing Activity=7"
HEXT,"ok:consolidated:headline=6:cols=12;schedules=Cash from Operating Activity=5,Cash from Investing Activity=9,Cash from Financing Activity=8"
HFCL,"ok:consolidated:headline=6:cols=12;schedules=Cash from Operating Activity=8,Cash from Investing Activity=9,Cash from Financing Activity=7"
HGINFRA,"ok:consolidated:headline=6:cols=12;schedules=Cash from Operating Activity=9,Cash from Investing Activity=6,Cash from Financing Activity=9"
HINDALCO,"ok:consolidated:headline=6:cols=12;schedules=Cash from Operating Activity=9,Cash from Investing Activity=10,Cash from Financing Activity=8"
HINDCOPPER,"ok:consolidated:headline=6:cols=8;schedules=Cash from Operating Activity=6,Cash from Investing Activity=5,Cash from Financing Activity=6"
HINDPETRO,"ok:consolidated:headline=6:cols=12;schedules=Cash from Operating Activity=9,Cash from Investing Activity=7,Cash from Financing Activity=7"
HINDUNILVR,"ok:consolidated:headline=6:cols=12;schedules=Cash from Operating Activity=11,Cash from Investing Activity=9,Cash from Financing Activity=7"
HINDZINC,"ok:consolidated:headline=6:cols=6;schedules=Cash from Operating Activity=7,Cash from Investing Activity=6,Cash from Financing Activity=5"
HOMEFIRST,"ok:standalone:headline=6:cols=12;schedules=Cash from Operating Activity=8,Cash from Investing Activity=6,Cash from Financing Activity=9"
HONASA,"ok:consolidated:headline=6:cols=6;schedules=Cash from Operating Activity=8,Cash from Investing Activity=8,Cash from Financing Activity=6"
HONAUT,"ok:standalone:headline=6:cols=12;schedules=Cash from Operating Activity=7,Cash from Investing Activity=7,Cash from Financing Activity=3"
HSCL,"ok:consolidated:headline=6:cols=12;schedules=Cash from Operating Activity=8,Cash from Investing Activity=6,Cash from Financing Activity=8"
HUDCO,"ok:consolidated:headline=6:cols=12;schedules=Cash from Operating Activity=9,Cash from Investing Activity=6,Cash from Financing Activity=7"
HYUNDAI,"ok:consolidated:headline=6:cols=6;schedules=Cash from Operating Activity=8,Cash from Investing Activity=4,Cash from Financing Activity=6"
ICICIAMC,"ok:consolidated:headline=6:cols=2;schedules=Cash from Operating Activity=empty,Cash from Investing Activity=empty,Cash from Financing Activity=empty"
ICICIBANK,"ok:consolidated:headline=6:cols=12;schedules=Cash from Operating Activity=7,Cash from Investing Activity=4,Cash from Financing Activity=4"
ICICIGI,"ok:standalone:headline=6:cols=12;schedules=Cash from Operating Activity=7,Cash from Investing Activity=7,Cash from Financing Activity=4"
ICICIPRULI,"ok:consolidated:headline=6:cols=12;schedules=Cash from Operating Activity=8,Cash from Investing Activity=8,Cash from Financing Activity=6"
ICIL,"ok:consolidated:headline=6:cols=12;schedules=Cash from Operating Activity=8,Cash from Investing Activity=8,Cash from Financing Activity=8"
IDBI,"ok:consolidated:headline=6:cols=12;schedules=Cash from Operating Activity=8,Cash from Investing Activity=4,Cash from Financing Activity=7"
IDEA,"ok:consolidated:headline=6:cols=12;schedules=Cash from Operating Activity=9,Cash from Investing Activity=9,Cash from Financing Activity=7"
IDFCFIRSTB,"ok:consolidated:headline=6:cols=10;schedules=Cash from Operating Activity=8,Cash from Investing Activity=5,Cash from Financing Activity=6"
IEX,"ok:consolidated:headline=6:cols=8;schedules=Cash from Operating Activity=6,Cash from Investing Activity=7,Cash from Financing Activity=5"
IFBIND,"ok:consolidated:headline=6:cols=10;schedules=Cash from Operating Activity=8,Cash from Investing Activity=8,Cash from Financing Activity=5"
IFCI,"ok:consolidated:headline=6:cols=12;schedules=Cash from Operating Activity=12,Cash from Investing Activity=7,Cash from Financing Activity=6"
IGIL,"ok:consolidated:headline=6:cols=4;schedules=Cash from Operating Activity=7,Cash from Investing Activity=5,Cash from Financing Activity=5"
IGL,"ok:consolidated:headline=6:cols=12;schedules=Cash from Operating Activity=8,Cash from Investing Activity=8,Cash from Financing Activity=6"
IIFL,"ok:consolidated:headline=6:cols=12;schedules=Cash from Operating Activity=10,Cash from Investing Activity=7,Cash from Financing Activity=10"
IIFLCAPS,"ok:consolidated:headline=6:cols=9;schedules=Cash from Operating Activity=8,Cash from Investing Activity=7,Cash from Financing Activity=7"
IKS,"ok:consolidated:headline=6:cols=7;schedules=Cash from Operating Activity=7,Cash from Investing Activity=7,Cash from Financing Activity=8"
IMFA,"ok:consolidated:headline=6:cols=12;schedules=Cash from Operating Activity=6,Cash from Investing Activity=7,Cash from Financing Activity=7"
INDGN,"ok:consolidated:headline=6:cols=8;schedules=Cash from Operating Activity=6,Cash from Investing Activity=6,Cash from Financing Activity=7"
INDHOTEL,"ok:consolidated:headline=6:cols=12;schedules=Cash from Operating Activity=7,Cash from Investing Activity=11,Cash from Financing Activity=8"
INDIACEM,"ok:consolidated:headline=6:cols=12;schedules=Cash from Operating Activity=8,Cash from Investing Activity=8,Cash from Financing Activity=6"
INDIAGLYCO,"ok:consolidated:headline=6:cols=12;schedules=Cash from Operating Activity=7,Cash from Investing Activity=9,Cash from Financing Activity=8"
INDIAMART,"ok:consolidated:headline=6:cols=12;schedules=Cash from Operating Activity=7,Cash from Investing Activity=9,Cash from Financing Activity=6"
INDIANB,"ok:consolidated:headline=6:cols=12;schedules=Cash from Operating Activity=7,Cash from Investing Activity=3,Cash from Financing Activity=7"
INDIASHLTR,"ok:consolidated:headline=6:cols=6;schedules=Cash from Operating Activity=9,Cash from Investing Activity=5,Cash from Financing Activity=8"
INDIGO,"ok:consolidated:headline=6:cols=10;schedules=Cash from Operating Activity=7,Cash from Investing Activity=6,Cash from Financing Activity=7"
INDIGOPNTS,"ok:consolidated:headline=6:cols=4;schedules=Cash from Operating Activity=7,Cash from Investing Activity=7,Cash from Financing Activity=6"
INDUSINDBK,"ok:consolidated:headline=6:cols=11;schedules=Cash from Operating Activity=7,Cash from Investing Activity=3,Cash from Financing Activity=7"
INDUSTOWER,"ok:consolidated:headline=6:cols=12;schedules=Cash from Operating Activity=9,Cash from Investing Activity=8,Cash from Financing Activity=7"
INFY,"ok:consolidated:headline=6:cols=12;schedules=Cash from Operating Activity=7,Cash from Investing Activity=8,Cash from Financing Activity=5"
INOXGREEN,"ok:consolidated:headline=6:cols=9;schedules=Cash from Operating Activity=8,Cash from Investing Activity=8,Cash from Financing Activity=6"
INOXINDIA,"ok:consolidated:headline=6:cols=8;schedules=Cash from Operating Activity=9,Cash from Investing Activity=6,Cash from Financing Activity=5"
INOXWIND,"ok:consolidated:headline=6:cols=12;schedules=Cash from Operating Activity=8,Cash from Investing Activity=11,Cash from Financing Activity=7"
INTELLECT,"ok:consolidated:headline=6:cols=12;schedules=Cash from Operating Activity=7,Cash from Investing Activity=9,Cash from Financing Activity=7"
IOB,"ok:consolidated:headline=6:cols=7;schedules=Cash from Operating Activity=8,Cash from Investing Activity=2,Cash from Financing Activity=7"
IOC,"ok:consolidated:headline=6:cols=12;schedules=Cash from Operating Activity=6,Cash from Investing Activity=9,Cash from Financing Activity=6"
IONEXCHANG,"ok:consolidated:headline=6:cols=12;schedules=Cash from Operating Activity=8,Cash from Investing Activity=8,Cash from Financing Activity=7"
IPCALAB,"ok:consolidated:headline=6:cols=12;schedules=Cash from Operating Activity=8,Cash from Investing Activity=12,Cash from Financing Activity=8"
IRB,"ok:consolidated:headline=6:cols=12;schedules=Cash from Operating Activity=8,Cash from Investing Activity=9,Cash from Financing Activity=9"
IRCON,"ok:consolidated:headline=6:cols=12;schedules=Cash from Operating Activity=8,Cash from Investing Activity=9,Cash from Financing Activity=6"
IRCTC,"ok:consolidated:headline=6:cols=4;schedules=Cash from Operating Activity=7,Cash from Investing Activity=5,Cash from Financing Activity=3"
IREDA,"ok:consolidated:headline=6:cols=8;schedules=Cash from Operating Activity=9,Cash from Investing Activity=5,Cash from Financing Activity=8"
IRFC,"ok:standalone:headline=6:cols=12;schedules=Cash from Operating Activity=8,Cash from Investing Activity=5,Cash from Financing Activity=9"
ITC,"ok:consolidated:headline=6:cols=12;schedules=Cash from Operating Activity=6,Cash from Investing Activity=10,Cash from Financing Activity=7"
ITCHOTELS,"ok:consolidated:headline=6:cols=3;schedules=Cash from Operating Activity=6,Cash from Investing Activity=7,Cash from Financing Activity=4"
ITI,"ok:consolidated:headline=6:cols=10;schedules=Cash from Operating Activity=7,Cash from Investing Activity=7,Cash from Financing Activity=6"
IXIGO,"ok:consolidated:headline=6:cols=8;schedules=Cash from Operating Activity=9,Cash from Investing Activity=7,Cash from Financing Activity=8"
JAIBALAJI,"ok:consolidated:headline=6:cols=12;schedules=Cash from Operating Activity=9,Cash from Investing Activity=7,Cash from Financing Activity=9"
JAINREC,"ok:consolidated:headline=6:cols=4;schedules=Cash from Operating Activity=8,Cash from Investing Activity=9,Cash from Financing Activity=7"
JAMNAAUTO,"ok:consolidated:headline=6:cols=12;schedules=Cash from Operating Activity=8,Cash from Investing Activity=6,Cash from Financing Activity=7"
JAYNECOIND,"ok:consolidated:headline=6:cols=7;schedules=Cash from Operating Activity=8,Cash from Investing Activity=8,Cash from Financing Activity=7"
JBCHEPHARM,"ok:consolidated:headline=6:cols=12;schedules=Cash from Operating Activity=7,Cash from Investing Activity=8,Cash from Financing Activity=8"
JBMA,"ok:consolidated:headline=6:cols=12;schedules=Cash from Operating Activity=6,Cash from Investing Activity=9,Cash from Financing Activity=7"
JINDALSAW,"ok:consolidated:headline=6:cols=12;schedules=Cash from Operating Activity=8,Cash from Investing Activity=10,Cash from Financing Activity=9"
JINDALSTEL,"ok:consolidated:headline=6:cols=12;schedules=Cash from Operating Activity=8,Cash from Investing Activity=11,Cash from Financing Activity=7"
JIOFIN,"ok:consolidated:headline=6:cols=4;schedules=Cash from Operating Activity=10,Cash from Investing Activity=8,Cash from Financing Activity=6"
JKCEMENT,"ok:consolidated:headline=6:cols=12;schedules=Cash from Operating Activity=9,Cash from Investing Activity=8,Cash from Financing Activity=9"
JKLAKSHMI,"ok:consolidated:headline=6:cols=12;schedules=Cash from Operating Activity=7,Cash from Investing Activity=8,Cash from Financing Activity=7"
JKPAPER,"ok:consolidated:headline=6:cols=12;schedules=Cash from Operating Activity=6,Cash from Investing Activity=9,Cash from Financing Activity=7"
JKTYRE,"ok:consolidated:headline=6:cols=12;schedules=Cash from Operating Activity=6,Cash from Investing Activity=9,Cash from Financing Activity=8"
JLHL,"ok:consolidated:headline=6:cols=7;schedules=Cash from Operating Activity=8,Cash from Investing Activity=9,Cash from Financing Activity=7"
JMFINANCIL,"ok:consolidated:headline=6:cols=12;schedules=Cash from Operating Activity=10,Cash from Investing Activity=8,Cash from Financing Activity=9"
JPPOWER,"ok:consolidated:headline=6:cols=12;schedules=Cash from Operating Activity=8,Cash from Investing Activity=8,Cash from Financing Activity=6"
JSFB,"ok:standalone:headline=6:cols=9;schedules=Cash from Operating Activity=7,Cash from Investing Activity=4,Cash from Financing Activity=5"
JSL,"ok:consolidated:headline=6:cols=12;schedules=Cash from Operating Activity=10,Cash from Investing Activity=9,Cash from Financing Activity=7"
JSLL,"ok:consolidated:headline=6:cols=4;schedules=Cash from Operating Activity=8,Cash from Investing Activity=6,Cash from Financing Activity=6"
JSWCEMENT,"ok:consolidated:headline=6:cols=7;schedules=Cash from Operating Activity=10,Cash from Investing Activity=8,Cash from Financing Activity=6"
JSWDULUX,"ok:consolidated:headline=6:cols=12;schedules=Cash from Operating Activity=9,Cash from Investing Activity=8,Cash from Financing Activity=4"
JSWENERGY,"ok:consolidated:headline=6:cols=12;schedules=Cash from Operating Activity=8,Cash from Investing Activity=8,Cash from Financing Activity=7"
JSWINFRA,"ok:consolidated:headline=6:cols=10;schedules=Cash from Operating Activity=7,Cash from Investing Activity=8,Cash from Financing Activity=7"
JSWSTEEL,"ok:consolidated:headline=6:cols=12;schedules=Cash from Operating Activity=8,Cash from Investing Activity=11,Cash from Financing Activity=8"
JUBLFOOD,"ok:consolidated:headline=6:cols=12;schedules=Cash from Operating Activity=8,Cash from Investing Activity=7,Cash from Financing Activity=7"
JUBLINGREA,"ok:consolidated:headline=6:cols=7;schedules=Cash from Operating Activity=7,Cash from Investing Activity=8,Cash from Financing Activity=7"
JUBLPHARMA,"ok:consolidated:headline=6:cols=12;schedules=Cash from Operating Activity=7,Cash from Investing Activity=8,Cash from Financing Activity=8"
JUSTDIAL,"ok:consolidated:headline=6:cols=12;schedules=Cash from Operating Activity=7,Cash from Investing Activity=9,Cash from Financing Activity=7"
JWL,"ok:consolidated:headline=6:cols=6;schedules=Cash from Operating Activity=8,Cash from Investing Activity=8,Cash from Financing Activity=7"
JYOTHYLAB,"ok:consolidated:headline=6:cols=12;schedules=Cash from Operating Activity=8,Cash from Investing Activity=7,Cash from Financing Activity=9"
JYOTICNC,"ok:consolidated:headline=6:cols=8;schedules=Cash from Operating Activity=8,Cash from Investing Activity=6,Cash from Financing Activity=5"
KAJARIACER,"ok:consolidated:headline=6:cols=12;schedules=Cash from Operating Activity=8,Cash from Investing Activity=10,Cash from Financing Activity=8"
KALYANKJIL,"ok:consolidated:headline=6:cols=9;schedules=Cash from Operating Activity=9,Cash from Investing Activity=6,Cash from Financing Activity=7"
KANSAINER,"ok:consolidated:headline=6:cols=12;schedules=Cash from Operating Activity=6,Cash from Investing Activity=8,Cash from Financing Activity=7"
KARURVYSYA,"ok:standalone:headline=6:cols=12;schedules=Cash from Operating Activity=8,Cash from Investing Activity=4,Cash from Financing Activity=5"
KAYNES,"ok:consolidated:headline=6:cols=8;schedules=Cash from Operating Activity=8,Cash from Investing Activity=7,Cash from Financing Activity=5"
KEC,"ok:consolidated:headline=6:cols=12;schedules=Cash from Operating Activity=8,Cash from Investing Activity=8,Cash from Financing Activity=7"
KEI,"ok:consolidated:headline=6:cols=12;schedules=Cash from Operating Activity=7,Cash from Investing Activity=8,Cash from Financing Activity=8"
KFINTECH,"ok:consolidated:headline=6:cols=8;schedules=Cash from Operating Activity=7,Cash from Investing Activity=10,Cash from Financing Activity=8"
KIMS,"ok:consolidated:headline=6:cols=11;schedules=Cash from Operating Activity=8,Cash from Investing Activity=10,Cash from Financing Activity=6"
KIRLOSBROS,"ok:consolidated:headline=6:cols=12;schedules=Cash from Operating Activity=8,Cash from Investing Activity=10,Cash from Financing Activity=7"
KIRLOSENG,"ok:consolidated:headline=6:cols=11;schedules=Cash from Operating Activity=8,Cash from Investing Activity=9,Cash from Financing Activity=8"
KIRLPNU,"ok:consolidated:headline=6:cols=8;schedules=Cash from Operating Activity=8,Cash from Investing Activity=8,Cash from Financing Activity=7"
KITEX,"ok:consolidated:headline=6:cols=12;schedules=Cash from Operating Activity=8,Cash from Investing Activity=6,Cash from Financing Activity=6"
KNRCON,"ok:consolidated:headline=6:cols=12;schedules=Cash from Operating Activity=8,Cash from Investing Activity=9,Cash from Financing Activity=6"
KOTAKBANK,"ok:consolidated:headline=6:cols=12;schedules=Cash from Operating Activity=7,Cash from Investing Activity=8,Cash from Financing Activity=5"
KPIGREEN,"ok:consolidated:headline=6:cols=8;schedules=Cash from Operating Activity=8,Cash from Investing Activity=7,Cash from Financing Activity=6"
KPIL,"ok:consolidated:headline=6:cols=12;schedules=Cash from Operating Activity=6,Cash from Investing Activity=11,Cash from Financing Activity=9"
KPITTECH,"ok:consolidated:headline=6:cols=9;schedules=Cash from Operating Activity=7,Cash from Investing Activity=9,Cash from Financing Activity=7"
KPRMILL,"ok:consolidated:headline=6:cols=12;schedules=Cash from Operating Activity=8,Cash from Investing Activity=7,Cash from Financing Activity=5"
KRBL,"ok:consolidated:headline=6:cols=12;schedules=Cash from Operating Activity=8,Cash from Investing Activity=9,Cash from Financing Activity=6"
KRN,"ok:consolidated:headline=6:cols=3;schedules=Cash from Operating Activity=7,Cash from Investing Activity=6,Cash from Financing Activity=5"
KSB,"ok:consolidated:headline=6:cols=12;schedules=Cash from Operating Activity=8,Cash from Investing Activity=7,Cash from Financing Activity=6"
KSCL,"ok:consolidated:headline=6:cols=12;schedules=Cash from Operating Activity=8,Cash from Investing Activity=7,Cash from Financing Activity=7"
KTKBANK,"ok:consolidated:headline=6:cols=7;schedules=Cash from Operating Activity=8,Cash from Investing Activity=4,Cash from Financing Activity=4"
LALPATHLAB,"ok:consolidated:headline=6:cols=12;schedules=Cash from Operating Activity=8,Cash from Investing Activity=10,Cash from Financing Activity=9"
LATENTVIEW,"ok:consolidated:headline=6:cols=10;schedules=Cash from Operating Activity=7,Cash from Investing Activity=8,Cash from Financing Activity=7"
LAURUSLABS,"ok:consolidated:headline=6:cols=12;schedules=Cash from Operating Activity=8,Cash from Investing Activity=9,Cash from Financing Activity=7"
LEMONTREE,"ok:consolidated:headline=6:cols=12;schedules=Cash from Operating Activity=7,Cash from Investing Activity=8,Cash from Financing Activity=6"
LENSKART,"ok:consolidated:headline=6:cols=7;schedules=Cash from Operating Activity=8,Cash from Investing Activity=8,Cash from Financing Activity=6"
LGEINDIA,"ok:standalone:headline=6:cols=7;schedules=Cash from Operating Activity=9,Cash from Investing Activity=5,Cash from Financing Activity=3"
LICHSGFIN,"ok:consolidated:headline=6:cols=12;schedules=Cash from Operating Activity=8,Cash from Investing Activity=8,Cash from Financing Activity=7"
LICI,"ok:consolidated:headline=6:cols=8;schedules=Cash from Operating Activity=2,Cash from Investing Activity=7,Cash from Financing Activity=3"
LINDEINDIA,"ok:consolidated:headline=6:cols=10;schedules=Cash from Operating Activity=7,Cash from Investing Activity=7,Cash from Financing Activity=6"
LLOYDSENGG,"ok:consolidated:headline=6:cols=2;schedules=Cash from Operating Activity=8,Cash from Investing Activity=6,Cash from Financing Activity=6"
LLOYDSENT,"ok:consolidated:headline=6:cols=12;schedules=Cash from Operating Activity=10,Cash from Investing Activity=8,Cash from Financing Activity=6"
LLOYDSME,"ok:consolidated:headline=6:cols=12;schedules=Cash from Operating Activity=10,Cash from Investing Activity=9,Cash from Financing Activity=7"
LODHA,"ok:consolidated:headline=6:cols=12;schedules=Cash from Operating Activity=6,Cash from Investing Activity=7,Cash from Financing Activity=9"
LOTUSDEV,"ok:consolidated:headline=6:cols=5;schedules=Cash from Operating Activity=8,Cash from Investing Activity=6,Cash from Financing Activity=8"
LT,"ok:consolidated:headline=6:cols=12;schedules=Cash from Operating Activity=7,Cash from Investing Activity=10,Cash from Financing Activity=7"
LTF,"ok:consolidated:headline=6:cols=12;schedules=Cash from Operating Activity=8,Cash from Investing Activity=7,Cash from Financing Activity=7"
LTFOODS,"ok:consolidated:headline=6:cols=12;schedules=Cash from Operating Activity=8,Cash from Investing Activity=13,Cash from Financing Activity=7"
LTM,"ok:consolidated:headline=6:cols=12;schedules=Cash from Operating Activity=7,Cash from Investing Activity=9,Cash from Financing Activity=8"
LTTS,"ok:consolidated:headline=6:cols=12;schedules=Cash from Operating Activity=6,Cash from Investing Activity=11,Cash from Financing Activity=7"
LUMAXTECH,"ok:consolidated:headline=6:cols=12;schedules=Cash from Operating Activity=8,Cash from Investing Activity=10,Cash from Financing Activity=7"
LUPIN,"ok:consolidated:headline=6:cols=12;schedules=Cash from Operating Activity=8,Cash from Investing Activity=9,Cash from Financing Activity=7"
LXCHEM,"ok:consolidated:headline=6:cols=12;schedules=Cash from Operating Activity=9,Cash from Investing Activity=7,Cash from Financing Activity=7"
MAHABANK,"ok:consolidated:headline=6:cols=12;schedules=Cash from Operating Activity=8,Cash from Investing Activity=5,Cash from Financing Activity=6"
MAHSCOOTER,"ok:standalone:headline=6:cols=12;schedules=Cash from Operating Activity=8,Cash from Investing Activity=7,Cash from Financing Activity=2"
MAHSEAMLES,"ok:consolidated:headline=6:cols=12;schedules=Cash from Operating Activity=8,Cash from Investing Activity=10,Cash from Financing Activity=6"
MANAPPURAM,"ok:consolidated:headline=6:cols=12;schedules=Cash from Operating Activity=9,Cash from Investing Activity=9,Cash from Financing Activity=11"
MANKIND,"ok:consolidated:headline=6:cols=8;schedules=Cash from Operating Activity=7,Cash from Investing Activity=11,Cash from Financing Activity=7"
MANORAMA,"ok:consolidated:headline=6:cols=2;schedules=Cash from Operating Activity=7,Cash from Investing Activity=4,Cash from Financing Activity=6"
MANYAVAR,"ok:consolidated:headline=6:cols=7;schedules=Cash from Operating Activity=7,Cash from Investing Activity=9,Cash from Financing Activity=7"
MAPMYINDIA,"ok:consolidated:headline=6:cols=8;schedules=Cash from Operating Activity=8,Cash from Investing Activity=9,Cash from Financing Activity=7"
MARICO,"ok:consolidated:headline=6:cols=12;schedules=Cash from Operating Activity=9,Cash from Investing Activity=11,Cash from Financing Activity=8"
MARKSANS,"ok:consolidated:headline=6:cols=12;schedules=Cash from Operating Activity=8,Cash from Investing Activity=8,Cash from Financing Activity=7"
MARUTI,"ok:consolidated:headline=6:cols=12;schedules=Cash from Operating Activity=8,Cash from Investing Activity=9,Cash from Financing Activity=6"
MASTEK,"ok:consolidated:headline=6:cols=12;schedules=Cash from Operating Activity=8,Cash from Investing Activity=8,Cash from Financing Activity=7"
MAXHEALTH,"ok:consolidated:headline=6:cols=10;schedules=Cash from Operating Activity=8,Cash from Investing Activity=8,Cash from Financing Activity=8"
MAZDOCK,"ok:consolidated:headline=6:cols=12;schedules=Cash from Operating Activity=8,Cash from Investing Activity=7,Cash from Financing Activity=7"
MCX,"ok:consolidated:headline=6:cols=12;schedules=Cash from Operating Activity=8,Cash from Investing Activity=9,Cash from Financing Activity=4"
MEDANTA,"ok:consolidated:headline=6:cols=10;schedules=Cash from Operating Activity=8,Cash from Investing Activity=6,Cash from Financing Activity=7"
MEDPLUS,"ok:consolidated:headline=6:cols=12;schedules=Cash from Operating Activity=9,Cash from Investing Activity=8,Cash from Financing Activity=6"
MEESHO,"ok:consolidated:headline=6:cols=4;schedules=Cash from Operating Activity=8,Cash from Investing Activity=6,Cash from Financing Activity=4"
METROPOLIS,"ok:consolidated:headline=6:cols=12;schedules=Cash from Operating Activity=8,Cash from Investing Activity=10,Cash from Financing Activity=7"
MFSL,"ok:consolidated:headline=6:cols=12;schedules=Cash from Operating Activity=9,Cash from Investing Activity=8,Cash from Financing Activity=9"
MGL,"ok:consolidated:headline=6:cols=4;schedules=Cash from Operating Activity=8,Cash from Investing Activity=6,Cash from Financing Activity=5"
MIDHANI,"ok:consolidated:headline=6:cols=8;schedules=Cash from Operating Activity=7,Cash from Investing Activity=6,Cash from Financing Activity=4"
MINDACORP,"ok:consolidated:headline=6:cols=12;schedules=Cash from Operating Activity=8,Cash from Investing Activity=10,Cash from Financing Activity=8"
MMTC,"ok:consolidated:headline=6:cols=12;schedules=Cash from Operating Activity=8,Cash from Investing Activity=6,Cash from Financing Activity=6"
MOIL,"ok:consolidated:headline=6:cols=6;schedules=Cash from Operating Activity=8,Cash from Investing Activity=7,Cash from Financing Activity=2"
MOTHERSON,"ok:consolidated:headline=6:cols=12;schedules=Cash from Operating Activity=8,Cash from Investing Activity=8,Cash from Financing Activity=7"
MOTILALOFS,"ok:consolidated:headline=6:cols=12;schedules=Cash from Operating Activity=11,Cash from Investing Activity=8,Cash from Financing Activity=10"
MPHASIS,"ok:consolidated:headline=6:cols=12;schedules=Cash from Operating Activity=10,Cash from Investing Activity=8,Cash from Financing Activity=7"
MRF,"ok:consolidated:headline=6:cols=12;schedules=Cash from Operating Activity=8,Cash from Investing Activity=7,Cash from Financing Activity=8"
MRPL,"ok:consolidated:headline=6:cols=12;schedules=Cash from Operating Activity=9,Cash from Investing Activity=9,Cash from Financing Activity=7"
MSTCLTD,"ok:consolidated:headline=6:cols=12;schedules=Cash from Operating Activity=8,Cash from Investing Activity=8,Cash from Financing Activity=5"
MSUMI,"ok:standalone:headline=6:cols=6;schedules=Cash from Operating Activity=8,Cash from Investing Activity=4,Cash from Financing Activity=6"
MTARTECH,"ok:consolidated:headline=6:cols=7;schedules=Cash from Operating Activity=7,Cash from Investing Activity=7,Cash from Financing Activity=7"
MUTHOOTFIN,"ok:consolidated:headline=6:cols=12;schedules=Cash from Operating Activity=8,Cash from Investing Activity=11,Cash from Financing Activity=10"
NAM-INDIA,"ok:consolidated:headline=6:cols=12;schedules=Cash from Operating Activity=7,Cash from Investing Activity=9,Cash from Financing Activity=6"
NATCOPHARM,"ok:consolidated:headline=6:cols=12;schedules=Cash from Operating Activity=8,Cash from Investing Activity=9,Cash from Financing Activity=7"
NATIONALUM,"ok:consolidated:headline=6:cols=12;schedules=Cash from Operating Activity=8,Cash from Investing Activity=8,Cash from Financing Activity=6"
NAUKRI,"ok:consolidated:headline=6:cols=12;schedules=Cash from Operating Activity=8,Cash from Investing Activity=10,Cash from Financing Activity=8"
NAVA,"ok:consolidated:headline=6:cols=12;schedules=Cash from Operating Activity=8,Cash from Investing Activity=9,Cash from Financing Activity=7"
NAVINFLUOR,"ok:consolidated:headline=6:cols=12;schedules=Cash from Operating Activity=8,Cash from Investing Activity=9,Cash from Financing Activity=7"
NAZARA,"ok:consolidated:headline=6:cols=11;schedules=Cash from Operating Activity=9,Cash from Investing Activity=10,Cash from Financing Activity=7"
NBCC,"ok:consolidated:headline=6:cols=12;schedules=Cash from Operating Activity=11,Cash from Investing Activity=11,Cash from Financing Activity=4"
NCC,"ok:consolidated:headline=6:cols=12;schedules=Cash from Operating Activity=8,Cash from Investing Activity=8,Cash from Financing Activity=7"
NEOGEN,"ok:consolidated:headline=6:cols=12;schedules=Cash from Operating Activity=8,Cash from Investing Activity=10,Cash from Financing Activity=7"
NESCO,"ok:consolidated:headline=6:cols=12;schedules=Cash from Operating Activity=8,Cash from Investing Activity=8,Cash from Financing Activity=5"
NESTLEIND,"ok:consolidated:headline=6:cols=4;schedules=Cash from Operating Activity=8,Cash from Investing Activity=6,Cash from Financing Activity=6"
NETWEB,"ok:standalone:headline=6:cols=8;schedules=Cash from Operating Activity=8,Cash from Investing Activity=5,Cash from Financing Activity=7"
NETWORK18,"ok:consolidated:headline=6:cols=12;schedules=Cash from Operating Activity=7,Cash from Investing Activity=9,Cash from Financing Activity=8"
NEULANDLAB,"ok:consolidated:headline=6:cols=12;schedules=Cash from Operating Activity=8,Cash from Investing Activity=6,Cash from Financing Activity=7"
NEWGEN,"ok:consolidated:headline=6:cols=12;schedules=Cash from Operating Activity=8,Cash from Investing Activity=10,Cash from Financing Activity=7"
NFL,"ok:consolidated:headline=6:cols=12;schedules=Cash from Operating Activity=7,Cash from Investing Activity=7,Cash from Financing Activity=5"
NH,"ok:consolidated:headline=6:cols=12;schedules=Cash from Operating Activity=8,Cash from Investing Activity=11,Cash from Financing Activity=9"
NHPC,"ok:consolidated:headline=6:cols=12;schedules=Cash from Operating Activity=8,Cash from Investing Activity=9,Cash from Financing Activity=7"
NIACL,"ok:consolidated:headline=6:cols=12;schedules=Cash from Operating Activity=7,Cash from Investing Activity=8,Cash from Financing Activity=5"
NIVABUPA,"ok:standalone:headline=6:cols=8;schedules=Cash from Operating Activity=3,Cash from Investing Activity=6,Cash from Financing Activity=4"
NLCINDIA,"ok:consolidated:headline=6:cols=12;schedules=Cash from Operating Activity=10,Cash from Investing Activity=5,Cash from Financing Activity=7"
NMDC,"ok:consolidated:headline=6:cols=12;schedules=Cash from Operating Activity=9,Cash from Investing Activity=7,Cash from Financing Activity=7"
NSLNISP,"ok:standalone:headline=6:cols=7;schedules=Cash from Operating Activity=8,Cash from Investing Activity=5,Cash from Financing Activity=5"
NTPC,"ok:consolidated:headline=6:cols=12;schedules=Cash from Operating Activity=8,Cash from Investing Activity=11,Cash from Financing Activity=6"
NTPCGREEN,"ok:consolidated:headline=6:cols=4;schedules=Cash from Operating Activity=7,Cash from Investing Activity=6,Cash from Financing Activity=6"
NUVAMA,"ok:consolidated:headline=6:cols=7;schedules=Cash from Operating Activity=9,Cash from Investing Activity=10,Cash from Financing Activity=9"
NUVOCO,"ok:consolidated:headline=6:cols=10;schedules=Cash from Operating Activity=8,Cash from Investing Activity=8,Cash from Financing Activity=7"
NYKAA,"ok:consolidated:headline=6:cols=9;schedules=Cash from Operating Activity=8,Cash from Investing Activity=9,Cash from Financing Activity=7"
OBEROIRLTY,"ok:consolidated:headline=6:cols=12;schedules=Cash from Operating Activity=8,Cash from Investing Activity=11,Cash from Financing Activity=8"
OFSS,"ok:consolidated:headline=6:cols=12;schedules=Cash from Operating Activity=7,Cash from Investing Activity=5,Cash from Financing Activity=5"
OIL,"ok:consolidated:headline=6:cols=12;schedules=Cash from Operating Activity=8,Cash from Investing Activity=7,Cash from Financing Activity=6"
OLAELEC,"ok:consolidated:headline=6:cols=6;schedules=Cash from Operating Activity=7,Cash from Investing Activity=6,Cash from Financing Activity=8"
OLECTRA,"ok:consolidated:headline=6:cols=12;schedules=Cash from Operating Activity=9,Cash from Investing Activity=9,Cash from Financing Activity=5"
ONESOURCE,"ok:consolidated:headline=6:cols=6;schedules=Cash from Operating Activity=9,Cash from Investing Activity=8,Cash from Financing Activity=7"
ONGC,"ok:consolidated:headline=6:cols=12;schedules=Cash from Operating Activity=9,Cash from Investing Activity=10,Cash from Financing Activity=6"
OPTIEMUS,"ok:consolidated:headline=6:cols=12;schedules=Cash from Operating Activity=9,Cash from Investing Activity=10,Cash from Financing Activity=8"
ORIENTCEM,"ok:standalone:headline=6:cols=12;schedules=Cash from Operating Activity=8,Cash from Investing Activity=6,Cash from Financing Activity=7"
ORKLAINDIA,"ok:consolidated:headline=6:cols=7;schedules=Cash from Operating Activity=9,Cash from Investing Activity=7,Cash from Financing Activity=7"
OSWALPUMPS,"ok:consolidated:headline=6:cols=5;schedules=Cash from Operating Activity=6,Cash from Investing Activity=6,Cash from Financing Activity=6"
PAGEIND,"ok:standalone:headline=6:cols=12;schedules=Cash from Operating Activity=8,Cash from Investing Activity=6,Cash from Financing Activity=6"
PARADEEP,"ok:consolidated:headline=6:cols=8;schedules=Cash from Operating Activity=7,Cash from Investing Activity=7,Cash from Financing Activity=5"
PARAS,"ok:consolidated:headline=6:cols=8;schedules=Cash from Operating Activity=6,Cash from Investing Activity=12,Cash from Financing Activity=7"
PARKHOSPS,"ok:consolidated:headline=6:cols=6;schedules=Cash from Operating Activity=8,Cash from Investing Activity=8,Cash from Financing Activity=6"
PATANJALI,"ok:consolidated:headline=6:cols=12;schedules=Cash from Operating Activity=9,Cash from Investing Activity=7,Cash from Financing Activity=7"
PAYTM,"ok:consolidated:headline=6:cols=10;schedules=Cash from Operating Activity=10,Cash from Investing Activity=10,Cash from Financing Activity=7"
PCBL,"ok:consolidated:headline=6:cols=12;schedules=Cash from Operating Activity=7,Cash from Investing Activity=9,Cash from Financing Activity=7"
PCJEWELLER,"ok:consolidated:headline=6:cols=12;schedules=Cash from Operating Activity=8,Cash from Investing Activity=7,Cash from Financing Activity=7"
PERSISTENT,"ok:consolidated:headline=6:cols=12;schedules=Cash from Operating Activity=7,Cash from Investing Activity=9,Cash from Financing Activity=7"
PETRONET,"ok:consolidated:headline=6:cols=12;schedules=Cash from Operating Activity=10,Cash from Investing Activity=8,Cash from Financing Activity=4"
PFC,"ok:consolidated:headline=6:cols=12;schedules=Cash from Operating Activity=7,Cash from Investing Activity=9,Cash from Financing Activity=9"
PFIZER,"ok:consolidated:headline=6:cols=3;schedules=Cash from Operating Activity=8,Cash from Investing Activity=4,Cash from Financing Activity=2"
PFOCUS,"ok:consolidated:headline=6:cols=12;schedules=Cash from Operating Activity=8,Cash from Investing Activity=8,Cash from Financing Activity=7"
PGEL,"ok:consolidated:headline=6:cols=9;schedules=Cash from Operating Activity=8,Cash from Investing Activity=7,Cash from Financing Activity=8"
PGIL,"ok:consolidated:headline=6:cols=12;schedules=Cash from Operating Activity=9,Cash from Investing Activity=9,Cash from Financing Activity=8"
PHOENIXLTD,"ok:consolidated:headline=6:cols=12;schedules=Cash from Operating Activity=7,Cash from Investing Activity=9,Cash from Financing Activity=8"
PICCADIL,"ok:consolidated:headline=6:cols=12;schedules=Cash from Operating Activity=9,Cash from Investing Activity=9,Cash from Financing Activity=7"
PIDILITIND,"ok:consolidated:headline=6:cols=12;schedules=Cash from Operating Activity=8,Cash from Investing Activity=9,Cash from Financing Activity=7"
PIIND,"ok:consolidated:headline=6:cols=12;schedules=Cash from Operating Activity=8,Cash from Investing Activity=8,Cash from Financing Activity=7"
PINELABS,"ok:consolidated:headline=6:cols=7;schedules=Cash from Operating Activity=9,Cash from Investing Activity=7,Cash from Financing Activity=8"
PIRAMALFIN,"ok:consolidated:headline=6:cols=12;schedules=Cash from Operating Activity=9,Cash from Investing Activity=11,Cash from Financing Activity=9"
PNB,"ok:consolidated:headline=6:cols=12;schedules=Cash from Operating Activity=9,Cash from Investing Activity=7,Cash from Financing Activity=6"
PNBHOUSING,"ok:consolidated:headline=6:cols=9;schedules=Cash from Operating Activity=10,Cash from Investing Activity=5,Cash from Financing Activity=9"
PNCINFRA,"ok:consolidated:headline=6:cols=12;schedules=Cash from Operating Activity=9,Cash from Investing Activity=6,Cash from Financing Activity=7"
PNGJL,"ok:consolidated:headline=6:cols=7;schedules=Cash from Operating Activity=8,Cash from Investing Activity=6,Cash from Financing Activity=6"
POLICYBZR,"ok:consolidated:headline=6:cols=11;schedules=Cash from Operating Activity=9,Cash from Investing Activity=7,Cash from Financing Activity=4"
POLYCAB,"ok:consolidated:headline=6:cols=12;schedules=Cash from Operating Activity=8,Cash from Investing Activity=8,Cash from Financing Activity=7"
POLYMED,"ok:consolidated:headline=6:cols=12;schedules=Cash from Operating Activity=9,Cash from Investing Activity=8,Cash from Financing Activity=7"
POONAWALLA,"ok:consolidated:headline=6:cols=12;schedules=Cash from Operating Activity=9,Cash from Investing Activity=8,Cash from Financing Activity=9"
POWERGRID,"ok:consolidated:headline=6:cols=12;schedules=Cash from Operating Activity=7,Cash from Investing Activity=11,Cash from Financing Activity=6"
POWERINDIA,"ok:standalone:headline=6:cols=8;schedules=Cash from Operating Activity=8,Cash from Investing Activity=3,Cash from Financing Activity=7"
POWERMECH,"ok:consolidated:headline=6:cols=12;schedules=Cash from Operating Activity=7,Cash from Investing Activity=11,Cash from Financing Activity=7"
PPLPHARMA,"ok:consolidated:headline=6:cols=6;schedules=Cash from Operating Activity=7,Cash from Investing Activity=9,Cash from Financing Activity=7"
PRAJIND,"ok:consolidated:headline=6:cols=12;schedules=Cash from Operating Activity=8,Cash from Investing Activity=8,Cash from Financing Activity=7"
PREMIERENE,"ok:consolidated:headline=6:cols=7;schedules=Cash from Operating Activity=9,Cash from Investing Activity=8,Cash from Financing Activity=8"
PRESTIGE,"ok:consolidated:headline=6:cols=12;schedules=Cash from Operating Activity=8,Cash from Investing Activity=10,Cash from Financing Activity=11"
PRICOLLTD,"ok:consolidated:headline=6:cols=10;schedules=Cash from Operating Activity=7,Cash from Investing Activity=8,Cash from Financing Activity=7"
PRIVISCL,"ok:consolidated:headline=6:cols=10;schedules=Cash from Operating Activity=8,Cash from Investing Activity=6,Cash from Financing Activity=6"
PRSMJOHNSN,"ok:consolidated:headline=6:cols=12;schedules=Cash from Operating Activity=8,Cash from Investing Activity=7,Cash from Financing Activity=7"
PRUDENT,"ok:consolidated:headline=6:cols=8;schedules=Cash from Operating Activity=8,Cash from Investing Activity=9,Cash from Financing Activity=6"
PTC,"ok:consolidated:headline=6:cols=12;schedules=Cash from Operating Activity=9,Cash from Investing Activity=8,Cash from Financing Activity=6"
PTCIL,"ok:consolidated:headline=6:cols=12;schedules=Cash from Operating Activity=8,Cash from Investing Activity=6,Cash from Financing Activity=8"
PURVA,"ok:consolidated:headline=6:cols=12;schedules=Cash from Operating Activity=8,Cash from Investing Activity=11,Cash from Financing Activity=6"
PVRINOX,"ok:consolidated:headline=6:cols=12;schedules=Cash from Operating Activity=9,Cash from Investing Activity=9,Cash from Financing Activity=7"
PWL,"ok:consolidated:headline=6:cols=5;schedules=Cash from Operating Activity=9,Cash from Investing Activity=11,Cash from Financing Activity=6"
QPOWER,"ok:consolidated:headline=6:cols=5;schedules=Cash from Operating Activity=7,Cash from Investing Activity=7,Cash from Financing Activity=5"
QUESS,"ok:consolidated:headline=6:cols=12;schedules=Cash from Operating Activity=9,Cash from Investing Activity=12,Cash from Financing Activity=9"
RADICO,"ok:consolidated:headline=6:cols=12;schedules=Cash from Operating Activity=8,Cash from Investing Activity=9,Cash from Financing Activity=7"
RAILTEL,"ok:consolidated:headline=6:cols=10;schedules=Cash from Operating Activity=6,Cash from Investing Activity=5,Cash from Financing Activity=3"
RAIN,"ok:consolidated:headline=6:cols=12;schedules=Cash from Operating Activity=9,Cash from Investing Activity=9,Cash from Financing Activity=6"
RAINBOW,"ok:consolidated:headline=6:cols=12;schedules=Cash from Operating Activity=9,Cash from Investing Activity=9,Cash from Financing Activity=7"
RALLIS,"ok:consolidated:headline=6:cols=12;schedules=Cash from Operating Activity=9,Cash from Investing Activity=9,Cash from Financing Activity=8"
RAMCOCEM,"ok:consolidated:headline=6:cols=12;schedules=Cash from Operating Activity=7,Cash from Investing Activity=11,Cash from Financing Activity=7"
RATEGAIN,"ok:consolidated:headline=6:cols=8;schedules=Cash from Operating Activity=7,Cash from Investing Activity=8,Cash from Financing Activity=8"
RATNAMANI,"ok:consolidated:headline=6:cols=12;schedules=Cash from Operating Activity=8,Cash from Investing Activity=7,Cash from Financing Activity=7"
RAYMONDLSL,"ok:consolidated:headline=6:cols=3;schedules=Cash from Operating Activity=7,Cash from Investing Activity=8,Cash from Financing Activity=5"
RBA,"ok:consolidated:headline=6:cols=6;schedules=Cash from Operating Activity=7,Cash from Investing Activity=6,Cash from Financing Activity=5"
RBLBANK,"ok:consolidated:headline=6:cols=10;schedules=Cash from Operating Activity=7,Cash from Investing Activity=3,Cash from Financing Activity=5"
RCF,"ok:consolidated:headline=6:cols=12;schedules=Cash from Operating Activity=6,Cash from Investing Activity=9,Cash from Financing Activity=8"
RECLTD,"ok:consolidated:headline=6:cols=12;schedules=Cash from Operating Activity=8,Cash from Investing Activity=13,Cash from Financing Activity=9"
REDINGTON,"ok:consolidated:headline=6:cols=12;schedules=Cash from Operating Activity=8,Cash from Investing Activity=10,Cash from Financing Activity=7"
REDTAPE,"ok:consolidated:headline=6:cols=5;schedules=Cash from Operating Activity=7,Cash from Investing Activity=5,Cash from Financing Activity=5"
REFEX,"ok:consolidated:headline=6:cols=11;schedules=Cash from Operating Activity=8,Cash from Investing Activity=6,Cash from Financing Activity=7"
RELAXO,"ok:standalone:headline=6:cols=12;schedules=Cash from Operating Activity=8,Cash from Investing Activity=7,Cash from Financing Activity=7"
RELIANCE,"ok:consolidated:headline=6:cols=12;schedules=Cash from Operating Activity=6,Cash from Investing Activity=7,Cash from Financing Activity=8"
RELIGARE,"ok:consolidated:headline=6:cols=12;schedules=Cash from Operating Activity=10,Cash from Investing Activity=10,Cash from Financing Activity=11"
RENUKA,"ok:consolidated:headline=6:cols=12;schedules=Cash from Operating Activity=7,Cash from Investing Activity=8,Cash from Financing Activity=7"
RHIM,"ok:consolidated:headline=6:cols=8;schedules=Cash from Operating Activity=8,Cash from Investing Activity=7,Cash from Financing Activity=7"
RITES,"ok:consolidated:headline=6:cols=12;schedules=Cash from Operating Activity=9,Cash from Investing Activity=9,Cash from Financing Activity=6"
RKFORGE,"ok:consolidated:headline=6:cols=12;schedules=Cash from Operating Activity=9,Cash from Investing Activity=11,Cash from Financing Activity=7"
ROUTE,"ok:consolidated:headline=6:cols=11;schedules=Cash from Operating Activity=8,Cash from Investing Activity=8,Cash from Financing Activity=7"
RPOWER,"ok:consolidated:headline=6:cols=12;schedules=Cash from Operating Activity=8,Cash from Investing Activity=8,Cash from Financing Activity=8"
RRKABEL,"ok:consolidated:headline=6:cols=7;schedules=Cash from Operating Activity=7,Cash from Investing Activity=8,Cash from Financing Activity=7"
RTNINDIA,"ok:consolidated:headline=6:cols=12;schedules=Cash from Operating Activity=8,Cash from Investing Activity=10,Cash from Financing Activity=7"
RTNPOWER,"ok:consolidated:headline=6:cols=12;schedules=Cash from Operating Activity=8,Cash from Investing Activity=11,Cash from Financing Activity=6"
RUBICON,"ok:consolidated:headline=6:cols=7;schedules=Cash from Operating Activity=7,Cash from Investing Activity=8,Cash from Financing Activity=6"
RVNL,"ok:consolidated:headline=6:cols=12;schedules=Cash from Operating Activity=8,Cash from Investing Activity=8,Cash from Financing Activity=5"
SAATVIKGL,"ok:consolidated:headline=6:cols=4;schedules=Cash from Operating Activity=7,Cash from Investing Activity=8,Cash from Financing Activity=5"
SAFARI,"ok:consolidated:headline=6:cols=12;schedules=Cash from Operating Activity=11,Cash from Investing Activity=7,Cash from Financing Activity=8"
SAGILITY,"ok:consolidated:headline=6:cols=5;schedules=Cash from Operating Activity=6,Cash from Investing Activity=6,Cash from Financing Activity=7"
SAIL,"ok:consolidated:headline=6:cols=12;schedules=Cash from Operating Activity=8,Cash from Investing Activity=7,Cash from Financing Activity=7"
SAILIFE,"ok:consolidated:headline=6:cols=8;schedules=Cash from Operating Activity=7,Cash from Investing Activity=6,Cash from Financing Activity=6"
SAMHI,"ok:consolidated:headline=6:cols=8;schedules=Cash from Operating Activity=9,Cash from Investing Activity=9,Cash from Financing Activity=7"
SAMMAANCAP,"ok:consolidated:headline=6:cols=12;schedules=Cash from Operating Activity=9,Cash from Investing Activity=12,Cash from Financing Activity=9"
SANDUMA,"ok:consolidated:headline=6:cols=12;schedules=Cash from Operating Activity=8,Cash from Investing Activity=9,Cash from Financing Activity=6"
SANOFICONR,"ok:standalone:headline=6:cols=4;schedules=Cash from Operating Activity=8,Cash from Investing Activity=2,Cash from Financing Activity=4"
SANSERA,"ok:consolidated:headline=6:cols=8;schedules=Cash from Operating Activity=7,Cash from Investing Activity=8,Cash from Financing Activity=7"
SAPPHIRE,"ok:consolidated:headline=6:cols=9;schedules=Cash from Operating Activity=7,Cash from Investing Activity=6,Cash from Financing Activity=6"
SARDAEN,"ok:consolidated:headline=6:cols=12;schedules=Cash from Operating Activity=8,Cash from Investing Activity=12,Cash from Financing Activity=7"
SAREGAMA,"ok:consolidated:headline=6:cols=12;schedules=Cash from Operating Activity=9,Cash from Investing Activity=9,Cash from Financing Activity=7"
SBFC,"ok:consolidated:headline=6:cols=4;schedules=Cash from Operating Activity=7,Cash from Investing Activity=5,Cash from Financing Activity=9"
SBICARD,"ok:standalone:headline=6:cols=12;schedules=Cash from Operating Activity=8,Cash from Investing Activity=6,Cash from Financing Activity=9"
SBILIFE,"ok:standalone:headline=6:cols=12;schedules=Cash from Operating Activity=3,Cash from Investing Activity=7,Cash from Financing Activity=3"
SBIN,"ok:consolidated:headline=6:cols=12;schedules=Cash from Operating Activity=8,Cash from Investing Activity=11,Cash from Financing Activity=6"
SCHAEFFLER,"ok:consolidated:headline=6:cols=4;schedules=Cash from Operating Activity=7,Cash from Investing Activity=4,Cash from Financing Activity=3"
SCHNEIDER,"ok:standalone:headline=6:cols=12;schedules=Cash from Operating Activity=8,Cash from Investing Activity=5,Cash from Financing Activity=6"
SCI,"ok:consolidated:headline=6:cols=12;schedules=Cash from Operating Activity=8,Cash from Investing Activity=8,Cash from Financing Activity=6"
SENCO,"ok:consolidated:headline=6:cols=8;schedules=Cash from Operating Activity=9,Cash from Investing Activity=4,Cash from Financing Activity=7"
SFL,"ok:consolidated:headline=6:cols=12;schedules=Cash from Operating Activity=10,Cash from Investing Activity=10,Cash from Financing Activity=9"
SHAILY,"ok:consolidated:headline=6:cols=5;schedules=Cash from Operating Activity=8,Cash from Investing Activity=4,Cash from Financing Activity=7"
SHAKTIPUMP,"ok:consolidated:headline=6:cols=12;schedules=Cash from Operating Activity=7,Cash from Investing Activity=6,Cash from Financing Activity=7"
SHARDACROP,"ok:consolidated:headline=6:cols=12;schedules=Cash from Operating Activity=9,Cash from Investing Activity=7,Cash from Financing Activity=6"
SHAREINDIA,"ok:consolidated:headline=6:cols=11;schedules=Cash from Operating Activity=9,Cash from Investing Activity=9,Cash from Financing Activity=7"
SHILPAMED,"ok:consolidated:headline=6:cols=12;schedules=Cash from Operating Activity=8,Cash from Investing Activity=12,Cash from Financing Activity=7"
SHREECEM,"ok:consolidated:headline=6:cols=12;schedules=Cash from Operating Activity=6,Cash from Investing Activity=11,Cash from Financing Activity=8"
SHRIPISTON,"ok:consolidated:headline=6:cols=12;schedules=Cash from Operating Activity=8,Cash from Investing Activity=7,Cash from Financing Activity=7"
SHRIRAMFIN,"ok:consolidated:headline=6:cols=12;schedules=Cash from Operating Activity=10,Cash from Investing Activity=6,Cash from Financing Activity=10"
SHYAMMETL,"ok:consolidated:headline=6:cols=9;schedules=Cash from Operating Activity=7,Cash from Investing Activity=7,Cash from Financing Activity=7"
SIEMENS,"ok:consolidated:headline=6:cols=12;schedules=Cash from Operating Activity=7,Cash from Investing Activity=10,Cash from Financing Activity=7"
SIGNATURE,"ok:consolidated:headline=6:cols=7;schedules=Cash from Operating Activity=7,Cash from Investing Activity=9,Cash from Financing Activity=6"
SJVN,"ok:consolidated:headline=6:cols=12;schedules=Cash from Operating Activity=8,Cash from Investing Activity=6,Cash from Financing Activity=6"
SKFINDIA,"ok:consolidated:headline=6:cols=6;schedules=Cash from Operating Activity=7,Cash from Investing Activity=7,Cash from Financing Activity=3"
SKFINDUS,"ok:standalone:headline=6:cols=2;schedules=Cash from Operating Activity=8,Cash from Investing Activity=3,Cash from Financing Activity=4"
SKIPPER,"ok:consolidated:headline=6:cols=8;schedules=Cash from Operating Activity=7,Cash from Investing Activity=5,Cash from Financing Activity=6"
SKYGOLD,"ok:consolidated:headline=6:cols=5;schedules=Cash from Operating Activity=9,Cash from Investing Activity=8,Cash from Financing Activity=7"
SMARTWORKS,"ok:consolidated:headline=6:cols=7;schedules=Cash from Operating Activity=6,Cash from Investing Activity=7,Cash from Financing Activity=6"
SMLMAH,"ok:standalone:headline=6:cols=12;schedules=Cash from Operating Activity=8,Cash from Investing Activity=5,Cash from Financing Activity=6"
SOBHA,"ok:consolidated:headline=6:cols=12;schedules=Cash from Operating Activity=8,Cash from Investing Activity=8,Cash from Financing Activity=7"
SOLARINDS,"ok:consolidated:headline=6:cols=12;schedules=Cash from Operating Activity=7,Cash from Investing Activity=9,Cash from Financing Activity=6"
SONACOMS,"ok:consolidated:headline=6:cols=9;schedules=Cash from Operating Activity=8,Cash from Investing Activity=8,Cash from Financing Activity=7"
SONATSOFTW,"ok:consolidated:headline=6:cols=12;schedules=Cash from Operating Activity=8,Cash from Investing Activity=9,Cash from Financing Activity=7"
SOUTHBANK,"ok:consolidated:headline=6:cols=6;schedules=Cash from Operating Activity=7,Cash from Investing Activity=4,Cash from Financing Activity=7"
SPARC,"ok:consolidated:headline=6:cols=4;schedules=Cash from Operating Activity=6,Cash from Investing Activity=6,Cash from Financing Activity=5"
SPLPETRO,"ok:consolidated:headline=6:cols=6;schedules=Cash from Operating Activity=8,Cash from Investing Activity=7,Cash from Financing Activity=6"
SRF,"ok:consolidated:headline=6:cols=12;schedules=Cash from Operating Activity=8,Cash from Investing Activity=8,Cash from Financing Activity=7"
STAR,"ok:consolidated:headline=6:cols=12;schedules=Cash from Operating Activity=7,Cash from Investing Activity=8,Cash from Financing Activity=7"
STARCEMENT,"ok:consolidated:headline=6:cols=12;schedules=Cash from Operating Activity=8,Cash from Investing Activity=6,Cash from Financing Activity=7"
STARHEALTH,"ok:standalone:headline=6:cols=12;schedules=Cash from Operating Activity=3,Cash from Investing Activity=6,Cash from Financing Activity=5"
STLTECH,"ok:consolidated:headline=6:cols=12;schedules=Cash from Operating Activity=8,Cash from Investing Activity=11,Cash from Financing Activity=8"
STYL,"ok:consolidated:headline=6:cols=3;schedules=Cash from Operating Activity=7,Cash from Investing Activity=7,Cash from Financing Activity=6"
STYRENIX,"ok:consolidated:headline=6:cols=4;schedules=Cash from Operating Activity=8,Cash from Investing Activity=9,Cash from Financing Activity=5"
SUBROS,"ok:consolidated:headline=6:cols=12;schedules=Cash from Operating Activity=11,Cash from Investing Activity=7,Cash from Financing Activity=7"
SUDARSCHEM,"ok:consolidated:headline=6:cols=12;schedules=Cash from Operating Activity=9,Cash from Investing Activity=8,Cash from Financing Activity=7"
SUDEEPPHRM,"ok:consolidated:headline=6:cols=7;schedules=Cash from Operating Activity=9,Cash from Investing Activity=6,Cash from Financing Activity=6"
SUMICHEM,"ok:consolidated:headline=6:cols=9;schedules=Cash from Operating Activity=8,Cash from Investing Activity=9,Cash from Financing Activity=6"
SUNDARMFIN,"ok:consolidated:headline=6:cols=12;schedules=Cash from Operating Activity=11,Cash from Investing Activity=10,Cash from Financing Activity=7"
SUNPHARMA,"ok:consolidated:headline=6:cols=12;schedules=Cash from Operating Activity=8,Cash from Investing Activity=10,Cash from Financing Activity=HTTP0"
SUNTECK,"ok:consolidated:headline=6:cols=12;schedules=Cash from Operating Activity=8,Cash from Investing Activity=10,Cash from Financing Activity=8"
SUNTV,"ok:consolidated:headline=6:cols=12;schedules=Cash from Operating Activity=8,Cash from Investing Activity=9,Cash from Financing Activity=6"
SUPREMEIND,"ok:consolidated:headline=6:cols=12;schedules=Cash from Operating Activity=9,Cash from Investing Activity=8,Cash from Financing Activity=5"
SUPRIYA,"ok:standalone:headline=6:cols=10;schedules=Cash from Operating Activity=8,Cash from Investing Activity=8,Cash from Financing Activity=8"
SURYAROSNI,"ok:consolidated:headline=6:cols=12;schedules=Cash from Operating Activity=7,Cash from Investing Activity=7,Cash from Financing Activity=8"
SUZLON,"ok:consolidated:headline=6:cols=12;schedules=Cash from Operating Activity=8,Cash from Investing Activity=12,Cash from Financing Activity=9"
SWANCORP,"ok:consolidated:headline=6:cols=12;schedules=Cash from Operating Activity=8,Cash from Investing Activity=10,Cash from Financing Activity=8"
SWIGGY,"ok:consolidated:headline=6:cols=7;schedules=Cash from Operating Activity=9,Cash from Investing Activity=10,Cash from Financing Activity=7"
SWSOLAR,"ok:consolidated:headline=6:cols=9;schedules=Cash from Operating Activity=10,Cash from Investing Activity=8,Cash from Financing Activity=7"
SYNGENE,"ok:consolidated:headline=6:cols=9;schedules=Cash from Operating Activity=7,Cash from Investing Activity=7,Cash from Financing Activity=7"
SYRMA,"ok:consolidated:headline=6:cols=7;schedules=Cash from Operating Activity=7,Cash from Investing Activity=10,Cash from Financing Activity=8"
TANLA,"ok:consolidated:headline=6:cols=12;schedules=Cash from Operating Activity=8,Cash from Investing Activity=8,Cash from Financing Activity=9"
TARC,"ok:consolidated:headline=6:cols=7;schedules=Cash from Operating Activity=9,Cash from Investing Activity=6,Cash from Financing Activity=7"
TARIL,"ok:consolidated:headline=6:cols=12;schedules=Cash from Operating Activity=8,Cash from Investing Activity=7,Cash from Financing Activity=6"
TATACAP,"ok:consolidated:headline=6:cols=6;schedules=Cash from Operating Activity=7,Cash from Investing Activity=8,Cash from Financing Activity=8"
TATACHEM,"ok:consolidated:headline=6:cols=12;schedules=Cash from Operating Activity=6,Cash from Investing Activity=10,Cash from Financing Activity=8"
TATACOMM,"ok:consolidated:headline=6:cols=12;schedules=Cash from Operating Activity=9,Cash from Investing Activity=10,Cash from Financing Activity=6"
TATACONSUM,"ok:consolidated:headline=6:cols=12;schedules=Cash from Operating Activity=7,Cash from Investing Activity=13,Cash from Financing Activity=8"
TATAELXSI,"ok:consolidated:headline=6:cols=8;schedules=Cash from Operating Activity=10,Cash from Investing Activity=4,Cash from Financing Activity=5"
TATAINVEST,"ok:consolidated:headline=6:cols=12;schedules=Cash from Operating Activity=8,Cash from Investing Activity=6,Cash from Financing Activity=7"
TATAPOWER,"ok:consolidated:headline=6:cols=12;schedules=Cash from Operating Activity=9,Cash from Investing Activity=10,Cash from Financing Activity=7"
TATASTEEL,"ok:consolidated:headline=6:cols=12;schedules=Cash from Operating Activity=7,Cash from Investing Activity=10,Cash from Financing Activity=7"
TATATECH,"ok:consolidated:headline=6:cols=8;schedules=Cash from Operating Activity=8,Cash from Investing Activity=10,Cash from Financing Activity=9"
TBOTEK,"ok:consolidated:headline=6:cols=9;schedules=Cash from Operating Activity=6,Cash from Investing Activity=9,Cash from Financing Activity=7"
TCS,"ok:consolidated:headline=6:cols=12;schedules=Cash from Operating Activity=8,Cash from Investing Activity=9,Cash from Financing Activity=7"
TDPOWERSYS,"ok:consolidated:headline=6:cols=12;schedules=Cash from Operating Activity=7,Cash from Investing Activity=6,Cash from Financing Activity=6"
TECHM,"ok:consolidated:headline=6:cols=12;schedules=Cash from Operating Activity=6,Cash from Investing Activity=12,Cash from Financing Activity=7"
TECHNOE,"ok:consolidated:headline=6:cols=10;schedules=Cash from Operating Activity=7,Cash from Investing Activity=9,Cash from Financing Activity=7"
TEGA,"ok:consolidated:headline=6:cols=12;schedules=Cash from Operating Activity=5,Cash from Investing Activity=9,Cash from Financing Activity=7"
TEJASNET,"ok:consolidated:headline=6:cols=12;schedules=Cash from Operating Activity=9,Cash from Investing Activity=8,Cash from Financing Activity=7"
TENNIND,"ok:consolidated:headline=6:cols=4;schedules=Cash from Operating Activity=7,Cash from Investing Activity=6,Cash from Financing Activity=6"
TEXRAIL,"ok:consolidated:headline=6:cols=11;schedules=Cash from Operating Activity=7,Cash from Investing Activity=8,Cash from Financing Activity=7"
THANGAMAYL,"ok:standalone:headline=6:cols=12;schedules=Cash from Operating Activity=8,Cash from Investing Activity=4,Cash from Financing Activity=8"
THELEELA,"ok:consolidated:headline=6:cols=4;schedules=Cash from Operating Activity=8,Cash from Investing Activity=7,Cash from Financing Activity=7"
THERMAX,"ok:consolidated:headline=6:cols=12;schedules=Cash from Operating Activity=8,Cash from Investing Activity=11,Cash from Financing Activity=7"
THOMASCOOK,"ok:consolidated:headline=6:cols=12;schedules=Cash from Operating Activity=9,Cash from Investing Activity=11,Cash from Financing Activity=9"
THYROCARE,"ok:consolidated:headline=6:cols=12;schedules=Cash from Operating Activity=8,Cash from Investing Activity=9,Cash from Financing Activity=7"
TI,"ok:consolidated:headline=6:cols=12;schedules=Cash from Operating Activity=8,Cash from Investing Activity=6,Cash from Financing Activity=7"
TIINDIA,"ok:consolidated:headline=6:cols=11;schedules=Cash from Operating Activity=9,Cash from Investing Activity=9,Cash from Financing Activity=7"
TIMETECHNO,"ok:consolidated:headline=6:cols=12;schedules=Cash from Operating Activity=7,Cash from Investing Activity=5,Cash from Financing Activity=7"
TIMKEN,"ok:consolidated:headline=6:cols=2;schedules=Cash from Operating Activity=9,Cash from Investing Activity=6,Cash from Financing Activity=3"
TIPSMUSIC,"ok:standalone:headline=6:cols=12;schedules=Cash from Operating Activity=8,Cash from Investing Activity=7,Cash from Financing Activity=6"
TITAGARH,"ok:consolidated:headline=6:cols=12;schedules=Cash from Operating Activity=8,Cash from Investing Activity=8,Cash from Financing Activity=8"
TITAN,"ok:consolidated:headline=6:cols=12;schedules=Cash from Operating Activity=9,Cash from Investing Activity=10,Cash from Financing Activity=6"
TMB,"ok:standalone:headline=6:cols=9;schedules=Cash from Operating Activity=7,Cash from Investing Activity=2,Cash from Financing Activity=5"
TMCV,"ok:consolidated:headline=6:cols=2;schedules=Cash from Operating Activity=7,Cash from Investing Activity=9,Cash from Financing Activity=4"
TMPV,"ok:consolidated:headline=6:cols=12;schedules=Cash from Operating Activity=8,Cash from Investing Activity=11,Cash from Financing Activity=8"
TORNTPHARM,"ok:consolidated:headline=6:cols=12;schedules=Cash from Operating Activity=8,Cash from Investing Activity=8,Cash from Financing Activity=6"
TORNTPOWER,"ok:consolidated:headline=6:cols=12;schedules=Cash from Operating Activity=8,Cash from Investing Activity=12,Cash from Financing Activity=7"
TRANSRAILL,"ok:consolidated:headline=6:cols=7;schedules=Cash from Operating Activity=10,Cash from Investing Activity=7,Cash from Financing Activity=8"
TRAVELFOOD,"ok:consolidated:headline=6:cols=8;schedules=Cash from Operating Activity=10,Cash from Investing Activity=10,Cash from Financing Activity=6"
TRENT,"ok:consolidated:headline=6:cols=12;schedules=Cash from Operating Activity=8,Cash from Investing Activity=9,Cash from Financing Activity=9"
TRIDENT,"ok:consolidated:headline=6:cols=12;schedules=Cash from Operating Activity=9,Cash from Investing Activity=8,Cash from Financing Activity=9"
TRITURBINE,"ok:consolidated:headline=6:cols=12;schedules=Cash from Operating Activity=9,Cash from Investing Activity=8,Cash from Financing Activity=7"
TRIVENI,"ok:consolidated:headline=6:cols=12;schedules=Cash from Operating Activity=8,Cash from Investing Activity=10,Cash from Financing Activity=8"
TSFINV,"ok:consolidated:headline=6:cols=9;schedules=Cash from Operating Activity=8,Cash from Investing Activity=6,Cash from Financing Activity=5"
TTML,"ok:consolidated:headline=6:cols=3;schedules=Cash from Operating Activity=7,Cash from Investing Activity=6,Cash from Financing Activity=5"
TVSMOTOR,"ok:consolidated:headline=6:cols=12;schedules=Cash from Operating Activity=8,Cash from Investing Activity=11,Cash from Financing Activity=8"
TVSSCS,"ok:consolidated:headline=6:cols=8;schedules=Cash from Operating Activity=9,Cash from Investing Activity=8,Cash from Financing Activity=7"
UBL,"ok:consolidated:headline=6:cols=12;schedules=Cash from Operating Activity=8,Cash from Investing Activity=6,Cash from Financing Activity=6"
UCOBANK,"ok:consolidated:headline=6:cols=5;schedules=Cash from Operating Activity=7,Cash from Investing Activity=5,Cash from Financing Activity=10"
UJJIVANSFB,"ok:standalone:headline=6:cols=12;schedules=Cash from Operating Activity=9,Cash from Investing Activity=6,Cash from Financing Activity=5"
ULTRACEMCO,"ok:consolidated:headline=6:cols=12;schedules=Cash from Operating Activity=8,Cash from Investing Activity=11,Cash from Financing Activity=7"
UNIONBANK,"ok:consolidated:headline=6:cols=12;schedules=Cash from Operating Activity=9,Cash from Investing Activity=5,Cash from Financing Activity=8"
UNITDSPR,"ok:consolidated:headline=6:cols=12;schedules=Cash from Operating Activity=9,Cash from Investing Activity=10,Cash from Financing Activity=6"
UNOMINDA,"ok:consolidated:headline=6:cols=12;schedules=Cash from Operating Activity=10,Cash from Investing Activity=12,Cash from Financing Activity=8"
UPL,"ok:consolidated:headline=6:cols=12;schedules=Cash from Operating Activity=10,Cash from Investing Activity=10,Cash from Financing Activity=8"
URBANCO,"ok:consolidated:headline=6:cols=7;schedules=Cash from Operating Activity=9,Cash from Investing Activity=8,Cash from Financing Activity=6"
USHAMART,"ok:consolidated:headline=6:cols=12;schedules=Cash from Operating Activity=8,Cash from Investing Activity=8,Cash from Financing Activity=7"
UTIAMC,"ok:consolidated:headline=6:cols=12;schedules=Cash from Operating Activity=8,Cash from Investing Activity=7,Cash from Financing Activity=7"
UTLSOLAR,"ok:consolidated:headline=6:cols=2;schedules=Cash from Operating Activity=8,Cash from Investing Activity=3,Cash from Financing Activity=4"
V2RETAIL,"ok:consolidated:headline=6:cols=12;schedules=Cash from Operating Activity=9,Cash from Investing Activity=5,Cash from Financing Activity=7"
VAIBHAVGBL,"ok:consolidated:headline=6:cols=12;schedules=Cash from Operating Activity=8,Cash from Investing Activity=8,Cash from Financing Activity=7"
VARROC,"ok:consolidated:headline=6:cols=12;schedules=Cash from Operating Activity=7,Cash from Investing Activity=10,Cash from Financing Activity=7"
VBL,"ok:consolidated:headline=6:cols=12;schedules=Cash from Operating Activity=8,Cash from Investing Activity=9,Cash from Financing Activity=11"
VEDL,"ok:consolidated:headline=6:cols=12;schedules=Cash from Operating Activity=10,Cash from Investing Activity=11,Cash from Financing Activity=7"
VGUARD,"ok:consolidated:headline=6:cols=10;schedules=Cash from Operating Activity=8,Cash from Investing Activity=10,Cash from Financing Activity=6"
VIJAYA,"ok:consolidated:headline=6:cols=9;schedules=Cash from Operating Activity=7,Cash from Investing Activity=8,Cash from Financing Activity=7"
VIKRAMSOLR,"ok:consolidated:headline=6:cols=7;schedules=Cash from Operating Activity=6,Cash from Investing Activity=6,Cash from Financing Activity=6"
VIPIND,"ok:consolidated:headline=6:cols=12;schedules=Cash from Operating Activity=8,Cash from Investing Activity=7,Cash from Financing Activity=7"
VIYASH,"ok:consolidated:headline=6:cols=12;schedules=Cash from Operating Activity=7,Cash from Investing Activity=10,Cash from Financing Activity=7"
VMART,"ok:standalone:headline=6:cols=12;schedules=Cash from Operating Activity=7,Cash from Investing Activity=7,Cash from Financing Activity=7"
VMM,"ok:consolidated:headline=6:cols=7;schedules=Cash from Operating Activity=8,Cash from Investing Activity=6,Cash from Financing Activity=7"
VOLTAMP,"ok:standalone:headline=6:cols=12;schedules=Cash from Operating Activity=7,Cash from Investing Activity=8,Cash from Financing Activity=4"
VOLTAS,"ok:consolidated:headline=6:cols=12;schedules=Cash from Operating Activity=8,Cash from Investing Activity=9,Cash from Financing Activity=6"
VTL,"ok:consolidated:headline=6:cols=12;schedules=Cash from Operating Activity=8,Cash from Investing Activity=7,Cash from Financing Activity=7"
WAAREEENER,"ok:consolidated:headline=6:cols=7;schedules=Cash from Operating Activity=8,Cash from Investing Activity=9,Cash from Financing Activity=7"
WAAREERTL,"ok:consolidated:headline=6:cols=9;schedules=Cash from Operating Activity=7,Cash from Investing Activity=7,Cash from Financing Activity=6"
WABAG,"ok:consolidated:headline=6:cols=12;schedules=Cash from Operating Activity=8,Cash from Investing Activity=8,Cash from Financing Activity=7"
WAKEFIT,"ok:standalone:headline=6:cols=6;schedules=Cash from Operating Activity=10,Cash from Investing Activity=6,Cash from Financing Activity=7"
WEBELSOLAR,"ok:consolidated:headline=6:cols=2;schedules=Cash from Operating Activity=7,Cash from Investing Activity=7,Cash from Financing Activity=6"
WELCORP,"ok:consolidated:headline=6:cols=12;schedules=Cash from Operating Activity=7,Cash from Investing Activity=10,Cash from Financing Activity=10"
WELENT,"ok:consolidated:headline=6:cols=12;schedules=Cash from Operating Activity=6,Cash from Investing Activity=12,Cash from Financing Activity=7"
WELSPUNLIV,"ok:consolidated:headline=6:cols=12;schedules=Cash from Operating Activity=8,Cash from Investing Activity=8,Cash from Financing Activity=8"
WESTLIFE,"ok:consolidated:headline=6:cols=12;schedules=Cash from Operating Activity=8,Cash from Investing Activity=7,Cash from Financing Activity=9"
WEWORK,"ok:consolidated:headline=6:cols=4;schedules=Cash from Operating Activity=8,Cash from Investing Activity=7,Cash from Financing Activity=7"
WHIRLPOOL,"ok:consolidated:headline=6:cols=9;schedules=Cash from Operating Activity=7,Cash from Investing Activity=6,Cash from Financing Activity=4"
WIPRO,"ok:consolidated:headline=6:cols=12;schedules=Cash from Operating Activity=8,Cash from Investing Activity=11,Cash from Financing Activity=7"
WOCKPHARMA,"ok:consolidated:headline=6:cols=12;schedules=Cash from Operating Activity=9,Cash from Investing Activity=7,Cash from Financing Activity=8"
YATHARTH,"ok:consolidated:headline=6:cols=10;schedules=Cash from Operating Activity=7,Cash from Investing Activity=7,Cash from Financing Activity=6"
YESBANK,"ok:consolidated:headline=6:cols=12;schedules=Cash from Operating Activity=7,Cash from Investing Activity=5,Cash from Financing Activity=6"
ZAGGLE,"ok:consolidated:headline=6:cols=4;schedules=Cash from Operating Activity=7,Cash from Investing Activity=7,Cash from Financing Activity=6"
ZEEL,"ok:consolidated:headline=6:cols=12;schedules=Cash from Operating Activity=6,Cash from Investing Activity=10,Cash from Financing Activity=6"
ZENSARTECH,"ok:consolidated:headline=6:cols=12;schedules=Cash from Operating Activity=8,Cash from Investing Activity=9,Cash from Financing Activity=7"
ZENTEC,"ok:consolidated:headline=6:cols=12;schedules=Cash from Operating Activity=10,Cash from Investing Activity=8,Cash from Financing Activity=8"
ZFCVINDIA,"ok:consolidated:headline=6:cols=5;schedules=Cash from Operating Activity=7,Cash from Investing Activity=6,Cash from Financing Activity=3"
ZYDUSLIFE,"ok:consolidated:headline=6:cols=12;schedules=Cash from Operating Activity=10,Cash from Investing Activity=9,Cash from Financing Activity=7"
ZYDUSWELL,"ok:consolidated:headline=6:cols=12;schedules=Cash from Operating Activity=8,Cash from Investing Activity=6,Cash from Financing Activity=8"
