nse_symbol,industry,Stock Price (Rs),Market Cap (Rs Cr),P/E ratio,FA T,FA T-1,FA T-2,FA T-3,FA YoY (T),FA YoY (T-1),FA YoY (T-2),Sales T,Sales T-3,Sales 3y CAGR,NP T,NP T-3,NP 3y CAGR,Op Profit T,Capital Base T,ROCE T,OPM % T,PRIMARY_match,SECONDARY_match
BLS,,235.65,9661.65,14.13,1721.0,1363.0,296.0,234.0,0.2626559060895084,3.60472972972973,0.2649572649572649,2998.0,1516.0,0.2551938684258068,724.0,204.0,0.5253498590435024,819.0,2894.0,0.28299930891499653,27.0,True,True
DIXON,CONSUMER GOODS,9673.0,58038.0,40.88,4172.0,2774.0,1996.0,1244.0,0.5039653929343908,0.3897795591182365,0.6045016077170418,48873.0,12192.0,0.588539487225511,1644.0,255.0,0.8611750026962952,1867.0,5671.0,0.32921883265737967,4.0,True,False
WAAREEENER,,3109.8,89562.24,24.1,7329.0,4051.0,1450.0,1105.0,0.8091829177980745,1.7937931034482757,0.31221719457013575,20991.0,6533.0,0.47561645713989353,3762.0,460.0,1.014746081792142,4781.0,17651.0,0.2708628406322588,23.0,True,False
ACUTAAS,,2558.6,20980.52,58.8,745.0,570.0,427.0,259.0,0.3070175438596492,0.3348946135831381,0.6486486486486487,1339.0,617.0,0.29468804459618414,356.0,83.0,0.6247652996270656,480.0,1690.0,0.28402366863905326,36.0,True,False
DATAPATTNS,,3035.3,,,321.0,247.0,150.0,112.0,0.2995951417004048,0.6466666666666667,0.3392857142857142,925.0,453.0,0.2686675849329423,271.0,124.0,0.2977245938072115,374.0,1741.0,0.2148190695002872,40.0,True,False
BAJAJHLDNG,FINANCIAL SERVICES,8746.0,97080.6,10.1,181.0,203.0,244.0,278.0,-0.10837438423645318,-0.16803278688524592,-0.12230215827338131,1070.0,522.0,0.2702945209671854,9789.0,4946.0,0.25553282687174095,907.0,73160.0,0.012397484964461454,85.0,False,True
NMDC,METALS,76.27,67041.33,9.0,5856.0,5038.0,3377.0,3199.0,0.16236601826121477,0.49185667752442996,0.05564238824632706,31554.0,17667.0,0.2132879119432769,7421.0,5529.0,0.10307560618858713,9275.0,40469.0,0.22918777335738466,29.0,False,True
WELCORP,METALS,812.7,21455.28,13.29,6545.0,4707.0,4800.0,4910.0,0.39048226046313994,-0.01937500000000003,-0.022403258655804503,16770.0,9758.0,0.1978177642630552,1620.0,199.0,1.0116572157835018,2236.0,11511.0,0.19424897923725132,13.0,False,True
PARADEEP,,107.24,11131.51,11.17,6026.0,3349.0,3431.0,2872.0,0.7993430874888026,-0.02389973768580589,0.1946378830083566,21826.0,13341.0,0.17831639980458358,996.0,304.0,0.4852352621439371,2152.0,13689.0,0.15720651618087517,10.0,False,True
SIGNATURE,,714.2,9998.8,9.17,116.0,146.0,104.0,136.0,-0.20547945205479456,0.40384615384615374,-0.23529411764705888,1381.0,862.0,0.17011569388321623,16.0,-113.0,,-48.0,4829.0,-0.009939946158624974,-3.0,False,True
EMMVEE,,217.37,14998.53,13.92,2634.0,2046.0,291.0,323.0,0.28739002932551316,6.030927835051546,-0.09907120743034059,1075.0,705.0,0.15099414853431625,156.0,23.0,0.8929199748886492,130.0,4054.0,0.03206709422792304,12.0,False,True
JIOFIN,,224.1,142370.73,,418.0,180.0,172.0,158.0,1.3222222222222224,0.04651162790697683,0.08860759493670889,3513.0,45.0,3.2738756167342977,1561.0,31.0,2.692725876838077,2305.0,155621.0,0.014811625680338772,66.0,False,False
ONESOURCE,,1473.3,16206.3,,6233.0,6118.0,863.0,1361.0,0.018796992481203034,6.089223638470452,-0.36590742101396034,1422.0,39.0,2.3159781724072173,-74.0,-800.0,,304.0,7335.0,0.0414451261077028,21.0,False,False
NTPCGREEN,,92.32,77788.83,148.9,39202.0,21816.0,17573.0,14758.0,0.7969380271360469,0.2414499516303421,0.1907440032524732,2858.0,170.0,1.5617560332242197,521.0,171.0,0.44970800711463554,2475.0,50681.0,0.04883486908308834,87.0,False,False
INOXWIND,INDUSTRIAL MANUFACTURING,75.49,13044.67,32.26,2825.0,2291.0,1843.0,1619.0,0.23308598865124397,0.24308193163320668,0.1383570105003089,3896.0,583.0,0.88357737197831,547.0,-315.0,,727.0,7969.0,0.09122851047810265,19.0,False,False
SAGILITY,,39.95,18692.6,34.74,9356.0,8997.0,8667.0,8607.0,0.03990218961876191,0.038075458636206205,0.006971070059254014,1717.0,281.0,0.828189983228832,271.0,4.0,3.0766469311184537,512.0,10770.0,0.047539461467038066,30.0,False,False
PREMIERENE,,891.65,40124.25,26.75,1747.0,978.0,1203.0,592.0,0.7862985685071575,-0.18703241895261846,1.0320945945945947,7824.0,1429.0,0.7625124942140413,1510.0,-13.0,,2377.0,8014.0,0.29660593960569004,30.0,False,False
PWL,,87.3,24967.8,-1091.25,1833.0,1586.0,1464.0,1121.0,0.15573770491803285,0.08333333333333326,0.30597680642283676,3900.0,744.0,0.7371229466099198,-24.0,-84.0,,370.0,5572.0,0.06640344580043073,9.0,False,False
BSE,FINANCIAL SERVICES,2683.5,110023.5,43.77,686.0,300.0,285.0,252.0,1.2866666666666666,0.05263157894736836,0.13095238095238093,4834.0,925.0,0.7353548921137967,2487.0,206.0,1.2940498712550577,3079.0,6673.0,0.4614116589240222,64.0,False,False
LLOYDSME,,1271.7,71215.2,19.44,13169.0,1691.0,1235.0,532.0,6.787699586043761,0.36923076923076925,1.3214285714285716,17113.0,3353.0,0.7217266387561525,3829.0,-289.0,,6205.0,34587.0,0.17940266574146355,36.0,False,False
NETWEB,,3098.8,,,58.0,49.0,44.0,23.0,0.18367346938775508,0.11363636363636354,0.9130434782608696,2184.0,445.0,0.6994075407851077,206.0,47.0,0.6365267963806975,285.0,1005.0,0.2835820895522388,13.0,False,False
MCX,,2389.4,60929.7,45.76,419.0,412.0,379.0,150.0,0.016990291262136026,0.0870712401055409,1.5266666666666668,2154.0,449.0,0.6865521942809889,1029.0,130.0,0.9929237105405624,1322.0,2853.0,0.46337188923939715,61.0,False,False
GROWW,,150.12,93674.88,45.22,253.0,402.0,396.0,321.0,-0.37064676616915426,0.015151515151515138,0.23364485981308403,4645.0,1142.0,0.5962706853727828,2083.0,458.0,0.6568172108444417,2744.0,9944.0,0.2759452936444087,59.0,False,False
TECHNOE,,985.1,11328.65,24.17,510.0,70.0,76.0,81.0,6.285714285714286,-0.07894736842105265,-0.06172839506172845,3252.0,967.0,0.49821688611732395,542.0,218.0,0.35471393353906944,448.0,4229.0,0.10593520926933081,14.0,False,False
KAYNES,,3429.6,22978.32,63.18,1732.0,845.0,319.0,132.0,1.0497041420118345,1.6489028213166144,1.4166666666666665,3626.0,1126.0,0.47671426357442903,364.0,95.0,0.5648015205382595,574.0,5661.0,0.10139551316021904,16.0,False,False
ZENTEC,,1279.0,11511.0,59.68,241.0,208.0,93.0,75.0,0.15865384615384626,1.236559139784946,0.24,688.0,219.0,0.4645856495203262,218.0,50.0,0.6336618340607569,245.0,1908.0,0.12840670859538783,36.0,False,False
JAINREC,,456.5,15749.25,45.33,114.0,89.0,79.0,74.0,0.2808988764044944,0.12658227848101267,0.06756756756756754,9543.0,3064.0,0.46037835564926866,347.0,92.0,0.5566126273296634,558.0,2837.0,0.19668664081776524,6.0,False,False
IKS,,1328.4,,31.61,,1790.0,1833.0,59.0,,-0.02345881069285327,30.06779661016949,3194.0,1031.0,0.4577803173352124,722.0,305.0,0.3327410848755561,1082.0,,,34.0,False,False
SWANCORP,,300.0,9300.0,34.29,3806.0,3734.0,4148.0,4225.0,0.019282271023031594,-0.0998071359691417,-0.01822485207100588,4371.0,1438.0,0.4485738473300094,271.0,-61.0,,-204.0,9639.0,-0.021164021164021163,-5.0,False,False
SUZLON,INDUSTRIAL MANUFACTURING,39.56,54296.1,16.98,2309.0,1780.0,886.0,866.0,0.29719101123595504,1.0090293453724604,0.023094688221708903,16732.0,5971.0,0.4098305859156086,3163.0,2887.0,0.030902206912570618,3022.0,10020.0,0.3015968063872255,18.0,False,False
PTCIL,,14985.0,,221.21,,644.0,449.0,233.0,,0.4342984409799555,0.9270386266094421,603.0,219.0,0.40160100135512367,102.0,26.0,0.5771594697396814,132.0,,,22.0,False,False
GRSE,,1972.8,,,584.0,515.0,493.0,508.0,0.13398058252427192,0.04462474645030423,-0.029527559055118058,7002.0,2561.0,0.39831229396408085,748.0,228.0,0.48589772220597327,795.0,2664.0,0.29842342342342343,11.0,False,False
KALYANKJIL,,375.9,38830.47,28.74,3312.0,2846.0,2299.0,1903.0,0.16373858046380896,0.23792953458025234,0.20809248554913284,31027.0,11584.0,0.3887596155514088,1285.0,390.0,0.48803395107788994,2124.0,12426.0,0.17093191694833415,7.0,False,False
POLICYBZR,,1427.8,66392.7,98.6,441.0,418.0,359.0,313.0,0.055023923444976086,0.1643454038997214,0.14696485623003186,6794.0,2558.0,0.3848678531427956,670.0,-488.0,,508.0,7672.0,0.0662148070907195,7.0,False,False
ANANTRAJ,,405.7,14605.2,26.31,1793.0,1367.0,1314.0,1305.0,0.3116313094367227,0.04033485540334847,0.006896551724137945,2512.0,957.0,0.3794392077445752,557.0,149.0,0.5519925859578589,656.0,6470.0,0.10139103554868624,26.0,False,False
URBANCO,,118.86,17353.56,-78.2,158.0,127.0,117.0,121.0,0.2440944881889764,0.08547008547008539,-0.03305785123966942,1081.0,425.0,0.36504066068141916,-195.0,-161.0,,-235.0,2279.0,-0.1031154014918824,-22.0,False,False
CRAFTSMAN,,6977.0,16744.8,43.35,4676.0,3670.0,2567.0,2124.0,0.2741144414168937,0.4296844565640825,0.2085687382297552,8069.0,3183.0,0.36351847130321846,384.0,251.0,0.15226534638242128,1238.0,6887.0,0.17975896616814288,15.0,False,False
TBOTEK,,1057.3,11630.3,46.99,1633.0,345.0,349.0,136.0,3.7333333333333334,-0.011461318051575908,1.5661764705882355,2677.0,1065.0,0.3596681398095962,244.0,148.0,0.1813430672863927,370.0,2307.0,0.16038144776766364,14.0,False,False
CHALET,,702.3,15380.37,23.84,5693.0,5210.0,4406.0,3854.0,0.09270633397312866,0.18247843849296408,0.143227815256876,2770.0,1128.0,0.3491395996951112,645.0,183.0,0.5218419158562881,1187.0,6066.0,0.19568084404879657,43.0,False,False
PGEL,,469.9,13627.1,,1540.0,1136.0,783.0,578.0,0.3556338028169015,0.450830140485313,0.3546712802768166,5288.0,2160.0,0.347760006993022,197.0,77.0,0.36770310749461244,387.0,3646.0,0.10614371914426769,7.0,False,False
TRENT,CONSUMER GOODS,3295.8,118648.8,68.14,5519.0,3895.0,2450.0,4527.0,0.41694480102695763,0.5897959183673469,-0.4588027391208306,20074.0,8242.0,0.3454485754885879,1721.0,394.0,0.6346629380050819,3673.0,9546.0,0.3847684894196522,18.0,False,False
HBLENGINE,,614.8,17214.4,20.91,441.0,397.0,354.0,320.0,0.11083123425692687,0.12146892655367236,0.10624999999999996,3303.0,1369.0,0.34122521178933485,814.0,98.0,1.0251915643785052,1113.0,2282.0,0.48773006134969327,34.0,False,False
KPITTECH,,634.75,17265.2,20.72,3991.0,1972.0,1915.0,1684.0,1.0238336713995944,0.02976501305483037,0.13717339667458428,5842.0,2432.0,0.33926338030146663,840.0,276.0,0.4491835690654089,1230.0,4379.0,0.2808860470427038,19.0,False,False
CEMPRO,,510.95,8686.15,23.55,1168.0,1074.0,1081.0,847.0,0.08752327746741151,-0.00647548566142464,0.2762691853600945,9097.0,3809.0,0.33668499845940913,373.0,69.0,0.7550382268277611,868.0,3304.0,0.2627118644067797,10.0,False,False
SYRMA,,773.1,14920.83,46.91,1463.0,1144.0,1075.0,532.0,0.27884615384615374,0.06418604651162796,1.0206766917293235,4819.0,2048.0,0.33007355270953664,346.0,123.0,0.4116390459740018,545.0,3263.0,0.16702421084891203,11.0,False,False
NIVABUPA,,70.21,,,88.0,66.0,58.0,52.0,0.33333333333333326,0.13793103448275867,0.11538461538461542,6695.0,2853.0,0.32887134472698043,131.0,13.0,1.1599447771749323,125.0,4036.0,0.03097125867195243,2.0,False,False
LENSKART,,499.3,86628.55,175.81,7798.0,6231.0,5501.0,5067.0,0.25148451291927465,0.13270314488274848,0.08565225971975532,8814.0,3788.0,0.3251174058463737,501.0,-64.0,,1749.0,11835.0,0.14778200253485424,20.0,False,False
ETERNAL,,228.98,210432.62,602.58,12675.0,9532.0,6448.0,6344.0,0.3297314309693664,0.47828784119106693,0.016393442622950838,10899.0,4707.0,0.3229623497593035,2655.0,117.0,1.831128323163001,1399.0,35572.0,0.03932868548296413,13.0,False,False
GODREJPROP,CONSTRUCTION,1471.3,44433.26,23.95,1711.0,1271.0,997.0,218.0,0.34618410700236035,0.27482447342026073,3.5733944954128436,5131.0,2252.0,0.31586461818825184,1841.0,621.0,0.43654994365793365,-453.0,35050.0,-0.012924393723252497,-9.0,False,False
COFORGE,,1114.7,37342.45,24.06,6760.0,6096.0,2353.0,2312.0,0.1089238845144358,1.5907352316192096,0.01773356401384074,9572.0,4230.0,0.31286712719603904,1393.0,732.0,0.23921504788570624,1009.0,10265.0,0.09829517778860204,11.0,False,False
JYOTICNC,,721.85,16241.62,48.87,746.0,469.0,322.0,283.0,0.5906183368869935,0.4565217391304348,0.13780918727915203,2093.0,929.0,0.3109451005281436,336.0,-5.0,,527.0,2854.0,0.1846531184302733,25.0,False,False
ANANDRATHI,,3035.4,25497.36,63.69,191.0,188.0,152.0,136.0,0.015957446808510634,0.23684210526315796,0.11764705882352944,1253.0,559.0,0.3087190406342706,397.0,169.0,0.3293354937098716,586.0,1082.0,0.5415896487985212,47.0,False,False
GMRAIRPORT,,84.75,89496.0,498.53,29016.0,28218.0,28737.0,15157.0,0.0282798213906017,-0.01806034032780035,0.895955664049614,14807.0,6674.0,0.3042483361416446,472.0,-840.0,,5757.0,40803.0,0.14109256672303508,39.0,False,False
AEGISVOPAK,,161.65,17910.82,57.73,6650.0,4600.0,3491.0,3030.0,0.44565217391304346,0.31767401890575764,0.15214521452145213,642.0,290.0,0.30330384562945056,273.0,5.0,2.793710741559845,493.0,8022.0,0.061455996010969835,,False,False
MEESHO,,140.4,64022.4,-47.27,195.0,96.0,112.0,56.0,1.03125,-0.1428571428571429,1.0,12626.0,5735.0,0.3009006207410485,-1358.0,-1675.0,,-1485.0,4449.0,-0.3337828725556305,-12.0,False,False
ADANIGREEN,ENERGY,806.9,132896.43,88.48,102153.0,79914.0,62284.0,48336.0,0.2782866581575194,0.2830582493096141,0.2885633896060906,11212.0,5133.0,0.2974897677610051,2001.0,489.0,0.5994821944046211,8889.0,123510.0,0.07196988098129706,79.0,False,False
TITAN,CONSUMER GOODS,3951.4,351674.6,69.15,6906.0,4062.0,3709.0,2998.0,0.7001477104874445,0.09517390132111081,0.2371581054036025,87584.0,40575.0,0.29237559737181407,5073.0,3274.0,0.15716528347005987,8355.0,30254.0,0.2761618298406822,10.0,False,False
CARTRADE,,1650.0,7920.0,35.42,1522.0,1497.0,1489.0,1042.0,0.016700066800267255,0.005372733378106176,0.4289827255278311,779.0,364.0,0.2886807999294758,244.0,40.0,0.8271601368635204,257.0,2624.0,0.09794207317073171,33.0,False,False
CHOICEIN,,610.1,13605.23,62.45,393.0,260.0,134.0,126.0,0.5115384615384615,0.9402985074626866,0.06349206349206349,27.7,12.98,0.2874637965455109,5.09,2.29,0.3050508484330676,10.04,2580.0,0.003891472868217054,36.25,False,False
COCHINSHIP,INDUSTRIAL MANUFACTURING,1193.1,31497.84,43.8,3164.0,3047.0,968.0,953.0,0.03839842468001309,2.147727272727273,0.015739769150052485,5022.0,2365.0,0.2853316086531994,717.0,305.0,0.32965745265230506,811.0,7545.0,0.1074884029158383,16.0,False,False
360ONE,,949.6,38933.6,,3969.0,1281.0,940.0,880.0,2.098360655737705,0.3627659574468085,0.06818181818181812,4362.0,2057.0,0.284745553247274,1216.0,658.0,0.22716387025367513,2707.0,25767.0,0.1050568556681026,62.0,False,False
OLECTRA,,966.25,7971.56,44.69,574.0,355.0,330.0,356.0,0.6169014084507043,0.07575757575757569,-0.0730337078651685,2312.0,1091.0,0.28446130769878764,180.0,67.0,0.39016356168885524,330.0,1608.0,0.20522388059701493,14.0,False,False
NUVAMA,,1161.1,20899.8,,289.0,312.0,290.0,284.0,-0.07371794871794868,0.07586206896551717,0.021126760563380254,4631.0,2223.0,0.2771594056695206,1040.0,305.0,0.5051432431473317,2441.0,15665.0,0.15582508777529525,53.0,False,False
ADANIENSOL,,934.9,112281.49,49.21,46804.0,39555.0,38920.0,32645.0,0.18326380988497037,0.016315519013360813,0.19221932914688322,27588.0,13293.0,0.27555465161981685,2393.0,1281.0,0.23158537475761087,7989.0,74603.0,0.10708684637347024,29.0,False,False
CDSL,FINANCIAL SERVICES,1119.4,23395.46,51.3,502.0,446.0,342.0,125.0,0.12556053811659185,0.30409356725146197,1.7360000000000002,1145.0,555.0,0.2730266668779695,455.0,276.0,0.18131967759649625,582.0,1962.0,0.2966360856269113,51.0,False,False
ATHERENERG,,754.0,,,865.0,616.0,459.0,544.0,0.40422077922077926,0.34204793028322444,-0.15625,3672.0,1781.0,0.2727592177342544,-517.0,-864.0,,-408.0,3236.0,-0.1260815822002472,-11.0,False,False
POLYCAB,,6843.5,103336.85,38.56,3740.0,3011.0,2338.0,2067.0,0.24211225506476253,0.28785286569717705,0.13110788582486688,28884.0,14108.0,0.2697862747858697,2708.0,1283.0,0.28274599649933574,4006.0,12245.0,0.3271539403838301,14.0,False,False
ANTHEM,,656.25,36750.0,62.26,783.0,705.0,483.0,449.0,0.11063829787234036,0.45962732919254656,0.07572383073496658,2089.0,1057.0,0.2549347659316483,671.0,386.0,0.20238921417447275,851.0,3095.0,0.2749596122778675,41.0,False,False
LATENTVIEW,,251.15,5274.15,26.24,397.0,401.0,28.0,23.0,-0.009975062344139696,13.321428571428571,0.21739130434782616,1060.0,539.0,0.2528691052822778,202.0,155.0,0.09229486106095175,236.0,1789.0,0.13191727221911684,22.0,False,False
NYKAA,,235.0,67210.0,335.71,1008.0,835.0,668.0,699.0,0.2071856287425149,0.25,-0.044349070100143106,10022.0,5144.0,0.2489675248284311,204.0,21.0,1.1337176886843636,752.0,2676.0,0.28101644245142005,8.0,False,False
RADICO,CONSUMER GOODS,2629.3,35495.55,58.25,1911.0,1811.0,1700.0,1234.0,0.0552181115405852,0.06529411764705872,0.3776337115072934,6050.0,3133.0,0.24527420837636105,604.0,220.0,0.4002473279797061,1021.0,3814.0,0.267697954902989,17.0,False,False
DOMS,,2298.4,14020.24,60.6,793.0,690.0,498.0,320.0,0.14927536231884053,0.3855421686746987,0.5562499999999999,2050.0,1082.0,0.23739645294921918,220.0,89.0,0.3521064713790405,351.0,1361.0,0.25789860396767084,17.0,False,False
AFFLE,,1449.1,20287.4,44.85,1525.0,1221.0,1144.0,786.0,0.24897624897624904,0.06730769230769229,0.4554707379134859,2709.0,1434.0,0.2361939616707529,455.0,245.0,0.2291789212788069,610.0,3667.0,0.16634851377147533,23.0,False,False
DEVYANI,,94.59,11634.57,-305.13,5686.0,4622.0,4216.0,2427.0,0.2302033751622674,0.09629981024667922,0.7371240214256283,5611.0,2998.0,0.2323560837431784,-43.0,263.0,,849.0,5375.0,0.15795348837209303,15.0,False,False
ADANIPORTS,SERVICES,1312.6,302554.3,23.62,131669.0,89616.0,75148.0,72224.0,0.4692577218353866,0.19252674721882146,0.040485157288435936,38736.0,20852.0,0.2292937831245141,12782.0,5391.0,0.333449257218295,22851.0,159525.0,0.14324400564174894,59.0,False,False
ERIS,PHARMA,1297.2,18160.8,29.01,5188.0,5306.0,4319.0,2568.0,-0.022238974745571016,0.22852512155591564,0.6818535825545171,3129.0,1685.0,0.22914151075358236,648.0,374.0,0.20106856690478225,1120.0,6262.0,0.17885659533695306,36.0,False,False
CPPLUS,,1798.3,21579.6,57.56,826.0,740.0,70.0,65.0,0.11621621621621614,9.571428571428571,0.07692307692307687,4221.0,2285.0,0.22699572402200974,368.0,108.0,0.5047858118246671,566.0,2057.0,0.27515799708313077,13.0,False,False
HINDCOPPER,METALS,453.5,43898.8,47.74,1922.0,1731.0,1430.0,1326.0,0.11034084344309658,0.2104895104895106,0.07843137254901955,3078.0,1677.0,0.22436766333255886,919.0,295.0,0.46048745799982593,1462.0,3454.0,0.4232773595830921,48.0,False,False
MAXHEALTH,,962.3,93631.79,64.93,12992.0,11502.0,8784.0,7039.0,0.1295426882281343,0.30942622950819665,0.24790453189373496,8373.0,4563.0,0.22426906028285232,1442.0,1104.0,0.09311384676976941,2243.0,14225.0,0.15768014059753954,27.0,False,False
BAJAJFINSV,FINANCIAL SERVICES,1631.8,261088.0,26.65,6800.0,6297.0,5455.0,4336.0,0.07987930760679696,0.15435380384967923,0.2580719557195572,150504.0,82072.0,0.2240082411597737,19669.0,12210.0,0.17225530138853618,56743.0,507829.0,0.11173643096396621,38.0,False,False
EICHERMOT,AUTOMOBILE,6586.0,177822.0,38.14,4385.0,3473.0,2914.0,2690.0,0.26259717823207596,0.19183253260123534,0.0832713754646841,18870.0,10298.0,0.2236944891724817,4734.0,1677.0,0.41329144582733357,4723.0,25614.0,0.1843913484812993,25.0,False,False
JSWENERGY,ENERGY,471.6,82812.96,37.02,74578.0,54155.0,28946.0,25020.0,0.37712122611023924,0.8708975333379396,0.1569144684252597,18901.0,10332.0,0.22301972526162062,2762.0,1480.0,0.23117745142834312,10064.0,107697.0,0.09344735693659062,53.0,False,False
KFINTECH,,876.55,15164.32,44.0,1834.0,803.0,764.0,691.0,1.2839352428393522,0.05104712041884807,0.1056439942112879,1301.0,720.0,0.218002744010642,344.0,196.0,0.20624110479536695,529.0,1729.0,0.3059572006940428,41.0,False,False
SAILIFE,,972.0,20412.0,,1815.0,1488.0,1180.0,1037.0,0.219758064516129,0.2610169491525425,0.1378977820636451,2192.0,1217.0,0.21669948397597394,349.0,10.0,2.2679480372687824,631.0,2772.0,0.22763347763347763,29.0,False,False
FORCEMOT,,19405.0,25226.5,21.1,2222.0,1969.0,2031.0,2094.0,0.12849162011173187,-0.030526834071885722,-0.03008595988538687,9057.0,5029.0,0.21665537014111114,1212.0,134.0,1.083527676729184,1483.0,4194.0,0.3536003814973772,16.0,False,False
PVRINOX,,918.6,9002.28,27.0,13373.0,13906.0,14478.0,14209.0,-0.038328778944340613,-0.039508219367315967,0.018931663030473667,6391.0,3559.0,0.2154775539001661,268.0,-333.0,,2063.0,14157.0,0.1457229639047821,32.0,False,False
GODFRYPHLP,CONSUMER GOODS,1873.5,29039.25,19.15,812.0,732.0,893.0,932.0,0.1092896174863387,-0.18029115341545354,-0.04184549356223177,6391.0,3562.0,0.21513622348235928,1526.0,690.0,0.302872190579379,1585.0,6446.0,0.2458889233633261,25.0,False,False
NAM-INDIA,,801.65,51145.27,33.44,916.0,868.0,331.0,305.0,0.055299539170506895,1.6223564954682779,0.08524590163934431,2709.0,1512.0,0.21456027185364057,1529.0,723.0,0.28358035807932613,1795.0,4734.0,0.37917194761301226,66.0,False,False
MOTILALOFS,FINANCIAL SERVICES,632.75,37965.0,20.37,769.0,768.0,603.0,466.0,0.0013020833333332593,0.2736318407960199,0.29399141630901293,4759.0,2666.0,0.2130681120630733,923.0,569.0,0.17497820692413102,1940.0,34143.0,0.05681984594206719,41.0,False,False
PIRAMALFIN,,1834.5,41276.25,27.61,2468.0,3311.0,1768.0,1616.0,-0.25460585925702206,0.872737556561086,0.09405940594059414,11852.0,6644.0,0.21279483762363172,1506.0,-7401.0,,7051.0,108137.0,0.06520432414437241,59.0,False,False
CGPOWER,INDUSTRIAL MANUFACTURING,655.05,103170.37,85.52,2086.0,1479.0,1059.0,971.0,0.4104124408384042,0.39660056657223786,0.09062821833161694,12418.0,6973.0,0.21211547749294302,1199.0,963.0,0.0757985765950342,1625.0,8088.0,0.20091493570722058,13.0,False,False
SWIGGY,,260.05,67873.05,,4558.0,3631.0,2041.0,1505.0,0.2553015698154779,0.779029887310142,0.35614617940199333,8258.0,4653.0,0.21072992096652698,-3419.0,-3758.0,,-30.0,20865.0,-0.0014378145219266715,-0.0,False,False
GLAND,,1696.1,27137.6,27.2,4492.0,4147.0,3947.0,1571.0,0.08319266939956593,0.0506713959969598,1.5124124761298536,6431.0,3625.0,0.21057072216242023,1027.0,781.0,0.09556917202770787,1630.0,10641.0,0.15318109200263133,25.0,False,False
PERSISTENT,IT,4877.2,77059.76,41.25,2883.0,2541.0,2221.0,2341.0,0.13459268004722547,0.14407924358397128,-0.051260145237078225,14748.0,8351.0,0.20873625451350053,1865.0,921.0,0.26514334496919223,2795.0,8315.0,0.3361395069152135,19.0,False,False
LODHA,,677.0,67632.3,19.73,2651.0,1368.0,1169.0,1828.0,0.9378654970760234,0.1702309666381523,-0.36050328227571116,16676.0,9470.0,0.20757459891193553,3431.0,490.0,0.9131170666704371,4921.0,33182.0,0.1483032969682358,30.0,False,False
AMBER,,6549.0,22921.5,129.73,5879.0,3040.0,2825.0,2222.0,0.9338815789473685,0.07610619469026547,0.2713771377137715,12186.0,6927.0,0.20717989922957059,226.0,164.0,0.11281130854130428,862.0,7074.0,0.12185467910658751,7.0,False,False
ZYDUSWELL,CONSUMER GOODS,426.35,13643.2,68.77,8596.0,5125.0,4708.0,4732.0,0.6772682926829268,0.08857264231096007,-0.005071851225697421,3961.0,2255.0,0.20657067378716154,197.0,310.0,-0.14025793251324403,510.0,9029.0,0.05648466053826559,13.0,False,False
TVSMOTOR,AUTOMOBILE,3363.8,161462.4,52.95,10200.0,7644.0,5891.0,5748.0,0.3343799058084773,0.2975725683245629,0.02487821851078631,56070.0,31974.0,0.20589972232574016,3186.0,1309.0,0.3451437816383862,8352.0,42356.0,0.19718575880630843,15.0,False,False
UNOMINDA,,1031.6,59317.0,49.76,5665.0,4749.0,3931.0,3316.0,0.19288271214992636,0.20808954464512852,0.18546441495778043,19658.0,11236.0,0.204968979712576,1284.0,700.0,0.2241153049806488,2251.0,9569.0,0.23523879193228134,11.0,False,False
TRITURBINE,INDUSTRIAL MANUFACTURING,439.85,14075.2,39.99,363.0,323.0,283.0,269.0,0.1238390092879258,0.14134275618374548,0.052044609665427455,2181.0,1248.0,0.20451910675517815,349.0,193.0,0.2183050357165477,449.0,1482.0,0.3029689608636977,21.0,False,False
NH,HEALTHCARE SERVICES,1605.3,32748.12,40.72,7821.0,4266.0,2651.0,2336.0,0.8333333333333333,0.6092040739343645,0.13484589041095885,7896.0,4525.0,0.20391599757072543,806.0,607.0,0.09912929586373265,1611.0,10394.0,0.15499326534539157,20.0,False,False
TARIL,,254.35,7630.5,28.87,250.0,251.0,144.0,153.0,-0.003984063745019917,0.7430555555555556,-0.05882352941176472,2395.0,1375.0,0.20319016472405416,225.0,37.0,0.8252692246673468,313.0,1972.0,0.15872210953346855,13.0,False,False
RRKABEL,,1293.4,14744.76,29.72,1173.0,769.0,535.0,517.0,0.5253576072821846,0.4373831775700934,0.03481624758220514,9722.0,5599.0,0.20193703284293063,492.0,190.0,0.37321066363864785,784.0,2912.0,0.2692307692307692,8.0,False,False
BAJAJ-AUTO,AUTOMOBILE,8781.5,245882.0,22.84,13362.0,3677.0,3217.0,2842.0,2.633940712537395,0.14299036369288154,0.1319493314567206,62905.0,36455.0,0.19943307722459158,10574.0,6060.0,0.2038957850954921,13061.0,61545.0,0.2122187017629377,21.0,False,False
ASTERDM,HEALTHCARE SERVICES,670.0,34706.0,89.45,4249.0,3920.0,3175.0,9052.0,0.08392857142857135,0.23464566929133857,-0.6492487847989394,2616.0,1534.0,0.19473281771551543,268.0,173.0,0.15707869463442226,550.0,6796.0,0.0809299587992937,21.0,False,False
FORTIS,HEALTHCARE SERVICES,795.0,60022.5,57.61,12232.0,10424.0,9874.0,9426.0,0.17344589409056033,0.05570184322463034,0.047528113727986376,1792.0,1053.0,0.19390529427902226,230.0,96.0,0.33809064469270056,397.0,13369.0,0.029695564365322762,22.0,False,False
VMM,,105.3,49206.69,58.5,6882.0,6535.0,6183.0,5893.0,0.05309869931140021,0.05693029273815298,0.04921092821992201,12906.0,7586.0,0.19378543015374627,839.0,321.0,0.37748108117868373,1884.0,9401.0,0.20040421231783853,15.0,False,False
KEI,INDUSTRIAL MANUFACTURING,4038.0,38361.0,42.03,1686.0,993.0,770.0,567.0,0.6978851963746224,0.28961038961038965,0.3580246913580247,11748.0,6908.0,0.1936322282915146,918.0,477.0,0.24386935235286544,1229.0,6918.0,0.17765250072275224,10.0,False,False
GODIGIT,,325.65,,,157.0,215.0,173.0,161.0,-0.2697674418604651,0.24277456647398843,0.07453416149068315,10005.0,5885.0,0.19350307403555544,544.0,36.0,1.4722865128441263,159.0,5012.0,0.03172386272944932,2.0,False,False
VIJAYA,,861.4,8614.0,51.24,1070.0,865.0,742.0,524.0,0.23699421965317913,0.1657681940700808,0.416030534351145,765.0,450.0,0.19348319192733698,178.0,83.0,0.28957707291471535,322.0,1380.0,0.23333333333333334,42.0,False,False
NEULANDLAB,,12027.0,15635.1,42.39,1178.0,955.0,824.0,758.0,0.2335078534031414,0.15898058252427183,0.0870712401055409,2023.0,1191.0,0.19314907007563042,364.0,164.0,0.3044251947351704,574.0,2176.0,0.26378676470588236,28.0,False,False
ANGELONE,,227.53,20705.23,22.64,505.0,499.0,409.0,187.0,0.012024048096192397,0.22004889975550124,1.1871657754010694,5057.0,2985.0,0.19210965685490322,1023.0,882.0,0.05067649393496576,1913.0,14069.0,0.13597270594925012,38.0,False,False
COHANCE,,301.45,11455.1,,3373.0,1713.0,670.0,663.0,0.9690601284296556,1.5567164179104478,0.010558069381598756,2269.0,1340.0,0.19190936611227127,150.0,411.0,-0.285366870428824,427.0,4311.0,0.09904894456042682,19.0,False,False
PHOENIXLTD,CONSTRUCTION,1506.3,54226.8,44.02,14772.0,14466.0,13137.0,10964.0,0.02115304852758193,0.1011646494633478,0.19819408974826702,4423.0,2616.0,0.19131442348271221,1557.0,1478.0,0.017508531882486134,2637.0,16312.0,0.161660127513487,60.0,False,False
ELECON,,354.75,7804.5,23.34,930.0,914.0,769.0,754.0,0.017505470459518557,0.18855656697009104,0.019893899204244114,2016.0,1197.0,0.18977669851800583,477.0,188.0,0.363913547779783,475.0,2578.0,0.18425135764158262,24.0,False,False
POLYMED,,1191.1,12149.22,37.48,1702.0,1084.0,867.0,635.0,0.570110701107011,0.2502883506343714,0.3653543307086615,1875.0,1115.0,0.18916504520257726,321.0,179.0,0.2149283523118386,442.0,3460.0,0.12774566473988438,24.0,False,False
LUPIN,PHARMA,2313.9,105282.45,19.84,11315.0,9719.0,8878.0,8355.0,0.1642144253524025,0.094728542464519,0.06259724715739079,27958.0,16642.0,0.18877645352363892,5355.0,448.0,1.2864435684427087,8816.0,29064.0,0.3033305807872282,32.0,False,False
INDHOTEL,SERVICES,570.95,81074.9,39.0,12233.0,10918.0,9311.0,8819.0,0.12044330463454855,0.17259155837181828,0.05578863816759272,9689.0,5810.0,0.18586233268780905,2247.0,1053.0,0.2874337810219585,3195.0,15889.0,0.20108250991251808,33.0,False,False
SONACOMS,,481.5,29949.3,46.79,3938.0,2127.0,1951.0,1588.0,0.8514339445228021,0.09021014864172217,0.22858942065491195,4449.0,2676.0,0.1846555649565471,629.0,395.0,0.1677535151659817,1081.0,6425.0,0.16824902723735408,24.0,False,False
HDFCAMC,FINANCIAL SERVICES,2216.4,94861.92,33.22,274.0,198.0,153.0,150.0,0.38383838383838387,0.2941176470588236,0.020000000000000018,4119.0,2478.0,0.1845775471720319,2859.0,1424.0,0.2615410553670383,3297.0,9229.0,0.35724347166540255,80.0,False,False
MAZDOCK,,2065.2,83434.08,32.25,2069.0,1466.0,838.0,1024.0,0.4113233287858118,0.7494033412887828,-0.181640625,13006.0,7827.0,0.18444838092044136,2578.0,1119.0,0.32074084459288366,2266.0,10202.0,0.22211331111546756,17.0,False,False
KPIL,,1057.6,17979.2,17.37,3148.0,3252.0,3073.0,3124.0,-0.03198031980319804,0.05824926781646589,-0.016325224071702893,27143.0,16361.0,0.1838118074477164,1031.0,435.0,0.3332854388926394,2240.0,11319.0,0.19789734075448362,8.0,False,False
ENDURANCE,AUTOMOBILE,2213.9,31215.99,32.72,5701.0,4058.0,3630.0,3143.0,0.4048792508624939,0.11790633608815426,0.1549475023862552,14596.0,8804.0,0.18354454185840496,952.0,480.0,0.2564115023286342,1966.0,8168.0,0.24069539666993145,13.0,False,False
BRIGADE,CONSTRUCTION,650.75,15943.38,24.7,8545.0,6899.0,5747.0,4681.0,0.23858530221771268,0.20045240995301894,0.22772911770989102,5697.0,3445.0,0.18254859854830308,725.0,222.0,0.48363935206362374,1427.0,13165.0,0.10839346752753513,25.0,False,False
LEMONTREE,SERVICES,100.42,7953.26,34.99,3563.0,3556.0,3641.0,2957.0,0.0019685039370078705,-0.02334523482559736,0.2313155224890091,1444.0,875.0,0.18173395234635925,288.0,141.0,0.26879402568420585,690.0,3396.0,0.20318021201413428,48.0,False,False
M&M,AUTOMOBILE,2954.7,330335.46,21.49,43831.0,34636.0,28129.0,27140.0,0.26547522808638413,0.23132710014575708,0.03644067796610173,198639.0,121269.0,0.17879488116565279,18622.0,11374.0,0.17861247292135407,37561.0,227060.0,0.1654232361490355,19.0,False,False
CCL,CONSUMER GOODS,1041.2,14056.2,35.82,2027.0,1622.0,1252.0,1257.0,0.24969173859432803,0.2955271565495208,-0.003977724741447863,2216.0,1356.0,0.1778862592559045,287.0,175.0,0.17927370799407338,300.0,3669.0,0.08176614881439084,14.0,False,False
MANKIND,,2005.8,82237.8,43.28,19093.0,19005.0,4545.0,4251.0,0.0046303604314654745,3.1815181518151814,0.06916019760056447,14278.0,8749.0,0.1773429485500615,1938.0,1310.0,0.13944707796610434,3617.0,22612.0,0.15995931363877586,25.0,False,False
MEDANTA,,961.1,25949.7,46.43,3795.0,2514.0,2236.0,2050.0,0.5095465393794749,0.12432915921288012,0.09073170731707325,4410.0,2710.0,0.17622326759740714,554.0,326.0,0.19333960636388126,919.0,5152.0,0.1783773291925466,21.0,False,False
SCHNEIDER,,845.8,,,462.0,419.0,401.0,320.0,0.10262529832935563,0.04488778054862852,0.25312500000000004,2891.0,1777.0,0.17612519791335934,213.0,124.0,0.1976207337231064,371.0,1323.0,0.2804232804232804,13.0,False,False
MSUMI,,36.9,,,779.0,691.0,600.0,579.0,0.12735166425470323,0.15166666666666662,0.03626943005181338,11478.0,7068.0,0.17541138562189262,625.0,487.0,0.08671839559371408,1060.0,2395.0,0.44258872651356995,9.0,False,False
NEWGEN,,402.3,5672.43,19.05,239.0,259.0,248.0,245.0,-0.07722007722007718,0.04435483870967749,0.012244897959183598,1574.0,974.0,0.1734968379725188,301.0,176.0,0.195871757055343,406.0,1816.0,0.22356828193832598,26.0,False,False
SOBHA,CONSTRUCTION,1187.4,12705.18,65.64,1104.0,1005.0,946.0,899.0,0.09850746268656718,0.06236786469344602,0.0522803114571746,5368.0,3328.0,0.17276157980283768,301.0,95.0,0.4687491561628978,421.0,5777.0,0.07287519473775315,8.0,False,False
DMART,CONSUMER GOODS,3956.8,257983.36,86.85,20090.0,16206.0,13415.0,11340.0,0.23966432185610276,0.20805068952664918,0.1829805996472662,68821.0,42840.0,0.17118051634011078,2970.0,2378.0,0.07691526498187051,5187.0,26889.0,0.19290416155305143,8.0,False,False
HONASA,,298.25,9693.12,48.5,489.0,302.0,299.0,252.0,0.619205298013245,0.010033444816053505,0.1865079365079365,2392.0,1493.0,0.17012912485469878,200.0,-151.0,,236.0,1546.0,0.15265200517464425,10.0,False,False
MOTHERSON,,105.08,110859.4,28.71,38576.0,33181.0,30122.0,23147.0,0.16259305023959492,0.10155368169444268,0.3013349462133321,126104.0,78788.0,0.16974068493892913,4086.0,1670.0,0.34749541786266214,11903.0,60149.0,0.19789190177725316,9.0,False,False
APARINDS,,9881.0,39524.0,40.63,1717.0,1540.0,1193.0,950.0,0.11493506493506489,0.29086336965632853,0.25578947368421057,22902.0,14336.0,0.169001690877417,977.0,638.0,0.1526336520454763,1876.0,6349.0,0.2954796030871003,8.0,False,False
INDIAMART,,1986.2,11917.2,25.14,494.0,515.0,536.0,553.0,-0.04077669902912617,-0.03917910447761197,-0.030741410488245968,1569.0,985.0,0.16787287336696055,475.0,284.0,0.18702105716748285,475.0,2423.0,0.19603796945934793,30.0,False,False
FSL,IT,204.39,14245.98,21.42,5567.0,4994.0,3853.0,3716.0,0.1147376852222668,0.29613288346742794,0.03686759956942942,9556.0,6022.0,0.1663936052634527,674.0,514.0,0.09454156680360604,1556.0,7307.0,0.21294648966744217,16.0,False,False
MAPMYINDIA,,801.1,4406.05,32.7,105.0,90.0,61.0,49.0,0.16666666666666674,0.47540983606557385,0.24489795918367352,401.0,254.0,0.16440363356246057,138.0,109.0,0.081809679110735,153.0,912.0,0.16776315789473684,38.0,False,False
JBMA,,515.25,12366.0,55.7,1620.0,1720.0,1729.0,1540.0,-0.05813953488372092,-0.005205320994794649,0.1227272727272728,6088.0,3857.0,0.16432708858933975,238.0,125.0,0.23943088694822512,673.0,4568.0,0.1473292469352014,11.0,False,False
LTFOODS,,363.3,12715.5,20.17,1852.0,1404.0,1160.0,995.0,0.31908831908831914,0.21034482758620698,0.16582914572864316,10946.0,6936.0,0.16425680878770543,625.0,423.0,0.13897244309969103,1159.0,6131.0,0.18903930843255587,11.0,False,False
ITI,TELECOM,239.05,23020.51,78.63,2370.0,2710.0,2732.0,2752.0,-0.1254612546125461,-0.008052708638360162,-0.007267441860465129,2184.0,1395.0,0.1611619841358809,293.0,-360.0,,44.0,2671.0,0.01647323099962561,2.0,False,False
CUMMINSIND,INDUSTRIAL MANUFACTURING,4500.1,123752.75,52.82,2404.0,2364.0,2302.0,2226.0,0.016920473773265554,0.02693310165073859,0.034141958670260486,12143.0,7772.0,0.16037331913715258,2362.0,1228.0,0.24363759477981484,2595.0,8512.0,0.30486372180451127,21.0,False,False
ACMESOLAR,,261.61,15827.41,31.79,15732.0,12315.0,6758.0,6631.0,0.2774665042630937,0.8222846996152708,0.01915246569144924,2023.0,1295.0,0.1603135701436862,498.0,-3.0,,1781.0,24957.0,0.07136274391954162,88.0,False,False
INDIGO,SERVICES,3943.5,152613.45,-63.74,63178.0,51782.0,36154.0,27658.0,0.2200764744505812,0.4322619903745091,0.30718056258587034,84962.0,54446.0,0.15989742092665016,-2502.0,-317.0,,11844.0,84720.0,0.13980169971671388,14.0,False,False
CAMS,,625.8,15645.0,32.59,493.0,406.0,376.0,333.0,0.2142857142857142,0.07978723404255317,0.12912912912912922,1516.0,972.0,0.15969640833747079,472.0,285.0,0.18312976262901182,683.0,1385.0,0.49314079422382673,45.0,False,False
LT,CONSTRUCTION,3504.1,481813.75,29.97,30867.0,44055.0,42964.0,42641.0,-0.2993530813755533,0.02539335257424824,0.007574869257287675,285874.0,183341.0,0.15959149368587133,18954.0,12531.0,0.14790262433079882,35411.0,234787.0,0.15082180870320758,12.0,False,False
MARUTI,AUTOMOBILE,12306.0,386408.4,26.36,34955.0,32983.0,27865.0,17830.0,0.059788375829973095,0.18367127220527535,0.562815479528884,183316.0,117571.0,0.15957823026954365,14680.0,8211.0,0.21369622502229246,21456.0,107258.0,0.2000410225810662,12.0,False,False
BEL,INDUSTRIAL MANUFACTURING,400.65,292875.15,48.33,4366.0,3419.0,3035.0,2963.0,0.27698157355952024,0.12652388797364078,0.02429969625379691,27610.0,17734.0,0.1590083571585692,6062.0,2986.0,0.26621866060592647,8049.0,24053.0,0.33463601213985783,29.0,False,False
IPCALAB,PHARMA,1601.2,40030.0,35.6,4638.0,4267.0,4554.0,2751.0,0.0869463323177877,-0.06302151954325863,0.6553980370774264,9646.0,6204.0,0.15848875552289377,1184.0,479.0,0.3520893634701465,1979.0,8872.0,0.22306131650135258,21.0,False,False
ECLERX,IT,1387.2,12762.24,18.47,1054.0,974.0,850.0,773.0,0.08213552361396315,0.14588235294117657,0.09961190168175937,4117.0,2648.0,0.1584775678117818,706.0,489.0,0.1302259660320464,1051.0,2946.0,0.35675492192803804,26.0,False,False
BLUESTARCO,CONSUMER GOODS,1610.7,33019.35,62.77,1768.0,1536.0,1165.0,859.0,0.15104166666666674,0.31845493562231764,0.35622817229336445,12402.0,7977.0,0.1584680082046559,527.0,401.0,0.09535630943012197,930.0,4241.0,0.21928790379627447,8.0,False,False
THELEELA,,409.6,13680.64,,7853.0,6305.0,6212.0,5259.0,0.24551942902458368,0.014971023824855045,0.1812131583951322,437.0,282.0,0.15720626501982093,276.0,-25.0,,219.0,8215.0,0.026658551430310408,50.0,False,False
TRAVELFOOD,,1261.8,16403.4,37.68,636.0,372.0,387.0,353.0,0.7096774193548387,-0.03875968992248058,0.09631728045325771,1648.0,1067.0,0.15592838740830017,452.0,251.0,0.21661986804604116,649.0,1688.0,0.384478672985782,39.0,False,False
SJVN,ENERGY,63.35,24896.55,38.87,23471.0,11610.0,10906.0,8489.0,1.021619293712317,0.06455162295983863,0.2847214041701025,4528.0,2938.0,0.15509634304070175,642.0,1359.0,-0.22117743887793062,3293.0,46517.0,0.07079132360212395,73.0,False,False
EMCURE,,1595.5,30314.5,32.72,3420.0,3197.0,3125.0,2147.0,0.06975289333750401,0.02303999999999995,0.45551932929669303,9204.0,5986.0,0.1541970655881284,941.0,562.0,0.18745666452662624,1865.0,6508.0,0.2865703749231715,20.0,False,False
IEX,FINANCIAL SERVICES,114.75,10212.75,20.75,102.0,87.0,101.0,110.0,0.17241379310344818,-0.13861386138613863,-0.08181818181818179,616.0,401.0,0.1538396174434873,493.0,306.0,0.17230827599961063,520.0,1375.0,0.3781818181818182,84.0,False,False
TIINDIA,AUTOMOBILE,2517.3,47828.7,,6321.0,5210.0,4393.0,3588.0,0.21324376199616113,0.185977691782381,0.22435897435897445,22847.0,14964.0,0.15149085726855915,1118.0,1325.0,-0.055050408181145816,2258.0,8505.0,0.2654908877131099,,False,False
CAPLIPOINT,PHARMA,1504.8,11286.0,21.33,605.0,546.0,453.0,280.0,0.10805860805860812,0.20529801324503305,0.6178571428571429,1937.0,1269.0,0.15139056466641154,541.0,308.0,0.2065597946661517,651.0,3591.0,0.18128654970760233,34.0,False,False
BIKAJI,,621.95,15548.75,60.38,1034.0,986.0,812.0,661.0,0.04868154158215021,0.2142857142857142,0.22844175491679275,2994.0,1966.0,0.15050742948995466,254.0,136.0,0.23149202218293263,411.0,1906.0,0.21563483735571878,14.0,False,False
GRAVITA,,1318.1,9885.75,25.68,939.0,436.0,348.0,273.0,1.153669724770642,0.2528735632183907,0.27472527472527464,4265.0,2801.0,0.15045236767281223,378.0,204.0,0.22825123872166442,435.0,3188.0,0.1364491844416562,10.0,False,False
INDGN,,434.6,10430.4,26.1,1812.0,678.0,646.0,664.0,1.672566371681416,0.049535603715170184,-0.027108433734939763,3510.0,2306.0,0.1503127614496873,401.0,266.0,0.14662369437012912,619.0,3283.0,0.1885470606152909,18.0,False,False
ACE,,748.95,8987.4,21.48,782.0,716.0,580.0,487.0,0.0921787709497206,0.23448275862068968,0.19096509240246418,3280.0,2160.0,0.14940574679424357,415.0,173.0,0.33865089038062535,504.0,2019.0,0.24962852897473997,15.0,False,False
MFSL,FINANCIAL SERVICES,1490.7,51429.15,613.46,607.0,610.0,612.0,614.0,-0.004918032786885296,-0.0032679738562091387,-0.0032573289902280145,47674.0,31415.0,0.14916266910813913,106.0,452.0,-0.38332575588956663,212.0,7141.0,0.029687718806889793,0.0,False,False
FIRSTCRY,,208.34,10104.49,,3591.0,3609.0,3868.0,3533.0,-0.004987531172069848,-0.06695966907962769,0.09482026606283611,8548.0,5633.0,0.14914523547995917,-204.0,-486.0,,262.0,6421.0,0.04080361314437004,3.0,False,False
OBEROIRLTY,CONSTRUCTION,1419.0,51651.6,20.58,4700.0,4685.0,3053.0,949.0,0.0032017075773747017,0.5345561742548313,2.2170706006322445,4916.0,3240.0,0.14909417026859706,1968.0,2333.0,-0.055134224549075905,2650.0,20747.0,0.1277293102617246,54.0,False,False
BHARTIARTL,TELECOM,1782.4,1086194.56,40.68,406662.0,388468.0,303303.0,277394.0,0.0468352605620026,0.28079181544528087,0.09340144343424872,210973.0,139145.0,0.14882291893724497,33823.0,12287.0,0.40148597418107657,119674.0,344469.0,0.34741587777129435,57.0,False,False
BIOCON,PHARMA,360.9,58465.8,151.64,38860.0,31963.0,30644.0,29468.0,0.21578074648812695,0.04304268372275155,0.03990769648432191,16927.0,11174.0,0.148480896671779,369.0,643.0,-0.16899214086815273,3455.0,49465.0,0.0698473668250278,20.0,False,False
ICICIGI,FINANCIAL SERVICES,1710.6,,,834.0,728.0,930.0,883.0,0.14560439560439553,-0.21720430107526878,0.053227633069082625,26994.0,17876.0,0.14726998723375861,2772.0,1729.0,0.17039577192014765,3731.0,16633.0,0.2243131124872242,14.0,False,False
NATCOPHARM,PHARMA,974.2,17535.6,12.3,2803.0,2698.0,2491.0,2427.0,0.0389177168272794,0.0830991569650743,0.026370004120313206,4078.0,2707.0,0.14635638754132452,1418.0,715.0,0.2563868909377889,1436.0,9935.0,0.14453950679416205,35.0,False,False
KIMS,,621.5,24860.0,103.07,5710.0,3348.0,2434.0,1766.0,0.7054958183990443,0.3755135579293345,0.3782559456398642,1702.0,1132.0,0.14561241023648885,261.0,252.0,0.011765785274559626,468.0,6500.0,0.072,28.0,False,False
PINELABS,,156.18,17960.7,159.37,1963.0,1825.0,1920.0,2103.0,0.07561643835616438,-0.04947916666666663,-0.08701854493580596,1926.0,1281.0,0.14560715574108984,150.0,-56.0,,271.0,6337.0,0.04276471516490453,14.0,False,False
ZENSARTECH,IT,514.55,11577.37,15.11,1398.0,1170.0,1034.0,1174.0,0.19487179487179485,0.1315280464216635,-0.11925042589437818,2739.0,1823.0,0.14534182724185762,686.0,308.0,0.30594373533189234,603.0,4798.0,0.12567736556898707,22.0,False,False
REDINGTON,SERVICES,199.95,15596.1,10.49,675.0,858.0,861.0,877.0,-0.21328671328671334,-0.0034843205574912606,-0.018244013683010207,119162.0,79377.0,0.14502341438087307,1284.0,1439.0,-0.037276861562077546,2229.0,13002.0,0.17143516382095061,2.0,False,False
LALPATHLAB,HEALTHCARE SERVICES,1312.1,22043.28,43.55,1257.0,1168.0,1228.0,1305.0,0.07619863013698636,-0.04885993485342022,-0.05900383141762455,2648.0,1769.0,0.1439227993929144,508.0,292.0,0.2027082414525725,754.0,2708.0,0.27843426883308714,28.0,False,False
GRASIM,CEMENT & CEMENT PRODUCTS,2557.7,173923.6,35.05,150040.0,141148.0,100494.0,94896.0,0.06299770453708176,0.4045415646705275,0.058990895295902845,175431.0,117627.0,0.14252691415005359,10300.0,11078.0,-0.023980215195521293,36296.0,331323.0,0.10954868813816125,21.0,False,False
ANURAS,,1230.9,17971.14,82.39,3713.0,2185.0,1501.0,1417.0,0.6993135011441647,0.45569620253164556,0.059280169371912494,2365.0,1602.0,0.13864814887978372,222.0,217.0,0.0076222453138476975,525.0,5201.0,0.1009421265141319,22.0,False,False
RHIM,,337.85,7094.85,-18.22,2128.0,2730.0,2805.0,3258.0,-0.2205128205128205,-0.0267379679144385,-0.1390423572744015,4020.0,2726.0,0.1382388390044158,-383.0,-466.0,,442.0,4009.0,0.11025193315041157,11.0,False,False
STARHEALTH,,457.5,,,287.0,161.0,159.0,217.0,0.7826086956521738,0.012578616352201255,-0.26728110599078336,17825.0,12096.0,0.1379659135226292,557.0,619.0,-0.034568387617138874,745.0,10068.0,0.07399682161303138,4.0,False,False
IRCTC,,494.5,39560.0,28.39,839.0,813.0,343.0,351.0,0.03198031980319804,1.370262390670554,-0.022792022792022748,5215.0,3541.0,0.13773939302582705,1393.0,1006.0,0.11459659477596373,1666.0,4390.0,0.379498861047836,32.0,False,False
TATACONSUM,,1014.8,100465.2,65.09,22019.0,21477.0,19358.0,13070.0,0.025236299296922393,0.10946378758136177,0.48110175975516456,20290.0,13783.0,0.13757340509039717,1547.0,1320.0,0.05431922926851973,2792.0,24608.0,0.1134590377113134,14.0,False,False
SHYAMMETL,,771.1,21436.58,20.11,8134.0,6357.0,3995.0,3311.0,0.27953437155891137,0.5912390488110137,0.2065841135608577,18552.0,12658.0,0.1359046605445593,1060.0,843.0,0.0793428780433385,2333.0,12528.0,0.18622286079182632,13.0,False,False
HINDALCO,METALS,884.45,196347.9,14.84,132208.0,116556.0,111810.0,110626.0,0.13428738117299832,0.04244700831768178,0.010702728110932425,112553.0,76878.0,0.13549440743844765,10080.0,3326.0,0.44714737911277314,16273.0,235744.0,0.0690282679516764,14.0,False,False
BATAINDIA,CONSUMER GOODS,607.5,7776.0,23.61,1651.0,1800.0,1509.0,1392.0,-0.08277777777777773,0.19284294234592436,0.08405172413793105,3489.0,2388.0,0.1347204513475755,331.0,103.0,0.47569607793187174,753.0,2982.0,0.25251509054325955,22.0,False,False
MRF,AUTOMOBILE,128495.0,51398.0,29.15,12966.0,13221.0,12046.0,10118.0,-0.01928749716360334,0.09754275278100621,0.1905514923898004,28152.0,19317.0,0.13376537959444823,1869.0,669.0,0.40840555024823466,4095.0,24181.0,0.16934783507712667,15.0,False,False
AJANTPHARM,PHARMA,2805.1,35063.75,33.19,1867.0,1762.0,1479.0,1496.0,0.059591373439273454,0.19134550371872883,-0.011363636363636354,5453.0,3743.0,0.13363146117639246,1056.0,588.0,0.21552024717571583,1395.0,4787.0,0.29141424691873824,26.0,False,False
EIHOTEL,SERVICES,273.55,17096.88,27.22,3881.0,3143.0,2885.0,2871.0,0.2348075087496022,0.08942807625649918,0.004876349703935912,2940.0,2019.0,0.13345340244167403,657.0,329.0,0.25928246841199276,1024.0,5514.0,0.18570910409865796,35.0,False,False
DELHIVERY,,416.7,31252.5,204.26,5432.0,3887.0,3354.0,2995.0,0.3974787754051967,0.1589147286821706,0.11986644407345581,10508.0,7225.0,0.1329934632460521,153.0,-1008.0,,640.0,11150.0,0.05739910313901345,6.0,False,False
TORNTPHARM,PHARMA,4220.2,142642.76,66.81,33376.0,7947.0,8138.0,8121.0,3.199823832892916,-0.023470140083558633,0.0020933382588350646,13980.0,9620.0,0.13268904399504033,2138.0,1245.0,0.19751083015011206,4559.0,23414.0,0.19471256513197233,33.0,False,False
RAINBOW,,1163.1,11863.62,42.45,1759.0,1398.0,1253.0,931.0,0.25822603719599435,0.1157222665602553,0.34586466165413543,1703.0,1174.0,0.13200631692917653,282.0,212.0,0.09977645023157256,544.0,2540.0,0.2141732283464567,32.0,False,False
NBCC,CONSTRUCTION,77.52,20930.4,29.03,614.0,531.0,185.0,182.0,0.15630885122410554,1.8702702702702703,0.016483516483516425,9755.0,6736.0,0.13137974259796992,703.0,231.0,0.44915369453553855,542.0,3017.0,0.17964865760689427,6.0,False,False
BHEL,INDUSTRIAL MANUFACTURING,245.5,85434.0,53.37,3094.0,2947.0,2574.0,2476.0,0.04988123515439424,0.14491064491064498,0.039579967689822304,33782.0,23365.0,0.1307671694301773,1578.0,624.0,0.36240889283951283,2342.0,34333.0,0.06821425450732531,7.0,False,False
BELRISE,,185.99,16553.11,,3104.0,2900.0,2460.0,2429.0,0.07034482758620686,0.17886178861788626,0.012762453684643793,9509.0,6582.0,0.13046986497535729,497.0,314.0,0.16540152007411324,1154.0,6747.0,0.1710389802875352,12.0,False,False
MINDACORP,AUTOMOBILE,505.65,12135.6,33.55,1630.0,1507.0,1207.0,1026.0,0.081619110816191,0.24855012427506207,0.1764132553606237,6185.0,4300.0,0.12881754111468346,358.0,284.0,0.08024325232939034,721.0,4115.0,0.17521263669501821,12.0,False,False
SONATSOFTW,IT,209.6,5868.8,12.66,1898.0,1603.0,1671.0,1732.0,0.18402994385527127,-0.040694195092758845,-0.035219399538106266,10701.0,7449.0,0.1283455745986819,464.0,452.0,0.008772377883410787,741.0,2628.0,0.2819634703196347,7.0,False,False
TATAINVEST,FINANCIAL SERVICES,541.15,27598.65,63.14,171.0,174.0,14.0,15.0,-0.017241379310344862,11.428571428571429,-0.06666666666666665,397.0,277.0,0.12746632482740772,434.0,252.0,0.19866105802463507,355.0,29223.0,0.012147965643499983,89.0,False,False
APOLLOHOSP,HEALTHCARE SERVICES,7419.0,106833.6,54.94,12312.0,10988.0,9664.0,8520.0,0.12049508554787036,0.13700331125827825,0.13427230046948346,9326.0,6525.0,0.12643196239606347,1493.0,1085.0,0.11226948658774738,2328.0,17973.0,0.12952762477048907,25.0,False,False
APLAPOLLO,METALS,1937.0,54236.0,44.7,4060.0,3668.0,3281.0,2580.0,0.10687022900763354,0.11795184395001534,0.27170542635658923,23079.0,16166.0,0.12599934417303582,1203.0,642.0,0.23284988717091815,1802.0,5795.0,0.3109577221742882,8.0,False,False
GABRIEL,,826.35,11568.9,47.09,843.0,641.0,543.0,,0.3151326053042123,0.18047882136279925,,4233.0,2972.0,0.12512252956497605,243.0,132.0,0.2255869109648656,369.0,1516.0,0.2434036939313984,9.0,False,False
SOLARINDS,CHEMICALS,12076.0,108684.0,65.14,4045.0,2692.0,2028.0,1702.0,0.5026002971768202,0.3274161735700196,0.1915393654524089,9838.0,6918.0,0.12454132636169701,1737.0,811.0,0.28901999695114466,2622.0,7801.0,0.33611075503140625,27.0,False,False
BHARTIHEXA,,1508.7,,,14038.0,14733.0,13615.0,11174.0,-0.04717301296409426,0.08211531399192062,0.21845355289063906,9354.0,6579.0,0.12446470023062717,1733.0,549.0,0.4669278012805078,4890.0,13302.0,0.36761389264772215,52.0,False,False
HONAUT,INDUSTRIAL MANUFACTURING,26325.0,,,202.0,202.0,170.0,151.0,0.0,0.18823529411764706,0.1258278145695364,4190.0,2948.0,0.12433444169146535,524.0,339.0,0.15622901325361682,590.0,4573.0,0.12901815001093375,14.0,False,False
PCBL,,241.95,9436.05,48.1,7145.0,6595.0,6892.0,1968.0,0.08339651250947688,-0.043093441671503196,2.502032520325203,8189.0,5774.0,0.12353006193571137,198.0,442.0,-0.23484813648711944,1043.0,8995.0,0.11595330739299611,13.0,False,False
HDFCLIFE,FINANCIAL SERVICES,590.6,127451.48,66.66,746.0,2143.0,1549.0,997.0,-0.6518898740083994,0.3834732085216268,0.5536609829488466,99432.0,70207.0,0.1230055944308539,1912.0,1368.0,0.11806554326627161,1133.0,20849.0,0.05434313396325963,1.0,False,False
NAVINFLUOR,CHEMICALS,6162.5,30812.5,47.6,3324.0,2736.0,1875.0,1646.0,0.21491228070175428,0.45920000000000005,0.13912515188335361,2302.0,1628.0,0.12240684415454783,488.0,312.0,0.16079378984500803,664.0,5246.0,0.12657262676324818,29.0,False,False
JKCEMENT,CEMENT & CEMENT PRODUCTS,5080.0,39116.0,39.55,11587.0,9519.0,9298.0,8467.0,0.21724971110410762,0.023768552376855157,0.0981457422936105,13722.0,9720.0,0.12180416993281518,988.0,416.0,0.3342008243609724,2374.0,13220.0,0.17957639939485628,17.0,False,False
FINCABLES,INDUSTRIAL MANUFACTURING,776.5,12035.75,16.64,850.0,583.0,444.0,435.0,0.45797598627787317,0.3130630630630631,0.020689655172413834,6321.0,4481.0,0.12151120113130909,714.0,504.0,0.12311068346755549,620.0,6105.0,0.10155610155610155,10.0,False,False
JWL,,238.1,10166.87,59.52,1119.0,972.0,831.0,464.0,0.15123456790123457,0.16967509025270755,0.790948275862069,2916.0,2068.0,0.12136155285376216,166.0,121.0,0.11115396222861884,354.0,3974.0,0.08907901358832411,12.0,False,False
NAUKRI,IT,967.7,62900.5,43.28,750.0,785.0,810.0,801.0,-0.04458598726114649,-0.030864197530864224,0.011235955056179803,3285.0,2346.0,0.11875705929170222,1763.0,-70.0,,1172.0,38173.0,0.03070232887119168,36.0,False,False
ULTRACEMCO,CEMENT & CEMENT PRODUCTS,10745.0,316977.5,38.78,99260.0,94564.0,62878.0,59579.0,0.049659489869294804,0.5039282419924298,0.05537185921213861,88512.0,63240.0,0.1185878496407522,8188.0,5073.0,0.17301704780226657,17004.0,100379.0,0.16939798164954822,19.0,False,False
ADANIPOWER,ENERGY,150.43,290104.26,22.59,69401.0,69297.0,63016.0,51451.0,0.001500786469832649,0.09967309889551856,0.22477697226487336,54241.0,38773.0,0.11840584344718841,12971.0,10727.0,0.0653649213026748,19806.0,119607.0,0.16559231483107176,37.0,False,False
MARICO,CONSUMER GOODS,735.95,95673.5,54.23,3633.0,2758.0,2724.0,2246.0,0.31725888324873086,0.012481644640234935,0.21282279608192334,13611.0,9764.0,0.11708808881168609,1813.0,1322.0,0.11102061234117189,2328.0,4767.0,0.4883574575204531,17.0,False,False
TEGA,,1660.8,12456.0,87.46,665.0,623.0,600.0,548.0,0.0674157303370786,0.03833333333333333,0.0948905109489051,1692.0,1214.0,0.11701899224644041,143.0,184.0,-0.08059667192504805,231.0,3805.0,0.060709592641261495,14.0,False,False
SBILIFE,FINANCIAL SERVICES,1777.3,,,688.0,580.0,551.0,520.0,0.18620689655172407,0.05263157894736836,0.059615384615384626,112315.0,80636.0,0.11678505903620429,2470.0,1721.0,0.12799028953456038,749.0,19086.0,0.03924342449963324,1.0,False,False
HEROMOTOCO,AUTOMOBILE,5063.0,101260.0,17.64,6894.0,6283.0,6232.0,6159.0,0.09724653827789265,0.008183568677792019,0.011852573469719019,47411.0,34158.0,0.1154811279148773,5776.0,2800.0,0.27298431066174045,7045.0,22390.0,0.3146493970522555,15.0,False,False
CEATLTD,AUTOMOBILE,3242.5,12970.0,18.79,8478.0,6984.0,6271.0,6096.0,0.21391752577319578,0.11369797480465627,0.02870734908136474,15678.0,11315.0,0.1148386941919024,697.0,182.0,0.5645416534391694,2047.0,8318.0,0.24609281077182016,13.0,False,False
SAPPHIRE,,150.42,4813.44,-151.94,2570.0,2338.0,2178.0,1789.0,0.0992301112061591,0.07346189164370975,0.21743991056456125,3125.0,2266.0,0.11308937886213166,-32.0,233.0,,474.0,2807.0,0.16886355539722123,15.0,False,False
VOLTAS,CONSUMER GOODS,1272.8,42002.4,112.04,1080.0,973.0,548.0,525.0,0.10996916752312447,0.7755474452554745,0.04380952380952374,10538.0,7675.0,0.11145854739808714,341.0,1405.0,-0.37622779592097566,289.0,7368.0,0.039223669923995653,3.0,False,False
KIRLOSENG,INDUSTRIAL MANUFACTURING,1328.9,19269.05,33.63,1415.0,1183.0,769.0,689.0,0.19611158072696533,0.5383615084525357,0.11611030478954998,5647.0,4116.0,0.11117076669229276,461.0,270.0,0.19521413444269253,737.0,8994.0,0.08194351790082277,13.0,False,False
CANHLIFE,,140.65,,,37.0,42.0,77.0,73.0,-0.11904761904761907,-0.4545454545454546,0.0547945205479452,11556.0,8435.0,0.11064214330508038,127.0,91.0,0.11751692556898075,68.0,1855.0,0.036657681940700806,1.0,False,False
ESCORTS,AUTOMOBILE,2740.3,30691.36,12.81,2184.0,2053.0,2165.0,1891.0,0.06380905991232333,-0.05173210161662822,0.1448968799576944,11540.0,8429.0,0.1103926668513393,2394.0,637.0,0.5547536005668623,1496.0,12535.0,0.1193458316713203,13.0,False,False
ABSLAMC,,878.3,25295.04,26.02,119.0,107.0,111.0,70.0,0.11214953271028039,-0.036036036036036,0.5857142857142856,1845.0,1349.0,0.11001319216722583,975.0,596.0,0.17829161003153082,1105.0,4105.0,0.269183922046285,60.0,False,False
DRREDDY,PHARMA,1254.9,105411.6,24.96,22063.0,18226.0,10426.0,9219.0,0.21052342806979052,0.7481296758104738,0.1309252630437141,33700.0,24670.0,0.10956713293700382,4158.0,4507.0,-0.02650817469278466,6454.0,45626.0,0.14145443387542192,19.0,False,False
KEC,CONSTRUCTION,511.3,13549.45,22.47,1773.0,1647.0,1628.0,1583.0,0.07650273224043724,0.011670761670761642,0.028427037271004485,23506.0,17282.0,0.10797061819302045,606.0,176.0,0.510033743114181,1659.0,11537.0,0.1437982144404958,7.0,False,False
DIVISLAB,PHARMA,5947.0,157595.5,61.48,6528.0,5442.0,4739.0,4723.0,0.19955898566703412,0.14834353239079978,0.0033876773237349056,10560.0,7768.0,0.10777501844579929,2568.0,1823.0,0.12099269777788879,3441.0,16768.0,0.20521230916030533,33.0,False,False
AUROPHARMA,PHARMA,1304.4,75655.2,21.62,19611.0,14794.0,14493.0,11024.0,0.32560497498986085,0.020768646933002177,0.3146770682148041,33653.0,24855.0,0.10629259645869404,3503.0,1928.0,0.22023750497716144,6846.0,45964.0,0.14894265077016797,20.0,False,False
ASHOKLEY,AUTOMOBILE,154.13,90474.31,26.08,10826.0,8837.0,8157.0,8146.0,0.2250763833880276,0.08336398185607452,0.0013503560029461958,56362.0,41673.0,0.10588646614510178,3721.0,1359.0,0.3989861159943877,10745.0,78177.0,0.1374445169295317,19.0,False,False
SARDAEN,,510.65,17872.75,16.27,6109.0,5845.0,2853.0,2907.0,0.04516680923866545,1.0487206449351558,-0.018575851393188847,5690.0,4212.0,0.10545559292759688,1109.0,604.0,0.22451714197111716,1787.0,10002.0,0.1786642671465707,31.0,False,False
OFSS,IT,6731.0,59232.8,22.2,782.0,796.0,805.0,847.0,-0.017587939698492483,-0.011180124223602483,-0.04958677685950408,7672.0,5698.0,0.10423637622369619,2639.0,1806.0,0.13476835112229502,3477.0,7859.0,0.44242270008906986,45.0,False,False
ATGL,,509.95,56094.5,85.56,4314.0,3651.0,3174.0,2335.0,0.18159408381265396,0.1502835538752363,0.3593147751605996,5894.0,4378.0,0.10419249610733727,656.0,546.0,0.06309089574339866,1195.0,7120.0,0.1678370786516854,20.0,False,False
JUBLFOOD,CONSUMER GOODS,434.1,28650.6,66.89,7402.0,6434.0,6184.0,3488.0,0.15045073049424929,0.04042690815006478,0.7729357798165137,6856.0,5096.0,0.10394421977082469,227.0,356.0,-0.13928649017190908,1373.0,7194.0,0.19085348901862664,20.0,False,False
BALRAMCHIN,CONSUMER GOODS,497.1,9942.0,26.53,2604.0,2645.0,2639.0,2599.0,-0.015500945179584114,0.002273588480484978,0.015390534821084989,6271.0,4666.0,0.10356356998492466,378.0,284.0,0.09999611995682556,741.0,7308.0,0.10139573070607553,12.0,False,False
SUPREMEIND,INDUSTRIAL MANUFACTURING,3745.1,46813.75,49.51,3674.0,2669.0,2322.0,2064.0,0.3765455226676657,0.14944013781223076,0.125,10446.0,7773.0,0.10353755628339201,961.0,968.0,-0.0024163021330176893,1432.0,6260.0,0.22875399361022364,14.0,False,False
BOSCHLTD,AUTOMOBILE,28745.0,86235.0,30.57,1654.0,1622.0,1770.0,1731.0,0.019728729963008673,-0.0836158192090396,0.022530329289428108,20035.0,14929.0,0.10302716840206605,2773.0,1426.0,0.24817874087530667,2650.0,14965.0,0.17707985299031073,13.0,False,False
UTIAMC,,937.35,12091.82,29.81,409.0,408.0,412.0,368.0,0.002450980392156854,-0.009708737864077666,0.11956521739130443,1698.0,1267.0,0.10252138927106458,472.0,440.0,0.023677381203403458,809.0,4646.0,0.17412828239345673,48.0,False,False
SUNPHARMA,PHARMA,1757.2,421728.0,36.73,34493.0,22586.0,23248.0,24065.0,0.5271849818471619,-0.028475567790777756,-0.0339497195096613,58462.0,43886.0,0.10031210271725621,11509.0,8513.0,0.10573651648766202,17731.0,88197.0,0.20103858407882355,30.0,False,False
HAVELLS,CONSUMER GOODS,1190.6,75007.8,44.18,5343.0,4652.0,3988.0,3621.0,0.14853826311263973,0.1664994984954864,0.1013532173432754,22466.0,16868.0,0.10023989212591755,1705.0,1075.0,0.1661971427116904,2254.0,9721.0,0.23186914926447896,10.0,False,False
GODREJIND,CONSUMER GOODS,749.0,25466.0,20.34,7359.0,6954.0,6365.0,5269.0,0.058239861949956895,0.09253731343283578,0.20800910988802435,22237.0,16740.0,0.0992764247851583,2412.0,1421.0,0.19287354886213603,2242.0,62741.0,0.03573420889051816,10.0,False,False
RKFORGE,INDUSTRIAL MANUFACTURING,466.6,8398.8,118.13,3761.0,2992.0,2428.0,1693.0,0.25701871657754016,0.23228995057660629,0.43414057885410506,4238.0,3193.0,0.09897381474997591,72.0,248.0,-0.3378440713740217,625.0,5739.0,0.10890399024220247,15.0,False,False
THERMAX,INDUSTRIAL MANUFACTURING,3260.7,37498.05,53.92,3098.0,2806.0,1906.0,1248.0,0.10406272273699213,0.4721930745015739,0.5272435897435896,10694.0,8090.0,0.09748152833582768,720.0,451.0,0.16874200096412695,1026.0,7903.0,0.12982411742376312,10.0,False,False
JUBLPHARMA,,816.45,13063.2,32.63,8044.0,5176.0,5091.0,5183.0,0.554095826893354,0.016696130426242295,-0.017750337642292058,8280.0,6282.0,0.09642131091243167,398.0,-65.0,,1260.0,10708.0,0.11766903249906611,15.0,False,False
JBCHEPHARM,PHARMA,2064.4,33030.4,46.72,1885.0,1968.0,2004.0,1901.0,-0.042174796747967425,-0.017964071856287456,0.054182009468700665,4148.0,3149.0,0.09619721834441886,709.0,410.0,0.20029351447105537,1107.0,4163.0,0.26591400432380496,27.0,False,False
ZYDUSLIFE,,871.2,87991.2,17.39,26639.0,13134.0,12368.0,11521.0,1.0282472970915184,0.06193402328589914,0.07351792379133748,11484.0,8732.0,0.095619665594191,3560.0,1529.0,0.32540164168609875,3925.0,39608.0,0.09909614219349626,34.0,False,False
BLUEJET,,327.25,,,,,,,,,,947.0,721.0,0.0951448657067806,248.0,160.0,0.1572945272629378,294.0,,,31.0,False,False
MGL,ENERGY,927.7,9184.23,10.89,5392.0,4854.0,4235.0,3026.0,0.11083642356819112,0.14616292798110986,0.39953734302709853,8246.0,6299.0,0.09393262321494733,841.0,790.0,0.021071845861226013,1446.0,6651.0,0.2174109156517817,18.0,False,False
NCC,CONSTRUCTION,130.94,8249.22,12.17,2056.0,1650.0,1565.0,1503.0,0.2460606060606061,0.054313099041533475,0.041250831669993326,17463.0,13351.0,0.09362480650745231,577.0,569.0,0.004664790544905539,1448.0,11326.0,0.12784743069044677,8.0,False,False
POWERINDIA,,24235.0,,,,952.0,717.0,695.0,,0.3277545327754532,0.031654676258992875,6385.0,4884.0,0.09344031469268765,384.0,203.0,0.2367399659453322,605.0,,,9.0,False,False
ARE&M,,672.45,12104.1,13.74,4730.0,4014.0,3807.0,3747.0,0.17837568510214252,0.05437352245862881,0.01601281024819845,13549.0,10390.0,0.09252294084367119,970.0,731.0,0.09888299404435519,1544.0,8505.0,0.18154027042915932,11.0,False,False
ELGIEQUIP,INDUSTRIAL MANUFACTURING,467.15,14948.8,34.43,699.0,592.0,587.0,587.0,0.1807432432432432,0.008517887563884052,0.0,3951.0,3041.0,0.09118118729686953,430.0,371.0,0.05042451454255614,579.0,2765.0,0.20940325497287524,15.0,False,False
ABBOTINDIA,,25915.0,,,331.0,336.0,225.0,237.0,-0.014880952380952328,0.4933333333333334,-0.05063291139240511,6929.0,5349.0,0.09009911688840178,1552.0,949.0,0.17817146898234104,1892.0,4946.0,0.38253133845531745,27.0,False,False
ICICIPRULI,FINANCIAL SERVICES,509.55,73833.79,45.95,711.0,1315.0,1168.0,479.0,-0.45931558935361216,0.12585616438356162,1.4384133611691023,63467.0,49400.0,0.08711045827802755,1600.0,811.0,0.25419878624105796,333.0,16226.0,0.02052261802046099,1.0,False,False
SHREECEM,CEMENT & CEMENT PRODUCTS,23020.0,82872.0,73.98,11207.0,9315.0,9591.0,7481.0,0.203113258185722,-0.02877697841726623,0.28204785456489767,19283.0,15010.0,0.08708783629186367,1124.0,2337.0,-0.21650565489790397,3934.0,25135.0,0.1565148199721504,20.0,False,False
AWL,,177.77,22932.33,22.17,7143.0,5481.0,4921.0,4793.0,0.30322933771209626,0.11379800853485067,0.02670561235134561,74731.0,58185.0,0.08700093677054221,1045.0,582.0,0.21543321916316271,2131.0,11549.0,0.18451814009870984,3.0,False,False
ASTRAL,INDUSTRIAL MANUFACTURING,1599.0,43173.0,80.35,2945.0,2712.0,2299.0,1950.0,0.08591445427728606,0.17964332318399312,0.17897435897435887,5908.0,4612.0,0.08605144059546221,611.0,448.0,0.10897323706692652,1061.0,4308.0,0.24628597957288764,18.0,False,False
LTM,,4013.8,120414.0,23.72,5626.0,5285.0,4981.0,3679.0,0.06452223273415325,0.06103192130094359,0.353900516444686,42308.0,33183.0,0.08434866606263514,4983.0,4410.0,0.04155953546762836,7555.0,26335.0,0.28688057717865956,18.0,False,False
PIDILITIND,CHEMICALS,1285.0,131070.0,53.41,5774.0,5705.0,5451.0,4914.0,0.012094653812445122,0.046596954687213366,0.10927960927960934,13488.0,10597.0,0.08373111102669806,2384.0,1257.0,0.237818562446114,3300.0,11249.0,0.29335940972530894,24.0,False,False
WOCKPHARMA,PHARMA,1175.7,19046.34,89.68,4499.0,2736.0,2881.0,3042.0,0.6443713450292399,-0.0503297466157584,-0.05292570677186059,3373.0,2651.0,0.08359968759318614,199.0,-621.0,,652.0,7173.0,0.09089641711975463,19.0,False,False
HCLTECH,IT,1341.6,364244.4,20.94,37379.0,36172.0,35063.0,34619.0,0.03336835121088133,0.0316287824772552,0.012825327132499398,51105.0,40638.0,0.07938659994851527,12266.0,10874.0,0.04096919365063956,17716.0,80380.0,0.2204030853446131,35.0,False,False
PPLPHARMA,,136.54,18118.86,,8985.0,8133.0,7990.0,7469.0,0.10475839173736623,0.01789737171464334,0.06975498728076057,8869.0,7082.0,0.07788619768244298,-326.0,-186.0,,922.0,13837.0,0.06663294066632941,10.0,False,False
AARTIIND,,399.05,14445.61,34.52,6556.0,6377.0,5649.0,4861.0,0.028069625215618732,0.12887236679058245,0.16210656243571275,8286.0,6619.0,0.07774872056173932,419.0,545.0,-0.08390782494410864,1167.0,10921.0,0.1068583463052834,14.0,False,False
NATIONALUM,METALS,386.1,70887.96,12.23,7650.0,7748.0,7383.0,7303.0,-0.012648425400103247,0.049437897873493064,0.010954402300424437,17843.0,14257.0,0.07765539794311893,5797.0,1435.0,0.592638217880292,7928.0,21663.0,0.3659696256289526,44.0,False,False
LICI,,362.83,229489.98,,4757.0,21330.0,20667.0,20473.0,-0.7769807782466011,0.03208012773987523,0.009475895081326735,976280.0,781543.0,0.07697884263323118,57419.0,36397.0,0.1641171265695507,47684.0,176606.0,0.2700021516822758,5.0,False,False
TATATECH,,509.2,20622.6,,2070.0,1130.0,1151.0,1095.0,0.831858407079646,-0.018245004344048632,0.05114155251141561,5506.0,4414.0,0.07646841789781145,547.0,624.0,-0.042950841909302206,853.0,4861.0,0.1754782966467805,15.0,False,False
LTTS,IT,3121.7,32777.85,25.87,2250.0,2245.0,1613.0,1303.0,0.00222717149220486,0.3918164910105393,0.2379125095932464,10996.0,8816.0,0.07643476766456381,1281.0,1216.0,0.01750960672641777,1935.0,7051.0,0.2744291589845412,18.0,False,False
JMFINANCIL,FINANCIAL SERVICES,113.61,10906.56,9.04,625.0,579.0,572.0,505.0,0.07944732297063894,0.012237762237762295,0.13267326732673257,4091.0,3291.0,0.07522791851314992,1201.0,709.0,0.19206221989885464,2510.0,22293.0,0.11259139640245817,61.0,False,False
ASAHIINDIA,,784.4,19610.0,58.02,4532.0,4046.0,2616.0,2395.0,0.12011863568957004,0.5466360856269112,0.09227557411273479,4990.0,4019.0,0.07479964209838275,345.0,362.0,-0.015905416328084954,918.0,6130.0,0.1497553017944535,18.0,False,False
LGEINDIA,,1441.0,,,1561.0,1329.0,1319.0,1343.0,0.17456734386756967,0.007581501137225111,-0.017870439314966458,24605.0,19865.0,0.07393566817809871,1685.0,1345.0,0.07801765537348881,2408.0,8125.0,0.2963692307692308,10.0,False,False
CIPLA,PHARMA,1224.2,99160.2,25.49,12890.0,10006.0,9607.0,9160.0,0.288227063761743,0.04153221609243252,0.04879912663755448,28163.0,22753.0,0.07369290376032311,3862.0,2833.0,0.10880514292106014,5883.0,35046.0,0.16786509159390514,21.0,False,False
CONCORDBIO,,1018.4,10184.0,40.83,793.0,795.0,575.0,593.0,-0.002515723270440251,0.3826086956521739,-0.030354131534570006,1055.0,853.0,0.0734153698157538,259.0,240.0,0.025721614928250425,367.0,2019.0,0.1817731550272412,35.0,False,False
ABDL,,404.05,11313.4,49.52,890.0,749.0,635.0,575.0,0.18825100133511352,0.1795275590551182,0.10434782608695659,3880.0,3147.0,0.0722885310339958,268.0,5.0,2.7704072620419717,575.0,2814.0,0.20433546552949539,15.0,False,False
UBL,CONSUMER GOODS,1540.0,40040.0,98.53,2050.0,1749.0,1776.0,1851.0,0.17209834190966267,-0.015202702702702742,-0.04051863857374394,9240.0,7500.0,0.07202168219307259,413.0,305.0,0.10632672638366025,806.0,5839.0,0.13803733516013017,9.0,False,False
HAL,INDUSTRIAL MANUFACTURING,3487.2,232944.96,25.58,9581.0,6671.0,6737.0,6834.0,0.43621645930145414,-0.009796645391123682,-0.01419373719637107,33090.0,26928.0,0.07110214617226429,9076.0,5811.0,0.16024009785273297,9768.0,41052.0,0.2379421221864952,30.0,False,False
CESC,ENERGY,150.17,19972.61,12.91,22839.0,22766.0,22131.0,22826.0,0.003206536062549503,0.028692783877818373,-0.030447735038990675,9732.0,7973.0,0.06871058793222495,852.0,830.0,0.008758407708252314,1931.0,34201.0,0.05646033741703459,20.0,False,False
CARBORUNIV,INDUSTRIAL MANUFACTURING,775.7,14738.3,75.9,1906.0,1716.0,1555.0,1527.0,0.11072261072261069,0.10353697749196145,0.018336607727570398,3063.0,2510.0,0.06862277320659027,416.0,331.0,0.07916647594612014,481.0,4313.0,0.11152330164618594,16.0,False,False
COALINDIA,METALS,450.45,277612.34,8.93,91846.0,82865.0,75668.0,64547.0,0.1083811017920715,0.0951128614473753,0.17229305777185622,168400.0,138252.0,0.06796467589689215,31071.0,31723.0,-0.006898449556087871,41242.0,133174.0,0.30968507366302733,24.0,False,False
NIACL,FINANCIAL SERVICES,117.82,19416.74,13.75,526.0,533.0,471.0,564.0,-0.013133208255159512,0.13163481953290868,-0.16489361702127658,49782.0,41007.0,0.06677160539586335,1417.0,1050.0,0.10507948610907492,341.0,34636.0,0.009845247719136158,1.0,False,False
WHIRLPOOL,CONSUMER GOODS,789.7,10029.19,34.11,1960.0,1913.0,1932.0,1917.0,0.02456874019864097,-0.009834368530020732,0.00782472613458518,8034.0,6668.0,0.06409093981299896,295.0,224.0,0.09611974048795369,481.0,4232.0,0.1136578449905482,6.0,False,False
JSL,METALS,710.95,58653.38,18.35,18233.0,14800.0,13254.0,9961.0,0.2319594594594594,0.11664403199034257,0.3305892982632266,42955.0,35697.0,0.06363838363720986,3185.0,2084.0,0.15187116687629132,5560.0,27251.0,0.20402920993725002,13.0,False,False
NAVA,,531.45,14880.6,19.12,5753.0,5528.0,5559.0,5664.0,0.04070188133140373,-0.005576542543622942,-0.018538135593220373,1925.0,1600.0,0.06358021627875154,911.0,322.0,0.4143411211735164,386.0,10971.0,0.03518366602862091,20.0,False,False
INFY,IT,1250.6,506242.88,17.23,33770.0,30961.0,27622.0,29225.0,0.09072704370013884,0.12088190572731872,-0.054850299401197566,148819.0,124014.0,0.06266380568219065,29211.0,23268.0,0.07877065263980354,36013.0,102028.0,0.35297173324969616,24.0,False,False
TEJASNET,,386.25,6991.12,-7.55,2081.0,1147.0,961.0,647.0,0.8142981691368789,0.19354838709677424,0.48531684698608957,1103.0,920.0,0.06233762124125963,-909.0,-36.0,,-682.0,7108.0,-0.09594822734946538,-62.0,False,False
ZFCVINDIA,,13768.0,24782.4,50.5,732.0,736.0,673.0,587.0,-0.005434782608695676,0.09361069836552738,0.1465076660988074,4119.0,3444.0,0.06147446146816682,517.0,318.0,0.17585690647957186,655.0,3745.0,0.17489986648865152,16.0,False,False
IRB,CONSTRUCTION,22.14,13372.56,31.63,23896.0,24616.0,25514.0,26480.0,-0.029249268768280823,-0.03519636278121818,-0.03648036253776432,7648.0,6402.0,0.06107008324105223,850.0,720.0,0.05688761756416616,3982.0,40976.0,0.09717883639203437,52.0,False,False
EXIDEIND,AUTOMOBILE,287.9,24471.5,28.65,4267.0,3935.0,3853.0,3685.0,0.08437102922490469,0.021282117830262237,0.045590230664857456,17995.0,15078.0,0.06072475389905585,860.0,823.0,0.014766695602571378,1870.0,15480.0,0.12080103359173126,10.0,False,False
HINDZINC,METALS,502.15,212158.38,15.34,19937.0,18608.0,18151.0,17622.0,0.07142089423903708,0.02517767616109312,0.030019294064237867,40658.0,34098.0,0.060406468727528306,13712.0,10520.0,0.09234968619555062,21913.0,31357.0,0.6988232292630034,54.0,False,False
BLUEDART,SERVICES,4747.0,11392.8,45.53,2035.0,1814.0,1823.0,1437.0,0.12183020948180823,-0.004936917169500843,0.2686151704940849,6141.0,5172.0,0.058912789497850504,247.0,371.0,-0.1268121557501739,951.0,2919.0,0.32579650565262075,15.0,False,False
TCS,IT,2358.9,853921.8,17.34,31343.0,23053.0,19604.0,20515.0,0.35960612501626676,0.17593348296266065,-0.04440653180599563,267021.0,225458.0,0.05801848619364591,49454.0,42303.0,0.053440681288804415,72398.0,118523.0,0.6108350278005112,27.0,False,False
SAREGAMA,,319.3,6066.7,29.73,1031.0,835.0,742.0,338.0,0.23473053892215567,0.1253369272237197,1.195266272189349,821.0,695.0,0.057108222335553016,215.0,180.0,0.061016126736148646,342.0,1765.0,0.19376770538243626,42.0,False,False
ENGINERSIN,CONSTRUCTION,182.13,10235.71,14.81,338.0,295.0,298.0,279.0,0.1457627118644067,-0.010067114093959773,0.06810035842293916,3928.0,3330.0,0.056596291078343075,692.0,346.0,0.2599210498948732,696.0,3163.0,0.22004426177679418,18.0,False,False
CROMPTON,CONSUMER GOODS,223.6,14422.2,-59.47,2578.0,3295.0,3197.0,3250.0,-0.21760242792109252,0.030653737879261733,-0.016307692307692356,8096.0,6870.0,0.05626102281602785,-231.0,476.0,,827.0,3166.0,0.26121288692356287,10.0,False,False
BBTC,CONSUMER GOODS,1322.0,9254.0,7.42,3814.0,3880.0,3751.0,3638.0,-0.017010309278350566,0.03439082911223679,0.031061022539857097,19539.0,16623.0,0.05535274155154091,2499.0,-534.0,,3432.0,8632.0,0.39759036144578314,18.0,False,False
BRITANNIA,CONSUMER GOODS,5423.0,130152.0,51.56,2850.0,2904.0,2771.0,2655.0,-0.018595041322314043,0.0479971129556116,0.04369114877589464,19152.0,16301.0,0.055196386272793996,2537.0,2316.0,0.030846428799226056,3514.0,6486.0,0.5417823003391921,18.0,False,False
UNITDSPR,,1218.8,88363.0,48.23,1404.0,1712.0,1560.0,1534.0,-0.17990654205607481,0.09743589743589753,0.016949152542372836,12467.0,10612.0,0.05516790475970201,1838.0,1126.0,0.17743164947894896,2279.0,9366.0,0.24332692718342944,18.0,False,False
HYUNDAI,,1778.0,144551.4,,13070.0,7105.0,7614.0,6150.0,0.8395496129486277,-0.06685053848174416,0.23804878048780487,70763.0,60308.0,0.05473600153654923,5432.0,4709.0,0.048762194445479246,8598.0,21113.0,0.40723724719367216,12.0,False,False
DCMSHRIRAM,CONSUMER GOODS,1116.5,17305.75,20.4,7557.0,6517.0,4222.0,4105.0,0.1595826300444989,0.5435812411179535,0.028501827040194883,13538.0,11547.0,0.05445596510722983,856.0,911.0,-0.020543552931998277,1497.0,10635.0,0.14076163610719322,11.0,False,False
SYNGENE,PHARMA,389.9,15712.97,49.61,3005.0,2802.0,2850.0,2667.0,0.07244825124910781,-0.01684210526315788,0.06861642294713155,3739.0,3193.0,0.05402808311668128,317.0,464.0,-0.119261271492346,918.0,5297.0,0.17330564470454973,25.0,False,False
WELSPUNLIV,,108.32,10398.72,50.85,4471.0,4022.0,3813.0,3918.0,0.1116360019890601,0.05481248360870716,-0.02679938744257271,9399.0,8094.0,0.05108898090100311,213.0,203.0,0.016157878073858045,793.0,7232.0,0.10965154867256637,8.0,False,False
TORNTPOWER,ENERGY,1305.8,65812.32,27.23,25615.0,24286.0,21802.0,19269.0,0.05472288561311034,0.11393450142188799,0.1314546681197779,21850.0,18836.0,0.050721421547618606,2575.0,2104.0,0.06965526367480801,4496.0,33046.0,0.13605277491980874,21.0,False,False
SUNTV,MEDIA & ENTERTAINMENT,566.95,22337.83,15.52,3395.0,1572.0,1707.0,1729.0,1.1596692111959288,-0.07908611599297011,-0.012724117987275907,4335.0,3772.0,0.04746408079992981,1441.0,1707.0,-0.05490205270820048,2183.0,12749.0,0.17122911600909876,50.0,False,False
TECHM,IT,1384.0,122622.4,28.19,14864.0,13982.0,13903.0,14932.0,0.06308110427692748,0.00568222685751274,-0.06891240289311551,48927.0,42657.0,0.046773596282121854,3859.0,3778.0,0.007096163782221776,5963.0,31802.0,0.18750393057040438,12.0,False,False
TITAGARH,,574.85,7760.48,62.96,1394.0,992.0,748.0,732.0,0.405241935483871,0.3262032085561497,0.021857923497267784,3186.0,2780.0,0.04648656828435782,123.0,126.0,-0.00800034273173067,331.0,3079.0,0.10750243585579734,10.0,False,False
APOLLOTYRE,AUTOMOBILE,412.3,26387.2,19.08,16646.0,16411.0,17006.0,17653.0,0.014319663640241398,-0.03498765141714688,-0.03665099416529771,19816.0,17301.0,0.04628081615065294,1852.0,520.0,0.527141266718945,2876.0,20391.0,0.14104261684076308,15.0,False,False
INDUSTOWER,,418.15,110307.97,15.44,49514.0,44380.0,39300.0,32384.0,0.11568273997296075,0.12926208651399484,0.21356225296442677,32493.0,28382.0,0.04612184628542271,7145.0,2040.0,0.5186488137187082,17813.0,60773.0,0.293107136392806,55.0,False,False
DABUR,CONSUMER GOODS,410.45,72649.65,38.43,3939.0,3990.0,3815.0,3579.0,-0.012781954887218006,0.04587155963302747,0.06594020676166523,13193.0,11530.0,0.04593513421412743,1869.0,1701.0,0.03189378304174717,2450.0,12706.0,0.1928222886825122,19.0,False,False
IGL,ENERGY,145.62,20386.8,13.15,8069.0,7192.0,6603.0,5734.0,0.12194104560622909,0.08920187793427226,0.15155214509940707,16168.0,14133.0,0.04586102888174648,1544.0,1640.0,-0.019905807112054585,1844.0,11602.0,0.15893811411825548,11.0,False,False
GLAXO,PHARMA,2283.0,38582.7,41.7,281.0,284.0,321.0,330.0,-0.010563380281690127,-0.11526479750778817,-0.027272727272727226,3749.0,3278.0,0.045768357748698696,928.0,1695.0,-0.18192568402109266,1179.0,2300.0,0.5126086956521739,31.0,False,False
GODREJCP,CONSUMER GOODS,984.8,100449.6,54.14,12565.0,10676.0,10440.0,9934.0,0.17693892843761705,0.022605363984674387,0.050936178779947605,15178.0,13316.0,0.0445925416553159,1861.0,1702.0,0.030217538638400487,3156.0,17069.0,0.18489659616849258,21.0,False,False
GICRE,FINANCIAL SERVICES,362.95,63661.43,6.59,332.0,327.0,318.0,324.0,0.015290519877675823,0.028301886792452935,-0.01851851851851849,52986.0,46638.0,0.04345503503490078,9662.0,6907.0,0.1183880699167894,10092.0,70481.0,0.14318752571615045,19.0,False,False
INTELLECT,IT,598.55,8379.7,24.2,1177.0,727.0,558.0,494.0,0.6189821182943605,0.30286738351254483,0.12955465587044523,1662.0,1470.0,0.041768516118394494,195.0,134.0,0.13320879808191766,328.0,3329.0,0.09852808651246621,20.0,False,False
JSWINFRA,,240.8,50206.8,33.21,10568.0,9523.0,7757.0,5975.0,0.10973432741783062,0.22766533453654758,0.2982426778242677,601.0,532.0,0.041488022831677185,168.0,67.0,0.35855792330928193,220.0,17776.0,0.012376237623762377,37.0,False,False
USHAMART,,391.45,12134.95,25.6,1625.0,1406.0,1153.0,952.0,0.15576102418207682,0.2194275802254988,0.21113445378151252,3691.0,3268.0,0.04140741542275417,466.0,351.0,0.09907231086230128,705.0,3531.0,0.19966015293118097,19.0,False,False
BERGEPAINT,CONSUMER GOODS,410.0,47970.0,42.44,3842.0,3677.0,3500.0,3332.0,0.044873538210497665,0.05057142857142849,0.050420168067226934,11880.0,10568.0,0.039779407246370635,1128.0,860.0,0.09463723295141446,1833.0,7552.0,0.24271716101694915,15.0,False,False
JSWCEMENT,,110.19,14776.48,-19.85,8498.0,6785.0,6189.0,4645.0,0.2524686809137804,0.09629988689610602,0.33240043057050594,6512.0,5810.0,0.03875410524293499,-799.0,104.0,,1240.0,11014.0,0.11258398402033776,19.0,False,False
TENNIND,,515.1,20810.04,34.45,582.0,582.0,608.0,631.0,0.0,-0.042763157894736836,-0.03645007923930266,5404.0,4827.0,0.03835537139811196,604.0,381.0,0.16601459803173624,925.0,1249.0,0.7405924739791834,17.0,False,False
JSWSTEEL,METALS,1122.5,342362.5,12.3,117552.0,124466.0,112461.0,104452.0,-0.05554930663795732,0.10674811712504773,0.07667636809252087,185470.0,165960.0,0.037743643656640735,25508.0,4139.0,0.8334130881086264,29346.0,199363.0,0.14719882826803368,16.0,False,False
HSCL,CHEMICALS,441.6,22080.0,29.66,1942.0,1605.0,1534.0,1515.0,0.20996884735202492,0.046284224250325856,0.012541254125412626,4661.0,4172.0,0.037635769521799034,755.0,216.0,0.5176247485390955,962.0,5476.0,0.17567567567567569,21.0,False,False
BEML,INDUSTRIAL MANUFACTURING,1369.4,11502.96,80.7,705.0,580.0,528.0,505.0,0.21551724137931028,0.0984848484848484,0.045544554455445585,4351.0,3899.0,0.03723847035458294,141.0,158.0,-0.03723415422005294,299.0,3243.0,0.09219858156028368,7.0,False,False
JKTYRE,AUTOMOBILE,380.9,11046.1,14.15,7192.0,6752.0,6829.0,6467.0,0.06516587677725116,-0.011275442963830762,0.055976496056904246,16327.0,14645.0,0.03690508812158377,776.0,263.0,0.4342845632148271,2031.0,10943.0,0.18559809924152426,12.0,False,False
PAGEIND,TEXTILES,31775.0,,,871.0,758.0,488.0,485.0,0.14907651715039583,0.5532786885245902,0.006185567010309256,5247.0,4714.0,0.03635169489249912,764.0,571.0,0.10192596546860866,1153.0,1779.0,0.6481169196177627,22.0,False,False
ITC,CONSUMER GOODS,287.7,360488.1,17.43,22545.0,21955.0,27820.0,25851.0,0.026873149624231374,-0.2108195542774982,0.0761672662566244,78868.0,70919.0,0.03604688236770959,21018.0,19477.0,0.025706500292446588,27318.0,74906.0,0.3646970870157264,35.0,False,False
CONCOR,SERVICES,425.3,32407.86,26.09,7177.0,6578.0,6015.0,5621.0,0.0910611128002432,0.09359933499584372,0.07009428927237149,9079.0,8169.0,0.03583291376085018,1246.0,1174.0,0.020038698538165756,1950.0,13908.0,0.14020707506471095,21.0,False,False
EMAMILTD,CONSUMER GOODS,393.4,17309.6,22.15,887.0,984.0,1114.0,1245.0,-0.09857723577235777,-0.11669658886894074,-0.1052208835341365,3780.0,3406.0,0.035338551155860154,775.0,627.0,0.0731935500918286,960.0,3086.0,0.31108230719377833,25.0,False,False
BALKRISIND,AUTOMOBILE,2083.0,40618.5,32.4,7409.0,6941.0,6317.0,5384.0,0.06742544301973785,0.0987810669621656,0.1732912332838039,10823.0,9760.0,0.03506100426168901,1243.0,1057.0,0.055517359853362924,2300.0,15067.0,0.15265149001128295,21.0,False,False
BHARATFORG,INDUSTRIAL MANUFACTURING,1674.6,80380.8,74.16,8262.0,6627.0,6309.0,6161.0,0.24671797193300127,0.050404184498335614,0.0240220743385815,8396.0,7573.0,0.034986832011539626,819.0,1045.0,-0.07801779881360316,2307.0,16889.0,0.1365977855408846,27.0,False,False
NHPC,ENERGY,73.72,74051.74,19.66,50494.0,22168.0,21474.0,22137.0,1.2777878022374596,0.03231815218403655,-0.029949857704295924,10328.0,9316.0,0.03497275273139633,3618.0,3834.0,-0.019143476910622792,4367.0,93764.0,0.04657437822618489,42.0,False,False
BSOFT,,332.55,9311.4,17.93,834.0,744.0,697.0,736.0,0.12096774193548376,0.06743185078909608,-0.052989130434782594,5310.0,4795.0,0.03459085802393447,518.0,332.0,0.15983771110893663,866.0,4254.0,0.20357310766337564,16.0,False,False
RAMCOCEM,CEMENT & CEMENT PRODUCTS,920.1,22082.4,31.12,12986.0,12344.0,12053.0,10195.0,0.05200907323395976,0.02414336679664819,0.1822461991172144,9029.0,8157.0,0.03443465973197091,699.0,315.0,0.3043341766840961,1436.0,11965.0,0.12001671541997493,16.0,False,False
KAJARIACER,CONSTRUCTION,920.1,14721.6,30.19,1675.0,1717.0,1638.0,1447.0,-0.024461269656377405,0.04822954822954828,0.1319972356599861,4830.0,4382.0,0.03297922178540702,487.0,346.0,0.12068687959262547,865.0,3295.0,0.26251896813353565,18.0,False,False
ATUL,CHEMICALS,6368.5,18468.65,27.66,2676.0,2847.0,2792.0,1770.0,-0.060063224446786134,0.019699140401146176,0.5774011299435029,5564.0,5062.0,0.03202050630522413,595.0,552.0,0.025319686354604132,781.0,6404.0,0.12195502810743286,14.0,False,False
EIDPARRY,FERTILISERS & PESTICIDES,775.5,13959.0,24.22,8292.0,6148.0,4896.0,3889.0,0.3487312947299934,0.255718954248366,0.2589354589868862,38534.0,35244.0,0.030195464384859205,1380.0,1828.0,-0.0894559411803324,3450.0,12294.0,0.2806246949731576,9.0,False,False
DALBHARAT,,1779.2,33804.8,29.3,19504.0,17306.0,15732.0,14784.0,0.12700797411302434,0.10005085176709883,0.06412337662337664,14804.0,13552.0,0.029892497605892077,1157.0,1079.0,0.023538001069445258,3083.0,25385.0,0.12144967500492417,21.0,False,False
GALLANTT,,548.6,13221.26,27.33,1856.0,1807.0,1894.0,1623.0,0.027116768123962354,-0.04593453009503701,0.16697473813924835,4419.0,4057.0,0.028899598977869756,484.0,141.0,0.5084887755384047,716.0,3864.0,0.18530020703933747,16.0,False,False
KPRMILL,TEXTILES,829.45,28201.3,32.72,2403.0,2461.0,2429.0,2306.0,-0.023567655424624134,0.013174145738987342,0.05333911535125768,6650.0,6186.0,0.024402374690065676,866.0,814.0,0.02085602363156136,1267.0,6293.0,0.20133481646273638,19.0,False,False
NUVOCO,,281.1,10035.27,27.94,14686.0,14702.0,15027.0,14962.0,-0.0010882873078492672,-0.021627736740533754,0.004344338992113395,11338.0,10586.0,0.02313950632258721,360.0,16.0,1.823108086643085,1857.0,15145.0,0.12261472433146253,16.0,False,False
ALKEM,PHARMA,5299.0,63588.0,27.53,4015.0,2852.0,2873.0,2683.0,0.40778401122019625,-0.00730943264879913,0.07081625046589646,9664.0,9055.0,0.021933938185808133,2282.0,1134.0,0.2625081640382765,2424.0,15867.0,0.15276989979202119,25.0,False,False
NTPC,ENERGY,370.65,359419.3,13.28,318821.0,271437.0,258934.0,240424.0,0.17456721080766435,0.0482864359257571,0.07698898612451344,187385.0,176207.0,0.020713570070144183,27546.0,17121.0,0.17177206067087147,52822.0,474181.0,0.11139628116689619,28.0,False,False
COROMANDEL,FERTILISERS & PESTICIDES,1909.8,57294.0,28.8,6790.0,4139.0,3112.0,2200.0,0.6404928726745591,0.33001285347043696,0.41454545454545455,31480.0,29628.0,0.020416476716042853,1898.0,2013.0,-0.01941748628732587,3216.0,14064.0,0.22866894197952217,10.0,False,False
SAIL,METALS,151.42,62551.6,18.53,75989.0,73327.0,72426.0,73543.0,0.036303135270773446,0.012440283875956082,-0.015188393184939475,110811.0,104448.0,0.019907804861935885,3373.0,2177.0,0.15714017101543654,12000.0,92284.0,0.13003337523297645,11.0,False,False
CYIENT,IT,752.85,8431.92,19.55,3084.0,2929.0,2826.0,2825.0,0.05291908501194942,0.036447275300778514,0.000353982300884903,2363.0,2228.0,0.019802749120369834,155.0,355.0,-0.24136225197806926,572.0,6113.0,0.09357107803042695,24.0,False,False
IDEA,TELECOM,8.53,92416.58,2.67,156906.0,141320.0,140125.0,156255.0,0.11028870648174349,0.008528099910793951,-0.1032286966817062,44385.0,41917.0,0.01925302846879795,34482.0,-29308.0,,18068.0,156770.0,0.11525164253364802,41.0,False,False
TRIDENT,TEXTILES,22.51,11480.1,30.42,4342.0,4455.0,4608.0,4094.0,-0.02536475869809207,-0.033203125,0.12554958475818268,6701.0,6332.0,0.01905956713139534,377.0,442.0,-0.051640438995087745,869.0,6601.0,0.13164672019391002,13.0,False,False
LAURUSLABS,PHARMA,992.7,53605.8,60.31,4371.0,4123.0,3890.0,3409.0,0.06015037593984962,0.059897172236503815,0.14109709592255792,6089.0,5773.0,0.017922714393065586,740.0,760.0,-0.008850021654780438,1438.0,7818.0,0.18393451010488615,24.0,False,False
HINDUNILVR,CONSUMER GOODS,2055.2,482972.0,32.11,57428.0,54335.0,53744.0,52678.0,0.05692463421367444,0.010996576362012567,0.020236151714188022,61975.0,59144.0,0.01570739424724521,15427.0,9962.0,0.15694215983177817,14464.0,50217.0,0.28802995001692655,23.0,False,False
HFCL,TELECOM,67.86,10382.58,33.26,1617.0,852.0,652.0,548.0,0.897887323943662,0.3067484662576687,0.1897810218978102,4949.0,4743.0,0.014272793753670854,329.0,318.0,0.011399945719497984,762.0,6635.0,0.1148455162019593,15.0,False,False
HEG,INDUSTRIAL MANUFACTURING,542.4,10576.8,30.66,1789.0,1938.0,1816.0,1363.0,-0.07688338493292057,0.06718061674008813,0.3323550990462216,2568.0,2463.0,0.014013030383353442,341.0,532.0,-0.13778763080468148,398.0,5554.0,0.07166006481814909,16.0,False,False
PIIND,FERTILISERS & PESTICIDES,2718.8,40782.0,31.23,4895.0,4209.0,3528.0,2606.0,0.16298408172962708,0.19302721088435382,0.35379892555640824,6714.0,6492.0,0.01127112885141468,1321.0,1230.0,0.02407689719888606,1700.0,11572.0,0.14690632561354994,25.0,False,False
SRF,TEXTILES,2438.0,72408.6,39.38,13926.0,13720.0,13242.0,10050.0,0.015014577259475193,0.03609726627397669,0.31761194029850737,12421.0,12074.0,0.009489478330957146,1725.0,2023.0,-0.05173205023609473,3023.0,19125.0,0.1580653594771242,24.0,False,False
GLENMARK,PHARMA,2131.7,59687.6,44.17,6396.0,4487.0,4210.0,5422.0,0.4254513037664365,0.06579572446555826,-0.22353375138325338,8440.0,8221.0,0.008801995889959002,-201.0,1209.0,,1077.0,11106.0,0.09697460831982713,13.0,False,False
POWERGRID,ENERGY,296.1,275402.61,17.29,176623.0,172320.0,177761.0,185437.0,0.024970984215413106,-0.03060851367847839,-0.04139411228611334,46733.0,45603.0,0.008192391953277811,15928.0,15420.0,0.010862977844681154,35072.0,248565.0,0.14109790195723454,75.0,False,False
WIPRO,IT,187.64,196834.36,14.92,51690.0,45187.0,43628.0,44757.0,0.14391307234381578,0.03573393233703137,-0.025225104452934688,92624.0,90488.0,0.007807333556995699,13266.0,11366.0,0.052876535537977,17811.0,108310.0,0.16444464961684055,19.0,False,False
ASIANPAINT,CONSUMER GOODS,2165.2,207859.2,48.02,9640.0,9220.0,7147.0,5770.0,0.045553145336225676,0.29005176997341553,0.23864818024263434,30769.0,30078.0,0.007599961583552695,4244.0,4100.0,0.011572869117102202,6180.0,25301.0,0.24425912019287777,20.0,False,False
CLEAN,,656.4,7220.4,30.37,760.0,715.0,636.0,460.0,0.06293706293706292,0.12421383647798745,0.3826086956521739,957.0,936.0,0.007423389408794723,230.0,295.0,-0.07961696126755557,355.0,1586.0,0.22383354350567466,37.0,False,False
TATACOMM,,1347.9,38415.15,38.36,15570.0,13919.0,13467.0,10500.0,0.11861484302033198,0.033563525655305515,0.2825714285714285,7376.0,7236.0,0.006408084050879115,794.0,666.0,0.06034882082003734,1748.0,15696.0,0.11136595310907238,24.0,False,False
DEEPAKFERT,CHEMICALS,909.0,11453.4,15.57,6157.0,6292.0,6258.0,2678.0,-0.021455816910362357,0.005433045701502159,1.3368185212845405,11506.0,11301.0,0.006010464476635224,739.0,1221.0,-0.15411837391747918,1684.0,12514.0,0.13456928240370786,15.0,False,False
MPHASIS,IT,2053.0,39212.3,21.03,6435.0,5781.0,5533.0,4060.0,0.1131292163985469,0.044821977227543774,0.36280788177339907,9467.0,9425.0,0.0014832101406181408,1402.0,1414.0,-0.0028368946749840473,1967.0,13364.0,0.1471864711164322,21.0,False,False
HINDPETRO,ENERGY,335.4,71373.12,3.95,100568.0,86179.0,79763.0,68387.0,0.16696643033685699,0.08043829845918538,0.16634740520859226,441771.0,440709.0,0.0008026067749162813,18047.0,-6980.0,,30633.0,121520.0,0.25208196181698483,7.0,False,False
JINDALSAW,METALS,183.12,11719.68,12.03,10409.0,9341.0,8853.0,7484.0,0.11433465367733642,0.05512255732520055,0.182923570283271,17895.0,17868.0,0.0005034402595698317,925.0,452.0,0.2696024913766155,2229.0,17265.0,0.12910512597741094,12.0,False,False
ZEEL,MEDIA & ENTERTAINMENT,72.14,6925.44,25.58,908.0,1005.0,1204.0,1360.0,-0.09651741293532334,-0.16528239202657802,-0.11470588235294121,8099.0,8088.0,0.0004531411536750074,271.0,48.0,0.7806395603261325,399.0,11995.0,0.033263859941642354,5.0,False,False
DLF,CONSTRUCTION,504.1,124764.75,28.27,4117.0,3502.0,3880.0,4785.0,0.17561393489434618,-0.09742268041237112,-0.18913270637408564,3984.0,3979.0,0.0004186903855480928,3748.0,2311.0,0.17489722736058488,1731.0,45779.0,0.03781209724983071,43.0,False,False
JINDALSTEL,METALS,1113.1,113536.2,33.72,65209.0,48989.0,48384.0,43542.0,0.33109473555287927,0.012504133597883493,0.11120297643654409,53225.0,53212.0,8.142863442595072e-05,3361.0,3974.0,-0.05431416663897126,9644.0,73509.0,0.13119481968194371,18.0,False,False
SCI,SERVICES,219.7,10238.02,7.56,7199.0,6711.0,7004.0,7403.0,0.0727164357025778,-0.041833238149628804,-0.053897068755909716,5780.0,5794.0,-0.0008060804967138235,1353.0,870.0,0.15858041112876164,2185.0,11775.0,0.18556263269639064,38.0,False,False
DEEPAKNTR,CHEMICALS,1286.8,17371.8,31.88,3270.0,2457.0,2293.0,1942.0,0.3308913308913308,0.07152202354993453,0.18074150360453145,7887.0,7972.0,-0.0035668130674066933,551.0,852.0,-0.13522325695689508,981.0,7475.0,0.13123745819397994,12.0,False,False
RVNL,,249.65,52052.03,59.44,1025.0,1027.0,367.0,355.0,-0.0019474196689386325,1.7983651226158037,0.033802816901408406,20012.0,20282.0,-0.004457269943337949,800.0,1268.0,-0.14232336753862018,749.0,14640.0,0.05116120218579235,4.0,False,False
BDL,INDUSTRIAL MANUFACTURING,1096.6,,,1003.0,857.0,824.0,809.0,0.17036172695449237,0.040048543689320315,0.018541409147095234,2442.0,2489.0,-0.0063344017829166654,420.0,352.0,0.060642134415163085,223.0,4241.0,0.05258193822211742,9.0,False,False
TATACHEM,CHEMICALS,583.25,14872.88,-7.84,20626.0,19600.0,17861.0,17092.0,0.05234693877551022,0.09736296959856672,0.044991809033466,4831.0,4930.0,-0.006739024401061777,606.0,1027.0,-0.16124705088565294,954.0,29207.0,0.0326634026089636,20.0,False,False
TATASTEEL,METALS,191.86,239249.42,22.18,180895.0,150914.0,148814.0,146621.0,0.19866281458314017,0.01411157552380815,0.014956929771315242,139720.0,142913.0,-0.0075035843428437055,16065.0,14685.0,0.030391481654313823,32472.0,194549.0,0.16690910773121426,23.0,False,False
VTL,TEXTILES,523.7,14925.45,20.33,5094.0,4150.0,3769.0,3937.0,0.2274698795180723,0.1010878217033695,-0.04267208534417066,9869.0,10137.0,-0.008891423810061805,753.0,805.0,-0.02201311253730376,1239.0,12369.0,0.100169779286927,13.0,False,False
TMPV,,296.2,109149.7,1.32,180810.0,115697.0,121285.0,132080.0,0.5627890092223653,-0.0460732984293194,-0.08173076923076927,335582.0,345967.0,-0.010107590439286773,82645.0,2690.0,2.1319977014990177,18897.0,191177.0,0.09884557242764558,6.0,False,False
UPL,FERTILISERS & PESTICIDES,567.95,47991.78,24.93,44301.0,39084.0,39056.0,38713.0,0.13348173165489707,0.0007169192953706549,0.008860072843747568,51839.0,53576.0,-0.010926020954660665,2220.0,4414.0,-0.2047441328602334,9078.0,58272.0,0.15578665568369027,18.0,False,False
PAYTM,,959.0,61376.0,111.0,910.0,890.0,1247.0,1209.0,0.022471910112359605,-0.28628708901363276,0.03143093465674118,5825.0,6028.0,-0.011353813830828341,67.0,-1856.0,,235.0,16220.0,0.014488286066584463,4.0,False,False
AEGISLOG,,598.65,20952.75,23.39,6363.0,5086.0,4139.0,3661.0,0.2510813999213528,0.22879922686639276,0.13056541928434862,8333.0,8627.0,-0.01149122721467366,1107.0,511.0,0.29392441288235305,1452.0,10205.0,0.14228319451249388,17.0,False,False
GRAPHITE,INDUSTRIAL MANUFACTURING,616.7,12025.65,68.83,1153.0,1094.0,948.0,789.0,0.05393053016453386,0.1540084388185654,0.20152091254752857,2812.0,2913.0,-0.011693593564604088,264.0,350.0,-0.08971239848207657,294.0,6226.0,0.047221329906842274,10.0,False,False
BPCL,ENERGY,281.0,120071.3,4.72,110141.0,88628.0,86798.0,86675.0,0.24273367333122708,0.02108343510219135,0.0014190943178540305,455228.0,473187.0,-0.012814606951461194,25843.0,2131.0,1.2974875111203503,41202.0,154595.0,0.266515734661535,9.0,False,False
JPPOWER,,14.04,9621.61,21.27,12372.0,12696.0,13007.0,13385.0,-0.025519848771266562,-0.02391020219881601,-0.028240567799775906,5563.0,5787.0,-0.013072631595951623,442.0,59.0,0.9566962795121314,1358.0,16123.0,0.08422750108540594,24.0,False,False
GAIL,ENERGY,137.71,90544.32,11.94,68667.0,58836.0,55188.0,49697.0,0.1670915765857639,0.06610132637529897,0.11048956677465438,138601.0,144250.0,-0.01322793284383994,6968.0,5302.0,0.09535813884046962,10332.0,113880.0,0.09072708113804004,7.0,False,False
GESHIP,SERVICES,1414.7,20230.21,6.86,9342.0,8247.0,8329.0,8450.0,0.13277555474718072,-0.0098451194621203,-0.014319526627218915,5409.0,5690.0,-0.016740302563280407,2943.0,2575.0,0.0455328346089654,3148.0,18050.0,0.174404432132964,58.0,False,False
JSWDULUX,,2844.7,13085.62,6.56,,481.0,526.0,511.0,,-0.0855513307984791,0.02935420743639927,3599.0,3802.0,-0.018124150694969754,1974.0,335.0,0.8062066923835778,508.0,,,14.0,False,False
AFCONS,,271.6,9994.88,39.71,2499.0,2738.0,2784.0,2498.0,-0.08728999269539806,-0.01652298850574707,0.11449159327461977,11948.0,12637.0,-0.01851482794040582,251.0,411.0,-0.1515805166915536,1217.0,9077.0,0.13407513495648343,10.0,False,False
PRESTIGE,CONSTRUCTION,1126.5,48552.15,40.58,11965.0,10545.0,8669.0,6780.0,0.1346609767662399,0.2164032760410659,0.2786135693215339,4080.0,4330.0,-0.019628323874238407,183.0,341.0,-0.18735867503124792,978.0,33932.0,0.028822350583519982,24.0,False,False
OIL,ENERGY,475.45,77355.71,11.68,28271.0,23649.0,20520.0,18098.0,0.1954416677237938,0.152485380116959,0.1338269422035585,33946.0,36084.0,-0.020153653619925493,7551.0,9854.0,-0.08490966008566048,10446.0,95477.0,0.10940854865569719,31.0,False,False
RELIANCE,ENERGY,1343.9,1818565.48,22.51,1124795.0,999393.0,779985.0,724805.0,0.1254781652463044,0.2812977172637936,0.07613082139334026,504026.0,537909.0,-0.021453706198229727,43851.0,44190.0,-0.0025637065991438446,54455.0,1306992.0,0.04166437131979385,11.0,False,False
GPIL,,268.8,16665.6,22.53,3424.0,2730.0,2362.0,2065.0,0.2542124542124542,0.15580016934801022,0.14382566585956424,5381.0,5745.0,-0.021582257196273158,802.0,793.0,0.0037688798435213666,1253.0,6252.0,0.20041586692258478,23.0,False,False
IOC,ENERGY,135.4,186472.88,4.54,211722.0,201142.0,195998.0,180048.0,0.05259965596444305,0.026245165766997536,0.0885874877810362,784158.0,839472.0,-0.022464689047952513,36802.0,8242.0,0.6466941283624577,68730.0,351340.0,0.19562247395685092,9.0,False,False
SUMICHEM,,364.45,18186.06,,594.0,556.0,563.0,430.0,0.06834532374100721,-0.01243339253996445,0.30930232558139537,3238.0,3511.0,-0.02662092696086016,543.0,502.0,0.026515167611611323,671.0,3453.0,0.19432377642629597,21.0,False,False
RITES,CONSTRUCTION,175.63,8447.8,20.57,868.0,884.0,535.0,552.0,-0.018099547511312264,0.6523364485981309,-0.030797101449275388,2415.0,2628.0,-0.02778140176751298,454.0,571.0,-0.0735828599358691,554.0,2689.0,0.20602454444031237,23.0,False,False
ONGC,ENERGY,284.65,358089.7,8.64,369684.0,336810.0,317183.0,250819.0,0.09760399038033318,0.06187910449172884,0.2645892057619239,132508.0,144513.0,-0.028494953837045478,32894.0,38829.0,-0.05379153855417895,61722.0,546084.0,0.11302656734128816,47.0,False,False
JUBLINGREA,,543.7,8699.2,31.16,3183.0,2581.0,2539.0,1846.0,0.23324292909724909,0.016541945647892797,0.37540628385698804,4138.0,4560.0,-0.031851713335073084,268.0,253.0,0.019384653052576084,472.0,3918.0,0.12046962736089842,,False,False
AIAENG,INDUSTRIAL MANUFACTURING,3636.6,34547.7,26.72,1233.0,1175.0,1110.0,1003.0,0.04936170212765956,0.05855855855855863,0.10667996011964109,4420.0,4909.0,-0.03437223261077671,1269.0,1056.0,0.06316148386686016,1256.0,8036.0,0.1562966650074664,28.0,False,False
GRANULES,PHARMA,620.4,15510.0,25.84,3253.0,2426.0,2096.0,1911.0,0.34089035449299265,0.15744274809160297,0.0968079539508111,3474.0,3931.0,-0.04035871538338631,401.0,499.0,-0.07028905795045348,724.0,6597.0,0.10974685463089283,21.0,False,False
IRCON,CONSTRUCTION,115.33,10841.02,18.22,3524.0,2453.0,1736.0,1825.0,0.43660823481451283,0.41301843317972353,-0.04876712328767119,9071.0,10368.0,-0.0435695534086703,592.0,765.0,-0.08190682863258147,766.0,12365.0,0.061949049737161345,8.0,False,False
OLAELEC,,22.8,10057.08,-5.48,3352.0,3154.0,2491.0,1219.0,0.0627774254914395,0.2661581694098756,1.0434782608695654,2253.0,2631.0,-0.05038671612615142,-1833.0,-1472.0,,-972.0,6114.0,-0.1589793915603533,-43.0,False,False
NLCINDIA,ENERGY,268.6,37254.82,10.57,36596.0,30699.0,23391.0,24058.0,0.19209094758786938,0.3124278568680261,-0.027724665391969383,10864.0,12955.0,-0.056987506472255145,2525.0,1248.0,0.26478177522366764,2946.0,49417.0,0.059615112208349356,27.0,False,False
CHENNPETRO,ENERGY,967.35,14413.51,4.64,7182.0,7325.0,7506.0,7637.0,-0.01952218430034125,-0.02411404209965362,-0.01715333246039019,63640.0,76271.0,-0.0585652095719611,3103.0,3532.0,-0.04224661947855746,4757.0,13073.0,0.3638797521609424,7.0,False,False
MRPL,ENERGY,179.84,31525.95,16.38,20520.0,20095.0,20410.0,20396.0,0.02114953968648914,-0.01543361097501228,0.0006864090998235373,88667.0,109026.0,-0.06657954897906326,1925.0,2655.0,-0.10162966476221424,6235.0,29538.0,0.21108402735459408,7.0,False,False
FLUOROCHEM,,3028.3,33311.3,,4831.0,4285.0,4264.0,3111.0,0.12742123687281204,0.004924953095684748,0.3706203792992606,4542.0,5622.0,-0.06863746745015586,678.0,1356.0,-0.2062994740159002,1314.0,10156.0,0.1293816463174478,29.0,False,False
INDIACEM,CEMENT & CEMENT PRODUCTS,343.8,10657.8,-158.43,11187.0,11638.0,6874.0,6803.0,-0.03875236294896034,0.6930462612743671,0.01043657210054394,4485.0,5608.0,-0.07177880514526724,-67.0,-125.0,,397.0,11429.0,0.03473619739259778,9.0,False,False
GMDCLTD,METALS,566.15,18116.8,18.82,3039.0,1553.0,1551.0,1454.0,0.9568576947842884,0.0012894906511928816,0.06671251719394777,2653.0,3498.0,-0.08804694694570336,957.0,1204.0,-0.07367834478246393,443.0,7390.0,0.059945872801082545,17.0,False,False
CHAMBLFERT,FERTILISERS & PESTICIDES,426.7,17110.67,8.75,6110.0,6221.0,6423.0,6262.0,-0.017842790548143417,-0.03144947843686752,0.025710635579687002,20794.0,27773.0,-0.09195978712919683,1953.0,1034.0,0.23611981487205225,2678.0,11476.0,0.23335657023353085,13.0,False,False
TATAPOWER,ENERGY,378.75,121200.0,32.29,87293.0,78374.0,67210.0,61747.0,0.11380049506213785,0.16610623419134063,0.08847393395630565,13226.0,17728.0,-0.0930369548748804,1125.0,3268.0,-0.29915255966823484,2526.0,115609.0,0.021849509986246747,19.0,False,False
PETRONET,ENERGY,248.45,37267.5,9.53,9048.0,8836.0,8147.0,8790.0,0.023992756903576273,0.08457100773290782,-0.07315130830489192,43495.0,59899.0,-0.10117890956600317,3843.0,3240.0,0.058542886701995034,5338.0,24626.0,0.21676277105498254,12.0,False,False
ABFRL,CONSUMER GOODS,53.89,6579.97,-8.47,10387.0,9417.0,11879.0,8359.0,0.10300520335563346,-0.2072565030726492,0.42110300275152523,8177.0,12418.0,-0.1300102937101807,-830.0,-59.0,,657.0,12029.0,0.05461800648432954,8.0,False,False
VEDL,METALS,654.8,256026.8,14.72,30769.0,99905.0,98963.0,95744.0,-0.6920174165457185,0.009518709012459103,0.033620905748663166,78437.0,147308.0,-0.18947786351105755,25096.0,14503.0,0.20055543887851868,23183.0,77496.0,0.2991509239186539,30.0,False,False
ADANIENT,,1758.8,226885.2,24.32,138112.0,77260.0,65978.0,56881.0,0.7876261972560186,0.17099639273697287,0.1599303809707986,23056.0,57844.0,-0.26406089209340966,11378.0,1623.0,0.9138848436373161,1894.0,187548.0,0.010098748053831553,8.0,False,False
ABREL,,1123.0,12577.6,-121.54,1367.0,1437.0,3734.0,3952.0,-0.04871259568545583,-0.6151580074986609,-0.055161943319838036,407.0,3832.0,-0.5264240531244803,-115.0,265.0,,-372.0,9337.0,-0.03984149084288315,-91.0,False,False
RPOWER,ENERGY,20.36,8420.9,-25.14,30944.0,31859.0,33584.0,35776.0,-0.02872029881666094,-0.05136374464030491,-0.061270125223613636,2.0,28.0,-0.5850867333168783,13.0,655.0,-0.7292506948221804,-30.0,30852.0,-0.0009723842862699338,,False,False
MMTC,SERVICES,52.1,7815.0,20.19,19.0,24.0,29.0,34.0,-0.20833333333333337,-0.1724137931034483,-0.1470588235294118,1.0,3527.0,-0.9343051215481415,387.0,1562.0,-0.37192721054593236,-184.0,2121.0,-0.08675153229608674,-13025.0,False,False
AADHARHFC,,448.85,19569.86,17.85,138.0,92.0,80.0,63.0,0.5,0.1499999999999999,0.26984126984126977,,,,1095.0,545.0,0.2618445964692433,,,,,False,False
AAVAS,FINANCIAL SERVICES,1078.0,,,,,116.0,78.0,,,0.4871794871794872,,,,655.0,430.0,0.150599766277294,,,,,False,False
ABCAPITAL,FINANCIAL SERVICES,292.25,76569.5,20.34,2100.0,1929.0,1652.0,1279.0,0.08864696734059097,0.1676755447941889,0.2916340891321345,,,,3864.0,4824.0,-0.0712975180379124,,,,,False,False
ACC,CEMENT & CEMENT PRODUCTS,1254.6,23586.48,9.81,11256.0,10829.0,10025.0,7512.0,0.039431157078215984,0.0801995012468828,0.33453141640042605,21762.0,,,2402.0,,,3061.0,20980.0,0.14590085795996185,14.0,False,False
AIIL,,429.85,36537.25,18.9,789.0,414.0,355.0,317.0,0.9057971014492754,0.16619718309859155,0.11987381703470024,,,,1929.0,4304.0,-0.2347206611469017,,,,,False,False
AMBUJACEM,CEMENT & CEMENT PRODUCTS,401.25,99108.75,23.71,58299.0,42578.0,32194.0,23551.0,0.3692282399361173,0.3225445735230168,0.36699078595388723,35045.0,,,5158.0,,,5971.0,60213.0,0.09916463222227759,17.0,False,False
APTUS,,194.57,9728.5,10.33,39.0,35.0,22.0,15.0,0.11428571428571432,0.5909090909090908,0.46666666666666656,,,,943.0,503.0,0.23305155691257218,,,,,False,False
AXISBANK,FINANCIAL SERVICES,1161.3,361164.3,13.68,6756.0,6661.0,5860.0,5000.0,0.01426212280438377,0.13668941979522176,0.17199999999999993,,,,26548.0,10919.0,0.34467185335183803,,,,,False,False
BAJAJHFL,,73.09,,,154.0,141.0,123.0,113.0,0.09219858156028371,0.14634146341463405,0.08849557522123885,,,,2560.0,1258.0,0.2672231789807791,,,,,False,False
BAJFINANCE,FINANCIAL SERVICES,801.55,498564.1,26.23,4004.0,3780.0,3250.0,2308.0,0.059259259259259345,0.16307692307692312,0.4081455805892549,,,,19332.0,11508.0,0.18875487533572688,,,,,False,False
BANDHANBNK,FINANCIAL SERVICES,141.35,,,1401.0,855.0,959.0,509.0,0.6385964912280702,-0.1084462982273201,0.8840864440078586,,,,2745.0,126.0,1.792912102045063,,,,,False,False
BANKBARODA,FINANCIAL SERVICES,247.6,128256.8,6.45,12197.0,13544.0,9054.0,9865.0,-0.09945363260484352,0.49591340843825926,-0.08220983274201721,,,,20070.0,15005.0,0.10180259501621292,,,,,False,False
BANKINDIA,FINANCIAL SERVICES,136.99,62371.55,6.05,11670.0,11865.0,10178.0,9950.0,-0.01643489254108721,0.16574965612104542,0.022914572864321636,,,,10309.0,3839.0,0.3899509536347321,,,,,False,False
CANBK,FINANCIAL SERVICES,123.45,111969.15,6.27,10595.0,10302.0,12184.0,10334.0,0.028441079402057756,-0.15446487196323044,0.17902070834139727,,,,19712.0,11345.0,0.20219632698427348,,,,,False,False
CANFINHOME,FINANCIAL SERVICES,792.05,,,110.0,49.0,53.0,45.0,1.2448979591836733,-0.07547169811320753,0.1777777777777778,,,,1086.0,621.0,0.2047938492586625,,,,,False,False
CENTRALBK,FINANCIAL SERVICES,31.43,28447.29,6.29,5126.0,5214.0,5345.0,4786.0,-0.016877637130801704,-0.02450888681010288,0.11679899707480157,,,,4369.0,1582.0,0.4030027486026255,,,,,False,False
CGCL,,166.49,15983.04,16.89,364.0,341.0,350.0,291.0,0.0674486803519061,-0.02571428571428569,0.20274914089347074,,,,949.0,205.0,0.6666233051049371,,,,,False,False
CHOLAFIN,FINANCIAL SERVICES,1354.7,115149.5,22.06,1883.0,1780.0,1563.0,403.0,0.057865168539325884,0.13883557261676271,2.8784119106699753,,,,5233.0,2665.0,0.25223116212981966,,,,,False,False
CHOLAHLDNG,FINANCIAL SERVICES,1365.3,25940.7,10.5,2278.0,2029.0,1784.0,623.0,0.12272055199605725,0.1373318385650224,1.8635634028892456,,,,5485.0,2810.0,0.24975084001845804,,,,,False,False
CREDITACC,FINANCIAL SERVICES,1158.0,18528.0,23.86,588.0,604.0,609.0,599.0,-0.026490066225165587,-0.008210180623973717,0.016694490818029983,,,,778.0,826.0,-0.0197582784747784,,,,,False,False
CUB,FINANCIAL SERVICES,239.85,,,469.0,322.0,270.0,239.0,0.4565217391304348,0.19259259259259265,0.12970711297071125,,,,1326.0,937.0,0.1227109999165561,,,,,False,False
FEDERALBNK,FINANCIAL SERVICES,259.4,63942.1,14.71,1528.0,1456.0,996.0,890.0,0.0494505494505495,0.4618473895582329,0.11910112359550551,,,,4491.0,3210.0,0.11843995722071798,,,,,False,False
HDBFS,,559.95,,,,735.0,511.0,387.0,,0.4383561643835616,0.32041343669250644,,,,2544.0,1959.0,0.09100705005120324,,,,,False,False
HDFCBANK,FINANCIAL SERVICES,731.55,1125855.45,14.81,16492.0,15258.0,12604.0,8431.0,0.08087560623934986,0.2105680736274198,0.4949590795872376,,,,74671.0,44109.0,0.19181336649386882,,,,,False,False
HOMEFIRST,,904.8,,,56.0,46.0,30.0,26.0,0.21739130434782616,0.5333333333333334,0.15384615384615374,,,,540.0,228.0,0.33296773602042595,,,,,False,False
HUDCO,FINANCIAL SERVICES,159.58,31947.92,7.92,88.0,88.0,88.0,90.0,0.0,0.0,-0.022222222222222254,,,,4034.0,1701.0,0.33355375544568644,,,,,False,False
ICICIBANK,FINANCIAL SERVICES,1205.9,863424.4,15.93,17420.0,24272.0,15714.0,11070.0,-0.28230059327620305,0.5446099019982182,0.41951219512195115,,,,50147.0,31896.0,0.1627943460512411,,,,,False,False
IDBI,FINANCIAL SERVICES,61.5,66124.8,7.18,9775.0,12120.0,9435.0,9303.0,-0.1934818481848185,0.28457869634340227,0.014188971299580855,,,,9513.0,3645.0,0.37680781153474285,,,,,False,False
IDFCFIRSTB,FINANCIAL SERVICES,58.85,50622.77,31.47,2626.0,2802.0,2720.0,2054.0,-0.06281227694503921,0.030147058823529305,0.3242453748782863,,,,1611.0,2485.0,-0.13452130322871425,,,,,False,False
IFCI,FINANCIAL SERVICES,47.88,12898.87,71.46,1486.0,1700.0,1734.0,1764.0,-0.12588235294117645,-0.019607843137254943,-0.017006802721088454,,,,435.0,-120.0,,,,,,False,False
IIFL,,430.45,18294.12,11.02,1514.0,1487.0,905.0,862.0,0.0181573638197714,0.6430939226519337,0.04988399071925764,,,,1817.0,1608.0,0.04157279419409443,,,,,False,False
INDIANB,FINANCIAL SERVICES,845.7,113915.79,9.73,8674.0,8854.0,7538.0,7472.0,-0.020329794443189497,0.17458211727248618,0.008832976445396046,,,,11707.0,5574.0,0.2806375093788518,,,,,False,False
INDUSINDBK,FINANCIAL SERVICES,752.45,58615.86,65.95,2546.0,2309.0,2127.0,1944.0,0.10264183629276746,0.0855665256229432,0.09413580246913589,,,,933.0,7390.0,-0.49833661785014804,,,,,False,False
IOB,FINANCIAL SERVICES,31.38,60428.47,,5075.0,4581.0,3726.0,3711.0,0.10783671687404506,0.22946859903381633,0.004042037186742009,,,,5418.0,2104.0,0.37066425901656164,,,,,False,False
IRFC,,87.23,,,28.0,18.0,22.0,19.0,0.5555555555555556,-0.18181818181818177,0.1578947368421053,,,,7009.0,6337.0,0.03416725920685182,,,,,False,False
J&KBANK,FINANCIAL SERVICES,110.01,12101.1,5.13,2533.0,2126.0,2208.0,2224.0,0.19143932267168395,-0.03713768115942029,-0.007194244604316502,,,,2363.0,1197.0,0.254459150446793,,,,,False,False
KARURVYSYA,FINANCIAL SERVICES,289.4,,,502.0,451.0,412.0,418.0,0.11308203991130816,0.09466019417475735,-0.014354066985645897,,,,2510.0,1106.0,0.31413363615211365,,,,,False,False
KOTAKBANK,FINANCIAL SERVICES,353.4,351633.0,18.23,2853.0,3759.0,3510.0,3075.0,-0.24102154828411815,0.07094017094017091,0.14146341463414625,,,,19288.0,14925.0,0.08924176659150151,,,,,False,False
LICHSGFIN,FINANCIAL SERVICES,495.25,27238.75,4.86,416.0,377.0,389.0,388.0,0.10344827586206895,-0.03084832904884316,0.002577319587628857,,,,5604.0,2891.0,0.24685708758570524,,,,,False,False
LINDEINDIA,CHEMICALS,6844.0,58174.0,128.33,2093.0,1925.0,1822.0,1762.0,0.08727272727272717,0.056531284302963725,0.034052213393870545,2485.0,,,455.0,,,765.0,4345.0,0.1760644418872267,31.0,False,False
LTF,,240.2,60146.08,20.18,1308.0,641.0,519.0,553.0,1.0405616224648986,0.23506743737957603,-0.061482820976491825,,,,2983.0,1536.0,0.24763441491873084,,,,,False,False
M&MFIN,FINANCIAL SERVICES,286.1,39767.9,13.93,1334.0,1207.0,1008.0,871.0,0.10521955260977633,0.19742063492063489,0.15729047072330649,,,,2861.0,2071.0,0.11372829405779994,,,,,False,False
MAHABANK,FINANCIAL SERVICES,61.33,47175.04,6.72,2962.0,2911.0,2200.0,2149.0,0.017519752662315424,0.32318181818181824,0.023731968357375566,,,,7017.0,2605.0,0.3913869197617448,,,,,False,False
MANAPPURAM,FINANCIAL SERVICES,251.1,23603.4,23.51,1057.0,1134.0,1070.0,1094.0,-0.0679012345679012,0.059813084112149584,-0.021937842778793404,,,,993.0,1500.0,-0.12846266442466714,,,,,False,False
MUTHOOTFIN,FINANCIAL SERVICES,3160.1,126720.01,11.98,721.0,682.0,482.0,386.0,0.05718475073313778,0.41493775933609967,0.24870466321243523,,,,10607.0,3670.0,0.42443346486325595,,,,,False,False
NSLNISP,,33.2,,,19452.0,20131.0,20273.0,1118.0,-0.03372907456162133,-0.007004390075469824,17.133273703041144,13642.0,0.0,,59.0,0.0,,1518.0,17787.0,0.08534322820037106,,False,False
PFC,FINANCIAL SERVICES,379.5,125235.0,4.84,771.0,761.0,764.0,782.0,0.013140604467805517,-0.003926701570680646,-0.023017902813299185,,,,33625.0,21179.0,0.16659187551648413,,,,,False,False
PNB,FINANCIAL SERVICES,100.56,115593.72,6.29,15625.0,13083.0,12348.0,12084.0,0.19429794389665989,0.059523809523809534,0.021847070506454846,,,,18467.0,3359.0,0.7649352690341309,,,,,False,False
PNBHOUSING,FINANCIAL SERVICES,755.05,19706.81,8.59,279.0,239.0,207.0,146.0,0.16736401673640167,0.15458937198067635,0.4178082191780821,,,,,1056.0,,,,,,False,False
POONAWALLA,,368.4,29840.4,55.23,427.0,244.0,194.0,222.0,0.75,0.25773195876288657,-0.12612612612612617,,,,542.0,685.0,-0.07508269513077992,,,,,False,False
RBLBANK,FINANCIAL SERVICES,289.75,17906.55,20.38,582.0,638.0,591.0,594.0,-0.08777429467084641,0.07952622673434862,-0.005050505050505083,,,,879.0,920.0,-0.015081376986234352,,,,,False,False
RECLTD,FINANCIAL SERVICES,305.1,80332.83,4.93,616.0,629.0,632.0,641.0,-0.020667726550079535,-0.004746835443038,-0.01404056162246492,,,,16308.0,11167.0,0.13454413622883998,,,,,False,False
SAMMAANCAP,,149.52,17120.04,-2.42,341.0,391.0,325.0,433.0,-0.12787723785166238,0.20307692307692315,-0.2494226327944573,,,,-7145.0,1130.0,,,,,,False,False
SBICARD,,635.45,,,231.0,320.0,542.0,551.0,-0.27812499999999996,-0.4095940959409594,-0.016333938294010864,,,,2167.0,2258.0,-0.013618334301964019,,,,,False,False
SBIN,FINANCIAL SERVICES,979.4,903986.2,10.85,59772.0,47716.0,46072.0,45880.0,0.2526615810210411,0.03568327834693519,0.004184829991281669,,,,80032.0,50232.0,0.16795936507788567,,,,,False,False
SHRIRAMFIN,,872.1,163954.8,16.37,2635.0,2914.0,3718.0,3714.0,-0.0957446808510638,-0.21624529316837005,0.001077005923532548,,,,10024.0,6020.0,0.18526334989074678,,,,,False,False
SUNDARMFIN,FINANCIAL SERVICES,4375.5,48130.5,23.61,1462.0,1450.0,1389.0,1296.0,0.008275862068965578,0.043916486681065514,0.0717592592592593,,,,2059.0,1510.0,0.10890191406940297,,,,,False,False
TATACAP,,305.0,128618.5,26.71,2636.0,2003.0,1190.0,733.0,0.3160259610584124,0.6831932773109244,0.6234652114597545,,,,4891.0,2946.0,0.18409979730280313,,,,,False,False
UNIONBANK,FINANCIAL SERVICES,164.2,127057.96,6.45,11660.0,9765.0,9224.0,8826.0,0.1940604198668714,0.05865134431916741,0.04509404033537279,,,,19430.0,8512.0,0.31668047420777823,,,,,False,False
YESBANK,FINANCIAL SERVICES,17.25,54130.5,15.4,3198.0,2872.0,2509.0,2156.0,0.11350974930362123,0.14467915504184936,0.1637291280148423,,,,3476.0,717.0,0.6924669787291111,,,,,False,False
