date,symbol,event
2020-03-06,NAVINFLUOR,fresh signal REFUSED — falling earnings power
2020-03-06,PFIZER,fresh signal REFUSED — falling earnings power
2020-03-06,POLYMED,fresh signal REFUSED — falling earnings power
2020-03-06,RELAXO,fresh signal REFUSED — falling earnings power
2020-03-09,DEEPAKNTR,"BUY ₹10.01 at ₹508.80 (fresh Friday signal — BUY: 2.89× weekly, month 3.33×, ladder rising; stop ₹356.25; charges ₹0.01)"
2020-03-09,HDFCMFGETF,"BUY ₹9.98 at ₹4,002.50 (fresh Friday signal — ACCUMULATE: 2.73× weekly, month 2.32×, ladder rising; stop ₹3,540.65; charges ₹0.01)"
2020-03-09,INDOCO,"BUY ₹9.96 at ₹228.20 (fresh Friday signal — ACCUMULATE: 2.23× weekly, month 2.79×, ladder rising; stop ₹164.08; charges ₹0.01)"
2020-03-09,IOLCP,"BUY ₹9.87 at ₹51.20 (fresh Friday signal — ACCUMULATE: 2.04× weekly, month 9.15×, ladder rising; stop ₹36.91; charges ₹0.01)"
2020-03-09,LALPATHLAB,"BUY ₹9.89 at ₹835.00 (fresh Friday signal — ACCUMULATE: 2.13× weekly, month 1.75×, ladder rising; stop ₹743.38; charges ₹0.01)"
2020-03-09,SETFGOLD,"BUY ₹10.00 at ₹3,862.80 (fresh Friday signal — BUY: 3.14× weekly, month 2.45×, ladder rising; stop ₹3,548.39; charges ₹0.01)"
2020-03-13,HDFCMFGETF,"SELL ₹8.81 at stop ₹3,540.65 (-11.5%, charges ₹0.01) — the cash goes back to work at the next Friday screen"
2020-03-13,INDOCO,"SELL ₹7.14 at stop ₹164.08 (-28.1%, charges ₹0.01) — the cash goes back to work at the next Friday screen"
2020-03-13,LALPATHLAB,"SELL ₹8.79 at stop ₹743.38 (-11.0%, charges ₹0.01) — the cash goes back to work at the next Friday screen"
2020-03-17,SETFGOLD,"SELL ₹9.17 at stop ₹3,548.39 (-8.1%, charges ₹0.01) — the cash goes back to work at the next Friday screen"
2020-03-19,DEEPAKNTR,"SELL ₹7.00 at stop ₹356.25 (-30.0%, charges ₹0.01) — the cash goes back to work at the next Friday screen"
2020-03-19,IOLCP,"SELL ₹7.10 at stop ₹36.91 (-27.9%, charges ₹0.01) — the cash goes back to work at the next Friday screen"
2020-04-01,TAX,"FY2020 settled: ₹0.00 paid (STCG ₹0.00 @20%, LTCG ₹0.00 @12.5%; losses carried forward ST ₹11.59 / LT ₹0.00)"
2020-04-13,AXISGOLD,"BUY ₹8.82 at ₹4,049.00 (fresh Friday signal — ACCUMULATE: 1.53× weekly, month 3.08×, ladder rising; stop ₹3,199.23; charges ₹0.01)"
2020-04-13,DEEPAKNTR,"BUY ₹8.83 at ₹474.55 (fresh Friday signal — ACCUMULATE: 1.76× weekly, month 2.54×, ladder rising; stop ₹240.25; charges ₹0.01)"
2020-04-13,GOLDBEES,"BUY ₹8.80 at ₹41.24 (fresh Friday signal — ACCUMULATE: 1.55× weekly, month 9.44×, ladder rising; stop ₹31.74; charges ₹0.01)"
2020-04-20,HDFCMFGETF,"BUY ₹8.85 at ₹4,385.40 (fresh Friday signal — BUY: 2.66× weekly, month 4.34×, ladder rising; stop ₹3,695.50; charges ₹0.01)"
2020-04-27,CADILAHC,"BUY ₹8.90 at ₹330.30 (fresh Friday signal — ACCUMULATE: 2.52× weekly, month 4.52×, ladder rising; stop ₹310.03; charges ₹0.01)"
2020-04-27,SYNGENE,"BUY ₹8.91 at ₹319.00 (fresh Friday signal — ACCUMULATE: 2.32× weekly, month 1.67×, ladder rising; stop ₹285.95; charges ₹0.01)"
2020-04-27,TAJGVK,"BUY ₹8.90 at ₹133.40 (fresh Friday signal — BUY: 6.65× weekly, month 2.45×, ladder rising; stop ₹106.49; charges ₹0.01)"
2020-04-30,AXISGOLD,"RAISE STOP ₹3,199.23 → ₹3,943.45 (new box ₹4,151.00–₹4,802.10 sealed)"
2020-04-30,HDFCMFGETF,"RAISE STOP ₹3,695.50 → ₹4,037.50 (new box ₹4,250.00–₹4,830.70 sealed)"
2020-04-30,NIACL,fresh signal REFUSED — falling earnings power
2020-04-30,PFIZER,fresh signal REFUSED — falling earnings power
2020-05-04,AXISGOLD,"PYRAMID BUY ₹9.30 at ₹4,271.70 (box jump — doubling the stake with NEW capital; stop stays ₹3,943.45; charges ₹0.01)"
2020-05-04,HDFCMFGETF,"PYRAMID BUY ₹8.82 at ₹4,376.95 (box jump — doubling the stake with NEW capital; stop stays ₹4,037.50; charges ₹0.01)"
2020-05-08,APLLTD,"fresh signal NOT FUNDED — cash exhausted (ACCUMULATE: 1.70× weekly, month 6.57×, ladder rising; funding priority now 1)"
2020-05-08,IOLCP,"fresh signal NOT FUNDED — cash exhausted (BUY: 2.18× weekly, month 2.73×, ladder rising; funding priority now 1)"
2020-05-11,EIDPARRY,"BUY ₹10.57 at ₹164.00 (fresh Friday signal — ACCUMULATE: 2.52× weekly, month 1.53×, ladder rising; stop ₹132.60; charges ₹0.01)"
2020-05-11,MANGCHEFER,"BUY ₹10.57 at ₹33.75 (fresh Friday signal — BUY: 2.54× weekly, month 2.97×, ladder rising; stop ₹29.50; charges ₹0.01)"
2020-05-15,DEEPAKNTR,RAISE STOP ₹240.25 → ₹474.05 (new box ₹499.00–₹567.70 sealed)
2020-05-15,MANGCHEFER,RAISE STOP ₹29.50 → ₹30.64 (new box ₹32.25–₹36.25 sealed)
2020-05-15,TAJGVK,RAISE STOP ₹106.49 → ₹107.73 (new box ₹117.00–₹147.90 sealed)
2020-05-18,DEEPAKNTR,PYRAMID BUY ₹9.70 at ₹521.95 (box jump — doubling the stake with NEW capital; stop stays ₹474.05; charges ₹0.01)
2020-05-18,MANGCHEFER,PYRAMID BUY ₹10.68 at ₹34.15 (box jump — doubling the stake with NEW capital; stop stays ₹30.64; charges ₹0.01)
2020-05-18,TAJGVK,PYRAMID BUY ₹8.47 at ₹127.05 (box jump — doubling the stake with NEW capital; stop stays ₹107.73; charges ₹0.01)
2020-06-05,CADILAHC,RAISE STOP ₹310.03 → ₹316.35 (new box ₹333.00–₹353.00 sealed)
2020-06-05,SYNGENE,RAISE STOP ₹285.95 → ₹323.19 (new box ₹340.20–₹382.00 sealed)
2020-06-08,CADILAHC,PYRAMID BUY ₹9.69 at ₹360.00 (box jump — doubling the stake with NEW capital; stop stays ₹316.35; charges ₹0.01)
2020-06-08,SYNGENE,PYRAMID BUY ₹10.43 at ₹373.90 (box jump — doubling the stake with NEW capital; stop stays ₹323.19; charges ₹0.01)
2020-06-12,ADVENZYMES,"fresh signal NOT FUNDED — cash exhausted (BUY: 4.13× weekly, month 2.88×, ladder rising; funding priority now 1)"
2020-06-12,ALEMBICLTD,"fresh signal NOT FUNDED — cash exhausted (BUY: 3.12× weekly, month 4.14×, ladder rising; funding priority now 1)"
2020-06-12,APOLLO,"fresh signal NOT FUNDED — cash exhausted (BUY: 2.77× weekly, month 6.85×, ladder rising; funding priority now 1)"
2020-06-12,ASTRAZEN,"fresh signal NOT FUNDED — cash exhausted (BUY: 1.92× weekly, month 3.02×, ladder rising; funding priority now 1)"
2020-06-12,CAPLIPOINT,"fresh signal NOT FUNDED — cash exhausted (BUY: 5.39× weekly, month 2.09×, ladder rising; funding priority now 1)"
2020-06-12,DEEPAKNTR,"SELL ₹17.59 at stop ₹474.05 (-4.9%, charges ₹0.02) — the cash goes back to work at the next Friday screen; ₹8.79 of doubled capital and its returns OUT to the pocket"
2020-06-12,GRANULES,"fresh signal NOT FUNDED — cash exhausted (BUY: 3.46× weekly, month 2.65×, ladder rising; funding priority now 1)"
2020-06-12,GSPL,"fresh signal NOT FUNDED — cash exhausted (BUY: 2.29× weekly, month 1.70×, ladder rising; funding priority now 1)"
2020-06-12,GUJAPOLLO,"fresh signal NOT FUNDED — cash exhausted (ACCUMULATE: 1.82× weekly, month 1.77×, ladder rising; funding priority now 1)"
2020-06-12,HATHWAY,"fresh signal NOT FUNDED — cash exhausted (ACCUMULATE: 2.22× weekly, month 3.04×, ladder rising; funding priority now 1)"
2020-06-12,HEROMOTOCO,fresh signal REFUSED — falling earnings power
2020-06-12,ICICIGOLD,"fresh signal NOT FUNDED — cash exhausted (ACCUMULATE: 1.93× weekly, month 7.52×, ladder rising; funding priority now 1)"
2020-06-12,JINDALPOLY,"fresh signal NOT FUNDED — cash exhausted (BUY: 5.76× weekly, month 5.90×, ladder rising; funding priority now 1)"
2020-06-12,JTEKTINDIA,"fresh signal NOT FUNDED — cash exhausted (BUY: 8.49× weekly, month 5.74×, ladder rising; funding priority now 1)"
2020-06-12,KIRLOSBROS,"fresh signal NOT FUNDED — cash exhausted (BUY: 3.69× weekly, month 2.65×, ladder rising; funding priority now 1)"
2020-06-12,MUNJALAU,"fresh signal NOT FUNDED — cash exhausted (BUY: 5.19× weekly, month 2.64×, ladder rising; funding priority now 1)"
2020-06-12,N100,"fresh signal NOT FUNDED — cash exhausted (ACCUMULATE: 2.31× weekly, month 1.99×, ladder rising; funding priority now 1)"
2020-06-12,NFL,fresh signal REFUSED — falling earnings power
2020-06-12,RECLTD,fresh signal REFUSED — falling earnings power
2020-06-15,PANACEABIO,"BUY ₹13.95 at ₹230.00 (fresh Friday signal — BUY: 12.78× weekly, month 8.27×, ladder rising; stop ₹114.11; charges ₹0.02)"
2020-06-19,CADILAHC,RAISE STOP ₹316.35 → ₹338.53 (new box ₹356.35–₹383.60 sealed)
2020-06-19,EIDPARRY,RAISE STOP ₹132.60 → ₹204.49 (new box ₹215.25–₹237.80 sealed)
2020-06-19,MANGCHEFER,RAISE STOP ₹30.64 → ₹33.73 (new box ₹35.50–₹40.25 sealed)
2020-06-19,TAJGVK,RAISE STOP ₹107.73 → ₹126.45 (new box ₹137.65–₹175.00 sealed)
2020-06-22,CADILAHC,PYRAMID BUY ₹19.68 at ₹365.95 (box jump — doubling the stake with NEW capital; stop stays ₹338.53; charges ₹0.02)
2020-06-22,EIDPARRY,PYRAMID BUY ₹17.21 at ₹267.45 (box jump — doubling the stake with NEW capital; stop stays ₹204.49; charges ₹0.02)
2020-06-22,MANGCHEFER,PYRAMID BUY ₹22.89 at ₹36.60 (box jump — doubling the stake with NEW capital; stop stays ₹33.73; charges ₹0.03)
2020-06-22,TAJGVK,PYRAMID BUY ₹20.74 at ₹155.70 (box jump — doubling the stake with NEW capital; stop stays ₹126.45; funded ₹8.79 from the pocket + ₹11.95 fresh; charges ₹0.02)
2020-06-26,PANACEABIO,RAISE STOP ₹114.11 → ₹169.29 (new box ₹191.00–₹263.35 sealed)
2020-06-29,PANACEABIO,PYRAMID BUY ₹12.36 at ₹204.00 (box jump — doubling the stake with NEW capital; stop stays ₹169.29; charges ₹0.01)
2020-07-03,EIDPARRY,RAISE STOP ₹204.49 → ₹249.19 (new box ₹262.30–₹279.80 sealed)
2020-07-03,SYNGENE,RAISE STOP ₹323.19 → ₹378.10 (new box ₹398.00–₹424.00 sealed)
2020-07-06,EIDPARRY,PYRAMID BUY ₹34.21 at ₹266.00 (box jump — doubling the stake with NEW capital; stop stays ₹249.19; charges ₹0.04)
2020-07-06,SYNGENE,PYRAMID BUY ₹24.42 at ₹438.00 (box jump — doubling the stake with NEW capital; stop stays ₹378.10; charges ₹0.03)
2020-07-10,AXISGOLD,"RAISE STOP ₹3,943.45 → ₹3,971.05 (new box ₹4,180.05–₹4,503.40 sealed)"
2020-07-13,AXISGOLD,"PYRAMID BUY ₹18.68 at ₹4,295.00 (box jump — doubling the stake with NEW capital; stop stays ₹3,971.05; charges ₹0.02)"
2020-07-23,AXISGOLD,"SELL ₹34.49 at stop ₹3,971.05 (-6.1%, charges ₹0.04) — the cash goes back to work at the next Friday screen; ₹25.86 of doubled capital and its returns OUT to the pocket"
2020-07-24,EIDPARRY,RAISE STOP ₹249.19 → ₹273.03 (new box ₹287.40–₹313.80 sealed)
2020-07-27,EIDPARRY,PYRAMID BUY ₹75.59 at ₹294.00 (box jump — doubling the stake with NEW capital; stop stays ₹273.03; funded ₹25.86 from the pocket + ₹49.73 fresh; charges ₹0.09)
2020-07-31,AARTIDRUGS,"fresh signal NOT FUNDED — cash exhausted (BUY: 1.72× weekly, month 2.12×, ladder rising; funding priority now 1)"
2020-07-31,ADVENZYMES,"fresh signal NOT FUNDED — cash exhausted (starved 1×, front of the queue — BUY: 4.31× weekly, month 2.51×, ladder rising; funding priority now 2)"
2020-07-31,APOLLO,"fresh signal NOT FUNDED — cash exhausted (starved 1×, front of the queue — ACCUMULATE: 1.74× weekly, month 8.96×, ladder rising; funding priority now 2)"
2020-07-31,APOLLOPIPE,"fresh signal NOT FUNDED — cash exhausted (ACCUMULATE: 3.20× weekly, month 1.68×, ladder rising; funding priority now 1)"
2020-07-31,CDSL,fresh signal REFUSED — falling earnings power
2020-07-31,DAAWAT,"fresh signal NOT FUNDED — cash exhausted (BUY: 2.10× weekly, month 2.11×, ladder rising; funding priority now 1)"
2020-07-31,DECCANCE,"fresh signal NOT FUNDED — cash exhausted (ACCUMULATE: 2.66× weekly, month 9.64×, ladder rising; funding priority now 1)"
2020-07-31,DEEPAKFERT,"fresh signal NOT FUNDED — cash exhausted (BUY: 3.28× weekly, month 3.19×, ladder rising; funding priority now 1)"
2020-07-31,DYNPRO,"fresh signal NOT FUNDED — cash exhausted (BUY: 6.82× weekly, month 11.46×, ladder rising; funding priority now 1)"
2020-07-31,EVEREADY,"fresh signal NOT FUNDED — cash exhausted (BUY: 1.54× weekly, month 3.33×, ladder rising; funding priority now 1)"
2020-07-31,FDC,"fresh signal NOT FUNDED — cash exhausted (BUY: 2.71× weekly, month 4.44×, ladder rising; funding priority now 1)"
2020-07-31,GAEL,"fresh signal NOT FUNDED — cash exhausted (BUY: 3.47× weekly, month 2.59×, ladder rising; funding priority now 1)"
2020-07-31,GOLDSHARE,"fresh signal NOT FUNDED — cash exhausted (BUY: 4.11× weekly, month 1.57×, ladder rising; funding priority now 1)"
2020-07-31,HARRMALAYA,"fresh signal NOT FUNDED — cash exhausted (ACCUMULATE: 2.03× weekly, month 2.96×, ladder rising; funding priority now 1)"
2020-07-31,HINDZINC,"fresh signal NOT FUNDED — cash exhausted (BUY: 1.57× weekly, month 2.28×, ladder rising; funding priority now 1)"
2020-07-31,ICIL,"fresh signal NOT FUNDED — cash exhausted (BUY: 3.01× weekly, month 4.24×, ladder rising; funding priority now 1)"
2020-07-31,KIRIINDUS,"fresh signal NOT FUNDED — cash exhausted (ACCUMULATE: 2.67× weekly, month 2.41×, ladder rising; funding priority now 1)"
2020-07-31,KOTAKGOLD,"fresh signal NOT FUNDED — cash exhausted (ACCUMULATE: 3.13× weekly, month 2.09×, ladder rising; funding priority now 1)"
2020-07-31,LAURUSLABS,"fresh signal NOT FUNDED — cash exhausted (BUY: 2.49× weekly, month 4.24×, ladder rising; funding priority now 1)"
2020-07-31,LINCOLN,"fresh signal NOT FUNDED — cash exhausted (ACCUMULATE: 4.53× weekly, month 3.32×, ladder rising; funding priority now 1)"
2020-07-31,LTI,"fresh signal NOT FUNDED — cash exhausted (BUY: 1.66× weekly, month 1.77×, ladder rising; funding priority now 1)"
2020-07-31,MANGCHEFER,"SELL ₹42.11 at stop ₹33.73 (-4.4%, charges ₹0.04) — the cash goes back to work at the next Friday screen; ₹31.57 of doubled capital and its returns OUT to the pocket"
2020-07-31,MEGH,"fresh signal NOT FUNDED — cash exhausted (BUY: 1.80× weekly, month 3.46×, ladder rising; funding priority now 1)"
2020-07-31,MPHASIS,"fresh signal NOT FUNDED — cash exhausted (ACCUMULATE: 3.52× weekly, month 2.87×, ladder rising; funding priority now 1)"
2020-07-31,NATCOPHARM,fresh signal REFUSED — falling earnings power
2020-07-31,NEULANDLAB,"fresh signal NOT FUNDED — cash exhausted (BUY: 1.80× weekly, month 4.40×, ladder rising; funding priority now 1)"
2020-07-31,NILKAMAL,"fresh signal NOT FUNDED — cash exhausted (BUY: 3.38× weekly, month 1.68×, ladder rising; funding priority now 1)"
2020-07-31,PANACEABIO,RAISE STOP ₹169.29 → ₹184.01 (new box ₹193.70–₹214.85 sealed)
2020-07-31,PERSISTENT,fresh signal REFUSED — falling earnings power
2020-07-31,POLYMED,"fresh signal NOT FUNDED — cash exhausted (ACCUMULATE: 3.32× weekly, month 5.89×, ladder rising; funding priority now 1)"
2020-07-31,RPGLIFE,"fresh signal NOT FUNDED — cash exhausted (BUY: 1.69× weekly, month 2.62×, ladder rising; funding priority now 1)"
2020-07-31,SAKSOFT,"fresh signal NOT FUNDED — cash exhausted (BUY: 1.59× weekly, month 2.10×, ladder rising; funding priority now 1)"
2020-07-31,SEQUENT,"fresh signal NOT FUNDED — cash exhausted (BUY: 1.93× weekly, month 4.08×, ladder rising; funding priority now 1)"
2020-07-31,SETFGOLD,"fresh signal NOT FUNDED — cash exhausted (BUY: 3.84× weekly, month 3.21×, ladder rising; funding priority now 1)"
2020-07-31,SHILPAMED,"fresh signal NOT FUNDED — cash exhausted (ACCUMULATE: 1.85× weekly, month 2.85×, ladder rising; funding priority now 1)"
2020-07-31,SOLARA,"fresh signal NOT FUNDED — cash exhausted (BUY: 1.67× weekly, month 2.48×, ladder rising; funding priority now 1)"
2020-07-31,TECHM,fresh signal REFUSED — falling earnings power
2020-07-31,UCALFUEL,"fresh signal NOT FUNDED — cash exhausted (BUY: 2.30× weekly, month 2.11×, ladder rising; funding priority now 1)"
2020-07-31,UNICHEMLAB,"fresh signal NOT FUNDED — cash exhausted (BUY: 1.84× weekly, month 4.35×, ladder rising; funding priority now 1)"
2020-07-31,ZENSARTECH,fresh signal REFUSED — falling earnings power
2020-07-31,ZENTEC,"fresh signal NOT FUNDED — cash exhausted (ACCUMULATE: 4.37× weekly, month 4.91×, ladder rising; funding priority now 1)"
2020-08-03,KIRLOSBROS,signal SKIPPED — cash below half a slice (funding priority now 2)
2020-08-03,PANACEABIO,PYRAMID BUY ₹27.60 at ₹227.95 (box jump — doubling the stake with NEW capital; stop stays ₹184.01; funded ₹27.60 from the pocket + ₹0.00 fresh; charges ₹0.03)
2020-08-07,HDFCMFGETF,"RAISE STOP ₹4,037.50 → ₹4,492.07 (new box ₹4,728.50–₹5,338.50 sealed)"
2020-08-10,HDFCMFGETF,"PYRAMID BUY ₹20.10 at ₹4,989.95 (box jump — doubling the stake with NEW capital; stop stays ₹4,492.07; funded ₹3.98 from the pocket + ₹16.13 fresh; charges ₹0.02)"
2020-08-14,CADILAHC,RAISE STOP ₹338.53 → ₹364.99 (new box ₹384.20–₹411.50 sealed)
2020-08-14,SYNGENE,RAISE STOP ₹378.10 → ₹434.44 (new box ₹457.30–₹504.00 sealed)
2020-08-17,CADILAHC,PYRAMID BUY ₹42.92 at ₹399.15 (box jump — doubling the stake with NEW capital; stop stays ₹364.99; charges ₹0.05)
2020-08-17,EIDPARRY,"SELL ₹140.17 at stop ₹273.03 (+2.1%, charges ₹0.15) — the cash goes back to work at the next Friday screen; ₹122.61 of doubled capital and its returns OUT to the pocket"
2020-08-17,SYNGENE,PYRAMID BUY ₹55.02 at ₹493.80 (box jump — doubling the stake with NEW capital; stop stays ₹434.44; charges ₹0.07)
2020-08-20,PANACEABIO,"SELL ₹44.48 at stop ₹184.01 (-17.3%, charges ₹0.05) — the cash goes back to work at the next Friday screen; ₹33.35 of doubled capital and its returns OUT to the pocket"
2020-08-21,AARTIDRUGS,"fresh signal NOT FUNDED — cash exhausted (starved 1×, front of the queue — BUY: 5.29× weekly, month 7.63×, ladder rising; funding priority now 2)"
2020-08-21,APCOTEXIND,"fresh signal NOT FUNDED — cash exhausted (BUY: 8.08× weekly, month 5.83×, ladder rising; funding priority now 1)"
2020-08-21,APTECHT,"fresh signal NOT FUNDED — cash exhausted (BUY: 3.09× weekly, month 2.18×, ladder rising; funding priority now 1)"
2020-08-21,ARVSMART,"fresh signal NOT FUNDED — cash exhausted (BUY: 2.92× weekly, month 6.03×, ladder rising; funding priority now 1)"
2020-08-21,ASHOKLEY,fresh signal REFUSED — falling earnings power
2020-08-21,ASTEC,"fresh signal NOT FUNDED — cash exhausted (BUY: 1.84× weekly, month 2.90×, ladder rising; funding priority now 1)"
2020-08-21,ATUL,"fresh signal NOT FUNDED — cash exhausted (BUY: 1.78× weekly, month 1.67×, ladder rising; funding priority now 1)"
2020-08-21,BALAMINES,fresh signal REFUSED — falling earnings power
2020-08-21,BASF,"fresh signal NOT FUNDED — cash exhausted (BUY: 2.11× weekly, month 1.63×, ladder rising; funding priority now 1)"
2020-08-21,BRIGADE,fresh signal REFUSED — falling earnings power
2020-08-21,BSOFT,fresh signal REFUSED — falling earnings power
2020-08-21,CCL,"fresh signal NOT FUNDED — cash exhausted (ACCUMULATE: 2.83× weekly, month 1.58×, ladder rising; funding priority now 1)"
2020-08-21,COSMOFILMS,"fresh signal NOT FUNDED — cash exhausted (BUY: 3.22× weekly, month 3.93×, ladder rising; funding priority now 1)"
2020-08-21,DBL,fresh signal REFUSED — falling earnings power
2020-08-21,ESSELPACK,"fresh signal NOT FUNDED — cash exhausted (BUY: 1.67× weekly, month 2.55×, ladder rising; funding priority now 1)"
2020-08-21,ESTER,"fresh signal NOT FUNDED — cash exhausted (BUY: 1.69× weekly, month 3.98×, ladder rising; funding priority now 1)"
2020-08-21,GAEL,"fresh signal NOT FUNDED — cash exhausted (starved 1×, front of the queue — BUY: 1.94× weekly, month 3.47×, ladder rising; funding priority now 2)"
2020-08-21,GARFIBRES,"fresh signal NOT FUNDED — cash exhausted (ACCUMULATE: 1.70× weekly, month 2.43×, ladder rising; funding priority now 1)"
2020-08-21,GNFC,fresh signal REFUSED — falling earnings power
2020-08-21,GOLDBEES,RAISE STOP ₹31.74 → ₹41.00 (new box ₹43.16–₹49.60 sealed)
2020-08-21,GRASIM,fresh signal REFUSED — falling earnings power
2020-08-21,HSIL,"fresh signal NOT FUNDED — cash exhausted (BUY: 1.73× weekly, month 1.71×, ladder rising; funding priority now 1)"
2020-08-21,IBREALEST,"fresh signal NOT FUNDED — cash exhausted (BUY: 3.81× weekly, month 1.59×, ladder rising; funding priority now 1)"
2020-08-21,INOXLEISUR,"fresh signal NOT FUNDED — cash exhausted (ACCUMULATE: 2.67× weekly, month 2.83×, ladder rising; funding priority now 1)"
2020-08-21,INSECTICID,"fresh signal NOT FUNDED — cash exhausted (ACCUMULATE: 2.40× weekly, month 3.32×, ladder rising; funding priority now 1)"
2020-08-21,IRB,fresh signal REFUSED — falling earnings power
2020-08-21,LINCOLN,"fresh signal NOT FUNDED — cash exhausted (starved 1×, front of the queue — BUY: 4.53× weekly, month 6.98×, ladder rising; funding priority now 2)"
2020-08-21,LUMAXTECH,fresh signal REFUSED — falling earnings power
2020-08-21,MAHABANK,"fresh signal NOT FUNDED — cash exhausted (BUY: 2.12× weekly, month 4.49×, ladder rising; funding priority now 1)"
2020-08-21,MEGH,"fresh signal NOT FUNDED — cash exhausted (starved 1×, front of the queue — BUY: 1.63× weekly, month 3.19×, ladder rising; funding priority now 2)"
2020-08-21,MHRIL,"fresh signal NOT FUNDED — cash exhausted (ACCUMULATE: 3.00× weekly, month 1.98×, ladder rising; funding priority now 1)"
2020-08-21,NATHBIOGEN,"fresh signal NOT FUNDED — cash exhausted (ACCUMULATE: 1.89× weekly, month 5.18×, ladder rising; funding priority now 1)"
2020-08-21,NELCAST,"fresh signal NOT FUNDED — cash exhausted (ACCUMULATE: 1.87× weekly, month 1.99×, ladder rising; funding priority now 1)"
2020-08-21,NIITLTD,"fresh signal NOT FUNDED — cash exhausted (BUY: 3.47× weekly, month 2.94×, ladder rising; funding priority now 1)"
2020-08-21,NILKAMAL,"fresh signal NOT FUNDED — cash exhausted (starved 1×, front of the queue — BUY: 2.49× weekly, month 1.70×, ladder rising; funding priority now 2)"
2020-08-21,ORIENTREF,"fresh signal NOT FUNDED — cash exhausted (BUY: 3.65× weekly, month 1.88×, ladder rising; funding priority now 1)"
2020-08-21,PNBHOUSING,fresh signal REFUSED — falling earnings power
2020-08-21,POLYPLEX,"fresh signal NOT FUNDED — cash exhausted (BUY: 4.00× weekly, month 5.89×, ladder rising; funding priority now 1)"
2020-08-21,SARDAEN,fresh signal REFUSED — falling earnings power
2020-08-21,SEAMECLTD,"fresh signal NOT FUNDED — cash exhausted (ACCUMULATE: 1.56× weekly, month 2.18×, ladder rising; funding priority now 1)"
2020-08-21,SUNFLAG,"fresh signal NOT FUNDED — cash exhausted (BUY: 2.96× weekly, month 4.39×, ladder rising; funding priority now 1)"
2020-08-21,TANLA,fresh signal REFUSED — falling earnings power
2020-08-21,TATACOFFEE,"fresh signal NOT FUNDED — cash exhausted (BUY: 1.79× weekly, month 3.96×, ladder rising; funding priority now 1)"
2020-08-21,TATAPOWER,fresh signal REFUSED — falling earnings power
2020-08-21,THYROCARE,"fresh signal NOT FUNDED — cash exhausted (BUY: 7.11× weekly, month 4.47×, ladder rising; funding priority now 1)"
2020-08-21,TORNTPOWER,"fresh signal NOT FUNDED — cash exhausted (BUY: 1.96× weekly, month 1.68×, ladder rising; funding priority now 1)"
2020-08-21,TRIVENI,"fresh signal NOT FUNDED — cash exhausted (ACCUMULATE: 1.74× weekly, month 2.23×, ladder rising; funding priority now 1)"
2020-08-21,UFLEX,"fresh signal NOT FUNDED — cash exhausted (BUY: 3.16× weekly, month 4.11×, ladder rising; funding priority now 1)"
2020-08-21,USHAMART,"fresh signal NOT FUNDED — cash exhausted (BUY: 1.54× weekly, month 1.67×, ladder rising; funding priority now 1)"
2020-08-21,WABAG,fresh signal REFUSED — falling earnings power
2020-08-21,WABCOINDIA,"fresh signal NOT FUNDED — cash exhausted (ACCUMULATE: 2.23× weekly, month 1.74×, ladder rising; funding priority now 1)"
2020-08-21,ZENTEC,"fresh signal NOT FUNDED — cash exhausted (starved 1×, front of the queue — BUY: 1.72× weekly, month 12.52×, ladder rising; funding priority now 2)"
2020-08-24,ADVENZYMES,"BUY ₹33.44 at ₹241.50 (fresh Friday signal — starved 2×, front of the queue — BUY: 3.06× weekly, month 7.95×, ladder rising; stop ₹194.75; charges ₹0.04)"
2020-08-24,GOLDBEES,PYRAMID BUY ₹9.90 at ₹46.45 (box jump — doubling the stake with NEW capital; stop stays ₹41.00; funded ₹9.90 from the pocket + ₹0.00 fresh; charges ₹0.01)
2020-09-04,CDSL,fresh signal REFUSED — falling earnings power
2020-09-04,ELECTCAST,fresh signal REFUSED — falling earnings power
2020-09-04,GLOBUSSPR,"fresh signal NOT FUNDED — cash exhausted (BUY: 2.02× weekly, month 3.20×, ladder rising; funding priority now 1)"
2020-09-04,GOLDBEES,"SELL ₹17.44 at stop ₹41.00 (-6.5%, charges ₹0.02) — the cash goes back to work at the next Friday screen; ₹8.72 of doubled capital and its returns OUT to the pocket"
2020-09-04,GRASIM,fresh signal REFUSED — falling earnings power
2020-09-04,IFBIND,fresh signal REFUSED — falling earnings power
2020-09-04,INDIAMART,"fresh signal NOT FUNDED — cash exhausted (BUY: 2.47× weekly, month 1.96×, ladder rising; funding priority now 1)"
2020-09-04,JMFINANCIL,fresh signal REFUSED — falling earnings power
2020-09-04,PRINCEPIPE,"fresh signal NOT FUNDED — cash exhausted (BUY: 3.47× weekly, month 1.51×, ladder rising; funding priority now 1)"
2020-09-04,TATAMTRDVR,"fresh signal NOT FUNDED — cash exhausted (ACCUMULATE: 2.04× weekly, month 2.34×, ladder rising; funding priority now 1)"
2020-09-04,VSTTILLERS,"fresh signal NOT FUNDED — cash exhausted (BUY: 1.52× weekly, month 3.94×, ladder rising; funding priority now 1)"
2020-09-07,POLYMED,"BUY ₹23.14 at ₹449.70 (fresh Friday signal — starved 1×, front of the queue — BUY: 2.13× weekly, month 2.67×, ladder rising; stop ₹372.40; charges ₹0.03)"
2020-09-08,CADILAHC,"SELL ₹78.36 at stop ₹364.99 (-3.3%, charges ₹0.08) — the cash goes back to work at the next Friday screen; ₹68.55 of doubled capital and its returns OUT to the pocket"
2020-09-11,POLYMED,RAISE STOP ₹372.40 → ₹408.50 (new box ₹430.00–₹497.70 sealed)
2020-09-14,POLYMED,PYRAMID BUY ₹24.77 at ₹481.95 (box jump — doubling the stake with NEW capital; stop stays ₹408.50; funded ₹24.77 from the pocket + ₹0.00 fresh; charges ₹0.03)
2020-09-18,ADVENZYMES,RAISE STOP ₹194.75 → ₹212.37 (new box ₹223.55–₹238.55 sealed)
2020-09-21,ADVENZYMES,PYRAMID BUY ₹34.97 at ₹252.85 (box jump — doubling the stake with NEW capital; stop stays ₹212.37; funded ₹34.97 from the pocket + ₹0.00 fresh; charges ₹0.04)
2020-09-22,TAJGVK,"SELL ₹33.63 at stop ₹126.45 (-11.5%, charges ₹0.03) — the cash goes back to work at the next Friday screen; ₹25.21 of doubled capital and its returns OUT to the pocket"
2020-09-23,HDFCMFGETF,"SELL ₹36.14 at stop ₹4,492.07 (-4.1%, charges ₹0.04) — the cash goes back to work at the next Friday screen; ₹27.09 of doubled capital and its returns OUT to the pocket"
2020-09-25,ALLCARGO,"fresh signal NOT FUNDED — cash exhausted (ACCUMULATE: 1.59× weekly, month 2.33×, ladder rising; funding priority now 1)"
2020-09-25,ELECTCAST,fresh signal REFUSED — falling earnings power
2020-09-25,HCLTECH,"fresh signal NOT FUNDED — cash exhausted (BUY: 2.61× weekly, month 2.34×, ladder rising; funding priority now 1)"
2020-09-25,KPITTECH,"fresh signal NOT FUNDED — cash exhausted (ACCUMULATE: 2.60× weekly, month 3.04×, ladder rising; funding priority now 1)"
2020-09-25,MAJESCO,"fresh signal NOT FUNDED — cash exhausted (BUY: 2.05× weekly, month 2.36×, ladder rising; funding priority now 1)"
2020-09-25,MANALIPETC,"fresh signal NOT FUNDED — cash exhausted (BUY: 2.31× weekly, month 5.61×, ladder rising; funding priority now 1)"
2020-09-25,NUCLEUS,"fresh signal NOT FUNDED — cash exhausted (BUY: 2.48× weekly, month 4.05×, ladder rising; funding priority now 1)"
2020-09-25,PRINCEPIPE,"fresh signal NOT FUNDED — cash exhausted (starved 1×, front of the queue — BUY: 2.56× weekly, month 1.74×, ladder rising; funding priority now 2)"
2020-09-25,SYNGENE,RAISE STOP ₹434.44 → ₹501.60 (new box ₹528.00–₹594.95 sealed)
2020-09-25,SYNGENE,box jump NOT doubled — the 3-doubling cap is already used
2020-09-25,VIDHIING,"fresh signal NOT FUNDED — cash exhausted (BUY: 4.70× weekly, month 4.56×, ladder rising; funding priority now 1)"
2020-09-25,XCHANGING,"fresh signal NOT FUNDED — cash exhausted (BUY: 1.78× weekly, month 2.52×, ladder rising; funding priority now 1)"
2020-09-28,SAKSOFT,"BUY ₹27.27 at ₹398.70 (fresh Friday signal — starved 1×, front of the queue — ACCUMULATE: 8.71× weekly, month 12.36×, ladder rising; stop ₹303.81; charges ₹0.03)"
2020-10-01,POLYMED,RAISE STOP ₹408.50 → ₹420.11 (new box ₹443.00–₹519.30 sealed)
2020-10-05,POLYMED,PYRAMID BUY ₹48.33 at ₹470.35 (box jump — doubling the stake with NEW capital; stop stays ₹420.11; funded ₹48.33 from the pocket + ₹0.00 fresh; charges ₹0.06)
2020-10-23,ADVENZYMES,RAISE STOP ₹212.37 → ₹292.33 (new box ₹313.65–₹384.70 sealed)
2020-10-26,ADVENZYMES,PYRAMID BUY ₹87.20 at ₹315.40 (box jump — doubling the stake with NEW capital; stop stays ₹292.33; funded ₹87.20 from the pocket + ₹0.00 fresh; charges ₹0.10)
2020-11-03,ADVENZYMES,"SELL ₹161.37 at stop ₹292.33 (+3.9%, charges ₹0.17) — the cash goes back to work at the next Friday screen; ₹120.98 of doubled capital and its returns OUT to the pocket"
2020-11-06,BORORENEW,"fresh signal NOT FUNDED — cash exhausted (ACCUMULATE: 1.74× weekly, month 2.00×, ladder rising; funding priority now 1)"
2020-11-06,FINPIPE,fresh signal REFUSED — falling earnings power
2020-11-06,MRF,fresh signal REFUSED — falling earnings power
2020-11-06,SAREGAMA,fresh signal REFUSED — falling earnings power
2020-11-09,LASA,"BUY ₹28.44 at ₹80.50 (fresh Friday signal — BUY: 3.08× weekly, month 3.28×, ladder rising; stop ₹65.41; charges ₹0.03)"
2020-11-20,LASA,RAISE STOP ₹65.41 → ₹71.68 (new box ₹75.45–₹83.50 sealed)
2020-11-23,LASA,PYRAMID BUY ₹27.53 at ₹78.00 (box jump — doubling the stake with NEW capital; stop stays ₹71.68; funded ₹27.53 from the pocket + ₹0.00 fresh; charges ₹0.03)
2020-12-04,LASA,RAISE STOP ₹71.68 → ₹77.95 (new box ₹82.05–₹88.50 sealed)
2020-12-07,LASA,PYRAMID BUY ₹60.24 at ₹85.40 (box jump — doubling the stake with NEW capital; stop stays ₹77.95; funded ₹60.24 from the pocket + ₹0.00 fresh; charges ₹0.07)
2020-12-18,SYNGENE,RAISE STOP ₹501.60 → ₹562.40 (new box ₹592.00–₹624.95 sealed)
2020-12-18,SYNGENE,box jump NOT doubled — the 3-doubling cap is already used
2020-12-21,LASA,"SELL ₹109.79 at stop ₹77.95 (-5.3%, charges ₹0.11) — the cash goes back to work at the next Friday screen; ₹82.31 of doubled capital and its returns OUT to the pocket"
2020-12-22,SYNGENE,"SELL ₹125.13 at stop ₹562.40 (+27.0%, charges ₹0.13) — the cash goes back to work at the next Friday screen; ₹109.46 of doubled capital and its returns OUT to the pocket"
2020-12-24,ACE,fresh signal REFUSED — falling earnings power
2020-12-24,APTECHT,"fresh signal NOT FUNDED — cash exhausted (starved 1×, front of the queue — BUY: 3.24× weekly, month 2.88×, ladder rising; funding priority now 2)"
2020-12-24,ASAHIINDIA,fresh signal REFUSED — falling earnings power
2020-12-24,ASHAPURMIN,fresh signal REFUSED — falling earnings power
2020-12-24,ASTRAL,"fresh signal NOT FUNDED — cash exhausted (ACCUMULATE: 1.83× weekly, month 1.69×, ladder rising; funding priority now 1)"
2020-12-24,BEML,fresh signal REFUSED — falling earnings power
2020-12-24,BODALCHEM,"fresh signal NOT FUNDED — cash exhausted (ACCUMULATE: 2.08× weekly, month 1.66×, ladder rising; funding priority now 1)"
2020-12-24,CAMLINFINE,"fresh signal NOT FUNDED — cash exhausted (ACCUMULATE: 1.53× weekly, month 1.61×, ladder rising; funding priority now 1)"
2020-12-24,DATAMATICS,fresh signal REFUSED — falling earnings power
2020-12-24,ERIS,fresh signal REFUSED — falling earnings power
2020-12-24,HFCL,"fresh signal NOT FUNDED — cash exhausted (BUY: 2.33× weekly, month 3.95×, ladder rising; funding priority now 1)"
2020-12-24,HONAUT,"fresh signal NOT FUNDED — cash exhausted (BUY: 5.51× weekly, month 1.69×, ladder rising; funding priority now 1)"
2020-12-24,ITDC,"fresh signal NOT FUNDED — cash exhausted (BUY: 10.22× weekly, month 4.03×, ladder rising; funding priority now 1)"
2020-12-24,JKCEMENT,"fresh signal NOT FUNDED — cash exhausted (ACCUMULATE: 2.08× weekly, month 1.76×, ladder rising; funding priority now 1)"
2020-12-24,KESORAMIND,"fresh signal NOT FUNDED — cash exhausted (BUY: 2.82× weekly, month 7.26×, ladder rising; funding priority now 1)"
2020-12-24,KNRCON,fresh signal REFUSED — falling earnings power
2020-12-24,PAISALO,"fresh signal NOT FUNDED — cash exhausted (BUY: 32.27× weekly, month 7.43×, ladder rising; funding priority now 1)"
2020-12-24,PANAMAPET,"fresh signal NOT FUNDED — cash exhausted (BUY: 1.61× weekly, month 4.98×, ladder rising; funding priority now 1)"
2020-12-24,PCJEWELLER,"fresh signal NOT FUNDED — cash exhausted (ACCUMULATE: 1.75× weekly, month 2.31×, ladder rising; funding priority now 1)"
2020-12-24,POKARNA,"fresh signal NOT FUNDED — cash exhausted (ACCUMULATE: 1.97× weekly, month 2.78×, ladder rising; funding priority now 1)"
2020-12-24,SAIL,fresh signal REFUSED — falling earnings power
2020-12-24,SURYAROSNI,fresh signal REFUSED — falling earnings power
2020-12-24,TDPOWERSYS,"fresh signal NOT FUNDED — cash exhausted (ACCUMULATE: 1.72× weekly, month 2.24×, ladder rising; funding priority now 1)"
2020-12-28,BORORENEW,"BUY ₹18.87 at ₹235.00 (fresh Friday signal — starved 1×, front of the queue — BUY: 5.97× weekly, month 3.28×, ladder rising; stop ₹148.20; charges ₹0.02)"
2020-12-28,KIRIINDUS,"BUY ₹18.90 at ₹537.55 (fresh Friday signal — starved 1×, front of the queue — BUY: 8.73× weekly, month 2.26×, ladder rising; stop ₹424.46; charges ₹0.02)"
2020-12-28,XCHANGING,"BUY ₹17.33 at ₹88.00 (fresh Friday signal — starved 1×, front of the queue — ACCUMULATE: 3.95× weekly, month 3.92×, ladder rising; stop ₹71.32; charges ₹0.02)"
2021-01-01,KIRIINDUS,RAISE STOP ₹424.46 → ₹478.56 (new box ₹513.75–₹631.05 sealed)
2021-01-04,KIRIINDUS,PYRAMID BUY ₹18.97 at ₹540.00 (box jump — doubling the stake with NEW capital; stop stays ₹478.56; funded ₹18.97 from the pocket + ₹0.00 fresh; charges ₹0.02)
2021-01-15,BORORENEW,RAISE STOP ₹148.20 → ₹247.59 (new box ₹265.05–₹323.25 sealed)
2021-01-15,SAKSOFT,RAISE STOP ₹303.81 → ₹341.10 (new box ₹359.05–₹405.00 sealed)
2021-01-15,XCHANGING,RAISE STOP ₹71.32 → ₹80.75 (new box ₹85.00–₹92.00 sealed)
2021-01-18,BORORENEW,PYRAMID BUY ₹22.05 at ₹275.00 (box jump — doubling the stake with NEW capital; stop stays ₹247.59; funded ₹22.05 from the pocket + ₹0.00 fresh; charges ₹0.03)
2021-01-18,SAKSOFT,PYRAMID BUY ₹25.02 at ₹366.25 (box jump — doubling the stake with NEW capital; stop stays ₹341.10; funded ₹25.02 from the pocket + ₹0.00 fresh; charges ₹0.03)
2021-01-18,XCHANGING,PYRAMID BUY ₹18.19 at ₹92.50 (box jump — doubling the stake with NEW capital; stop stays ₹80.75; funded ₹18.19 from the pocket + ₹0.00 fresh; charges ₹0.02)
2021-01-20,BORORENEW,"SELL ₹39.64 at stop ₹247.59 (-2.9%, charges ₹0.04) — the cash goes back to work at the next Friday screen; ₹19.81 of doubled capital and its returns OUT to the pocket"
2021-01-21,KIRIINDUS,"SELL ₹33.56 at stop ₹478.56 (-11.2%, charges ₹0.03) — the cash goes back to work at the next Friday screen; ₹16.77 of doubled capital and its returns OUT to the pocket"
2021-01-22,BAJAJHIND,"fresh signal NOT FUNDED — cash exhausted (ACCUMULATE: 2.13× weekly, month 2.37×, ladder rising; funding priority now 1)"
2021-01-22,CEATLTD,fresh signal REFUSED — falling earnings power
2021-01-22,DCW,"fresh signal NOT FUNDED — cash exhausted (BUY: 3.09× weekly, month 1.83×, ladder rising; funding priority now 1)"
2021-01-22,GABRIEL,"fresh signal NOT FUNDED — cash exhausted (ACCUMULATE: 1.54× weekly, month 3.77×, ladder rising; funding priority now 1)"
2021-01-22,GDL,"fresh signal NOT FUNDED — cash exhausted (BUY: 14.44× weekly, month 4.79×, ladder rising; funding priority now 1)"
2021-01-22,GODREJIND,fresh signal REFUSED — falling earnings power
2021-01-22,LUMAXTECH,fresh signal REFUSED — falling earnings power
2021-01-22,MAHLOG,"fresh signal NOT FUNDED — cash exhausted (BUY: 4.90× weekly, month 1.61×, ladder rising; funding priority now 1)"
2021-01-22,MRF,fresh signal REFUSED — falling earnings power
2021-01-22,NIACL,fresh signal REFUSED — falling earnings power
2021-01-22,SAREGAMA,fresh signal REFUSED — falling earnings power
2021-01-22,SHALPAINTS,"fresh signal NOT FUNDED — cash exhausted (BUY: 2.21× weekly, month 3.51×, ladder rising; funding priority now 1)"
2021-01-22,SUNCLAYLTD,"fresh signal NOT FUNDED — cash exhausted (BUY: 1.67× weekly, month 2.50×, ladder rising; funding priority now 1)"
2021-01-22,TATACOFFEE,"fresh signal NOT FUNDED — cash exhausted (starved 1×, front of the queue — ACCUMULATE: 2.30× weekly, month 2.15×, ladder rising; funding priority now 2)"
2021-01-22,TATAELXSI,"fresh signal NOT FUNDED — cash exhausted (BUY: 2.95× weekly, month 2.73×, ladder rising; funding priority now 1)"
2021-01-22,TATAMOTORS,"fresh signal NOT FUNDED — cash exhausted (BUY: 3.10× weekly, month 2.05×, ladder rising; funding priority now 1)"
2021-01-22,WHIRLPOOL,"fresh signal NOT FUNDED — cash exhausted (BUY: 1.73× weekly, month 2.10×, ladder rising; funding priority now 1)"
2021-01-25,HINDZINC,"BUY ₹14.40 at ₹277.40 (fresh Friday signal — starved 1×, front of the queue — ACCUMULATE: 2.32× weekly, month 2.11×, ladder rising; stop ₹248.97; charges ₹0.02)"
2021-01-25,INDIAMART,"BUY ₹22.22 at ₹3,990.00 (fresh Friday signal — starved 1×, front of the queue — BUY: 2.37× weekly, month 1.58×, ladder rising; stop ₹3,323.19; charges ₹0.03)"
2021-01-25,SAKSOFT,"SELL ₹46.54 at stop ₹341.10 (-10.8%, charges ₹0.05) — the cash goes back to work at the next Friday screen; ₹23.25 of doubled capital and its returns OUT to the pocket"
2021-01-25,XCHANGING,"SELL ₹31.71 at stop ₹80.75 (-10.5%, charges ₹0.03) — the cash goes back to work at the next Friday screen; ₹15.85 of doubled capital and its returns OUT to the pocket"
2021-01-29,CYIENT,fresh signal REFUSED — falling earnings power
2021-01-29,GDL,"fresh signal NOT FUNDED — cash exhausted (starved 1×, front of the queue — BUY: 2.82× weekly, month 6.27×, ladder rising; funding priority now 2)"
2021-01-29,INDIAMART,"RAISE STOP ₹3,323.19 → ₹3,460.38 (new box ₹3,642.50–₹4,187.35 sealed)"
2021-01-29,MHRIL,"fresh signal NOT FUNDED — cash exhausted (starved 1×, front of the queue — BUY: 1.64× weekly, month 1.67×, ladder rising; funding priority now 2)"
2021-02-01,APTECHT,"BUY ₹20.39 at ₹178.45 (fresh Friday signal — starved 2×, front of the queue — BUY: 2.82× weekly, month 2.95×, ladder rising; stop ₹156.94; charges ₹0.02)"
2021-02-01,GAEL,"BUY ₹18.76 at ₹71.47 (fresh Friday signal — starved 2×, front of the queue — ACCUMULATE: 2.71× weekly, month 3.63×, ladder rising; stop ₹62.70; charges ₹0.02)"
2021-02-01,INDIAMART,"PYRAMID BUY ₹21.86 at ₹3,929.07 (box jump — doubling the stake with NEW capital; stop stays ₹3,460.38; funded ₹21.86 from the pocket + ₹0.00 fresh; charges ₹0.03)"
2021-02-05,APTECHT,RAISE STOP ₹156.94 → ₹163.06 (new box ₹173.40–₹207.85 sealed)
2021-02-08,APTECHT,PYRAMID BUY ₹24.65 at ₹216.00 (box jump — doubling the stake with NEW capital; stop stays ₹163.06; funded ₹24.65 from the pocket + ₹0.00 fresh; charges ₹0.03)
2021-02-12,APTECHT,RAISE STOP ₹163.06 → ₹197.36 (new box ₹207.75–₹231.40 sealed)
2021-02-12,HINDZINC,RAISE STOP ₹248.97 → ₹279.30 (new box ₹294.00–₹306.40 sealed)
2021-02-12,INDIAMART,"RAISE STOP ₹3,460.38 → ₹4,137.25 (new box ₹4,355.00–₹4,975.00 sealed)"
2021-02-15,APTECHT,PYRAMID BUY ₹54.22 at ₹237.70 (box jump — doubling the stake with NEW capital; stop stays ₹197.36; funded ₹54.22 from the pocket + ₹0.00 fresh; charges ₹0.06)
2021-02-15,HINDZINC,PYRAMID BUY ₹15.56 at ₹300.10 (box jump — doubling the stake with NEW capital; stop stays ₹279.30; funded ₹15.56 from the pocket + ₹0.00 fresh; charges ₹0.02)
2021-02-15,INDIAMART,"PYRAMID BUY ₹51.53 at ₹4,634.30 (box jump — doubling the stake with NEW capital; stop stays ₹4,137.25; funded ₹51.53 from the pocket + ₹0.00 fresh; charges ₹0.06)"
2021-02-23,GAEL,"SELL ₹16.42 at stop ₹62.70 (-12.3%, charges ₹0.02) — the cash goes back to work at the next Friday screen"
2021-03-02,INDIAMART,"SELL ₹91.85 at stop ₹4,137.25 (-3.7%, charges ₹0.10) — the cash goes back to work at the next Friday screen; ₹68.86 of doubled capital and its returns OUT to the pocket"
2021-03-05,ADANIPORTS,fresh signal REFUSED — falling earnings power
2021-03-05,ADANIPOWER,fresh signal REFUSED — falling earnings power
2021-03-05,ALLCARGO,"fresh signal NOT FUNDED — cash exhausted (starved 1×, front of the queue — ACCUMULATE: 1.58× weekly, month 1.59×, ladder rising; funding priority now 2)"
2021-03-05,APTECHT,RAISE STOP ₹197.36 → ₹204.25 (new box ₹215.00–₹247.95 sealed)
2021-03-05,BALRAMCHIN,fresh signal REFUSED — falling earnings power
2021-03-05,BLUESTARCO,fresh signal REFUSED — falling earnings power
2021-03-05,BOMDYEING,"fresh signal NOT FUNDED — cash exhausted (BUY: 3.84× weekly, month 1.98×, ladder rising; funding priority now 1)"
2021-03-05,CENTRUM,"fresh signal NOT FUNDED — cash exhausted (ACCUMULATE: 2.64× weekly, month 6.07×, ladder rising; funding priority now 1)"
2021-03-05,CONCOR,fresh signal REFUSED — falling earnings power
2021-03-05,DCW,"fresh signal NOT FUNDED — cash exhausted (starved 1×, front of the queue — BUY: 2.48× weekly, month 3.38×, ladder rising; funding priority now 2)"
2021-03-05,DECCANCE,"fresh signal NOT FUNDED — cash exhausted (starved 1×, front of the queue — BUY: 1.56× weekly, month 1.55×, ladder rising; funding priority now 2)"
2021-03-05,EDELWEISS,fresh signal REFUSED — falling earnings power
2021-03-05,GABRIEL,"fresh signal NOT FUNDED — cash exhausted (starved 1×, front of the queue — BUY: 2.66× weekly, month 2.73×, ladder rising; funding priority now 2)"
2021-03-05,GNFC,fresh signal REFUSED — falling earnings power
2021-03-05,GRAVITA,"fresh signal NOT FUNDED — cash exhausted (BUY: 2.70× weekly, month 3.93×, ladder rising; funding priority now 1)"
2021-03-05,GSFC,fresh signal REFUSED — falling earnings power
2021-03-05,GUJGASLTD,"fresh signal NOT FUNDED — cash exhausted (BUY: 1.76× weekly, month 2.39×, ladder rising; funding priority now 1)"
2021-03-05,INFIBEAM,"fresh signal NOT FUNDED — cash exhausted (BUY: 4.50× weekly, month 1.97×, ladder rising; funding priority now 1)"
2021-03-05,JSWENERGY,"fresh signal NOT FUNDED — cash exhausted (BUY: 5.17× weekly, month 2.50×, ladder rising; funding priority now 1)"
2021-03-05,KESORAMIND,"fresh signal NOT FUNDED — cash exhausted (starved 1×, front of the queue — BUY: 3.14× weekly, month 3.74×, ladder rising; funding priority now 2)"
2021-03-05,KIRLFER,"fresh signal NOT FUNDED — cash exhausted (BUY: 1.65× weekly, month 1.64×, ladder rising; funding priority now 1)"
2021-03-05,LUMAXTECH,fresh signal REFUSED — falling earnings power
2021-03-05,MAGMA,"fresh signal NOT FUNDED — cash exhausted (BUY: 1.51× weekly, month 2.77×, ladder rising; funding priority now 1)"
2021-03-05,MAHLOG,"fresh signal NOT FUNDED — cash exhausted (starved 1×, front of the queue — ACCUMULATE: 3.78× weekly, month 1.56×, ladder rising; funding priority now 2)"
2021-03-05,MMTC,fresh signal REFUSED — falling earnings power
2021-03-05,NBCC,fresh signal REFUSED — falling earnings power
2021-03-05,NETWORK18,"fresh signal NOT FUNDED — cash exhausted (ACCUMULATE: 4.32× weekly, month 1.52×, ladder rising; funding priority now 1)"
2021-03-05,POLYMED,RAISE STOP ₹420.11 → ₹642.77 (new box ₹676.60–₹749.75 sealed)
2021-03-05,PRAJIND,fresh signal REFUSED — falling earnings power
2021-03-05,PTC,fresh signal REFUSED — falling earnings power
2021-03-05,RANEHOLDIN,"fresh signal NOT FUNDED — cash exhausted (ACCUMULATE: 1.62× weekly, month 2.93×, ladder rising; funding priority now 1)"
2021-03-05,RAYMOND,"fresh signal NOT FUNDED — cash exhausted (ACCUMULATE: 1.51× weekly, month 2.21×, ladder rising; funding priority now 1)"
2021-03-05,RCF,"fresh signal NOT FUNDED — cash exhausted (BUY: 5.17× weekly, month 5.11×, ladder rising; funding priority now 1)"
2021-03-05,SJVN,"fresh signal NOT FUNDED — cash exhausted (ACCUMULATE: 2.55× weekly, month 2.71×, ladder rising; funding priority now 1)"
2021-03-05,SPIC,"fresh signal NOT FUNDED — cash exhausted (BUY: 4.05× weekly, month 4.48×, ladder rising; funding priority now 1)"
2021-03-05,TATAPOWER,fresh signal REFUSED — falling earnings power
2021-03-05,TECHNOE,fresh signal REFUSED — falling earnings power
2021-03-05,THOMASCOOK,fresh signal REFUSED — falling earnings power
2021-03-05,VAIBHAVGBL,"fresh signal NOT FUNDED — cash exhausted (BUY: 1.87× weekly, month 2.47×, ladder rising; funding priority now 1)"
2021-03-05,VERTOZ,"fresh signal NOT FUNDED — cash exhausted (BUY: 2.76× weekly, month 1.88×, ladder rising; funding priority now 1)"
2021-03-08,APTECHT,PYRAMID BUY ₹101.22 at ₹222.00 (box jump — doubling the stake with NEW capital; stop stays ₹204.25; funded ₹50.20 from the pocket + ₹51.02 fresh; charges ₹0.12)
2021-03-08,BAJAJHIND,"BUY ₹39.41 at ₹7.80 (fresh Friday signal — starved 1×, front of the queue — BUY: 4.45× weekly, month 2.79×, ladder rising; stop ₹4.40; charges ₹0.05)"
2021-03-08,POLYMED,PYRAMID BUY ₹147.64 at ₹718.90 (box jump — doubling the stake with NEW capital; stop stays ₹642.77; funded ₹147.64 from the pocket + ₹0.00 fresh; charges ₹0.17)
2021-03-19,ADANIPOWER,fresh signal REFUSED — falling earnings power
2021-03-19,APTECHT,"SELL ₹185.94 at stop ₹204.25 (-7.0%, charges ₹0.19) — the cash goes back to work at the next Friday screen; ₹162.66 of doubled capital and its returns OUT to the pocket"
2021-03-19,CENTENKA,"fresh signal NOT FUNDED — cash exhausted (BUY: 2.04× weekly, month 1.55×, ladder rising; funding priority now 1)"
2021-03-19,DATAMATICS,fresh signal REFUSED — falling earnings power
2021-03-19,DEEPAKFERT,"fresh signal NOT FUNDED — cash exhausted (starved 1×, front of the queue — BUY: 2.43× weekly, month 1.87×, ladder rising; funding priority now 2)"
2021-03-19,EDELWEISS,fresh signal REFUSED — falling earnings power
2021-03-19,FSL,fresh signal REFUSED — falling earnings power
2021-03-19,GICRE,fresh signal REFUSED — falling earnings power
2021-03-19,HINDZINC,"SELL ₹28.92 at stop ₹279.30 (-3.3%, charges ₹0.03) — the cash goes back to work at the next Friday screen; ₹14.45 of doubled capital and its returns OUT to the pocket"
2021-03-19,IEX,fresh signal REFUSED — falling earnings power
2021-03-19,KEI,"fresh signal NOT FUNDED — cash exhausted (BUY: 5.22× weekly, month 1.54×, ladder rising; funding priority now 1)"
2021-03-19,NIACL,fresh signal REFUSED — falling earnings power
2021-03-19,PRAKASH,"fresh signal NOT FUNDED — cash exhausted (BUY: 2.45× weekly, month 4.02×, ladder rising; funding priority now 1)"
2021-03-19,SCHAND,"fresh signal NOT FUNDED — cash exhausted (BUY: 1.71× weekly, month 8.03×, ladder rising; funding priority now 1)"
2021-03-19,WELSPUNIND,"fresh signal NOT FUNDED — cash exhausted (BUY: 3.57× weekly, month 2.42×, ladder rising; funding priority now 1)"
2021-03-22,VIDHIING,"BUY ₹37.75 at ₹194.70 (fresh Friday signal — starved 1×, front of the queue — BUY: 7.01× weekly, month 2.56×, ladder rising; stop ₹125.41; charges ₹0.04)"
2021-03-26,BAJAJHIND,RAISE STOP ₹4.40 → ₹5.51 (new box ₹6.20–₹8.50 sealed)
2021-03-26,POLYMED,RAISE STOP ₹642.77 → ₹719.96 (new box ₹765.55–₹917.50 sealed)
2021-03-26,POLYMED,box jump NOT doubled — the 3-doubling cap is already used
2021-03-30,BAJAJHIND,PYRAMID BUY ₹31.79 at ₹6.30 (box jump — doubling the stake with NEW capital; stop stays ₹5.51; funded ₹31.79 from the pocket + ₹0.00 fresh; charges ₹0.04)
2021-04-01,BAJAJHIND,TRIM 0.1% (₹0.03 at ₹6.40) to pay the tax bill
2021-04-01,POLYMED,TRIM 0.1% (₹0.18 at ₹837.20) to pay the tax bill
2021-04-01,TAX,"FY2021 settled: ₹0.23 paid (STCG ₹1.15 @20%, LTCG ₹0.00 @12.5%; losses carried forward ST ₹0.00 / LT ₹0.00)"
2021-04-01,VIDHIING,RAISE STOP ₹125.41 → ₹168.12 (new box ₹178.65–₹213.75 sealed)
2021-04-01,VIDHIING,TRIM 0.1% (₹0.02 at ₹207.10) to pay the tax bill
2021-04-05,VIDHIING,PYRAMID BUY ₹39.51 at ₹204.10 (box jump — doubling the stake with NEW capital; stop stays ₹168.12; funded ₹39.51 from the pocket + ₹0.00 fresh; charges ₹0.05)
2021-05-14,POLYMED,"RAISE STOP ₹719.96 → ₹902.50 (new box ₹950.00–₹1,085.15 sealed)"
2021-05-14,POLYMED,box jump NOT doubled — the 3-doubling cap is already used
2021-05-21,VIDHIING,RAISE STOP ₹168.12 → ₹182.64 (new box ₹195.30–₹237.50 sealed)
2021-05-24,VIDHIING,PYRAMID BUY ₹78.93 at ₹204.00 (box jump — doubling the stake with NEW capital; stop stays ₹182.64; funded ₹78.93 from the pocket + ₹0.00 fresh; charges ₹0.09)
2021-05-28,BAJAJHIND,RAISE STOP ₹5.51 → ₹9.54 (new box ₹10.60–₹14.15 sealed)
2021-05-31,BAJAJHIND,PYRAMID BUY ₹110.90 at ₹11.00 (box jump — doubling the stake with NEW capital; stop stays ₹9.54; funded ₹26.87 from the pocket + ₹84.03 fresh; charges ₹0.13)
2021-06-04,POLYMED,"RAISE STOP ₹902.50 → ₹950.00 (new box ₹1,000.00–₹1,165.00 sealed)"
2021-06-04,POLYMED,box jump NOT doubled — the 3-doubling cap is already used
2021-06-14,POLYMED,"SELL ₹389.38 at stop ₹950.00 (+60.1%, charges ₹0.40) — the cash goes back to work at the next Friday screen; ₹340.62 of doubled capital and its returns OUT to the pocket"
2021-06-18,ASTRAMICRO,fresh signal REFUSED — falling earnings power
2021-06-18,BANCOINDIA,"fresh signal NOT FUNDED — cash exhausted (BUY: 3.44× weekly, month 1.71×, ladder rising; funding priority now 1)"
2021-06-18,BBTC,fresh signal REFUSED — falling earnings power
2021-06-18,BFUTILITIE,"fresh signal NOT FUNDED — cash exhausted (ACCUMULATE: 3.26× weekly, month 4.11×, ladder rising; funding priority now 1)"
2021-06-18,BOMDYEING,"fresh signal NOT FUNDED — cash exhausted (starved 1×, front of the queue — BUY: 4.32× weekly, month 2.82×, ladder rising; funding priority now 2)"
2021-06-18,CARERATING,"fresh signal NOT FUNDED — cash exhausted (BUY: 6.63× weekly, month 3.20×, ladder rising; funding priority now 1)"
2021-06-18,CENTRUM,"fresh signal NOT FUNDED — cash exhausted (starved 1×, front of the queue — BUY: 2.00× weekly, month 1.84×, ladder rising; funding priority now 2)"
2021-06-18,CIGNITITEC,"fresh signal NOT FUNDED — cash exhausted (BUY: 2.91× weekly, month 2.46×, ladder rising; funding priority now 1)"
2021-06-18,DATAMATICS,"fresh signal NOT FUNDED — cash exhausted (BUY: 4.30× weekly, month 3.65×, ladder rising; funding priority now 1)"
2021-06-18,DHANUKA,"fresh signal NOT FUNDED — cash exhausted (BUY: 1.69× weekly, month 4.14×, ladder rising; funding priority now 1)"
2021-06-18,EDELWEISS,"fresh signal NOT FUNDED — cash exhausted (ACCUMULATE: 1.81× weekly, month 1.60×, ladder rising; funding priority now 1)"
2021-06-18,ELECON,fresh signal REFUSED — falling earnings power
2021-06-18,EVEREADY,"fresh signal NOT FUNDED — cash exhausted (starved 1×, front of the queue — BUY: 2.35× weekly, month 1.75×, ladder rising; funding priority now 2)"
2021-06-18,FDC,"fresh signal NOT FUNDED — cash exhausted (starved 1×, front of the queue — BUY: 7.58× weekly, month 2.52×, ladder rising; funding priority now 2)"
2021-06-18,GATI,"fresh signal NOT FUNDED — cash exhausted (ACCUMULATE: 1.90× weekly, month 2.55×, ladder rising; funding priority now 1)"
2021-06-18,GET&D,"fresh signal NOT FUNDED — cash exhausted (ACCUMULATE: 5.06× weekly, month 4.00×, ladder rising; funding priority now 1)"
2021-06-18,GMRINFRA,"fresh signal NOT FUNDED — cash exhausted (BUY: 4.23× weekly, month 1.60×, ladder rising; funding priority now 1)"
2021-06-18,GSPL,"fresh signal NOT FUNDED — cash exhausted (starved 1×, front of the queue — BUY: 2.85× weekly, month 2.08×, ladder rising; funding priority now 2)"
2021-06-18,GULPOLY,"fresh signal NOT FUNDED — cash exhausted (BUY: 1.72× weekly, month 1.81×, ladder rising; funding priority now 1)"
2021-06-18,HCC,fresh signal REFUSED — falling earnings power
2021-06-18,HFCL,"fresh signal NOT FUNDED — cash exhausted (starved 1×, front of the queue — BUY: 1.65× weekly, month 3.42×, ladder rising; funding priority now 2)"
2021-06-18,HSCL,fresh signal REFUSED — falling earnings power
2021-06-18,INSECTICID,"fresh signal NOT FUNDED — cash exhausted (starved 1×, front of the queue — BUY: 6.66× weekly, month 2.93×, ladder rising; funding priority now 2)"
2021-06-18,J&KBANK,"fresh signal NOT FUNDED — cash exhausted (BUY: 5.00× weekly, month 1.85×, ladder rising; funding priority now 1)"
2021-06-18,JAICORPLTD,"fresh signal NOT FUNDED — cash exhausted (BUY: 8.54× weekly, month 6.20×, ladder rising; funding priority now 1)"
2021-06-18,JAYSREETEA,"fresh signal NOT FUNDED — cash exhausted (BUY: 2.89× weekly, month 3.17×, ladder rising; funding priority now 1)"
2021-06-18,JMFINANCIL,fresh signal REFUSED — falling earnings power
2021-06-18,JPPOWER,"fresh signal NOT FUNDED — cash exhausted (BUY: 3.01× weekly, month 5.10×, ladder rising; funding priority now 1)"
2021-06-18,KEI,fresh signal REFUSED — falling earnings power
2021-06-18,KNRCON,"fresh signal NOT FUNDED — cash exhausted (ACCUMULATE: 2.76× weekly, month 2.29×, ladder rising; funding priority now 1)"
2021-06-18,MAITHANALL,"fresh signal NOT FUNDED — cash exhausted (BUY: 3.49× weekly, month 2.50×, ladder rising; funding priority now 1)"
2021-06-18,MINDAIND,"fresh signal NOT FUNDED — cash exhausted (BUY: 3.66× weekly, month 1.96×, ladder rising; funding priority now 1)"
2021-06-18,MPHASIS,"fresh signal NOT FUNDED — cash exhausted (starved 1×, front of the queue — BUY: 1.61× weekly, month 1.53×, ladder rising; funding priority now 2)"
2021-06-18,NECLIFE,"fresh signal NOT FUNDED — cash exhausted (BUY: 1.83× weekly, month 2.79×, ladder rising; funding priority now 1)"
2021-06-18,NEWGEN,"fresh signal NOT FUNDED — cash exhausted (BUY: 5.31× weekly, month 4.32×, ladder rising; funding priority now 1)"
2021-06-18,NRBBEARING,"fresh signal NOT FUNDED — cash exhausted (ACCUMULATE: 1.93× weekly, month 2.27×, ladder rising; funding priority now 1)"
2021-06-18,ORISSAMINE,"fresh signal NOT FUNDED — cash exhausted (BUY: 2.01× weekly, month 3.24×, ladder rising; funding priority now 1)"
2021-06-18,PANAMAPET,"fresh signal NOT FUNDED — cash exhausted (starved 1×, front of the queue — BUY: 2.01× weekly, month 2.29×, ladder rising; funding priority now 2)"
2021-06-18,RADICO,"fresh signal NOT FUNDED — cash exhausted (BUY: 3.58× weekly, month 3.14×, ladder rising; funding priority now 1)"
2021-06-18,RENUKA,fresh signal REFUSED — falling earnings power
2021-06-18,RICOAUTO,"fresh signal NOT FUNDED — cash exhausted (BUY: 3.74× weekly, month 3.06×, ladder rising; funding priority now 1)"
2021-06-18,RIIL,"fresh signal NOT FUNDED — cash exhausted (BUY: 10.58× weekly, month 6.50×, ladder rising; funding priority now 1)"
2021-06-18,RTNPOWER,fresh signal REFUSED — falling earnings power
2021-06-18,SADBHAV,"fresh signal NOT FUNDED — cash exhausted (BUY: 7.03× weekly, month 1.94×, ladder rising; funding priority now 1)"
2021-06-18,SOMANYCERA,"fresh signal NOT FUNDED — cash exhausted (BUY: 16.56× weekly, month 2.49×, ladder rising; funding priority now 1)"
2021-06-18,SURYAROSNI,"fresh signal NOT FUNDED — cash exhausted (BUY: 3.06× weekly, month 1.61×, ladder rising; funding priority now 1)"
2021-06-18,TCNSBRANDS,"fresh signal NOT FUNDED — cash exhausted (BUY: 7.70× weekly, month 2.35×, ladder rising; funding priority now 1)"
2021-06-18,THYROCARE,fresh signal REFUSED — falling earnings power
2021-06-18,TNPL,"fresh signal NOT FUNDED — cash exhausted (BUY: 6.72× weekly, month 2.10×, ladder rising; funding priority now 1)"
2021-06-18,UNIONBANK,fresh signal REFUSED — falling earnings power
2021-06-18,VIDHIING,"SELL ₹141.11 at stop ₹182.64 (-9.4%, charges ₹0.15) — the cash goes back to work at the next Friday screen; ₹105.79 of doubled capital and its returns OUT to the pocket"
2021-06-18,VSSL,"fresh signal NOT FUNDED — cash exhausted (BUY: 4.65× weekly, month 5.51×, ladder rising; funding priority now 1)"
2021-06-18,WALCHANNAG,"fresh signal NOT FUNDED — cash exhausted (BUY: 3.61× weekly, month 3.64×, ladder rising; funding priority now 1)"
2021-06-21,DECCANCE,"BUY ₹42.01 at ₹546.40 (fresh Friday signal — starved 2×, front of the queue — ACCUMULATE: 1.95× weekly, month 1.68×, ladder rising; stop ₹497.80; charges ₹0.05)"
2021-06-21,KESORAMIND,"BUY ₹42.06 at ₹81.80 (fresh Friday signal — starved 2×, front of the queue — ACCUMULATE: 2.61× weekly, month 2.62×, ladder rising; stop ₹73.21; charges ₹0.05)"
2021-06-25,BAJAJHIND,RAISE STOP ₹9.54 → ₹13.96 (new box ₹14.70–₹16.90 sealed)
2021-06-28,BAJAJHIND,PYRAMID BUY ₹372.82 at ₹18.50 (box jump — doubling the stake with NEW capital; stop stays ₹13.96; funded ₹372.82 from the pocket + ₹0.00 fresh; charges ₹0.44)
2021-07-02,KESORAMIND,RAISE STOP ₹73.21 → ₹85.78 (new box ₹90.30–₹96.85 sealed)
2021-07-05,KESORAMIND,PYRAMID BUY ₹47.33 at ₹92.15 (box jump — doubling the stake with NEW capital; stop stays ₹85.78; funded ₹47.33 from the pocket + ₹0.00 fresh; charges ₹0.06)
2021-07-09,DECCANCE,RAISE STOP ₹497.80 → ₹548.20 (new box ₹577.05–₹629.00 sealed)
2021-07-12,DECCANCE,PYRAMID BUY ₹48.77 at ₹635.00 (box jump — doubling the stake with NEW capital; stop stays ₹548.20; funded ₹26.26 from the pocket + ₹22.51 fresh; charges ₹0.06)
2021-08-10,KESORAMIND,"SELL ₹87.97 at stop ₹85.78 (-1.4%, charges ₹0.09) — the cash goes back to work at the next Friday screen; ₹43.96 of doubled capital and its returns OUT to the pocket"
2021-08-13,DECCANCE,RAISE STOP ₹548.20 → ₹620.61 (new box ₹672.80–₹846.75 sealed)
2021-08-16,DECCANCE,PYRAMID BUY ₹123.12 at ₹802.00 (box jump — doubling the stake with NEW capital; stop stays ₹620.61; funded ₹43.96 from the pocket + ₹79.16 fresh; charges ₹0.15)
2021-10-14,AMRUTANJAN,"fresh signal NOT FUNDED — cash exhausted (BUY: 2.99× weekly, month 2.67×, ladder rising; funding priority now 1)"
2021-10-14,ARMANFIN,"fresh signal NOT FUNDED — cash exhausted (BUY: 2.12× weekly, month 2.16×, ladder rising; funding priority now 1)"
2021-10-14,DELTACORP,"fresh signal NOT FUNDED — cash exhausted (BUY: 2.38× weekly, month 3.62×, ladder rising; funding priority now 1)"
2021-10-14,DIXON,"fresh signal NOT FUNDED — cash exhausted (BUY: 2.39× weekly, month 1.96×, ladder rising; funding priority now 1)"
2021-10-14,GENUSPOWER,"fresh signal NOT FUNDED — cash exhausted (BUY: 1.86× weekly, month 1.81×, ladder rising; funding priority now 1)"
2021-10-14,GMBREW,"fresh signal NOT FUNDED — cash exhausted (BUY: 7.04× weekly, month 4.83×, ladder rising; funding priority now 1)"
2021-10-14,GMRINFRA,"fresh signal NOT FUNDED — cash exhausted (starved 1×, front of the queue — BUY: 2.12× weekly, month 2.16×, ladder rising; funding priority now 2)"
2021-10-14,IDBI,"fresh signal NOT FUNDED — cash exhausted (BUY: 5.31× weekly, month 3.36×, ladder rising; funding priority now 1)"
2021-10-14,IEX,fresh signal REFUSED — falling earnings power
2021-10-14,IFCI,fresh signal REFUSED — falling earnings power
2021-10-14,INDIACEM,"fresh signal NOT FUNDED — cash exhausted (BUY: 2.57× weekly, month 1.69×, ladder rising; funding priority now 1)"
2021-10-14,IRCTC,"fresh signal NOT FUNDED — cash exhausted (BUY: 1.82× weekly, month 2.75×, ladder rising; funding priority now 1)"
2021-10-14,JBMA,fresh signal REFUSED — falling earnings power
2021-10-14,MAHSEAMLES,fresh signal REFUSED — falling earnings power
2021-10-14,MCX,fresh signal REFUSED — falling earnings power
2021-10-14,PAISALO,"fresh signal NOT FUNDED — cash exhausted (starved 1×, front of the queue — BUY: 1.65× weekly, month 1.56×, ladder rising; funding priority now 2)"
2021-10-14,RADICO,"fresh signal NOT FUNDED — cash exhausted (starved 1×, front of the queue — BUY: 3.69× weekly, month 2.44×, ladder rising; funding priority now 2)"
2021-10-14,SETFNIFBK,"fresh signal NOT FUNDED — cash exhausted (BUY: 2.57× weekly, month 1.54×, ladder rising; funding priority now 1)"
2021-10-14,SFL,"fresh signal NOT FUNDED — cash exhausted (ACCUMULATE: 3.06× weekly, month 1.94×, ladder rising; funding priority now 1)"
2021-10-14,SJVN,fresh signal REFUSED — falling earnings power
2021-10-14,SWSOLAR,fresh signal REFUSED — falling earnings power
2021-10-14,TAJGVK,"fresh signal NOT FUNDED — cash exhausted (ACCUMULATE: 2.81× weekly, month 4.63×, ladder rising; funding priority now 1)"
2021-10-14,TATAINVEST,"fresh signal NOT FUNDED — cash exhausted (BUY: 3.73× weekly, month 4.53×, ladder rising; funding priority now 1)"
2021-10-14,TATAMTRDVR,"fresh signal NOT FUNDED — cash exhausted (starved 1×, front of the queue — BUY: 3.75× weekly, month 1.90×, ladder rising; funding priority now 2)"
2021-10-14,TATAPOWER,fresh signal REFUSED — falling earnings power
2021-10-14,THOMASCOOK,fresh signal REFUSED — falling earnings power
2021-10-14,TIMKEN,"fresh signal NOT FUNDED — cash exhausted (ACCUMULATE: 1.88× weekly, month 1.59×, ladder rising; funding priority now 1)"
2021-10-14,TRIDENT,fresh signal REFUSED — falling earnings power
2021-10-14,UNIONBANK,fresh signal REFUSED — falling earnings power
2021-10-18,NETWORK18,"BUY ₹44.01 at ₹80.00 (fresh Friday signal — starved 1×, front of the queue — BUY: 5.54× weekly, month 2.23×, ladder rising; stop ₹55.91; charges ₹0.05)"
2021-10-19,BAJAJHIND,"SELL ₹561.74 at stop ₹13.96 (+1.5%, charges ₹0.58) — the cash goes back to work at the next Friday screen; ₹491.40 of doubled capital and its returns OUT to the pocket"
2021-10-22,IRB,fresh signal REFUSED — falling earnings power
2021-10-22,JINDWORLD,"fresh signal NOT FUNDED — cash exhausted (BUY: 1.96× weekly, month 2.32×, ladder rising; funding priority now 1)"
2021-10-22,NETWORK18,RAISE STOP ₹55.91 → ₹72.52 (new box ₹76.55–₹90.00 sealed)
2021-10-22,NHPC,"fresh signal NOT FUNDED — cash exhausted (BUY: 3.94× weekly, month 2.28×, ladder rising; funding priority now 1)"
2021-10-22,SETFNIFBK,"fresh signal NOT FUNDED — cash exhausted (starved 1×, front of the queue — ACCUMULATE: 3.36× weekly, month 1.85×, ladder rising; funding priority now 2)"
2021-10-22,SHOPERSTOP,"fresh signal NOT FUNDED — cash exhausted (BUY: 4.86× weekly, month 2.38×, ladder rising; funding priority now 1)"
2021-10-22,SJVN,fresh signal REFUSED — falling earnings power
2021-10-22,TAJGVK,"fresh signal NOT FUNDED — cash exhausted (starved 1×, front of the queue — BUY: 2.89× weekly, month 4.38×, ladder rising; funding priority now 2)"
2021-10-22,UNIONBANK,fresh signal REFUSED — falling earnings power
2021-10-25,LTI,"BUY ₹33.74 at ₹6,555.00 (fresh Friday signal — starved 1×, front of the queue — BUY: 4.63× weekly, month 1.84×, ladder rising; stop ₹5,353.77; charges ₹0.04)"
2021-10-25,NETWORK18,PYRAMID BUY ₹43.35 at ₹78.90 (box jump — doubling the stake with NEW capital; stop stays ₹72.52; funded ₹43.35 from the pocket + ₹0.00 fresh; charges ₹0.05)
2021-10-25,TATAMTRDVR,"BUY ₹36.60 at ₹252.40 (fresh Friday signal — starved 2×, front of the queue — BUY: 2.45× weekly, month 2.17×, ladder rising; stop ₹169.19; charges ₹0.04)"
2021-10-29,LTI,"RAISE STOP ₹5,353.77 → ₹5,950.99 (new box ₹6,264.20–₹7,155.00 sealed)"
2021-10-29,TATAMTRDVR,RAISE STOP ₹169.19 → ₹204.73 (new box ₹223.00–₹283.90 sealed)
2021-11-01,LTI,"PYRAMID BUY ₹34.55 at ₹6,720.00 (box jump — doubling the stake with NEW capital; stop stays ₹5,950.99; funded ₹34.55 from the pocket + ₹0.00 fresh; charges ₹0.04)"
2021-11-01,TATAMTRDVR,PYRAMID BUY ₹36.17 at ₹249.75 (box jump — doubling the stake with NEW capital; stop stays ₹204.73; funded ₹36.17 from the pocket + ₹0.00 fresh; charges ₹0.04)
2021-11-18,TATAMTRDVR,RAISE STOP ₹204.73 → ₹265.05 (new box ₹279.00–₹297.90 sealed)
2021-11-22,DECCANCE,"SELL ₹190.23 at stop ₹620.61 (-10.9%, charges ₹0.20) — the cash goes back to work at the next Friday screen; ₹142.62 of doubled capital and its returns OUT to the pocket"
2021-11-22,TATAMTRDVR,PYRAMID BUY ₹83.06 at ₹286.90 (box jump — doubling the stake with NEW capital; stop stays ₹265.05; funded ₹83.06 from the pocket + ₹0.00 fresh; charges ₹0.10)
2021-11-22,TATAMTRDVR,"SELL ₹153.22 at stop ₹265.05 (-1.5%, charges ₹0.16) — the cash goes back to work at the next Friday screen; ₹114.87 of doubled capital and its returns OUT to the pocket"
2021-11-26,ESCORTS,"fresh signal NOT FUNDED — cash exhausted (BUY: 1.78× weekly, month 2.18×, ladder rising; funding priority now 1)"
2021-11-26,GLAXO,fresh signal REFUSED — falling earnings power
2021-11-26,LTI,"RAISE STOP ₹5,950.99 → ₹6,270.00 (new box ₹6,600.00–₹7,564.95 sealed)"
2021-11-26,TTML,fresh signal REFUSED — falling earnings power
2021-11-29,BCG,"BUY ₹24.96 at ₹134.10 (fresh Friday signal — BUY: 1.94× weekly, month 1.58×, ladder rising; stop ₹55.00; charges ₹0.03)"
2021-11-29,BSOFT,"BUY ₹30.66 at ₹465.20 (fresh Friday signal — BUY: 3.61× weekly, month 2.59×, ladder rising; stop ₹375.44; charges ₹0.04)"
2021-11-29,LTI,"PYRAMID BUY ₹67.11 at ₹6,530.00 (box jump — doubling the stake with NEW capital; stop stays ₹6,270.00; funded ₹67.11 from the pocket + ₹0.00 fresh; charges ₹0.08)"
2021-11-29,NETWORK18,"SELL ₹79.57 at stop ₹72.52 (-8.7%, charges ₹0.08) — the cash goes back to work at the next Friday screen; ₹39.76 of doubled capital and its returns OUT to the pocket"
2021-11-29,RAYMOND,"BUY ₹30.34 at ₹596.00 (fresh Friday signal — starved 1×, front of the queue — BUY: 5.68× weekly, month 1.64×, ladder rising; stop ₹468.59; charges ₹0.04)"
2021-11-29,TCIEXP,signal SKIPPED — cash below half a slice (funding priority now 1)
2021-12-03,BSE,"fresh signal NOT FUNDED — cash exhausted (BUY: 4.20× weekly, month 1.77×, ladder rising; funding priority now 1)"
2021-12-03,BSOFT,RAISE STOP ₹375.44 → ₹424.65 (new box ₹447.00–₹513.95 sealed)
2021-12-03,CHAMBLFERT,"fresh signal NOT FUNDED — cash exhausted (ACCUMULATE: 3.11× weekly, month 1.86×, ladder rising; funding priority now 1)"
2021-12-03,GLAXO,fresh signal REFUSED — falling earnings power
2021-12-03,KPITTECH,fresh signal REFUSED — falling earnings power
2021-12-03,LOVABLE,"fresh signal NOT FUNDED — cash exhausted (ACCUMULATE: 2.63× weekly, month 3.40×, ladder rising; funding priority now 1)"
2021-12-03,LYKALABS,"fresh signal NOT FUNDED — cash exhausted (BUY: 2.87× weekly, month 3.74×, ladder rising; funding priority now 1)"
2021-12-03,MIRZAINT,"fresh signal NOT FUNDED — cash exhausted (BUY: 3.65× weekly, month 3.62×, ladder rising; funding priority now 1)"
2021-12-03,PGEL,"fresh signal NOT FUNDED — cash exhausted (BUY: 2.46× weekly, month 1.52×, ladder rising; funding priority now 1)"
2021-12-03,RAJESHEXPO,"fresh signal NOT FUNDED — cash exhausted (BUY: 2.81× weekly, month 2.30×, ladder rising; funding priority now 1)"
2021-12-03,SOLARINDS,"fresh signal NOT FUNDED — cash exhausted (ACCUMULATE: 1.55× weekly, month 2.23×, ladder rising; funding priority now 1)"
2021-12-03,TCIEXP,"fresh signal NOT FUNDED — cash exhausted (starved 1×, front of the queue — BUY: 1.93× weekly, month 1.55×, ladder rising; funding priority now 2)"
2021-12-03,TTML,fresh signal REFUSED — falling earnings power
2021-12-06,BSOFT,PYRAMID BUY ₹31.92 at ₹485.00 (box jump — doubling the stake with NEW capital; stop stays ₹424.65; funded ₹31.92 from the pocket + ₹0.00 fresh; charges ₹0.04)
2021-12-06,SFL,"BUY ₹29.08 at ₹3,417.00 (fresh Friday signal — starved 1×, front of the queue — BUY: 2.40× weekly, month 2.05×, ladder rising; stop ₹2,838.79; charges ₹0.03)"
2021-12-10,RAYMOND,RAISE STOP ₹468.59 → ₹560.88 (new box ₹590.40–₹676.40 sealed)
2021-12-13,RAYMOND,PYRAMID BUY ₹33.61 at ₹661.00 (box jump — doubling the stake with NEW capital; stop stays ₹560.88; funded ₹33.61 from the pocket + ₹0.00 fresh; charges ₹0.04)
2021-12-31,SFL,"RAISE STOP ₹2,838.79 → ₹2,840.55 (new box ₹2,990.05–₹3,387.60 sealed)"
2022-01-03,SFL,"PYRAMID BUY ₹27.84 at ₹3,274.90 (box jump — doubling the stake with NEW capital; stop stays ₹2,840.55; funded ₹27.84 from the pocket + ₹0.00 fresh; charges ₹0.03)"
2022-01-24,LTI,"SELL ₹128.66 at stop ₹6,270.00 (-4.8%, charges ₹0.13) — the cash goes back to work at the next Friday screen; ₹96.46 of doubled capital and its returns OUT to the pocket"
2022-01-28,ANDHRSUGAR,"fresh signal NOT FUNDED — cash exhausted (BUY: 1.89× weekly, month 1.58×, ladder rising; funding priority now 1)"
2022-01-28,POWERINDIA,fresh signal REFUSED — falling earnings power
2022-01-31,SHARDACROP,"BUY ₹26.26 at ₹586.70 (fresh Friday signal — BUY: 19.48× weekly, month 6.26×, ladder rising; stop ₹342.00; charges ₹0.03)"
2022-01-31,TV18BRDCST,"BUY ₹16.67 at ₹58.90 (fresh Friday signal — BUY: 2.12× weekly, month 1.51×, ladder rising; stop ₹39.10; charges ₹0.02)"
2022-02-04,RAYMOND,RAISE STOP ₹560.88 → ₹679.35 (new box ₹715.10–₹800.00 sealed)
2022-02-04,SFL,"RAISE STOP ₹2,840.55 → ₹2,922.75 (new box ₹3,162.00–₹3,959.50 sealed)"
2022-02-04,SHARDACROP,RAISE STOP ₹342.00 → ₹545.30 (new box ₹574.00–₹620.00 sealed)
2022-02-04,TV18BRDCST,RAISE STOP ₹39.10 → ₹53.30 (new box ₹56.10–₹64.95 sealed)
2022-02-07,RAYMOND,PYRAMID BUY ₹79.08 at ₹778.00 (box jump — doubling the stake with NEW capital; stop stays ₹679.35; funded ₹79.08 from the pocket + ₹0.00 fresh; charges ₹0.09)
2022-02-07,SFL,"PYRAMID BUY ₹56.91 at ₹3,349.00 (box jump — doubling the stake with NEW capital; stop stays ₹2,922.75; funded ₹56.91 from the pocket + ₹0.00 fresh; charges ₹0.07)"
2022-02-07,SHARDACROP,PYRAMID BUY ₹29.51 at ₹660.10 (box jump — doubling the stake with NEW capital; stop stays ₹545.30; funded ₹29.51 from the pocket + ₹0.00 fresh; charges ₹0.03)
2022-02-07,TV18BRDCST,PYRAMID BUY ₹18.38 at ₹65.00 (box jump — doubling the stake with NEW capital; stop stays ₹53.30; funded ₹18.38 from the pocket + ₹0.00 fresh; charges ₹0.02)
2022-02-11,CREDITACC,fresh signal REFUSED — falling earnings power
2022-02-11,DHAMPURSUG,"fresh signal NOT FUNDED — cash exhausted (ACCUMULATE: 1.52× weekly, month 1.67×, ladder rising; funding priority now 1)"
2022-02-11,LAXMIMACH,"fresh signal NOT FUNDED — cash exhausted (BUY: 1.52× weekly, month 1.69×, ladder rising; funding priority now 1)"
2022-02-11,OMAXE,"fresh signal NOT FUNDED — cash exhausted (BUY: 7.36× weekly, month 4.44×, ladder rising; funding priority now 1)"
2022-02-11,SHARDACROP,"SELL ₹48.67 at stop ₹545.30 (-12.5%, charges ₹0.05) — the cash goes back to work at the next Friday screen; ₹24.32 of doubled capital and its returns OUT to the pocket"
2022-02-11,SIS,"fresh signal NOT FUNDED — cash exhausted (BUY: 1.96× weekly, month 1.55×, ladder rising; funding priority now 1)"
2022-02-11,ZEEMEDIA,"fresh signal NOT FUNDED — cash exhausted (BUY: 4.00× weekly, month 2.17×, ladder rising; funding priority now 1)"
2022-02-14,BSOFT,"SELL ₹55.81 at stop ₹424.65 (-10.6%, charges ₹0.06) — the cash goes back to work at the next Friday screen; ₹27.89 of doubled capital and its returns OUT to the pocket"
2022-02-14,GNFC,"BUY ₹24.35 at ₹553.00 (fresh Friday signal — BUY: 7.50× weekly, month 2.65×, ladder rising; stop ₹414.87; charges ₹0.03)"
2022-02-15,RAYMOND,"SELL ₹137.88 at stop ₹679.35 (-3.4%, charges ₹0.14) — the cash goes back to work at the next Friday screen; ₹103.37 of doubled capital and its returns OUT to the pocket"
2022-02-18,GMDCLTD,fresh signal REFUSED — falling earnings power
2022-02-18,GNFC,RAISE STOP ₹414.87 → ₹497.80 (new box ₹524.00–₹577.90 sealed)
2022-02-18,TV18BRDCST,RAISE STOP ₹53.30 → ₹58.38 (new box ₹62.65–₹76.90 sealed)
2022-02-21,EVERESTIND,"BUY ₹31.42 at ₹740.00 (fresh Friday signal — BUY: 3.34× weekly, month 1.68×, ladder rising; stop ₹522.67; charges ₹0.04)"
2022-02-21,GNFC,PYRAMID BUY ₹24.10 at ₹548.00 (box jump — doubling the stake with NEW capital; stop stays ₹497.80; funded ₹24.10 from the pocket + ₹0.00 fresh; charges ₹0.03)
2022-02-21,TV18BRDCST,PYRAMID BUY ₹37.01 at ₹65.50 (box jump — doubling the stake with NEW capital; stop stays ₹58.38; funded ₹37.01 from the pocket + ₹0.00 fresh; charges ₹0.04)
2022-02-22,TV18BRDCST,"SELL ₹65.87 at stop ₹58.38 (-8.4%, charges ₹0.07) — the cash goes back to work at the next Friday screen; ₹49.38 of doubled capital and its returns OUT to the pocket"
2022-03-04,CGCL,"fresh signal NOT FUNDED — cash exhausted (ACCUMULATE: 2.05× weekly, month 3.19×, ladder rising; funding priority now 1)"
2022-03-04,EVERESTIND,RAISE STOP ₹522.67 → ₹526.21 (new box ₹583.60–₹774.90 sealed)
2022-03-04,GMDCLTD,fresh signal REFUSED — falling earnings power
2022-03-04,GTLINFRA,"fresh signal NOT FUNDED — cash exhausted (ACCUMULATE: 2.05× weekly, month 1.67×, ladder rising; funding priority now 1)"
2022-03-04,POWERINDIA,fresh signal REFUSED — falling earnings power
2022-03-04,SFL,"RAISE STOP ₹2,922.75 → ₹2,993.45 (new box ₹3,151.00–₹3,300.00 sealed)"
2022-03-04,SRHHYPOLTD,"fresh signal NOT FUNDED — cash exhausted (ACCUMULATE: 1.57× weekly, month 3.20×, ladder rising; funding priority now 1)"
2022-03-07,EVERESTIND,PYRAMID BUY ₹26.29 at ₹620.00 (box jump — doubling the stake with NEW capital; stop stays ₹526.21; funded ₹26.29 from the pocket + ₹0.00 fresh; charges ₹0.03)
2022-03-07,EXCELINDUS,"BUY ₹41.23 at ₹1,523.00 (fresh Friday signal — BUY: 6.93× weekly, month 5.51×, ladder rising; stop ₹1,016.01; charges ₹0.05)"
2022-03-07,MAWANASUG,signal SKIPPED — cash below half a slice (funding priority now 1)
2022-03-07,SFL,"PYRAMID BUY ₹113.78 at ₹3,350.00 (box jump — doubling the stake with NEW capital; stop stays ₹2,993.45; funded ₹113.78 from the pocket + ₹0.00 fresh; charges ₹0.13)"
2022-03-17,EXCELINDUS,"RAISE STOP ₹1,016.01 → ₹1,438.30 (new box ₹1,514.00–₹1,695.00 sealed)"
2022-03-21,EXCELINDUS,"PYRAMID BUY ₹45.53 at ₹1,683.85 (box jump — doubling the stake with NEW capital; stop stays ₹1,438.30; funded ₹45.53 from the pocket + ₹0.00 fresh; charges ₹0.05)"
2022-03-25,EVERESTIND,RAISE STOP ₹526.21 → ₹594.70 (new box ₹626.00–₹671.80 sealed)
2022-03-25,SFL,"RAISE STOP ₹2,993.45 → ₹3,072.06 (new box ₹3,233.75–₹3,457.50 sealed)"
2022-03-25,SFL,box jump NOT doubled — the 3-doubling cap is already used
2022-03-28,EVERESTIND,PYRAMID BUY ₹61.88 at ₹730.00 (box jump — doubling the stake with NEW capital; stop stays ₹594.70; funded ₹61.88 from the pocket + ₹0.00 fresh; charges ₹0.07)
2022-03-29,EXCELINDUS,"SELL ₹77.66 at stop ₹1,438.30 (-10.3%, charges ₹0.08) — the cash goes back to work at the next Friday screen; ₹38.81 of doubled capital and its returns OUT to the pocket"
2022-04-01,INOXLEISUR,"fresh signal NOT FUNDED — cash exhausted (starved 1×, front of the queue — ACCUMULATE: 7.27× weekly, month 3.35×, ladder rising; funding priority now 2)"
2022-04-01,SUPPETRO,"fresh signal NOT FUNDED — cash exhausted (BUY: 4.41× weekly, month 2.46×, ladder rising; funding priority now 1)"
2022-04-01,TAX,"FY2022 settled: ₹11.15 paid (STCG ₹55.77 @20%, LTCG ₹0.00 @12.5%; losses carried forward ST ₹0.00 / LT ₹0.00)"
2022-04-01,VALIANTORG,"fresh signal NOT FUNDED — cash exhausted (ACCUMULATE: 2.69× weekly, month 2.82×, ladder rising; funding priority now 1)"
2022-04-04,RCF,"BUY ₹33.97 at ₹96.40 (fresh Friday signal — starved 1×, front of the queue — BUY: 8.32× weekly, month 2.52×, ladder rising; stop ₹74.19; charges ₹0.04)"
2022-04-22,GNFC,RAISE STOP ₹497.80 → ₹792.16 (new box ₹833.85–₹912.00 sealed)
2022-04-22,RCF,RAISE STOP ₹74.19 → ₹93.15 (new box ₹98.05–₹109.00 sealed)
2022-04-22,SFL,"RAISE STOP ₹3,072.06 → ₹3,519.94 (new box ₹3,705.20–₹4,055.00 sealed)"
2022-04-22,SFL,box jump NOT doubled — the 3-doubling cap is already used
2022-04-25,GNFC,PYRAMID BUY ₹74.41 at ₹846.40 (box jump — doubling the stake with NEW capital; stop stays ₹792.16; funded ₹74.41 from the pocket + ₹0.00 fresh; charges ₹0.09)
2022-04-25,RCF,PYRAMID BUY ₹36.67 at ₹104.20 (box jump — doubling the stake with NEW capital; stop stays ₹93.15; funded ₹36.67 from the pocket + ₹0.00 fresh; charges ₹0.04)
2022-04-27,SFL,"SELL ₹238.71 at stop ₹3,519.94 (+5.1%, charges ₹0.25) — the cash goes back to work at the next Friday screen; ₹208.82 of doubled capital and its returns OUT to the pocket"
2022-04-28,EVERESTIND,"SELL ₹100.65 at stop ₹594.70 (-15.6%, charges ₹0.10) — the cash goes back to work at the next Friday screen; ₹75.46 of doubled capital and its returns OUT to the pocket"
2022-04-29,ACC,"fresh signal NOT FUNDED — cash exhausted (BUY: 1.72× weekly, month 1.98×, ladder rising; funding priority now 1)"
2022-04-29,BLS,"fresh signal NOT FUNDED — cash exhausted (BUY: 2.75× weekly, month 2.95×, ladder rising; funding priority now 1)"
2022-04-29,CHENNPETRO,fresh signal REFUSED — falling earnings power
2022-04-29,HUHTAMAKI,"fresh signal NOT FUNDED — cash exhausted (BUY: 2.89× weekly, month 2.26×, ladder rising; funding priority now 1)"
2022-04-29,MFL,"fresh signal NOT FUNDED — cash exhausted (BUY: 14.27× weekly, month 3.71×, ladder rising; funding priority now 1)"
2022-04-29,VBL,"fresh signal NOT FUNDED — cash exhausted (BUY: 3.87× weekly, month 2.06×, ladder rising; funding priority now 1)"
2022-05-02,ORISSAMINE,"BUY ₹26.69 at ₹3,379.00 (fresh Friday signal — starved 1×, front of the queue — BUY: 2.63× weekly, month 1.78×, ladder rising; stop ₹2,898.50; charges ₹0.03)"
2022-05-02,RIIL,"BUY ₹28.40 at ₹1,100.00 (fresh Friday signal — starved 1×, front of the queue — BUY: 5.17× weekly, month 3.64×, ladder rising; stop ₹852.81; charges ₹0.03)"
2022-05-04,RCF,"SELL ₹65.46 at stop ₹93.15 (-7.1%, charges ₹0.07) — the cash goes back to work at the next Friday screen; ₹32.71 of doubled capital and its returns OUT to the pocket"
2022-05-06,CHENNPETRO,fresh signal REFUSED — falling earnings power
2022-05-06,GNFC,"SELL ₹139.05 at stop ₹792.16 (+13.4%, charges ₹0.14) — the cash goes back to work at the next Friday screen; ₹104.25 of doubled capital and its returns OUT to the pocket"
2022-05-06,TARC,fresh signal REFUSED — falling earnings power
2022-05-09,GEPIL,"BUY ₹13.22 at ₹182.65 (fresh Friday signal — ACCUMULATE: 1.55× weekly, month 2.61×, ladder rising; stop ₹163.45; charges ₹0.02)"
2022-05-09,JKIL,"BUY ₹13.35 at ₹229.70 (fresh Friday signal — BUY: 6.96× weekly, month 3.58×, ladder rising; stop ₹192.28; charges ₹0.02)"
2022-05-09,MOL,"BUY ₹13.36 at ₹129.80 (fresh Friday signal — BUY: 6.75× weekly, month 2.56×, ladder rising; stop ₹113.62; charges ₹0.02)"
2022-05-09,MRPL,"BUY ₹13.29 at ₹78.00 (fresh Friday signal — BUY: 2.47× weekly, month 7.89×, ladder rising; stop ₹58.41; charges ₹0.02)"
2022-05-11,MOL,"SELL ₹11.67 at stop ₹113.62 (-12.5%, charges ₹0.01) — the cash goes back to work at the next Friday screen"
2022-05-11,ORISSAMINE,"SELL ₹22.84 at stop ₹2,898.50 (-14.2%, charges ₹0.02) — the cash goes back to work at the next Friday screen"
2022-05-16,VBL,"BUY ₹12.49 at ₹220.00 (fresh Friday signal — starved 1×, front of the queue — ACCUMULATE: 1.77× weekly, month 2.88×, ladder rising; stop ₹196.27; charges ₹0.01)"
2022-05-20,COROMANDEL,fresh signal REFUSED — falling earnings power
2022-05-20,JKIL,RAISE STOP ₹192.28 → ₹196.02 (new box ₹208.80–₹251.40 sealed)
2022-05-20,MRPL,RAISE STOP ₹58.41 → ₹60.81 (new box ₹66.30–₹84.60 sealed)
2022-05-20,RIIL,"RAISE STOP ₹852.81 → ₹863.73 (new box ₹942.00–₹1,202.90 sealed)"
2022-05-23,ACC,"BUY ₹18.09 at ₹2,260.00 (fresh Friday signal — starved 1×, front of the queue — ACCUMULATE: 2.13× weekly, month 1.55×, ladder rising; stop ₹1,994.10; charges ₹0.02)"
2022-05-23,GRAUWEIL,"BUY ₹18.05 at ₹82.70 (fresh Friday signal — BUY: 5.06× weekly, month 7.54×, ladder rising; stop ₹56.42; charges ₹0.02)"
2022-05-23,JKIL,PYRAMID BUY ₹13.35 at ₹230.00 (box jump — doubling the stake with NEW capital; stop stays ₹196.02; funded ₹13.35 from the pocket + ₹0.00 fresh; charges ₹0.02)
2022-05-23,MRPL,PYRAMID BUY ₹16.14 at ₹94.80 (box jump — doubling the stake with NEW capital; stop stays ₹60.81; funded ₹16.14 from the pocket + ₹0.00 fresh; charges ₹0.02)
2022-05-23,RIIL,"PYRAMID BUY ₹26.82 at ₹1,040.00 (box jump — doubling the stake with NEW capital; stop stays ₹863.73; funded ₹26.82 from the pocket + ₹0.00 fresh; charges ₹0.03)"
2022-05-23,VADILALIND,signal SKIPPED — cash below half a slice (funding priority now 1)
2022-05-26,RIIL,"SELL ₹44.47 at stop ₹863.73 (-19.3%, charges ₹0.05) — the cash goes back to work at the next Friday screen; ₹22.22 of doubled capital and its returns OUT to the pocket"
2022-05-27,COROMANDEL,fresh signal REFUSED — falling earnings power
2022-05-31,GEPIL,"SELL ₹11.80 at stop ₹163.45 (-10.5%, charges ₹0.01) — the cash goes back to work at the next Friday screen"
2022-06-03,GRAUWEIL,RAISE STOP ₹56.42 → ₹61.82 (new box ₹67.10–₹84.70 sealed)
2022-06-03,MRPL,RAISE STOP ₹60.81 → ₹69.61 (new box ₹75.65–₹95.80 sealed)
2022-06-06,BCG,"SELL ₹10.22 at stop ₹55.00 (-59.0%, charges ₹0.01) — the cash goes back to work at the next Friday screen"
2022-06-06,GRAUWEIL,PYRAMID BUY ₹15.34 at ₹70.35 (box jump — doubling the stake with NEW capital; stop stays ₹61.82; funded ₹15.34 from the pocket + ₹0.00 fresh; charges ₹0.02)
2022-06-06,MRPL,PYRAMID BUY ₹30.06 at ₹88.35 (box jump — doubling the stake with NEW capital; stop stays ₹69.61; funded ₹30.06 from the pocket + ₹0.00 fresh; charges ₹0.04)
2022-06-06,SHANTIGEAR,"BUY ₹19.09 at ₹238.05 (fresh Friday signal — BUY: 1.57× weekly, month 2.31×, ladder rising; stop ₹179.53; charges ₹0.02)"
2022-06-06,VBL,"SELL ₹11.12 at stop ₹196.27 (-10.8%, charges ₹0.01) — the cash goes back to work at the next Friday screen"
2022-06-10,CHENNPETRO,fresh signal REFUSED — falling earnings power
2022-06-10,JKIL,RAISE STOP ₹196.02 → ₹233.94 (new box ₹246.25–₹264.60 sealed)
2022-06-13,ELECON,"BUY ₹12.52 at ₹122.47 (fresh Friday signal — BUY: 4.00× weekly, month 1.65×, ladder rising; stop ₹85.59; charges ₹0.01)"
2022-06-13,GRAUWEIL,"SELL ₹26.91 at stop ₹61.82 (-19.2%, charges ₹0.03) — the cash goes back to work at the next Friday screen; ₹13.45 of doubled capital and its returns OUT to the pocket"
2022-06-13,JKIL,PYRAMID BUY ₹33.37 at ₹287.70 (box jump — doubling the stake with NEW capital; stop stays ₹233.94; funded ₹33.37 from the pocket + ₹0.00 fresh; charges ₹0.04)
2022-06-13,VADILALIND,"BUY ₹23.99 at ₹2,088.90 (fresh Friday signal — starved 1×, front of the queue — BUY: 2.72× weekly, month 1.81×, ladder rising; stop ₹1,466.28; charges ₹0.03)"
2022-06-17,ELECON,RAISE STOP ₹85.59 → ₹111.01 (new box ₹116.85–₹134.95 sealed)
2022-06-20,APARINDS,"BUY ₹13.46 at ₹950.15 (fresh Friday signal — BUY: 13.43× weekly, month 3.81×, ladder rising; stop ₹706.80; charges ₹0.02)"
2022-06-20,ELECON,PYRAMID BUY ₹13.40 at ₹131.25 (box jump — doubling the stake with NEW capital; stop stays ₹111.01; funded ₹13.40 from the pocket + ₹0.00 fresh; charges ₹0.02)
2022-06-24,VADILALIND,"RAISE STOP ₹1,466.28 → ₹1,602.19 (new box ₹1,726.00–₹2,138.70 sealed)"
2022-06-27,VADILALIND,"PYRAMID BUY ₹22.65 at ₹1,975.00 (box jump — doubling the stake with NEW capital; stop stays ₹1,602.19; funded ₹22.65 from the pocket + ₹0.00 fresh; charges ₹0.03)"
2022-07-01,APARINDS,"RAISE STOP ₹706.80 → ₹844.03 (new box ₹891.30–₹1,048.85 sealed)"
2022-07-04,APARINDS,PYRAMID BUY ₹13.87 at ₹980.00 (box jump — doubling the stake with NEW capital; stop stays ₹844.03; funded ₹13.87 from the pocket + ₹0.00 fresh; charges ₹0.02)
2022-07-06,MRPL,"SELL ₹47.29 at stop ₹69.61 (-20.3%, charges ₹0.05) — the cash goes back to work at the next Friday screen; ₹35.45 of doubled capital and its returns OUT to the pocket"
2022-07-08,ELECON,RAISE STOP ₹111.01 → ₹120.65 (new box ₹127.00–₹144.95 sealed)
2022-07-08,STERTOOLS,"fresh signal NOT FUNDED — cash exhausted (ACCUMULATE: 1.91× weekly, month 2.76×, ladder rising; funding priority now 1)"
2022-07-08,VADILALIND,"RAISE STOP ₹1,602.19 → ₹1,877.25 (new box ₹1,976.05–₹2,165.00 sealed)"
2022-07-08,VOLTAMP,fresh signal REFUSED — falling earnings power
2022-07-11,ELECON,PYRAMID BUY ₹30.00 at ₹147.00 (box jump — doubling the stake with NEW capital; stop stays ₹120.65; funded ₹30.00 from the pocket + ₹0.00 fresh; charges ₹0.04)
2022-07-11,MARATHON,signal SKIPPED — cash below half a slice (funding priority now 1)
2022-07-11,VADILALIND,"PYRAMID BUY ₹47.83 at ₹2,086.20 (box jump — doubling the stake with NEW capital; stop stays ₹1,877.25; funded ₹47.83 from the pocket + ₹0.00 fresh; charges ₹0.06)"
2022-07-15,ACC,"RAISE STOP ₹1,994.10 → ₹2,030.06 (new box ₹2,136.90–₹2,201.10 sealed)"
2022-07-18,ACC,"PYRAMID BUY ₹17.28 at ₹2,160.95 (box jump — doubling the stake with NEW capital; stop stays ₹2,030.06; funded ₹17.28 from the pocket + ₹0.00 fresh; charges ₹0.02)"
2022-07-22,ELECON,RAISE STOP ₹120.65 → ₹142.64 (new box ₹150.15–₹162.50 sealed)
2022-07-22,VADILALIND,"RAISE STOP ₹1,877.25 → ₹1,924.70 (new box ₹2,026.00–₹2,220.00 sealed)"
2022-07-25,ELECON,PYRAMID BUY ₹67.71 at ₹165.95 (box jump — doubling the stake with NEW capital; stop stays ₹142.64; funded ₹67.71 from the pocket + ₹0.00 fresh; charges ₹0.08)
2022-07-25,VADILALIND,"PYRAMID BUY ₹94.91 at ₹2,071.00 (box jump — doubling the stake with NEW capital; stop stays ₹1,924.70; funded ₹94.91 from the pocket + ₹0.00 fresh; charges ₹0.11)"
2022-07-29,JKIL,RAISE STOP ₹233.94 → ₹308.80 (new box ₹325.05–₹349.00 sealed)
2022-08-01,JKIL,PYRAMID BUY ₹78.49 at ₹338.50 (box jump — doubling the stake with NEW capital; stop stays ₹308.80; funded ₹78.49 from the pocket + ₹0.00 fresh; charges ₹0.09)
2022-08-05,ACC,"RAISE STOP ₹2,030.06 → ₹2,053.90 (new box ₹2,162.00–₹2,213.00 sealed)"
2022-08-05,GESHIP,fresh signal REFUSED — falling earnings power
2022-08-05,JKIL,"SELL ₹142.97 at stop ₹308.80 (+3.4%, charges ₹0.15) — the cash goes back to work at the next Friday screen; ₹125.07 of doubled capital and its returns OUT to the pocket"
2022-08-05,KARURVYSYA,"fresh signal NOT FUNDED — cash exhausted (BUY: 2.02× weekly, month 1.62×, ladder rising; funding priority now 1)"
2022-08-05,MANGCHEFER,"fresh signal NOT FUNDED — cash exhausted (BUY: 2.24× weekly, month 1.91×, ladder rising; funding priority now 1)"
2022-08-05,PCBL,fresh signal REFUSED — falling earnings power
2022-08-05,RUCHIRA,"fresh signal NOT FUNDED — cash exhausted (BUY: 3.39× weekly, month 2.05×, ladder rising; funding priority now 1)"
2022-08-05,SCHAEFFLER,"fresh signal NOT FUNDED — cash exhausted (BUY: 1.66× weekly, month 1.57×, ladder rising; funding priority now 1)"
2022-08-05,TIINDIA,"fresh signal NOT FUNDED — cash exhausted (ACCUMULATE: 2.15× weekly, month 2.60×, ladder rising; funding priority now 1)"
2022-08-05,WSTCSTPAPR,"fresh signal NOT FUNDED — cash exhausted (ACCUMULATE: 3.90× weekly, month 2.21×, ladder rising; funding priority now 1)"
2022-08-08,ACC,"PYRAMID BUY ₹36.12 at ₹2,260.00 (box jump — doubling the stake with NEW capital; stop stays ₹2,053.90; funded ₹36.12 from the pocket + ₹0.00 fresh; charges ₹0.04)"
2022-08-08,NAVNETEDUL,"BUY ₹29.74 at ₹130.50 (fresh Friday signal — BUY: 14.73× weekly, month 3.84×, ladder rising; stop ₹88.40; charges ₹0.04)"
2022-08-12,ACC,"RAISE STOP ₹2,053.90 → ₹2,085.11 (new box ₹2,194.85–₹2,262.60 sealed)"
2022-08-12,ELECON,RAISE STOP ₹142.64 → ₹156.67 (new box ₹165.97–₹196.97 sealed)
2022-08-12,ELECON,box jump NOT doubled — the 3-doubling cap is already used
2022-08-12,VADILALIND,"RAISE STOP ₹1,924.70 → ₹2,151.75 (new box ₹2,265.00–₹2,450.00 sealed)"
2022-08-12,VADILALIND,box jump NOT doubled — the 3-doubling cap is already used
2022-08-16,ACC,"PYRAMID BUY ₹71.81 at ₹2,248.00 (box jump — doubling the stake with NEW capital; stop stays ₹2,085.11; funded ₹71.81 from the pocket + ₹0.00 fresh; charges ₹0.09)"
2022-08-19,APARINDS,"RAISE STOP ₹844.03 → ₹1,095.35 (new box ₹1,153.00–₹1,287.95 sealed)"
2022-08-19,NAVNETEDUL,RAISE STOP ₹88.40 → ₹116.38 (new box ₹122.50–₹136.40 sealed)
2022-08-22,APARINDS,"PYRAMID BUY ₹34.17 at ₹1,208.00 (box jump — doubling the stake with NEW capital; stop stays ₹1,095.35; funded ₹34.17 from the pocket + ₹0.00 fresh; charges ₹0.04)"
2022-08-22,NAVNETEDUL,PYRAMID BUY ₹29.36 at ₹129.00 (box jump — doubling the stake with NEW capital; stop stays ₹116.38; funded ₹29.36 from the pocket + ₹0.00 fresh; charges ₹0.03)
2022-08-26,ACC,"RAISE STOP ₹2,085.11 → ₹2,151.37 (new box ₹2,264.60–₹2,367.75 sealed)"
2022-08-26,ACC,box jump NOT doubled — the 3-doubling cap is already used
2022-09-02,NAVNETEDUL,RAISE STOP ₹116.38 → ₹125.88 (new box ₹132.50–₹144.50 sealed)
2022-09-02,SHANTIGEAR,RAISE STOP ₹179.53 → ₹253.27 (new box ₹266.60–₹289.50 sealed)
2022-09-02,VADILALIND,"RAISE STOP ₹2,151.75 → ₹2,270.26 (new box ₹2,389.75–₹2,648.00 sealed)"
2022-09-02,VADILALIND,box jump NOT doubled — the 3-doubling cap is already used
2022-09-05,NAVNETEDUL,PYRAMID BUY ₹62.97 at ₹138.40 (box jump — doubling the stake with NEW capital; stop stays ₹125.88; funded ₹62.97 from the pocket + ₹0.00 fresh; charges ₹0.07)
2022-09-05,SHANTIGEAR,PYRAMID BUY ₹22.91 at ₹286.00 (box jump — doubling the stake with NEW capital; stop stays ₹253.27; funded ₹22.91 from the pocket + ₹0.00 fresh; charges ₹0.03)
2022-09-09,APARINDS,"RAISE STOP ₹1,095.35 → ₹1,108.54 (new box ₹1,180.00–₹1,418.20 sealed)"
2022-09-12,APARINDS,"PYRAMID BUY ₹69.44 at ₹1,228.00 (box jump — doubling the stake with NEW capital; stop stays ₹1,108.54; funded ₹6.58 from the pocket + ₹62.86 fresh; charges ₹0.08)"
2022-09-16,SHANTIGEAR,RAISE STOP ₹253.27 → ₹289.75 (new box ₹305.00–₹338.00 sealed)
2022-09-19,SHANTIGEAR,PYRAMID BUY ₹49.95 at ₹312.00 (box jump — doubling the stake with NEW capital; stop stays ₹289.75; charges ₹0.06)
2022-09-23,NAVNETEDUL,RAISE STOP ₹125.88 → ₹127.30 (new box ₹134.00–₹151.00 sealed)
2022-09-26,NAVNETEDUL,PYRAMID BUY ₹122.27 at ₹134.45 (box jump — doubling the stake with NEW capital; stop stays ₹127.30; charges ₹0.14)
2022-09-26,NAVNETEDUL,"SELL ₹231.16 at stop ₹127.30 (-5.2%, charges ₹0.24) — the cash goes back to work at the next Friday screen; ₹202.21 of doubled capital and its returns OUT to the pocket"
2022-09-30,ACC,"RAISE STOP ₹2,151.37 → ₹2,171.53 (new box ₹2,313.10–₹2,785.00 sealed)"
2022-09-30,ACC,box jump NOT doubled — the 3-doubling cap is already used
2022-09-30,VADILALIND,"RAISE STOP ₹2,270.26 → ₹2,295.06 (new box ₹2,425.20–₹2,859.00 sealed)"
2022-09-30,VADILALIND,box jump NOT doubled — the 3-doubling cap is already used
2022-10-07,SHANTIGEAR,RAISE STOP ₹289.75 → ₹301.39 (new box ₹317.25–₹348.00 sealed)
2022-10-10,SHANTIGEAR,PYRAMID BUY ₹109.48 at ₹342.15 (box jump — doubling the stake with NEW capital; stop stays ₹301.39; funded ₹109.48 from the pocket + ₹0.00 fresh; charges ₹0.13)
2022-10-14,SHANTIGEAR,RAISE STOP ₹301.39 → ₹325.04 (new box ₹342.15–₹370.95 sealed)
2022-10-14,SHANTIGEAR,box jump NOT doubled — the 3-doubling cap is already used
2022-10-20,VADILALIND,"SELL ₹210.01 at stop ₹2,295.06 (+11.1%, charges ₹0.22) — the cash goes back to work at the next Friday screen; ₹183.71 of doubled capital and its returns OUT to the pocket"
2022-10-21,ANANTRAJ,"fresh signal NOT FUNDED — cash exhausted (BUY: 2.19× weekly, month 3.13×, ladder rising; funding priority now 1)"
2022-10-21,APARINDS,"RAISE STOP ₹1,108.54 → ₹1,277.75 (new box ₹1,345.00–₹1,513.95 sealed)"
2022-10-21,APARINDS,box jump NOT doubled — the 3-doubling cap is already used
2022-10-21,BESTAGRO,"fresh signal NOT FUNDED — cash exhausted (BUY: 3.00× weekly, month 2.64×, ladder rising; funding priority now 1)"
2022-10-21,GODFRYPHLP,"fresh signal NOT FUNDED — cash exhausted (BUY: 4.48× weekly, month 3.07×, ladder rising; funding priority now 1)"
2022-10-21,KPITTECH,fresh signal REFUSED — falling earnings power
2022-10-21,MIDHANI,"fresh signal NOT FUNDED — cash exhausted (ACCUMULATE: 2.24× weekly, month 3.54×, ladder rising; funding priority now 1)"
2022-10-21,SOUTHBANK,fresh signal REFUSED — falling earnings power
2022-10-24,JTLINFRA,"BUY ₹55.24 at ₹292.00 (fresh Friday signal — ACCUMULATE: 5.50× weekly, month 7.34×, ladder rising; stop ₹217.12; charges ₹0.07)"
2022-10-28,APARINDS,"RAISE STOP ₹1,277.75 → ₹1,358.50 (new box ₹1,430.00–₹1,557.00 sealed)"
2022-10-28,APARINDS,box jump NOT doubled — the 3-doubling cap is already used
2022-11-03,APARINDS,"SELL ₹153.39 at stop ₹1,358.50 (+17.4%, charges ₹0.16) — the cash goes back to work at the next Friday screen; ₹134.18 of doubled capital and its returns OUT to the pocket"
2022-11-04,ELECON,RAISE STOP ₹156.67 → ₹164.33 (new box ₹172.97–₹189.50 sealed)
2022-11-04,ELECON,box jump NOT doubled — the 3-doubling cap is already used
2022-11-18,ACC,"RAISE STOP ₹2,171.53 → ₹2,259.81 (new box ₹2,378.75–₹2,514.95 sealed)"
2022-11-18,ACC,box jump NOT doubled — the 3-doubling cap is already used
2022-11-18,ELECON,RAISE STOP ₹164.33 → ₹202.49 (new box ₹213.15–₹229.40 sealed)
2022-11-18,ELECON,box jump NOT doubled — the 3-doubling cap is already used
2022-11-18,SHANTIGEAR,RAISE STOP ₹325.04 → ₹345.56 (new box ₹363.75–₹399.20 sealed)
2022-11-18,SHANTIGEAR,box jump NOT doubled — the 3-doubling cap is already used
2022-12-16,ACC,"RAISE STOP ₹2,259.81 → ₹2,465.16 (new box ₹2,594.90–₹2,656.85 sealed)"
2022-12-16,ACC,box jump NOT doubled — the 3-doubling cap is already used
2022-12-21,ELECON,"SELL ₹164.96 at stop ₹202.49 (+33.7%, charges ₹0.17) — the cash goes back to work at the next Friday screen; ₹144.30 of doubled capital and its returns OUT to the pocket"
2022-12-22,SHANTIGEAR,"SELL ₹220.79 at stop ₹345.56 (+9.9%, charges ₹0.23) — the cash goes back to work at the next Friday screen; ₹193.14 of doubled capital and its returns OUT to the pocket"
2022-12-23,ACC,"SELL ₹157.24 at stop ₹2,465.16 (+10.0%, charges ₹0.16) — the cash goes back to work at the next Friday screen; ₹137.55 of doubled capital and its returns OUT to the pocket"
2022-12-23,PNBHOUSING,fresh signal REFUSED — falling earnings power
2022-12-30,BAJAJHIND,"fresh signal NOT FUNDED — cash exhausted (ACCUMULATE: 1.76× weekly, month 4.56×, ladder rising; funding priority now 1)"
2022-12-30,FACT,fresh signal REFUSED — falling earnings power
2022-12-30,JINDALSAW,"fresh signal NOT FUNDED — cash exhausted (ACCUMULATE: 1.95× weekly, month 2.35×, ladder rising; funding priority now 1)"
2022-12-30,MTNL,"fresh signal NOT FUNDED — cash exhausted (ACCUMULATE: 1.58× weekly, month 2.87×, ladder rising; funding priority now 1)"
2022-12-30,NFL,fresh signal REFUSED — falling earnings power
2022-12-30,PNBHOUSING,fresh signal REFUSED — falling earnings power
2022-12-30,PSB,"fresh signal NOT FUNDED — cash exhausted (ACCUMULATE: 1.91× weekly, month 32.41×, ladder rising; funding priority now 1)"
2022-12-30,UCOBANK,"fresh signal NOT FUNDED — cash exhausted (ACCUMULATE: 1.50× weekly, month 20.22×, ladder rising; funding priority now 1)"
2022-12-30,YESBANK,"fresh signal NOT FUNDED — cash exhausted (ACCUMULATE: 2.12× weekly, month 4.61×, ladder rising; funding priority now 1)"
2023-01-02,GICRE,"BUY ₹14.30 at ₹179.20 (fresh Friday signal — ACCUMULATE: 2.54× weekly, month 11.18×, ladder rising; stop ₹137.57; charges ₹0.02)"
2023-01-02,GSFC,"BUY ₹14.44 at ₹140.70 (fresh Friday signal — ACCUMULATE: 2.14× weekly, month 1.67×, ladder rising; stop ₹111.58; charges ₹0.02)"
2023-01-02,HARIOMPIPE,"BUY ₹14.35 at ₹363.95 (fresh Friday signal — ACCUMULATE: 5.91× weekly, month 2.06×, ladder rising; stop ₹264.86; charges ₹0.02)"
2023-01-02,IOB,"BUY ₹14.33 at ₹32.40 (fresh Friday signal — ACCUMULATE: 4.77× weekly, month 30.16×, ladder rising; stop ₹21.23; charges ₹0.02)"
2023-01-02,JSL,"BUY ₹14.37 at ₹241.00 (fresh Friday signal — BUY: 2.29× weekly, month 2.13×, ladder rising; stop ₹192.61; charges ₹0.02)"
2023-01-02,SPIC,"BUY ₹14.31 at ₹88.25 (fresh Friday signal — starved 1×, front of the queue — BUY: 4.81× weekly, month 3.70×, ladder rising; stop ₹54.66; charges ₹0.02)"
2023-01-13,GICRE,RAISE STOP ₹137.57 → ₹167.72 (new box ₹176.55–₹204.00 sealed)
2023-01-13,JSL,RAISE STOP ₹192.61 → ₹218.83 (new box ₹230.35–₹255.00 sealed)
2023-01-16,GICRE,PYRAMID BUY ₹14.91 at ₹187.05 (box jump — doubling the stake with NEW capital; stop stays ₹167.72; funded ₹14.91 from the pocket + ₹0.00 fresh; charges ₹0.02)
2023-01-16,JSL,PYRAMID BUY ₹14.22 at ₹238.90 (box jump — doubling the stake with NEW capital; stop stays ₹218.83; funded ₹14.22 from the pocket + ₹0.00 fresh; charges ₹0.02)
2023-01-20,SPIC,RAISE STOP ₹54.66 → ₹65.74 (new box ₹71.80–₹92.00 sealed)
2023-01-23,SPIC,PYRAMID BUY ₹12.71 at ₹78.50 (box jump — doubling the stake with NEW capital; stop stays ₹65.74; funded ₹12.71 from the pocket + ₹0.00 fresh; charges ₹0.02)
2023-02-01,GICRE,"SELL ₹26.69 at stop ₹167.72 (-8.4%, charges ₹0.03) — the cash goes back to work at the next Friday screen; ₹13.34 of doubled capital and its returns OUT to the pocket"
2023-02-03,ANUP,"fresh signal NOT FUNDED — cash exhausted (BUY: 2.41× weekly, month 3.85×, ladder rising; funding priority now 1)"
2023-02-03,MAHINDCIE,"fresh signal NOT FUNDED — cash exhausted (BUY: 1.59× weekly, month 2.05×, ladder rising; funding priority now 1)"
2023-02-03,MOLDTECH,"fresh signal NOT FUNDED — cash exhausted (BUY: 3.10× weekly, month 4.84×, ladder rising; funding priority now 1)"
2023-02-03,ORIENTPPR,"fresh signal NOT FUNDED — cash exhausted (ACCUMULATE: 1.64× weekly, month 2.07×, ladder rising; funding priority now 1)"
2023-02-03,PNCINFRA,fresh signal REFUSED — falling earnings power
2023-02-03,STERTOOLS,"fresh signal NOT FUNDED — cash exhausted (starved 1×, front of the queue — BUY: 1.90× weekly, month 6.04×, ladder rising; funding priority now 2)"
2023-02-03,VLSFINANCE,"fresh signal NOT FUNDED — cash exhausted (BUY: 1.54× weekly, month 4.78×, ladder rising; funding priority now 1)"
2023-02-06,JINDALSAW,"BUY ₹14.47 at ₹65.22 (fresh Friday signal — starved 1×, front of the queue — BUY: 2.72× weekly, month 3.57×, ladder rising; stop ₹51.25; charges ₹0.02)"
2023-02-10,HARIOMPIPE,RAISE STOP ₹264.86 → ₹370.12 (new box ₹389.60–₹412.70 sealed)
2023-02-13,HARIOMPIPE,PYRAMID BUY ₹16.74 at ₹425.00 (box jump — doubling the stake with NEW capital; stop stays ₹370.12; funded ₹16.74 from the pocket + ₹0.00 fresh; charges ₹0.02)
2023-02-17,HARIOMPIPE,RAISE STOP ₹370.12 → ₹386.32 (new box ₹406.65–₹443.20 sealed)
2023-02-20,HARIOMPIPE,PYRAMID BUY ₹33.16 at ₹421.25 (box jump — doubling the stake with NEW capital; stop stays ₹386.32; funded ₹33.16 from the pocket + ₹0.00 fresh; charges ₹0.04)
2023-02-23,SPIC,"SELL ₹21.26 at stop ₹65.74 (-21.2%, charges ₹0.02) — the cash goes back to work at the next Friday screen; ₹10.62 of doubled capital and its returns OUT to the pocket"
2023-02-24,CERA,"fresh signal NOT FUNDED — cash exhausted (BUY: 5.94× weekly, month 1.75×, ladder rising; funding priority now 1)"
2023-02-24,CYIENT,"fresh signal NOT FUNDED — cash exhausted (BUY: 1.52× weekly, month 1.63×, ladder rising; funding priority now 1)"
2023-02-24,JSL,RAISE STOP ₹218.83 → ₹235.03 (new box ₹247.40–₹268.95 sealed)
2023-02-24,RATNAMANI,fresh signal REFUSED — falling earnings power
2023-02-24,ZENSARTECH,fresh signal REFUSED — falling earnings power
2023-02-27,JSL,PYRAMID BUY ₹31.60 at ₹265.50 (box jump — doubling the stake with NEW capital; stop stays ₹235.03; funded ₹31.60 from the pocket + ₹0.00 fresh; charges ₹0.04)
2023-02-27,SONATSOFTW,signal SKIPPED — cash below half a slice (funding priority now 1)
2023-03-03,IOB,RAISE STOP ₹21.23 → ₹22.18 (new box ₹23.35–₹25.35 sealed)
2023-03-03,JINDALSAW,RAISE STOP ₹51.25 → ₹67.92 (new box ₹71.50–₹79.22 sealed)
2023-03-06,IOB,PYRAMID BUY ₹11.53 at ₹26.10 (box jump — doubling the stake with NEW capital; stop stays ₹22.18; funded ₹11.53 from the pocket + ₹0.00 fresh; charges ₹0.01)
2023-03-06,JINDALSAW,PYRAMID BUY ₹16.39 at ₹73.97 (box jump — doubling the stake with NEW capital; stop stays ₹67.92; funded ₹16.39 from the pocket + ₹0.00 fresh; charges ₹0.02)
2023-03-17,HARIOMPIPE,RAISE STOP ₹386.32 → ₹399.00 (new box ₹420.00–₹456.20 sealed)
2023-03-20,HARIOMPIPE,PYRAMID BUY ₹72.37 at ₹460.00 (box jump — doubling the stake with NEW capital; stop stays ₹399.00; funded ₹72.37 from the pocket + ₹0.00 fresh; charges ₹0.09)
2023-03-20,IOB,"SELL ₹19.56 at stop ₹22.18 (-24.2%, charges ₹0.02) — the cash goes back to work at the next Friday screen; ₹9.77 of doubled capital and its returns OUT to the pocket"
2023-03-24,ANURAS,"fresh signal NOT FUNDED — cash exhausted (BUY: 7.51× weekly, month 4.46×, ladder rising; funding priority now 1)"
2023-03-24,CLSEL,"fresh signal NOT FUNDED — cash exhausted (BUY: 1.58× weekly, month 2.21×, ladder rising; funding priority now 1)"
2023-03-24,GEEKAYWIRE,"fresh signal NOT FUNDED — cash exhausted (BUY: 2.59× weekly, month 3.65×, ladder rising; funding priority now 1)"
2023-03-24,HARIOMPIPE,RAISE STOP ₹399.00 → ₹413.06 (new box ₹434.80–₹468.25 sealed)
2023-03-24,HARIOMPIPE,box jump NOT doubled — the 3-doubling cap is already used
2023-03-24,KSB,"fresh signal NOT FUNDED — cash exhausted (ACCUMULATE: 1.90× weekly, month 2.61×, ladder rising; funding priority now 1)"
2023-03-24,NUCLEUS,"fresh signal NOT FUNDED — cash exhausted (starved 1×, front of the queue — ACCUMULATE: 1.55× weekly, month 5.08×, ladder rising; funding priority now 2)"
2023-03-24,ROTO,"fresh signal NOT FUNDED — cash exhausted (BUY: 1.84× weekly, month 2.69×, ladder rising; funding priority now 1)"
2023-03-24,TDPOWERSYS,"fresh signal NOT FUNDED — cash exhausted (starved 1×, front of the queue — BUY: 1.62× weekly, month 2.13×, ladder rising; funding priority now 2)"
2023-03-27,JINDALSAW,"SELL ₹30.05 at stop ₹67.92 (-2.4%, charges ₹0.03) — the cash goes back to work at the next Friday screen; ₹15.01 of doubled capital and its returns OUT to the pocket"
2023-03-27,SONATSOFTW,"BUY ₹20.42 at ₹413.70 (fresh Friday signal — starved 1×, front of the queue — ACCUMULATE: 1.76× weekly, month 4.94×, ladder rising; stop ₹371.45; charges ₹0.02)"
2023-03-29,SONATSOFTW,"SELL ₹18.30 at stop ₹371.45 (-10.2%, charges ₹0.02) — the cash goes back to work at the next Friday screen"
2023-03-31,HAL,"fresh signal NOT FUNDED — cash exhausted (ACCUMULATE: 1.57× weekly, month 2.06×, ladder rising; funding priority now 1)"
2023-04-03,CPSEETF,"BUY ₹32.01 at ₹40.00 (fresh Friday signal — ACCUMULATE: 1.80× weekly, month 1.84×, ladder rising; stop ₹36.42; charges ₹0.04)"
2023-04-03,TAX,"FY2023 pocket settled: ₹4.87 paid from the doubling pocket (STCG ₹24.34 @20%, LTCG ₹0.00 @12.5%)"
2023-04-03,TAX,"FY2023 settled: ₹0.00 paid (STCG ₹0.00 @20%, LTCG ₹0.00 @12.5%; losses carried forward ST ₹11.01 / LT ₹0.00)"
2023-04-06,JSL,RAISE STOP ₹235.03 → ₹256.98 (new box ₹270.50–₹299.80 sealed)
2023-04-10,JSL,PYRAMID BUY ₹68.51 at ₹288.00 (box jump — doubling the stake with NEW capital; stop stays ₹256.98; funded ₹68.51 from the pocket + ₹0.00 fresh; charges ₹0.08)
2023-04-13,HARIOMPIPE,RAISE STOP ₹413.06 → ₹440.18 (new box ₹463.35–₹499.00 sealed)
2023-04-13,HARIOMPIPE,box jump NOT doubled — the 3-doubling cap is already used
2023-04-13,JSL,"SELL ₹122.05 at stop ₹256.98 (-4.9%, charges ₹0.13) — the cash goes back to work at the next Friday screen; ₹106.77 of doubled capital and its returns OUT to the pocket"
2023-04-13,MEDPLUS,fresh signal REFUSED — falling earnings power
2023-04-13,SAKSOFT,"fresh signal NOT FUNDED — cash exhausted (BUY: 1.60× weekly, month 1.54×, ladder rising; funding priority now 1)"
2023-04-13,TIIL,"fresh signal NOT FUNDED — cash exhausted (BUY: 3.27× weekly, month 2.15×, ladder rising; funding priority now 1)"
2023-04-13,TORNTPOWER,fresh signal REFUSED — falling earnings power
2023-04-17,ANURAS,"BUY ₹16.60 at ₹995.20 (fresh Friday signal — starved 1×, front of the queue — BUY: 2.48× weekly, month 5.24×, ladder rising; stop ₹691.46; charges ₹0.02)"
2023-04-28,ANURAS,"RAISE STOP ₹691.46 → ₹946.20 (new box ₹996.00–₹1,069.75 sealed)"
2023-04-28,CPSEETF,RAISE STOP ₹36.42 → ₹38.64 (new box ₹40.67–₹41.49 sealed)
2023-04-28,GSFC,RAISE STOP ₹111.58 → ₹116.04 (new box ₹122.15–₹130.60 sealed)
2023-05-02,ANURAS,"PYRAMID BUY ₹18.98 at ₹1,139.00 (box jump — doubling the stake with NEW capital; stop stays ₹946.20; funded ₹18.98 from the pocket + ₹0.00 fresh; charges ₹0.02)"
2023-05-02,CPSEETF,PYRAMID BUY ₹33.12 at ₹41.43 (box jump — doubling the stake with NEW capital; stop stays ₹38.64; funded ₹33.12 from the pocket + ₹0.00 fresh; charges ₹0.04)
2023-05-02,GSFC,PYRAMID BUY ₹16.48 at ₹160.80 (box jump — doubling the stake with NEW capital; stop stays ₹116.04; funded ₹16.48 from the pocket + ₹0.00 fresh; charges ₹0.02)
2023-05-05,HARIOMPIPE,RAISE STOP ₹440.18 → ₹475.95 (new box ₹501.00–₹548.95 sealed)
2023-05-05,HARIOMPIPE,box jump NOT doubled — the 3-doubling cap is already used
2023-05-12,ANURAS,"RAISE STOP ₹946.20 → ₹1,007.67 (new box ₹1,060.70–₹1,224.20 sealed)"
2023-05-15,ANURAS,"PYRAMID BUY ₹38.96 at ₹1,169.80 (box jump — doubling the stake with NEW capital; stop stays ₹1,007.67; funded ₹38.96 from the pocket + ₹0.00 fresh; charges ₹0.05)"
2023-05-19,GSFC,RAISE STOP ₹116.04 → ₹155.85 (new box ₹164.05–₹179.70 sealed)
2023-05-22,GSFC,PYRAMID BUY ₹34.43 at ₹168.05 (box jump — doubling the stake with NEW capital; stop stays ₹155.85; funded ₹34.43 from the pocket + ₹0.00 fresh; charges ₹0.04)
2023-05-26,HARIOMPIPE,RAISE STOP ₹475.95 → ₹540.12 (new box ₹568.55–₹597.90 sealed)
2023-05-26,HARIOMPIPE,box jump NOT doubled — the 3-doubling cap is already used
2023-05-29,GSFC,"SELL ₹63.75 at stop ₹155.85 (-2.2%, charges ₹0.07) — the cash goes back to work at the next Friday screen; ₹47.79 of doubled capital and its returns OUT to the pocket"
2023-06-02,CPSEETF,RAISE STOP ₹38.64 → ₹39.05 (new box ₹41.10–₹43.50 sealed)
2023-06-05,CPSEETF,PYRAMID BUY ₹67.49 at ₹42.24 (box jump — doubling the stake with NEW capital; stop stays ₹39.05; funded ₹67.49 from the pocket + ₹0.00 fresh; charges ₹0.08)
2023-06-16,HARIOMPIPE,RAISE STOP ₹540.12 → ₹603.25 (new box ₹635.00–₹688.20 sealed)
2023-06-16,HARIOMPIPE,box jump NOT doubled — the 3-doubling cap is already used
2023-07-03,ANURAS,"SELL ₹67.00 at stop ₹1,007.67 (-9.9%, charges ₹0.07) — the cash goes back to work at the next Friday screen; ₹50.23 of doubled capital and its returns OUT to the pocket"
2023-07-07,ADVENZYMES,fresh signal REFUSED — falling earnings power
2023-07-07,ASTERDM,fresh signal REFUSED — falling earnings power
2023-07-07,BAJAJHIND,"fresh signal NOT FUNDED — cash exhausted (starved 1×, front of the queue — ACCUMULATE: 1.83× weekly, month 1.81×, ladder rising; funding priority now 2)"
2023-07-07,BBTC,fresh signal REFUSED — falling earnings power
2023-07-07,BSE,fresh signal REFUSED — falling earnings power
2023-07-07,CEATLTD,"fresh signal NOT FUNDED — cash exhausted (BUY: 4.30× weekly, month 2.36×, ladder rising; funding priority now 1)"
2023-07-07,CENTURYTEX,"fresh signal NOT FUNDED — cash exhausted (BUY: 2.76× weekly, month 2.33×, ladder rising; funding priority now 1)"
2023-07-07,CPSEETF,RAISE STOP ₹39.05 → ₹40.77 (new box ₹42.92–₹44.24 sealed)
2023-07-07,DEEPAKFERT,"fresh signal NOT FUNDED — cash exhausted (starved 2×, front of the queue — BUY: 2.26× weekly, month 1.84×, ladder rising; funding priority now 3)"
2023-07-07,ENDURANCE,"fresh signal NOT FUNDED — cash exhausted (BUY: 2.65× weekly, month 1.92×, ladder rising; funding priority now 1)"
2023-07-07,FACT,"fresh signal NOT FUNDED — cash exhausted (BUY: 1.67× weekly, month 3.34×, ladder rising; funding priority now 1)"
2023-07-07,GENUSPOWER,"fresh signal NOT FUNDED — cash exhausted (starved 1×, front of the queue — BUY: 13.37× weekly, month 8.48×, ladder rising; funding priority now 2)"
2023-07-07,HCC,fresh signal REFUSED — falling earnings power
2023-07-07,HEROMOTOCO,"fresh signal NOT FUNDED — cash exhausted (BUY: 2.73× weekly, month 1.88×, ladder rising; funding priority now 1)"
2023-07-07,HIMATSEIDE,"fresh signal NOT FUNDED — cash exhausted (BUY: 2.14× weekly, month 2.54×, ladder rising; funding priority now 1)"
2023-07-07,HPL,"fresh signal NOT FUNDED — cash exhausted (BUY: 7.50× weekly, month 5.53×, ladder rising; funding priority now 1)"
2023-07-07,IDFC,"fresh signal NOT FUNDED — cash exhausted (BUY: 5.93× weekly, month 2.00×, ladder rising; funding priority now 1)"
2023-07-07,IDFCFIRSTB,"fresh signal NOT FUNDED — cash exhausted (ACCUMULATE: 1.82× weekly, month 1.55×, ladder rising; funding priority now 1)"
2023-07-07,INOXWIND,fresh signal REFUSED — falling earnings power
2023-07-07,JAMNAAUTO,fresh signal REFUSED — falling earnings power
2023-07-07,KALYANKJIL,"fresh signal NOT FUNDED — cash exhausted (BUY: 3.19× weekly, month 2.67×, ladder rising; funding priority now 1)"
2023-07-07,KTKBANK,"fresh signal NOT FUNDED — cash exhausted (BUY: 3.28× weekly, month 1.95×, ladder rising; funding priority now 1)"
2023-07-07,L&TFH,"fresh signal NOT FUNDED — cash exhausted (BUY: 2.62× weekly, month 2.45×, ladder rising; funding priority now 1)"
2023-07-07,LATENTVIEW,fresh signal REFUSED — falling earnings power
2023-07-07,MIDHANI,fresh signal REFUSED — falling earnings power
2023-07-07,MINDACORP,"fresh signal NOT FUNDED — cash exhausted (ACCUMULATE: 2.80× weekly, month 2.29×, ladder rising; funding priority now 1)"
2023-07-07,MRPL,fresh signal REFUSED — falling earnings power
2023-07-07,OLECTRA,"fresh signal NOT FUNDED — cash exhausted (BUY: 3.49× weekly, month 4.35×, ladder rising; funding priority now 1)"
2023-07-07,ORISSAMINE,"fresh signal NOT FUNDED — cash exhausted (BUY: 3.37× weekly, month 4.23×, ladder rising; funding priority now 1)"
2023-07-07,RADICO,fresh signal REFUSED — falling earnings power
2023-07-07,RALLIS,fresh signal REFUSED — falling earnings power
2023-07-07,RPOWER,fresh signal REFUSED — falling earnings power
2023-07-07,RTNPOWER,fresh signal REFUSED — falling earnings power
2023-07-07,SANDHAR,"fresh signal NOT FUNDED — cash exhausted (BUY: 2.20× weekly, month 3.92×, ladder rising; funding priority now 1)"
2023-07-07,SANSERA,"fresh signal NOT FUNDED — cash exhausted (BUY: 2.31× weekly, month 3.61×, ladder rising; funding priority now 1)"
2023-07-07,SETFNIF50,"fresh signal NOT FUNDED — cash exhausted (BUY: 10.55× weekly, month 3.98×, ladder rising; funding priority now 1)"
2023-07-07,SJS,"fresh signal NOT FUNDED — cash exhausted (BUY: 2.04× weekly, month 2.39×, ladder rising; funding priority now 1)"
2023-07-07,SJVN,"fresh signal NOT FUNDED — cash exhausted (starved 1×, front of the queue — BUY: 3.63× weekly, month 3.61×, ladder rising; funding priority now 2)"
2023-07-07,SPARC,"fresh signal NOT FUNDED — cash exhausted (BUY: 1.59× weekly, month 1.92×, ladder rising; funding priority now 1)"
2023-07-07,STAR,"fresh signal NOT FUNDED — cash exhausted (BUY: 3.23× weekly, month 2.70×, ladder rising; funding priority now 1)"
2023-07-07,SUZLON,fresh signal REFUSED — falling earnings power
2023-07-07,TALBROAUTO,"fresh signal NOT FUNDED — cash exhausted (BUY: 3.85× weekly, month 4.33×, ladder rising; funding priority now 1)"
2023-07-07,THYROCARE,fresh signal REFUSED — falling earnings power
2023-07-07,TIMETECHNO,"fresh signal NOT FUNDED — cash exhausted (BUY: 2.21× weekly, month 3.35×, ladder rising; funding priority now 1)"
2023-07-07,TIRUMALCHM,"fresh signal NOT FUNDED — cash exhausted (BUY: 3.48× weekly, month 1.71×, ladder rising; funding priority now 1)"
2023-07-07,VGUARD,fresh signal REFUSED — falling earnings power
2023-07-07,WELENT,fresh signal REFUSED — falling earnings power
2023-07-07,WOCKPHARMA,fresh signal REFUSED — falling earnings power
2023-07-10,CPSEETF,PYRAMID BUY ₹146.91 at ₹46.00 (box jump — doubling the stake with NEW capital; stop stays ₹40.77; funded ₹146.91 from the pocket + ₹0.00 fresh; charges ₹0.17)
2023-07-10,FDC,"BUY ₹32.73 at ₹339.40 (fresh Friday signal — starved 2×, front of the queue — BUY: 2.96× weekly, month 5.06×, ladder rising; stop ₹291.22; charges ₹0.04)"
2023-07-10,HARIOMPIPE,"SELL ₹189.50 at stop ₹603.25 (+39.0%, charges ₹0.20) — the cash goes back to work at the next Friday screen; ₹165.77 of doubled capital and its returns OUT to the pocket"
2023-07-14,BSE,fresh signal REFUSED — falling earnings power
2023-07-14,CEATLTD,"fresh signal NOT FUNDED — cash exhausted (starved 1×, front of the queue — BUY: 2.26× weekly, month 3.12×, ladder rising; funding priority now 2)"
2023-07-14,CENTURYTEX,"fresh signal NOT FUNDED — cash exhausted (starved 1×, front of the queue — BUY: 1.82× weekly, month 2.91×, ladder rising; funding priority now 2)"
2023-07-14,COCHINSHIP,fresh signal REFUSED — falling earnings power
2023-07-14,DISHTV,"fresh signal NOT FUNDED — cash exhausted (BUY: 2.03× weekly, month 3.10×, ladder rising; funding priority now 1)"
2023-07-14,FORTIS,fresh signal REFUSED — falling earnings power
2023-07-14,GATI,"fresh signal NOT FUNDED — cash exhausted (starved 1×, front of the queue — BUY: 2.16× weekly, month 1.58×, ladder rising; funding priority now 2)"
2023-07-14,GRSE,fresh signal REFUSED — falling earnings power
2023-07-14,HPL,"fresh signal NOT FUNDED — cash exhausted (starved 1×, front of the queue — BUY: 1.92× weekly, month 6.06×, ladder rising; funding priority now 2)"
2023-07-14,INOXWIND,fresh signal REFUSED — falling earnings power
2023-07-14,JAMNAAUTO,fresh signal REFUSED — falling earnings power
2023-07-14,JBCHEPHARM,fresh signal REFUSED — falling earnings power
2023-07-14,JSWSTEEL,fresh signal REFUSED — falling earnings power
2023-07-14,KALYANKJIL,"fresh signal NOT FUNDED — cash exhausted (starved 1×, front of the queue — BUY: 3.32× weekly, month 3.47×, ladder rising; funding priority now 2)"
2023-07-14,MAPMYINDIA,fresh signal REFUSED — falling earnings power
2023-07-14,MARKSANS,"fresh signal NOT FUNDED — cash exhausted (BUY: 2.44× weekly, month 2.02×, ladder rising; funding priority now 1)"
2023-07-14,MAZDOCK,"fresh signal NOT FUNDED — cash exhausted (BUY: 2.18× weekly, month 2.06×, ladder rising; funding priority now 1)"
2023-07-14,MIDHANI,fresh signal REFUSED — falling earnings power
2023-07-14,MTARTECH,fresh signal REFUSED — falling earnings power
2023-07-14,NELCO,"fresh signal NOT FUNDED — cash exhausted (BUY: 3.71× weekly, month 2.62×, ladder rising; funding priority now 1)"
2023-07-14,OLECTRA,"fresh signal NOT FUNDED — cash exhausted (starved 1×, front of the queue — BUY: 3.86× weekly, month 5.10×, ladder rising; funding priority now 2)"
2023-07-14,ORISSAMINE,"fresh signal NOT FUNDED — cash exhausted (starved 1×, front of the queue — BUY: 4.93× weekly, month 6.37×, ladder rising; funding priority now 2)"
2023-07-14,PARAS,fresh signal REFUSED — falling earnings power
2023-07-14,RADICO,fresh signal REFUSED — falling earnings power
2023-07-14,RAILTEL,fresh signal REFUSED — falling earnings power
2023-07-14,SATIN,"fresh signal NOT FUNDED — cash exhausted (ACCUMULATE: 5.33× weekly, month 5.21×, ladder rising; funding priority now 1)"
2023-07-14,SNOWMAN,"fresh signal NOT FUNDED — cash exhausted (BUY: 2.17× weekly, month 1.99×, ladder rising; funding priority now 1)"
2023-07-14,SOMANYCERA,"fresh signal NOT FUNDED — cash exhausted (starved 1×, front of the queue — BUY: 3.30× weekly, month 1.83×, ladder rising; funding priority now 2)"
2023-07-14,SOUTHBANK,"fresh signal NOT FUNDED — cash exhausted (BUY: 2.21× weekly, month 1.58×, ladder rising; funding priority now 1)"
2023-07-14,SPARC,"fresh signal NOT FUNDED — cash exhausted (starved 1×, front of the queue — BUY: 3.18× weekly, month 2.72×, ladder rising; funding priority now 2)"
2023-07-14,TANLA,fresh signal REFUSED — falling earnings power
2023-07-14,TATACOMM,"fresh signal NOT FUNDED — cash exhausted (ACCUMULATE: 2.39× weekly, month 1.61×, ladder rising; funding priority now 1)"
2023-07-14,TIMETECHNO,"fresh signal NOT FUNDED — cash exhausted (starved 1×, front of the queue — BUY: 1.81× weekly, month 3.10×, ladder rising; funding priority now 2)"
2023-07-14,VADILALIND,"fresh signal NOT FUNDED — cash exhausted (BUY: 4.40× weekly, month 1.98×, ladder rising; funding priority now 1)"
2023-07-14,WELENT,fresh signal REFUSED — falling earnings power
2023-07-17,ZENTEC,"BUY ₹23.73 at ₹595.40 (fresh Friday signal — starved 2×, front of the queue — BUY: 8.06× weekly, month 3.59×, ladder rising; stop ₹364.54; charges ₹0.03)"
2023-07-21,CPSEETF,RAISE STOP ₹40.77 → ₹41.97 (new box ₹44.18–₹46.00 sealed)
2023-07-21,CPSEETF,box jump NOT doubled — the 3-doubling cap is already used
2023-07-21,FDC,RAISE STOP ₹291.22 → ₹305.00 (new box ₹321.05–₹344.00 sealed)
2023-07-21,ZENTEC,RAISE STOP ₹364.54 → ₹544.87 (new box ₹573.55–₹654.90 sealed)
2023-07-24,FDC,PYRAMID BUY ₹32.56 at ₹338.05 (box jump — doubling the stake with NEW capital; stop stays ₹305.00; funded ₹32.56 from the pocket + ₹0.00 fresh; charges ₹0.04)
2023-07-24,ZENTEC,PYRAMID BUY ₹24.44 at ₹614.00 (box jump — doubling the stake with NEW capital; stop stays ₹544.87; funded ₹24.44 from the pocket + ₹0.00 fresh; charges ₹0.03)
2023-07-31,CPSEETF,"SELL ₹267.64 at stop ₹41.97 (-4.0%, charges ₹0.28) — the cash goes back to work at the next Friday screen; ₹234.12 of doubled capital and its returns OUT to the pocket"
2023-08-04,AGARIND,"fresh signal NOT FUNDED — cash exhausted (BUY: 1.57× weekly, month 3.05×, ladder rising; funding priority now 1)"
2023-08-04,ANANDRATHI,"fresh signal NOT FUNDED — cash exhausted (BUY: 1.51× weekly, month 3.31×, ladder rising; funding priority now 1)"
2023-08-04,ANUP,fresh signal REFUSED — falling earnings power
2023-08-04,ASHAPURMIN,"fresh signal NOT FUNDED — cash exhausted (BUY: 1.87× weekly, month 2.42×, ladder rising; funding priority now 1)"
2023-08-04,BOROLTD,"fresh signal NOT FUNDED — cash exhausted (ACCUMULATE: 1.53× weekly, month 1.61×, ladder rising; funding priority now 1)"
2023-08-04,CASTROLIND,fresh signal REFUSED — falling earnings power
2023-08-04,CESC,fresh signal REFUSED — falling earnings power
2023-08-04,DBL,"fresh signal NOT FUNDED — cash exhausted (BUY: 6.63× weekly, month 4.65×, ladder rising; funding priority now 1)"
2023-08-04,DCMSRIND,"fresh signal NOT FUNDED — cash exhausted (BUY: 3.38× weekly, month 7.97×, ladder rising; funding priority now 1)"
2023-08-04,DEEPINDS,"fresh signal NOT FUNDED — cash exhausted (BUY: 1.80× weekly, month 2.32×, ladder rising; funding priority now 1)"
2023-08-04,DYCL,"fresh signal NOT FUNDED — cash exhausted (BUY: 3.22× weekly, month 2.83×, ladder rising; funding priority now 1)"
2023-08-04,ERIS,fresh signal REFUSED — falling earnings power
2023-08-04,GREENPOWER,"fresh signal NOT FUNDED — cash exhausted (BUY: 5.07× weekly, month 3.48×, ladder rising; funding priority now 1)"
2023-08-04,HINDCOPPER,fresh signal REFUSED — falling earnings power
2023-08-04,IBULHSGFIN,"fresh signal NOT FUNDED — cash exhausted (BUY: 3.77× weekly, month 1.56×, ladder rising; funding priority now 1)"
2023-08-04,INOXGREEN,fresh signal REFUSED — falling earnings power
2023-08-04,JKIL,"fresh signal NOT FUNDED — cash exhausted (BUY: 3.82× weekly, month 2.75×, ladder rising; funding priority now 1)"
2023-08-04,KEC,fresh signal REFUSED — falling earnings power
2023-08-04,KOKUYOCMLN,"fresh signal NOT FUNDED — cash exhausted (BUY: 2.75× weekly, month 2.64×, ladder rising; funding priority now 1)"
2023-08-04,KOLTEPATIL,"fresh signal NOT FUNDED — cash exhausted (BUY: 1.83× weekly, month 1.53×, ladder rising; funding priority now 1)"
2023-08-04,MAITHANALL,"fresh signal NOT FUNDED — cash exhausted (starved 1×, front of the queue — BUY: 2.90× weekly, month 2.10×, ladder rising; funding priority now 2)"
2023-08-04,MANINFRA,"fresh signal NOT FUNDED — cash exhausted (BUY: 2.67× weekly, month 3.16×, ladder rising; funding priority now 1)"
2023-08-04,MIDHANI,fresh signal REFUSED — falling earnings power
2023-08-04,MMTC,fresh signal REFUSED — falling earnings power
2023-08-04,MOIL,fresh signal REFUSED — falling earnings power
2023-08-04,NTPC,fresh signal REFUSED — falling earnings power
2023-08-04,PARAGMILK,"fresh signal NOT FUNDED — cash exhausted (BUY: 1.53× weekly, month 3.14×, ladder rising; funding priority now 1)"
2023-08-04,PRAKASH,"fresh signal NOT FUNDED — cash exhausted (starved 1×, front of the queue — BUY: 2.10× weekly, month 1.67×, ladder rising; funding priority now 2)"
2023-08-04,PREMEXPLN,"fresh signal NOT FUNDED — cash exhausted (BUY: 1.98× weekly, month 24.43×, ladder rising; funding priority now 1)"
2023-08-04,RAILTEL,fresh signal REFUSED — falling earnings power
2023-08-04,RECLTD,"fresh signal NOT FUNDED — cash exhausted (BUY: 1.61× weekly, month 1.94×, ladder rising; funding priority now 1)"
2023-08-04,RPOWER,fresh signal REFUSED — falling earnings power
2023-08-04,RTNINDIA,fresh signal REFUSED — falling earnings power
2023-08-04,SANGHIIND,"fresh signal NOT FUNDED — cash exhausted (BUY: 2.98× weekly, month 3.86×, ladder rising; funding priority now 1)"
2023-08-04,SANSERA,"fresh signal NOT FUNDED — cash exhausted (starved 1×, front of the queue — BUY: 2.46× weekly, month 2.14×, ladder rising; funding priority now 2)"
2023-08-04,SARDAEN,fresh signal REFUSED — falling earnings power
2023-08-04,STARCEMENT,fresh signal REFUSED — falling earnings power
2023-08-04,SUNFLAG,"fresh signal NOT FUNDED — cash exhausted (starved 1×, front of the queue — BUY: 1.65× weekly, month 1.75×, ladder rising; funding priority now 2)"
2023-08-04,SUPREMEIND,fresh signal REFUSED — falling earnings power
2023-08-04,UJJIVANSFB,fresh signal REFUSED — falling earnings power
2023-08-04,VENKEYS,"fresh signal NOT FUNDED — cash exhausted (BUY: 2.75× weekly, month 4.49×, ladder rising; funding priority now 1)"
2023-08-04,VESUVIUS,"fresh signal NOT FUNDED — cash exhausted (BUY: 1.56× weekly, month 2.35×, ladder rising; funding priority now 1)"
2023-08-04,WELCORP,fresh signal REFUSED — falling earnings power
2023-08-04,WELENT,fresh signal REFUSED — falling earnings power
2023-08-04,ZIMLAB,"fresh signal NOT FUNDED — cash exhausted (BUY: 3.14× weekly, month 6.76×, ladder rising; funding priority now 1)"
2023-08-07,KIRLOSBROS,"BUY ₹21.65 at ₹850.00 (fresh Friday signal — starved 2×, front of the queue — BUY: 2.05× weekly, month 2.14×, ladder rising; stop ₹647.33; charges ₹0.03)"
2023-08-07,WELSPUNIND,"BUY ₹11.86 at ₹116.70 (fresh Friday signal — starved 1×, front of the queue — BUY: 5.13× weekly, month 3.60×, ladder rising; stop ₹86.36; charges ₹0.01)"
2023-08-11,KIRLOSBROS,RAISE STOP ₹647.33 → ₹771.68 (new box ₹812.30–₹850.00 sealed)
2023-08-14,KIRLOSBROS,PYRAMID BUY ₹23.51 at ₹923.95 (box jump — doubling the stake with NEW capital; stop stays ₹771.68; funded ₹23.51 from the pocket + ₹0.00 fresh; charges ₹0.03)
2023-08-21,KIRLOSBROS,"SELL ₹39.20 at stop ₹771.68 (-13.0%, charges ₹0.04) — the cash goes back to work at the next Friday screen; ₹19.59 of doubled capital and its returns OUT to the pocket"
2023-08-25,ADANIPOWER,fresh signal REFUSED — falling earnings power
2023-08-25,AGARIND,"fresh signal NOT FUNDED — cash exhausted (starved 1×, front of the queue — BUY: 2.41× weekly, month 2.02×, ladder rising; funding priority now 2)"
2023-08-25,AMIORG,"fresh signal NOT FUNDED — cash exhausted (BUY: 2.18× weekly, month 1.58×, ladder rising; funding priority now 1)"
2023-08-25,BAJAJHIND,"fresh signal NOT FUNDED — cash exhausted (starved 2×, front of the queue — BUY: 1.86× weekly, month 2.79×, ladder rising; funding priority now 3)"
2023-08-25,BIRLACABLE,"fresh signal NOT FUNDED — cash exhausted (BUY: 3.62× weekly, month 6.20×, ladder rising; funding priority now 1)"
2023-08-25,CESC,fresh signal REFUSED — falling earnings power
2023-08-25,COFORGE,fresh signal REFUSED — falling earnings power
2023-08-25,CROMPTON,fresh signal REFUSED — falling earnings power
2023-08-25,DCW,"fresh signal NOT FUNDED — cash exhausted (starved 2×, front of the queue — BUY: 3.57× weekly, month 2.32×, ladder rising; funding priority now 3)"
2023-08-25,EIHOTEL,"fresh signal NOT FUNDED — cash exhausted (BUY: 4.16× weekly, month 1.79×, ladder rising; funding priority now 1)"
2023-08-25,ELECTCAST,fresh signal REFUSED — falling earnings power
2023-08-25,ESCORTS,fresh signal REFUSED — falling earnings power
2023-08-25,GMDCLTD,"fresh signal NOT FUNDED — cash exhausted (BUY: 7.62× weekly, month 3.34×, ladder rising; funding priority now 1)"
2023-08-25,GMRINFRA,"fresh signal NOT FUNDED — cash exhausted (starved 2×, front of the queue — BUY: 5.63× weekly, month 2.17×, ladder rising; funding priority now 3)"
2023-08-25,IBULHSGFIN,"fresh signal NOT FUNDED — cash exhausted (starved 1×, front of the queue — ACCUMULATE: 1.82× weekly, month 2.35×, ladder rising; funding priority now 2)"
2023-08-25,JAICORPLTD,"fresh signal NOT FUNDED — cash exhausted (starved 1×, front of the queue — BUY: 3.00× weekly, month 2.05×, ladder rising; funding priority now 2)"
2023-08-25,JISLJALEQS,"fresh signal NOT FUNDED — cash exhausted (BUY: 2.43× weekly, month 3.78×, ladder rising; funding priority now 1)"
2023-08-25,JKPAPER,"fresh signal NOT FUNDED — cash exhausted (BUY: 2.57× weekly, month 1.77×, ladder rising; funding priority now 1)"
2023-08-25,JPPOWER,fresh signal REFUSED — falling earnings power
2023-08-25,KFINTECH,fresh signal REFUSED — falling earnings power
2023-08-25,KUANTUM,"fresh signal NOT FUNDED — cash exhausted (BUY: 2.29× weekly, month 2.48×, ladder rising; funding priority now 1)"
2023-08-25,LATENTVIEW,fresh signal REFUSED — falling earnings power
2023-08-25,LINDEINDIA,"fresh signal NOT FUNDED — cash exhausted (BUY: 8.50× weekly, month 2.50×, ladder rising; funding priority now 1)"
2023-08-25,MFSL,"fresh signal NOT FUNDED — cash exhausted (BUY: 2.00× weekly, month 1.97×, ladder rising; funding priority now 1)"
2023-08-25,MMTC,fresh signal REFUSED — falling earnings power
2023-08-25,PRAKASH,"fresh signal NOT FUNDED — cash exhausted (starved 2×, front of the queue — BUY: 4.84× weekly, month 2.93×, ladder rising; funding priority now 3)"
2023-08-25,RTNINDIA,fresh signal REFUSED — falling earnings power
2023-08-25,SANDHAR,"fresh signal NOT FUNDED — cash exhausted (starved 1×, front of the queue — BUY: 2.24× weekly, month 2.63×, ladder rising; funding priority now 2)"
2023-08-25,SHALBY,"fresh signal NOT FUNDED — cash exhausted (BUY: 3.89× weekly, month 3.13×, ladder rising; funding priority now 1)"
2023-08-25,SHRIRAMPPS,"fresh signal NOT FUNDED — cash exhausted (BUY: 8.22× weekly, month 8.53×, ladder rising; funding priority now 1)"
2023-08-25,SUNTV,"fresh signal NOT FUNDED — cash exhausted (BUY: 4.20× weekly, month 2.39×, ladder rising; funding priority now 1)"
2023-08-25,SUPREMEIND,fresh signal REFUSED — falling earnings power
2023-08-25,TIDEWATER,"fresh signal NOT FUNDED — cash exhausted (BUY: 2.37× weekly, month 2.20×, ladder rising; funding priority now 1)"
2023-08-25,TIRUMALCHM,"fresh signal NOT FUNDED — cash exhausted (starved 1×, front of the queue — BUY: 3.36× weekly, month 2.33×, ladder rising; funding priority now 2)"
2023-08-25,TV18BRDCST,"fresh signal NOT FUNDED — cash exhausted (BUY: 2.04× weekly, month 1.99×, ladder rising; funding priority now 1)"
2023-08-25,VARROC,"fresh signal NOT FUNDED — cash exhausted (BUY: 2.47× weekly, month 2.93×, ladder rising; funding priority now 1)"
2023-08-25,VASCONEQ,"fresh signal NOT FUNDED — cash exhausted (BUY: 2.20× weekly, month 3.47×, ladder rising; funding priority now 1)"
2023-08-25,WELSPUNIND,RAISE STOP ₹86.36 → ₹107.11 (new box ₹112.75–₹120.90 sealed)
2023-08-25,WSTCSTPAPR,"fresh signal NOT FUNDED — cash exhausted (starved 1×, front of the queue — BUY: 3.12× weekly, month 2.56×, ladder rising; funding priority now 2)"
2023-08-28,GABRIEL,"BUY ₹19.61 at ₹312.55 (fresh Friday signal — starved 2×, front of the queue — BUY: 8.46× weekly, month 3.60×, ladder rising; stop ₹205.20; charges ₹0.02)"
2023-08-28,WELSPUNIND,PYRAMID BUY ₹12.45 at ₹122.60 (box jump — doubling the stake with NEW capital; stop stays ₹107.11; funded ₹12.45 from the pocket + ₹0.00 fresh; charges ₹0.01)
2023-09-01,FDC,RAISE STOP ₹305.00 → ₹354.97 (new box ₹373.65–₹428.95 sealed)
2023-09-01,WELSPUNIND,RAISE STOP ₹107.11 → ₹114.00 (new box ₹120.00–₹126.70 sealed)
2023-09-04,FDC,PYRAMID BUY ₹73.35 at ₹381.00 (box jump — doubling the stake with NEW capital; stop stays ₹354.97; funded ₹73.35 from the pocket + ₹0.00 fresh; charges ₹0.09)
2023-09-04,WELSPUNIND,PYRAMID BUY ₹25.31 at ₹124.70 (box jump — doubling the stake with NEW capital; stop stays ₹114.00; funded ₹25.31 from the pocket + ₹0.00 fresh; charges ₹0.03)
2023-09-08,GABRIEL,RAISE STOP ₹205.20 → ₹295.45 (new box ₹311.00–₹328.30 sealed)
2023-09-11,GABRIEL,PYRAMID BUY ₹19.74 at ₹315.00 (box jump — doubling the stake with NEW capital; stop stays ₹295.45; funded ₹19.74 from the pocket + ₹0.00 fresh; charges ₹0.02)
2023-09-12,GABRIEL,"SELL ₹36.98 at stop ₹295.45 (-5.8%, charges ₹0.04) — the cash goes back to work at the next Friday screen; ₹18.48 of doubled capital and its returns OUT to the pocket"
2023-09-12,WELSPUNIND,"SELL ₹46.19 at stop ₹114.00 (-6.7%, charges ₹0.05) — the cash goes back to work at the next Friday screen; ₹34.63 of doubled capital and its returns OUT to the pocket"
2023-09-15,ADANIPOWER,fresh signal REFUSED — falling earnings power
2023-09-15,APARINDS,"fresh signal NOT FUNDED — cash exhausted (ACCUMULATE: 2.63× weekly, month 1.51×, ladder rising; funding priority now 1)"
2023-09-15,BALMLAWRIE,"fresh signal NOT FUNDED — cash exhausted (BUY: 3.91× weekly, month 5.14×, ladder rising; funding priority now 1)"
2023-09-15,BOMDYEING,"fresh signal NOT FUNDED — cash exhausted (starved 2×, front of the queue — ACCUMULATE: 3.03× weekly, month 3.44×, ladder rising; funding priority now 3)"
2023-09-15,CHAMBLFERT,fresh signal REFUSED — falling earnings power
2023-09-15,CUPID,"fresh signal NOT FUNDED — cash exhausted (ACCUMULATE: 2.71× weekly, month 4.68×, ladder rising; funding priority now 1)"
2023-09-15,DEN,"fresh signal NOT FUNDED — cash exhausted (BUY: 2.09× weekly, month 2.81×, ladder rising; funding priority now 1)"
2023-09-15,GATI,"fresh signal NOT FUNDED — cash exhausted (starved 2×, front of the queue — BUY: 3.50× weekly, month 1.77×, ladder rising; funding priority now 3)"
2023-09-15,GIPCL,"fresh signal NOT FUNDED — cash exhausted (BUY: 4.20× weekly, month 3.80×, ladder rising; funding priority now 1)"
2023-09-15,GMRP&UI,"fresh signal NOT FUNDED — cash exhausted (BUY: 1.77× weekly, month 7.37×, ladder rising; funding priority now 1)"
2023-09-15,IDEA,fresh signal REFUSED — falling earnings power
2023-09-15,IRCON,"fresh signal NOT FUNDED — cash exhausted (BUY: 3.02× weekly, month 2.43×, ladder rising; funding priority now 1)"
2023-09-15,ITI,fresh signal REFUSED — falling earnings power
2023-09-15,JBCHEPHARM,fresh signal REFUSED — falling earnings power
2023-09-15,JPPOWER,fresh signal REFUSED — falling earnings power
2023-09-15,JSWENERGY,fresh signal REFUSED — falling earnings power
2023-09-15,LEMONTREE,"fresh signal NOT FUNDED — cash exhausted (BUY: 2.48× weekly, month 2.88×, ladder rising; funding priority now 1)"
2023-09-15,MAHABANK,"fresh signal NOT FUNDED — cash exhausted (starved 1×, front of the queue — BUY: 1.72× weekly, month 1.56×, ladder rising; funding priority now 2)"
2023-09-15,NATCOPHARM,"fresh signal NOT FUNDED — cash exhausted (ACCUMULATE: 1.69× weekly, month 1.92×, ladder rising; funding priority now 1)"
2023-09-15,NHPC,"fresh signal NOT FUNDED — cash exhausted (starved 1×, front of the queue — BUY: 4.10× weekly, month 2.55×, ladder rising; funding priority now 2)"
2023-09-15,NMDC,fresh signal REFUSED — falling earnings power
2023-09-15,PRAJIND,"fresh signal NOT FUNDED — cash exhausted (BUY: 3.42× weekly, month 2.98×, ladder rising; funding priority now 1)"
2023-09-15,PTC,fresh signal REFUSED — falling earnings power
2023-09-15,RBA,fresh signal REFUSED — falling earnings power
2023-09-15,RENUKA,fresh signal REFUSED — falling earnings power
2023-09-15,RVNL,"fresh signal NOT FUNDED — cash exhausted (BUY: 4.21× weekly, month 2.70×, ladder rising; funding priority now 1)"
2023-09-15,SJVN,"fresh signal NOT FUNDED — cash exhausted (starved 2×, front of the queue — BUY: 5.02× weekly, month 4.67×, ladder rising; funding priority now 3)"
2023-09-15,TIDEWATER,"fresh signal NOT FUNDED — cash exhausted (starved 1×, front of the queue — BUY: 1.99× weekly, month 2.76×, ladder rising; funding priority now 2)"
2023-09-18,PRAKASH,"BUY ₹29.52 at ₹134.50 (fresh Friday signal — starved 3×, front of the queue — BUY: 1.62× weekly, month 3.50×, ladder rising; stop ₹117.33; charges ₹0.03)"
2023-09-29,PRAKASH,RAISE STOP ₹117.33 → ₹126.87 (new box ₹133.55–₹142.70 sealed)
2023-10-03,PRAKASH,PYRAMID BUY ₹31.37 at ₹143.10 (box jump — doubling the stake with NEW capital; stop stays ₹126.87; funded ₹31.37 from the pocket + ₹0.00 fresh; charges ₹0.04)
2023-10-23,FDC,"SELL ₹136.45 at stop ₹354.97 (-1.4%, charges ₹0.14) — the cash goes back to work at the next Friday screen; ₹102.29 of doubled capital and its returns OUT to the pocket"
2023-10-27,ANGELONE,"fresh signal NOT FUNDED — cash exhausted (BUY: 1.84× weekly, month 2.75×, ladder rising; funding priority now 1)"
2023-10-27,PRESTIGE,fresh signal REFUSED — falling earnings power
2023-10-27,SHAREINDIA,"fresh signal NOT FUNDED — cash exhausted (BUY: 3.44× weekly, month 2.62×, ladder rising; funding priority now 1)"
2023-10-30,CUPID,"BUY ₹24.29 at ₹120.99 (fresh Friday signal — starved 1×, front of the queue — BUY: 1.86× weekly, month 5.68×, ladder rising; stop ₹73.16; charges ₹0.03)"
2023-11-24,CUPID,RAISE STOP ₹73.16 → ₹158.66 (new box ₹167.01–₹184.59 sealed)
2023-11-24,ZENTEC,RAISE STOP ₹544.87 → ₹682.08 (new box ₹735.00–₹911.40 sealed)
2023-11-28,CUPID,PYRAMID BUY ₹35.38 at ₹176.44 (box jump — doubling the stake with NEW capital; stop stays ₹158.66; funded ₹35.38 from the pocket + ₹0.00 fresh; charges ₹0.04)
2023-11-28,ZENTEC,PYRAMID BUY ₹61.63 at ₹774.55 (box jump — doubling the stake with NEW capital; stop stays ₹682.08; funded ₹61.63 from the pocket + ₹0.00 fresh; charges ₹0.07)
2024-01-25,PRAKASH,RAISE STOP ₹126.87 → ₹168.62 (new box ₹177.50–₹203.00 sealed)
2024-01-29,PRAKASH,PYRAMID BUY ₹91.88 at ₹209.70 (box jump — doubling the stake with NEW capital; stop stays ₹168.62; funded ₹91.88 from the pocket + ₹0.00 fresh; charges ₹0.11)
2024-02-16,ZENTEC,RAISE STOP ₹682.08 → ₹738.15 (new box ₹777.00–₹882.40 sealed)
2024-02-19,ZENTEC,PYRAMID BUY ₹128.89 at ₹810.40 (box jump — doubling the stake with NEW capital; stop stays ₹738.15; funded ₹128.89 from the pocket + ₹0.00 fresh; charges ₹0.15)
2024-02-28,PRAKASH,"SELL ₹147.52 at stop ₹168.62 (-3.2%, charges ₹0.15) — the cash goes back to work at the next Friday screen; ₹110.59 of doubled capital and its returns OUT to the pocket"
2024-03-01,BFINVEST,"fresh signal NOT FUNDED — cash exhausted (BUY: 2.80× weekly, month 3.75×, ladder rising; funding priority now 1)"
2024-03-01,DCAL,"fresh signal NOT FUNDED — cash exhausted (BUY: 3.49× weekly, month 2.75×, ladder rising; funding priority now 1)"
2024-03-01,FILATEX,"fresh signal NOT FUNDED — cash exhausted (BUY: 2.06× weekly, month 5.09×, ladder rising; funding priority now 1)"
2024-03-01,GENESYS,"fresh signal NOT FUNDED — cash exhausted (BUY: 3.97× weekly, month 2.82×, ladder rising; funding priority now 1)"
2024-03-01,JINDWORLD,"fresh signal NOT FUNDED — cash exhausted (starved 1×, front of the queue — BUY: 16.09× weekly, month 11.39×, ladder rising; funding priority now 2)"
2024-03-01,KELLTONTEC,"fresh signal NOT FUNDED — cash exhausted (BUY: 4.50× weekly, month 2.68×, ladder rising; funding priority now 1)"
2024-03-01,KSL,"fresh signal NOT FUNDED — cash exhausted (BUY: 2.24× weekly, month 3.43×, ladder rising; funding priority now 1)"
2024-03-01,RAILTEL,fresh signal REFUSED — falling earnings power
2024-03-01,SALZERELEC,"fresh signal NOT FUNDED — cash exhausted (BUY: 2.97× weekly, month 2.58×, ladder rising; funding priority now 1)"
2024-03-01,SMLISUZU,"fresh signal NOT FUNDED — cash exhausted (BUY: 5.26× weekly, month 3.32×, ladder rising; funding priority now 1)"
2024-03-01,SMSPHARMA,"fresh signal NOT FUNDED — cash exhausted (ACCUMULATE: 2.01× weekly, month 7.82×, ladder rising; funding priority now 1)"
2024-03-01,SOTL,"fresh signal NOT FUNDED — cash exhausted (BUY: 2.09× weekly, month 4.25×, ladder rising; funding priority now 1)"
2024-03-01,UNIONBANK,"fresh signal NOT FUNDED — cash exhausted (ACCUMULATE: 2.89× weekly, month 2.01×, ladder rising; funding priority now 1)"
2024-03-01,VENUSPIPES,"fresh signal NOT FUNDED — cash exhausted (BUY: 3.59× weekly, month 1.55×, ladder rising; funding priority now 1)"
2024-03-01,VGUARD,fresh signal REFUSED — falling earnings power
2024-03-04,PAISALO,"BUY ₹47.33 at ₹192.65 (fresh Friday signal — starved 2×, front of the queue — BUY: 1.76× weekly, month 2.54×, ladder rising; stop ₹141.55; charges ₹0.06)"
2024-03-07,PAISALO,RAISE STOP ₹141.55 → ₹161.88 (new box ₹170.50–₹199.25 sealed)
2024-03-11,PAISALO,PYRAMID BUY ₹46.62 at ₹190.00 (box jump — doubling the stake with NEW capital; stop stays ₹161.88; funded ₹46.62 from the pocket + ₹0.00 fresh; charges ₹0.06)
2024-03-12,PAISALO,"SELL ₹79.31 at stop ₹161.88 (-15.4%, charges ₹0.08) — the cash goes back to work at the next Friday screen; ₹39.63 of doubled capital and its returns OUT to the pocket"
2024-03-15,BOSCHLTD,"fresh signal NOT FUNDED — cash exhausted (BUY: 1.54× weekly, month 1.81×, ladder rising; funding priority now 1)"
2024-03-15,EMUDHRA,"fresh signal NOT FUNDED — cash exhausted (BUY: 1.54× weekly, month 3.10×, ladder rising; funding priority now 1)"
2024-03-15,FORCEMOT,"fresh signal NOT FUNDED — cash exhausted (ACCUMULATE: 1.91× weekly, month 1.52×, ladder rising; funding priority now 1)"
2024-03-15,INDIGO,"fresh signal NOT FUNDED — cash exhausted (ACCUMULATE: 4.67× weekly, month 1.67×, ladder rising; funding priority now 1)"
2024-03-15,INTELLECT,fresh signal REFUSED — falling earnings power
2024-03-15,SMSPHARMA,"fresh signal NOT FUNDED — cash exhausted (starved 1×, front of the queue — ACCUMULATE: 1.84× weekly, month 7.08×, ladder rising; funding priority now 2)"
2024-03-15,TORNTPOWER,fresh signal REFUSED — falling earnings power
2024-03-18,SOLARINDS,"BUY ₹39.68 at ₹8,900.05 (fresh Friday signal — starved 1×, front of the queue — BUY: 4.28× weekly, month 2.84×, ladder rising; stop ₹5,332.29; charges ₹0.05)"
2024-03-22,ZENTEC,RAISE STOP ₹738.15 → ₹758.96 (new box ₹814.50–₹999.65 sealed)
2024-03-22,ZENTEC,box jump NOT doubled — the 3-doubling cap is already used
2024-03-28,SOLARINDS,"RAISE STOP ₹5,332.29 → ₹7,980.95 (new box ₹8,401.00–₹9,290.00 sealed)"
2024-04-01,CUPID,TRIM 0.0% (₹0.03 at ₹186.62) to pay the tax bill
2024-04-01,JTLINFRA,TRIM 0.0% (₹0.02 at ₹295.80) to pay the tax bill
2024-04-01,SOLARINDS,"PYRAMID BUY ₹39.84 at ₹8,950.00 (box jump — doubling the stake with NEW capital; stop stays ₹7,980.95; funded ₹39.84 from the pocket + ₹0.00 fresh; charges ₹0.05)"
2024-04-01,SOLARINDS,"TRIM 0.0% (₹0.01 at ₹8,726.05) to pay the tax bill"
2024-04-01,TAX,"FY2024 settled: ₹0.16 paid (STCG ₹0.79 @20%, LTCG ₹0.00 @12.5%; losses carried forward ST ₹0.00 / LT ₹0.00)"
2024-04-01,ZENTEC,TRIM 0.0% (₹0.10 at ₹945.60) to pay the tax bill
2024-04-19,ZENTEC,"RAISE STOP ₹758.96 → ₹896.89 (new box ₹944.10–₹1,059.35 sealed)"
2024-04-19,ZENTEC,box jump NOT doubled — the 3-doubling cap is already used
2024-05-09,ZENTEC,"SELL ₹284.73 at stop ₹896.89 (+19.6%, charges ₹0.30) — the cash goes back to work at the next Friday screen; ₹249.08 of doubled capital and its returns OUT to the pocket"
2024-05-10,BASF,"fresh signal NOT FUNDED — cash exhausted (starved 1×, front of the queue — BUY: 1.98× weekly, month 1.87×, ladder rising; funding priority now 2)"
2024-05-10,BLUEDART,fresh signal REFUSED — falling earnings power
2024-05-10,HINDMOTORS,"fresh signal NOT FUNDED — cash exhausted (BUY: 3.62× weekly, month 10.84×, ladder rising; funding priority now 1)"
2024-05-10,JWL,"fresh signal NOT FUNDED — cash exhausted (BUY: 7.12× weekly, month 2.51×, ladder rising; funding priority now 1)"
2024-05-10,SUPREMEIND,fresh signal REFUSED — falling earnings power
2024-05-10,SWSOLAR,fresh signal REFUSED — falling earnings power
2024-05-13,CENTURYTEX,"BUY ₹24.35 at ₹2,000.00 (fresh Friday signal — starved 2×, front of the queue — ACCUMULATE: 3.44× weekly, month 1.97×, ladder rising; stop ₹1,715.70; charges ₹0.03)"
2024-06-04,CENTURYTEX,"SELL ₹20.84 at stop ₹1,715.70 (-14.2%, charges ₹0.02) — the cash goes back to work at the next Friday screen"
2024-06-04,SOLARINDS,"SELL ₹70.94 at stop ₹7,980.95 (-10.6%, charges ₹0.07) — the cash goes back to work at the next Friday screen; ₹35.45 of doubled capital and its returns OUT to the pocket"
2024-06-07,ABFRL,fresh signal REFUSED — falling earnings power
2024-06-07,ARE&M,"fresh signal NOT FUNDED — cash exhausted (BUY: 3.00× weekly, month 2.35×, ladder rising; funding priority now 1)"
2024-06-07,ASHOKLEY,"fresh signal NOT FUNDED — cash exhausted (BUY: 1.53× weekly, month 1.61×, ladder rising; funding priority now 1)"
2024-06-07,BANKBEES,"fresh signal NOT FUNDED — cash exhausted (BUY: 4.22× weekly, month 1.96×, ladder rising; funding priority now 1)"
2024-06-07,DABUR,"fresh signal NOT FUNDED — cash exhausted (BUY: 3.89× weekly, month 2.59×, ladder rising; funding priority now 1)"
2024-06-07,FINPIPE,"fresh signal NOT FUNDED — cash exhausted (BUY: 1.61× weekly, month 2.10×, ladder rising; funding priority now 1)"
2024-06-07,GANECOS,"fresh signal NOT FUNDED — cash exhausted (ACCUMULATE: 1.66× weekly, month 1.90×, ladder rising; funding priority now 1)"
2024-06-07,GESHIP,fresh signal REFUSED — falling earnings power
2024-06-07,GILLETTE,"fresh signal NOT FUNDED — cash exhausted (BUY: 1.57× weekly, month 1.73×, ladder rising; funding priority now 1)"
2024-06-07,HARSHA,"fresh signal NOT FUNDED — cash exhausted (ACCUMULATE: 1.83× weekly, month 3.32×, ladder rising; funding priority now 1)"
2024-06-07,HINDUNILVR,"fresh signal NOT FUNDED — cash exhausted (BUY: 2.72× weekly, month 1.58×, ladder rising; funding priority now 1)"
2024-06-07,JUNIORBEES,"fresh signal NOT FUNDED — cash exhausted (ACCUMULATE: 3.71× weekly, month 2.39×, ladder rising; funding priority now 1)"
2024-06-07,M&M,"fresh signal NOT FUNDED — cash exhausted (BUY: 1.61× weekly, month 1.56×, ladder rising; funding priority now 1)"
2024-06-07,MARICO,"fresh signal NOT FUNDED — cash exhausted (BUY: 2.41× weekly, month 2.14×, ladder rising; funding priority now 1)"
2024-06-07,MOTHERSON,"fresh signal NOT FUNDED — cash exhausted (ACCUMULATE: 1.97× weekly, month 1.84×, ladder rising; funding priority now 1)"
2024-06-07,NCC,"fresh signal NOT FUNDED — cash exhausted (BUY: 2.80× weekly, month 1.63×, ladder rising; funding priority now 1)"
2024-06-07,NIFTYBEES,"fresh signal NOT FUNDED — cash exhausted (BUY: 4.16× weekly, month 2.61×, ladder rising; funding priority now 1)"
2024-06-07,ORIENTELEC,"fresh signal NOT FUNDED — cash exhausted (BUY: 2.28× weekly, month 1.78×, ladder rising; funding priority now 1)"
2024-06-07,PNCINFRA,"fresh signal NOT FUNDED — cash exhausted (ACCUMULATE: 2.24× weekly, month 4.56×, ladder rising; funding priority now 1)"
2024-06-07,SANOFI,"fresh signal NOT FUNDED — cash exhausted (BUY: 1.61× weekly, month 1.55×, ladder rising; funding priority now 1)"
2024-06-07,TCNSBRANDS,"fresh signal NOT FUNDED — cash exhausted (starved 1×, front of the queue — BUY: 1.68× weekly, month 1.55×, ladder rising; funding priority now 2)"
2024-06-07,UNOMINDA,"fresh signal NOT FUNDED — cash exhausted (BUY: 4.24× weekly, month 2.60×, ladder rising; funding priority now 1)"
2024-06-07,VGUARD,"fresh signal NOT FUNDED — cash exhausted (BUY: 1.74× weekly, month 2.23×, ladder rising; funding priority now 1)"
2024-06-07,VSTIND,"fresh signal NOT FUNDED — cash exhausted (ACCUMULATE: 1.52× weekly, month 1.71×, ladder rising; funding priority now 1)"
2024-06-07,WABAG,"fresh signal NOT FUNDED — cash exhausted (BUY: 2.25× weekly, month 1.97×, ladder rising; funding priority now 1)"
2024-06-07,WHIRLPOOL,"fresh signal NOT FUNDED — cash exhausted (starved 1×, front of the queue — BUY: 1.58× weekly, month 1.84×, ladder rising; funding priority now 2)"
2024-06-10,ENDURANCE,"BUY ₹19.81 at ₹2,439.90 (fresh Friday signal — starved 1×, front of the queue — BUY: 2.56× weekly, month 2.14×, ladder rising; stop ₹1,964.12; charges ₹0.02)"
2024-06-10,PANAMAPET,"BUY ₹19.83 at ₹383.00 (fresh Friday signal — starved 2×, front of the queue — ACCUMULATE: 2.07× weekly, month 2.01×, ladder rising; stop ₹261.85; charges ₹0.02)"
2024-06-10,PGEL,"BUY ₹19.81 at ₹286.00 (fresh Friday signal — starved 1×, front of the queue — BUY: 2.35× weekly, month 3.10×, ladder rising; stop ₹237.50; charges ₹0.02)"
2024-06-28,ENDURANCE,"RAISE STOP ₹1,964.12 → ₹2,429.11 (new box ₹2,575.00–₹3,061.30 sealed)"
2024-07-01,ENDURANCE,"PYRAMID BUY ₹21.82 at ₹2,691.20 (box jump — doubling the stake with NEW capital; stop stays ₹2,429.11; funded ₹21.82 from the pocket + ₹0.00 fresh; charges ₹0.03)"
2024-07-05,PANAMAPET,RAISE STOP ₹261.85 → ₹370.60 (new box ₹390.10–₹420.95 sealed)
2024-07-08,PANAMAPET,PYRAMID BUY ₹20.97 at ₹405.45 (box jump — doubling the stake with NEW capital; stop stays ₹370.60; funded ₹20.97 from the pocket + ₹0.00 fresh; charges ₹0.02)
2024-07-12,PGEL,RAISE STOP ₹237.50 → ₹338.30 (new box ₹356.10–₹405.00 sealed)
2024-07-15,PGEL,PYRAMID BUY ₹26.15 at ₹378.00 (box jump — doubling the stake with NEW capital; stop stays ₹338.30; funded ₹26.15 from the pocket + ₹0.00 fresh; charges ₹0.03)
2024-07-23,PGEL,"SELL ₹46.74 at stop ₹338.30 (+1.9%, charges ₹0.05) — the cash goes back to work at the next Friday screen; ₹23.36 of doubled capital and its returns OUT to the pocket"
2024-07-26,ATUL,fresh signal REFUSED — falling earnings power
2024-07-26,AVANTIFEED,"fresh signal NOT FUNDED — cash exhausted (BUY: 9.75× weekly, month 3.97×, ladder rising; funding priority now 1)"
2024-07-26,BAYERCROP,fresh signal REFUSED — falling earnings power
2024-07-26,CASTROLIND,"fresh signal NOT FUNDED — cash exhausted (ACCUMULATE: 1.54× weekly, month 4.31×, ladder rising; funding priority now 1)"
2024-07-26,DEEPAKFERT,fresh signal REFUSED — falling earnings power
2024-07-26,HBLPOWER,"fresh signal NOT FUNDED — cash exhausted (ACCUMULATE: 1.86× weekly, month 1.74×, ladder rising; funding priority now 1)"
2024-07-26,HINDOILEXP,"fresh signal NOT FUNDED — cash exhausted (BUY: 2.01× weekly, month 2.73×, ladder rising; funding priority now 1)"
2024-07-26,IFCI,"fresh signal NOT FUNDED — cash exhausted (BUY: 3.27× weekly, month 1.89×, ladder rising; funding priority now 1)"
2024-07-26,INDIANHUME,"fresh signal NOT FUNDED — cash exhausted (BUY: 1.85× weekly, month 1.61×, ladder rising; funding priority now 1)"
2024-07-26,KSCL,"fresh signal NOT FUNDED — cash exhausted (BUY: 5.64× weekly, month 1.78×, ladder rising; funding priority now 1)"
2024-07-26,MMTC,fresh signal REFUSED — falling earnings power
2024-07-26,NAVKARCORP,"fresh signal NOT FUNDED — cash exhausted (BUY: 2.85× weekly, month 2.42×, ladder rising; funding priority now 1)"
2024-07-26,NFL,fresh signal REFUSED — falling earnings power
2024-07-26,NIACL,fresh signal REFUSED — falling earnings power
2024-07-26,OFSS,"fresh signal NOT FUNDED — cash exhausted (ACCUMULATE: 1.51× weekly, month 1.61×, ladder rising; funding priority now 1)"
2024-07-26,ORIENTCEM,"fresh signal NOT FUNDED — cash exhausted (ACCUMULATE: 1.96× weekly, month 3.66×, ladder rising; funding priority now 1)"
2024-07-26,RATNAVEER,"fresh signal NOT FUNDED — cash exhausted (ACCUMULATE: 1.57× weekly, month 2.09×, ladder rising; funding priority now 1)"
2024-07-26,TIPSINDLTD,"fresh signal NOT FUNDED — cash exhausted (BUY: 1.74× weekly, month 1.80×, ladder rising; funding priority now 1)"
2024-07-26,WELSPUNLIV,"fresh signal NOT FUNDED — cash exhausted (BUY: 3.42× weekly, month 2.73×, ladder rising; funding priority now 1)"
2024-07-29,GENESYS,"BUY ₹24.92 at ₹488.67 (fresh Friday signal — starved 1×, front of the queue — BUY: 3.61× weekly, month 1.91×, ladder rising; stop ₹384.07; charges ₹0.03)"
2024-08-05,ENDURANCE,"SELL ₹39.33 at stop ₹2,429.11 (-5.3%, charges ₹0.04) — the cash goes back to work at the next Friday screen; ₹19.65 of doubled capital and its returns OUT to the pocket"
2024-08-09,AFFLE,"fresh signal NOT FUNDED — cash exhausted (BUY: 2.49× weekly, month 2.24×, ladder rising; funding priority now 1)"
2024-08-09,AVANTIFEED,"fresh signal NOT FUNDED — cash exhausted (starved 1×, front of the queue — BUY: 2.64× weekly, month 5.57×, ladder rising; funding priority now 2)"
2024-08-09,CAMS,"fresh signal NOT FUNDED — cash exhausted (ACCUMULATE: 2.86× weekly, month 2.16×, ladder rising; funding priority now 1)"
2024-08-09,CCL,fresh signal REFUSED — falling earnings power
2024-08-09,CERA,"fresh signal NOT FUNDED — cash exhausted (starved 1×, front of the queue — BUY: 4.91× weekly, month 2.08×, ladder rising; funding priority now 2)"
2024-08-09,EPIGRAL,"fresh signal NOT FUNDED — cash exhausted (BUY: 1.97× weekly, month 2.41×, ladder rising; funding priority now 1)"
2024-08-09,GLS,"fresh signal NOT FUNDED — cash exhausted (ACCUMULATE: 2.87× weekly, month 2.24×, ladder rising; funding priority now 1)"
2024-08-09,ITDCEM,"fresh signal NOT FUNDED — cash exhausted (ACCUMULATE: 3.20× weekly, month 1.67×, ladder rising; funding priority now 1)"
2024-08-09,KFINTECH,"fresh signal NOT FUNDED — cash exhausted (BUY: 4.42× weekly, month 2.05×, ladder rising; funding priority now 1)"
2024-08-09,LUXIND,"fresh signal NOT FUNDED — cash exhausted (BUY: 4.13× weekly, month 3.89×, ladder rising; funding priority now 1)"
2024-08-09,NEULANDLAB,"fresh signal NOT FUNDED — cash exhausted (starved 1×, front of the queue — ACCUMULATE: 2.94× weekly, month 1.78×, ladder rising; funding priority now 2)"
2024-08-09,NITINSPIN,"fresh signal NOT FUNDED — cash exhausted (BUY: 3.54× weekly, month 3.73×, ladder rising; funding priority now 1)"
2024-08-09,OIL,fresh signal REFUSED — falling earnings power
2024-08-09,ONGC,"fresh signal NOT FUNDED — cash exhausted (ACCUMULATE: 1.67× weekly, month 2.01×, ladder rising; funding priority now 1)"
2024-08-09,OPTIEMUS,"fresh signal NOT FUNDED — cash exhausted (BUY: 2.24× weekly, month 2.62×, ladder rising; funding priority now 1)"
2024-08-09,PANAMAPET,RAISE STOP ₹370.60 → ₹375.25 (new box ₹395.00–₹452.50 sealed)
2024-08-09,PCBL,"fresh signal NOT FUNDED — cash exhausted (BUY: 4.82× weekly, month 4.03×, ladder rising; funding priority now 1)"
2024-08-09,PFIZER,fresh signal REFUSED — falling earnings power
2024-08-09,SNOWMAN,"fresh signal NOT FUNDED — cash exhausted (starved 1×, front of the queue — ACCUMULATE: 3.19× weekly, month 1.59×, ladder rising; funding priority now 2)"
2024-08-09,TBZ,"fresh signal NOT FUNDED — cash exhausted (BUY: 4.88× weekly, month 4.43×, ladder rising; funding priority now 1)"
2024-08-09,TIPSINDLTD,"fresh signal NOT FUNDED — cash exhausted (starved 1×, front of the queue — BUY: 2.11× weekly, month 1.84×, ladder rising; funding priority now 2)"
2024-08-12,BASF,"BUY ₹26.32 at ₹7,350.00 (fresh Friday signal — starved 2×, front of the queue — BUY: 5.89× weekly, month 3.35×, ladder rising; stop ₹5,386.50; charges ₹0.03)"
2024-08-12,PANAMAPET,PYRAMID BUY ₹42.02 at ₹406.50 (box jump — doubling the stake with NEW capital; stop stays ₹375.25; funded ₹42.02 from the pocket + ₹0.00 fresh; charges ₹0.05)
2024-08-16,GENESYS,RAISE STOP ₹384.07 → ₹398.41 (new box ₹424.73–₹512.47 sealed)
2024-08-19,GENESYS,PYRAMID BUY ₹24.17 at ₹474.50 (box jump — doubling the stake with NEW capital; stop stays ₹398.41; funded ₹24.17 from the pocket + ₹0.00 fresh; charges ₹0.03)
2024-08-23,BASF,"RAISE STOP ₹5,386.50 → ₹5,894.80 (new box ₹6,369.05–₹7,949.90 sealed)"
2024-08-26,BASF,"PYRAMID BUY ₹23.84 at ₹6,666.00 (box jump — doubling the stake with NEW capital; stop stays ₹5,894.80; funded ₹23.84 from the pocket + ₹0.00 fresh; charges ₹0.03)"
2024-09-13,PANAMAPET,RAISE STOP ₹375.25 → ₹384.27 (new box ₹404.50–₹426.50 sealed)
2024-09-16,PANAMAPET,PYRAMID BUY ₹85.25 at ₹412.60 (box jump — doubling the stake with NEW capital; stop stays ₹384.27; funded ₹85.25 from the pocket + ₹0.00 fresh; charges ₹0.10)
2024-10-03,PANAMAPET,"SELL ₹158.53 at stop ₹384.27 (-5.5%, charges ₹0.16) — the cash goes back to work at the next Friday screen; ₹138.68 of doubled capital and its returns OUT to the pocket"
2024-10-04,BLUEDART,fresh signal REFUSED — falling earnings power
2024-10-04,BSE,"fresh signal NOT FUNDED — cash exhausted (starved 1×, front of the queue — ACCUMULATE: 2.88× weekly, month 3.26×, ladder rising; funding priority now 2)"
2024-10-04,DALMIASUG,"fresh signal NOT FUNDED — cash exhausted (BUY: 1.55× weekly, month 2.83×, ladder rising; funding priority now 1)"
2024-10-04,ITDCEM,"fresh signal NOT FUNDED — cash exhausted (starved 1×, front of the queue — BUY: 3.08× weekly, month 2.56×, ladder rising; funding priority now 2)"
2024-10-04,JMFINANCIL,fresh signal REFUSED — falling earnings power
2024-10-07,ASTRAZEN,"BUY ₹19.85 at ₹7,442.65 (fresh Friday signal — starved 1×, front of the queue — ACCUMULATE: 5.46× weekly, month 6.63×, ladder rising; stop ₹6,768.80; charges ₹0.02)"
2024-10-11,BASF,"RAISE STOP ₹5,894.80 → ₹7,611.30 (new box ₹8,011.90–₹8,750.00 sealed)"
2024-10-11,GENESYS,RAISE STOP ₹398.41 → ₹451.09 (new box ₹474.83–₹535.33 sealed)
2024-10-14,BASF,"PYRAMID BUY ₹58.81 at ₹8,225.00 (box jump — doubling the stake with NEW capital; stop stays ₹7,611.30; funded ₹58.81 from the pocket + ₹0.00 fresh; charges ₹0.07)"
2024-10-14,GENESYS,PYRAMID BUY ₹53.63 at ₹526.67 (box jump — doubling the stake with NEW capital; stop stays ₹451.09; funded ₹53.63 from the pocket + ₹0.00 fresh; charges ₹0.06)
2024-10-22,BASF,"SELL ₹108.66 at stop ₹7,611.30 (-0.1%, charges ₹0.11) — the cash goes back to work at the next Friday screen; ₹81.46 of doubled capital and its returns OUT to the pocket"
2024-10-25,GENESYS,"SELL ₹91.72 at stop ₹451.09 (-10.5%, charges ₹0.10) — the cash goes back to work at the next Friday screen; ₹68.76 of doubled capital and its returns OUT to the pocket"
2024-10-28,CUPID,"SELL ₹63.51 at stop ₹158.66 (+6.7%, charges ₹0.07) — the cash goes back to work at the next Friday screen; ₹31.74 of doubled capital and its returns OUT to the pocket"
2024-10-28,PAYTM,"BUY ₹13.08 at ₹747.70 (fresh Friday signal — ACCUMULATE: 2.07× weekly, month 2.44×, ladder rising; stop ₹636.31; charges ₹0.02)"
2024-11-01,63MOONS,"fresh signal NOT FUNDED — cash exhausted (BUY: 2.09× weekly, month 4.03×, ladder rising; funding priority now 1)"
2024-11-01,ANUP,fresh signal REFUSED — falling earnings power
2024-11-04,AKZOINDIA,"BUY ₹15.64 at ₹4,518.00 (fresh Friday signal — ACCUMULATE: 4.97× weekly, month 2.52×, ladder rising; stop ₹3,311.30; charges ₹0.04)"
2024-11-04,CARERATING,"BUY ₹15.74 at ₹1,510.00 (fresh Friday signal — starved 1×, front of the queue — BUY: 1.80× weekly, month 4.48×, ladder rising; stop ₹1,066.23; charges ₹0.04)"
2024-11-04,HIMATSEIDE,"BUY ₹15.74 at ₹170.83 (fresh Friday signal — starved 1×, front of the queue — ACCUMULATE: 1.72× weekly, month 2.78×, ladder rising; stop ₹118.10; charges ₹0.04)"
2024-11-04,KIRLPNU,"BUY ₹15.55 at ₹1,698.00 (fresh Friday signal — BUY: 4.25× weekly, month 1.98×, ladder rising; stop ₹1,188.50; charges ₹0.04)"
2024-11-08,ASTRAZEN,"RAISE STOP ₹6,768.80 → ₹6,854.77 (new box ₹7,215.55–₹7,695.70 sealed)"
2024-11-08,KIRLPNU,"RAISE STOP ₹1,188.50 → ₹1,504.85 (new box ₹1,584.05–₹1,734.85 sealed)"
2024-11-11,ASTRAZEN,"PYRAMID BUY ₹19.58 at ₹7,350.00 (box jump — doubling the stake with NEW capital; stop stays ₹6,854.77; funded ₹19.58 from the pocket + ₹0.00 fresh; charges ₹0.05)"
2024-11-11,KIRLPNU,"PYRAMID BUY ₹15.44 at ₹1,690.00 (box jump — doubling the stake with NEW capital; stop stays ₹1,504.85; funded ₹15.44 from the pocket + ₹0.00 fresh; charges ₹0.04)"
2024-11-14,ASTRAZEN,"SELL ₹36.40 at stop ₹6,854.77 (-7.3%, charges ₹0.08) — the cash goes back to work at the next Friday screen; ₹18.18 of doubled capital and its returns OUT to the pocket"
2024-11-18,JSWHL,"BUY ₹16.36 at ₹19,990.00 (fresh Friday signal — BUY: 3.46× weekly, month 4.62×, ladder rising; stop ₹8,434.53; charges ₹0.04)"
2024-11-22,PAYTM,RAISE STOP ₹636.31 → ₹712.50 (new box ₹750.00–₹855.10 sealed)
2024-11-25,PAYTM,PYRAMID BUY ₹15.96 at ₹913.80 (box jump — doubling the stake with NEW capital; stop stays ₹712.50; funded ₹15.96 from the pocket + ₹0.00 fresh; charges ₹0.04)
2024-11-29,CARERATING,"RAISE STOP ₹1,066.23 → ₹1,239.70 (new box ₹1,316.15–₹1,571.00 sealed)"
2024-12-02,CARERATING,"PYRAMID BUY ₹15.80 at ₹1,519.10 (box jump — doubling the stake with NEW capital; stop stays ₹1,239.70; funded ₹15.80 from the pocket + ₹0.00 fresh; charges ₹0.04)"
2024-12-06,AKZOINDIA,"RAISE STOP ₹3,311.30 → ₹3,423.18 (new box ₹3,603.35–₹3,800.00 sealed)"
2024-12-06,PAYTM,RAISE STOP ₹712.50 → ₹838.09 (new box ₹882.20–₹952.00 sealed)
2024-12-09,AKZOINDIA,"PYRAMID BUY ₹12.84 at ₹3,718.70 (box jump — doubling the stake with NEW capital; stop stays ₹3,423.18; funded ₹12.84 from the pocket + ₹0.00 fresh; charges ₹0.03)"
2024-12-09,PAYTM,PYRAMID BUY ₹34.81 at ₹997.45 (box jump — doubling the stake with NEW capital; stop stays ₹838.09; funded ₹34.81 from the pocket + ₹0.00 fresh; charges ₹0.08)
2024-12-13,KIRLPNU,"RAISE STOP ₹1,504.85 → ₹1,596.00 (new box ₹1,680.00–₹1,817.00 sealed)"
2024-12-16,KIRLPNU,"PYRAMID BUY ₹30.92 at ₹1,693.90 (box jump — doubling the stake with NEW capital; stop stays ₹1,596.00; funded ₹30.92 from the pocket + ₹0.00 fresh; charges ₹0.07)"
2024-12-20,PAYTM,"RAISE STOP ₹838.09 → ₹887.49 (new box ₹934.20–₹1,007.00 sealed)"
2024-12-23,KIRLPNU,"SELL ₹58.07 at stop ₹1,596.00 (-5.8%, charges ₹0.13) — the cash goes back to work at the next Friday screen; ₹43.52 of doubled capital and its returns OUT to the pocket"
2024-12-23,PAYTM,PYRAMID BUY ₹66.91 at ₹959.80 (box jump — doubling the stake with NEW capital; stop stays ₹887.49; funded ₹66.91 from the pocket + ₹0.00 fresh; charges ₹0.16)
2024-12-27,AKZOINDIA,"SELL ₹23.56 at stop ₹3,423.18 (-16.9%, charges ₹0.05) — the cash goes back to work at the next Friday screen; ₹11.77 of doubled capital and its returns OUT to the pocket"
2024-12-27,PAYTM,"RAISE STOP ₹887.49 → ₹893.05 (new box ₹940.05–₹1,062.95 sealed)"
2024-12-27,PAYTM,box jump NOT doubled — the 3-doubling cap is already used
2024-12-27,SHAREINDIA,fresh signal REFUSED — falling earnings power
2024-12-27,TRIVENI,fresh signal REFUSED — falling earnings power
2024-12-30,KFINTECH,"BUY ₹29.05 at ₹1,511.45 (fresh Friday signal — starved 1×, front of the queue — BUY: 2.78× weekly, month 2.21×, ladder rising; stop ₹1,159.14; charges ₹0.07)"
2025-01-03,HIMATSEIDE,RAISE STOP ₹118.10 → ₹174.80 (new box ₹184.00–₹209.00 sealed)
2025-01-06,HIMATSEIDE,PYRAMID BUY ₹18.55 at ₹201.80 (box jump — doubling the stake with NEW capital; stop stays ₹174.80; funded ₹18.55 from the pocket + ₹0.00 fresh; charges ₹0.04)
2025-01-09,PAYTM,"SELL ₹124.10 at stop ₹893.05 (-4.7%, charges ₹0.28) — the cash goes back to work at the next Friday screen; ₹108.53 of doubled capital and its returns OUT to the pocket"
2025-01-10,LLOYDSME,"fresh signal NOT FUNDED — cash exhausted (ACCUMULATE: 1.65× weekly, month 1.98×, ladder rising; funding priority now 1)"
2025-01-13,AEGISLOG,"BUY ₹17.12 at ₹834.65 (fresh Friday signal — BUY: 27.32× weekly, month 9.77×, ladder rising; stop ₹697.76; charges ₹0.04)"
2025-01-13,CARERATING,"SELL ₹25.70 at stop ₹1,239.70 (-18.1%, charges ₹0.06) — the cash goes back to work at the next Friday screen; ₹12.84 of doubled capital and its returns OUT to the pocket"
2025-01-13,HIMATSEIDE,"SELL ₹32.03 at stop ₹174.80 (-6.2%, charges ₹0.07) — the cash goes back to work at the next Friday screen; ₹15.99 of doubled capital and its returns OUT to the pocket"
2025-01-15,KFINTECH,"SELL ₹22.18 at stop ₹1,159.14 (-23.3%, charges ₹0.05) — the cash goes back to work at the next Friday screen"
2025-01-17,AEGISLOG,"RAISE STOP ₹697.76 → ₹700.36 (new box ₹778.05–₹1,037.00 sealed)"
2025-01-17,DEVYANI,fresh signal REFUSED — falling earnings power
2025-01-20,AEGISLOG,PYRAMID BUY ₹16.44 at ₹803.60 (box jump — doubling the stake with NEW capital; stop stays ₹700.36; funded ₹16.44 from the pocket + ₹0.00 fresh; charges ₹0.04)
2025-01-20,APOLLO,"BUY ₹15.68 at ₹131.50 (fresh Friday signal — starved 2×, front of the queue — ACCUMULATE: 1.93× weekly, month 3.48×, ladder rising; stop ₹110.19; charges ₹0.04)"
2025-01-20,BAJAJHCARE,"BUY ₹15.91 at ₹690.00 (fresh Friday signal — BUY: 1.75× weekly, month 4.12×, ladder rising; stop ₹451.06; charges ₹0.04)"
2025-01-24,AEGISLOG,"SELL ₹28.56 at stop ₹700.36 (-14.5%, charges ₹0.06) — the cash goes back to work at the next Friday screen; ₹14.26 of doubled capital and its returns OUT to the pocket"
2025-01-24,PARADEEP,fresh signal REFUSED — falling earnings power
2025-01-27,CREDITACC,"BUY ₹13.39 at ₹850.00 (fresh Friday signal — ACCUMULATE: 3.44× weekly, month 9.52×, ladder rising; stop ₹825.52; charges ₹0.03)"
2025-01-31,BAJAJHCARE,RAISE STOP ₹451.06 → ₹455.35 (new box ₹509.80–₹691.30 sealed)
2025-01-31,BLUEJET,fresh signal REFUSED — falling earnings power
2025-01-31,SRF,fresh signal REFUSED — falling earnings power
2025-02-03,BAJAJHCARE,PYRAMID BUY ₹15.64 at ₹680.00 (box jump — doubling the stake with NEW capital; stop stays ₹455.35; funded ₹15.64 from the pocket + ₹0.00 fresh; charges ₹0.04)
2025-02-03,ZENSARTECH,"BUY ₹15.50 at ₹947.00 (fresh Friday signal — BUY: 2.25× weekly, month 2.40×, ladder rising; stop ₹727.84; charges ₹0.04)"
2025-02-07,BLUEJET,fresh signal REFUSED — falling earnings power
2025-02-07,SRF,fresh signal REFUSED — falling earnings power
2025-02-10,HDFCGOLD,"BUY ₹8.67 at ₹75.80 (fresh Friday signal — BUY: 2.22× weekly, month 1.58×, ladder rising; stop ₹64.93; charges ₹0.02)"
2025-02-17,APOLLO,"SELL ₹13.08 at stop ₹110.19 (-16.2%, charges ₹0.03) — the cash goes back to work at the next Friday screen"
2025-02-21,BAJAJHCARE,RAISE STOP ₹455.35 → ₹521.14 (new box ₹566.80–₹719.00 sealed)
2025-02-21,GLAXO,fresh signal REFUSED — falling earnings power
2025-02-21,HDFCGOLD,RAISE STOP ₹64.93 → ₹70.20 (new box ₹73.89–₹76.80 sealed)
2025-02-21,REDINGTON,fresh signal REFUSED — falling earnings power
2025-02-24,BAJAJHCARE,PYRAMID BUY ₹28.24 at ₹614.55 (box jump — doubling the stake with NEW capital; stop stays ₹521.14; funded ₹28.24 from the pocket + ₹0.00 fresh; charges ₹0.07)
2025-02-24,HDFCGOLD,PYRAMID BUY ₹8.52 at ₹74.60 (box jump — doubling the stake with NEW capital; stop stays ₹70.20; funded ₹8.52 from the pocket + ₹0.00 fresh; charges ₹0.02)
2025-02-24,TAJGVK,"BUY ₹13.08 at ₹440.40 (fresh Friday signal — starved 2×, front of the queue — BUY: 2.16× weekly, month 2.07×, ladder rising; stop ₹349.09; charges ₹0.03)"
2025-02-28,JSWHL,"RAISE STOP ₹8,434.53 → ₹13,741.44 (new box ₹15,276.00–₹20,391.20 sealed)"
2025-02-28,TAJGVK,RAISE STOP ₹349.09 → ₹412.59 (new box ₹434.30–₹498.25 sealed)
2025-03-03,JSWHL,"PYRAMID BUY ₹13.56 at ₹16,599.95 (box jump — doubling the stake with NEW capital; stop stays ₹13,741.44; funded ₹13.56 from the pocket + ₹0.00 fresh; charges ₹0.03)"
2025-03-03,TAJGVK,PYRAMID BUY ₹13.46 at ₹454.45 (box jump — doubling the stake with NEW capital; stop stays ₹412.59; funded ₹13.46 from the pocket + ₹0.00 fresh; charges ₹0.03)
2025-03-03,ZENSARTECH,"SELL ₹11.86 at stop ₹727.84 (-23.1%, charges ₹0.03) — the cash goes back to work at the next Friday screen"
2025-03-07,CREDITACC,"RAISE STOP ₹825.52 → ₹837.38 (new box ₹882.15–₹1,031.40 sealed)"
2025-03-07,GOLDIETF,"fresh signal NOT FUNDED — cash exhausted (ACCUMULATE: 1.51× weekly, month 1.95×, ladder rising; funding priority now 1)"
2025-03-07,GRMOVER,"fresh signal NOT FUNDED — cash exhausted (BUY: 1.55× weekly, month 1.68×, ladder rising; funding priority now 1)"
2025-03-07,NH,"fresh signal NOT FUNDED — cash exhausted (BUY: 16.16× weekly, month 5.64×, ladder rising; funding priority now 1)"
2025-03-10,CREDITACC,PYRAMID BUY ₹15.23 at ₹968.75 (box jump — doubling the stake with NEW capital; stop stays ₹837.38; funded ₹15.23 from the pocket + ₹0.00 fresh; charges ₹0.04)
2025-03-10,SETFGOLD,"BUY ₹11.86 at ₹74.79 (fresh Friday signal — starved 1×, front of the queue — ACCUMULATE: 2.20× weekly, month 2.11×, ladder rising; stop ₹69.36; charges ₹0.03)"
2025-03-21,TAJGVK,RAISE STOP ₹412.59 → ₹453.34 (new box ₹477.20–₹518.85 sealed)
2025-03-24,TAJGVK,PYRAMID BUY ₹30.48 at ₹515.00 (box jump — doubling the stake with NEW capital; stop stays ₹453.34; funded ₹30.48 from the pocket + ₹0.00 fresh; charges ₹0.07)
2025-04-01,TAX,"FY2025 settled: ₹0.00 paid (STCG ₹0.00 @20%, LTCG ₹0.00 @12.5%; losses carried forward ST ₹7.16 / LT ₹0.00)"
2025-04-02,TAJGVK,"SELL ₹53.48 at stop ₹453.34 (-5.8%, charges ₹0.12) — the cash goes back to work at the next Friday screen; ₹40.07 of doubled capital and its returns OUT to the pocket"
2025-04-04,GOLDBEES,"fresh signal NOT FUNDED — cash exhausted (BUY: 1.78× weekly, month 1.67×, ladder rising; funding priority now 1)"
2025-04-04,GRMOVER,"fresh signal NOT FUNDED — cash exhausted (starved 1×, front of the queue — BUY: 1.52× weekly, month 1.92×, ladder rising; funding priority now 2)"
2025-04-04,HDFCGOLD,RAISE STOP ₹70.20 → ₹71.44 (new box ₹75.20–₹78.55 sealed)
2025-04-04,JSWHL,"RAISE STOP ₹13,741.44 → ₹19,106.01 (new box ₹20,270.00–₹24,149.95 sealed)"
2025-04-04,KSCL,fresh signal REFUSED — falling earnings power
2025-04-04,NACLIND,"fresh signal NOT FUNDED — cash exhausted (BUY: 3.19× weekly, month 13.92×, ladder rising; funding priority now 1)"
2025-04-07,BAJAJHCARE,"SELL ₹47.73 at stop ₹521.14 (-19.8%, charges ₹0.11) — the cash goes back to work at the next Friday screen; ₹35.77 of doubled capital and its returns OUT to the pocket"
2025-04-07,HDFCGOLD,PYRAMID BUY ₹17.56 at ₹77.00 (box jump — doubling the stake with NEW capital; stop stays ₹71.44; funded ₹17.56 from the pocket + ₹0.00 fresh; charges ₹0.04)
2025-04-07,HDFCGOLD,"SELL ₹32.47 at stop ₹71.44 (-6.1%, charges ₹0.07) — the cash goes back to work at the next Friday screen; ₹24.33 of doubled capital and its returns OUT to the pocket"
2025-04-07,JSWHL,"PYRAMID BUY ₹40.26 at ₹24,680.80 (box jump — doubling the stake with NEW capital; stop stays ₹19,106.01; funded ₹40.26 from the pocket + ₹0.00 fresh; charges ₹0.10)"
2025-04-07,SETFGOLD,"SELL ₹10.95 at stop ₹69.36 (-7.3%, charges ₹0.02) — the cash goes back to work at the next Friday screen"
2025-04-07,VADILALIND,signal SKIPPED — cash below half a slice (funding priority now 2)
2025-04-11,INDIASHLTR,"fresh signal NOT FUNDED — cash exhausted (BUY: 1.60× weekly, month 2.25×, ladder rising; funding priority now 1)"
2025-04-15,AVANTIFEED,"BUY ₹21.03 at ₹818.00 (fresh Friday signal — starved 2×, front of the queue — ACCUMULATE: 1.63× weekly, month 2.02×, ladder rising; stop ₹492.75; charges ₹0.05)"
2025-04-15,VADILALIND,"BUY ₹21.11 at ₹5,898.90 (fresh Friday signal — starved 2×, front of the queue — ACCUMULATE: 2.25× weekly, month 6.19×, ladder rising; stop ₹4,500.03; charges ₹0.05)"
2025-05-09,CREDITACC,"RAISE STOP ₹837.38 → ₹1,019.35 (new box ₹1,073.00–₹1,179.20 sealed)"
2025-05-12,CREDITACC,"PYRAMID BUY ₹36.07 at ₹1,148.60 (box jump — doubling the stake with NEW capital; stop stays ₹1,019.35; funded ₹36.07 from the pocket + ₹0.00 fresh; charges ₹0.09)"
2025-05-16,VADILALIND,"RAISE STOP ₹4,500.03 → ₹5,401.40 (new box ₹5,858.00–₹7,380.00 sealed)"
2025-05-19,VADILALIND,"PYRAMID BUY ₹24.30 at ₹6,805.00 (box jump — doubling the stake with NEW capital; stop stays ₹5,401.40; funded ₹24.30 from the pocket + ₹0.00 fresh; charges ₹0.06)"
2025-05-30,AIIL,fresh signal REFUSED — falling earnings power
2025-05-30,ASTRAMICRO,"fresh signal NOT FUNDED — cash exhausted (BUY: 2.05× weekly, month 3.20×, ladder rising; funding priority now 1)"
2025-05-30,AVANTEL,"fresh signal NOT FUNDED — cash exhausted (BUY: 3.99× weekly, month 3.49×, ladder rising; funding priority now 1)"
2025-05-30,BDL,fresh signal REFUSED — falling earnings power
2025-05-30,CCL,"fresh signal NOT FUNDED — cash exhausted (starved 1×, front of the queue — BUY: 2.08× weekly, month 9.59×, ladder rising; funding priority now 2)"
2025-05-30,CREDITACC,"RAISE STOP ₹1,019.35 → ₹1,029.71 (new box ₹1,083.90–₹1,225.60 sealed)"
2025-05-30,FORCEMOT,"fresh signal NOT FUNDED — cash exhausted (starved 1×, front of the queue — BUY: 1.51× weekly, month 3.92×, ladder rising; funding priority now 2)"
2025-05-30,IFCI,fresh signal REFUSED — falling earnings power
2025-05-30,IWEL,"fresh signal NOT FUNDED — cash exhausted (BUY: 2.37× weekly, month 1.53×, ladder rising; funding priority now 1)"
2025-05-30,MANINDS,"fresh signal NOT FUNDED — cash exhausted (BUY: 2.14× weekly, month 2.65×, ladder rising; funding priority now 1)"
2025-05-30,MIDHANI,"fresh signal NOT FUNDED — cash exhausted (starved 1×, front of the queue — BUY: 3.22× weekly, month 2.43×, ladder rising; funding priority now 2)"
2025-05-30,MODEFENCE,"fresh signal NOT FUNDED — cash exhausted (BUY: 1.58× weekly, month 6.46×, ladder rising; funding priority now 1)"
2025-05-30,PFIZER,fresh signal REFUSED — falling earnings power
2025-05-30,POWERINDIA,"fresh signal NOT FUNDED — cash exhausted (BUY: 2.15× weekly, month 1.64×, ladder rising; funding priority now 1)"
2025-05-30,PREMEXPLN,"fresh signal NOT FUNDED — cash exhausted (starved 1×, front of the queue — ACCUMULATE: 1.91× weekly, month 10.57×, ladder rising; funding priority now 2)"
2025-05-30,RPOWER,"fresh signal NOT FUNDED — cash exhausted (BUY: 5.25× weekly, month 1.98×, ladder rising; funding priority now 1)"
2025-05-30,SHARDACROP,"fresh signal NOT FUNDED — cash exhausted (BUY: 2.04× weekly, month 2.07×, ladder rising; funding priority now 1)"
2025-05-30,SOLARINDS,"fresh signal NOT FUNDED — cash exhausted (BUY: 2.38× weekly, month 2.10×, ladder rising; funding priority now 1)"
2025-05-30,TECHNOE,"fresh signal NOT FUNDED — cash exhausted (BUY: 6.29× weekly, month 1.64×, ladder rising; funding priority now 1)"
2025-05-30,TIMKEN,"fresh signal NOT FUNDED — cash exhausted (starved 1×, front of the queue — ACCUMULATE: 1.84× weekly, month 3.36×, ladder rising; funding priority now 2)"
2025-05-30,VADILALIND,"SELL ₹38.44 at stop ₹5,401.40 (-15.0%, charges ₹0.09) — the cash goes back to work at the next Friday screen; ₹19.20 of doubled capital and its returns OUT to the pocket"
2025-05-30,WALCHANNAG,"fresh signal NOT FUNDED — cash exhausted (starved 1×, front of the queue — BUY: 1.72× weekly, month 1.72×, ladder rising; funding priority now 2)"
2025-06-02,CREDITACC,"PYRAMID BUY ₹71.52 at ₹1,140.00 (box jump — doubling the stake with NEW capital; stop stays ₹1,029.71; funded ₹71.52 from the pocket + ₹0.00 fresh; charges ₹0.17)"
2025-06-02,TDPOWERSYS,"BUY ₹21.54 at ₹518.00 (fresh Friday signal — starved 2×, front of the queue — BUY: 1.60× weekly, month 2.44×, ladder rising; stop ₹432.25; charges ₹0.05)"
2025-06-20,TDPOWERSYS,RAISE STOP ₹432.25 → ₹457.00 (new box ₹481.05–₹527.30 sealed)
2025-06-23,TDPOWERSYS,PYRAMID BUY ₹21.22 at ₹511.50 (box jump — doubling the stake with NEW capital; stop stays ₹457.00; funded ₹21.22 from the pocket + ₹0.00 fresh; charges ₹0.05)
2025-07-11,CREDITACC,"RAISE STOP ₹1,029.71 → ₹1,193.20 (new box ₹1,256.00–₹1,354.80 sealed)"
2025-07-11,CREDITACC,box jump NOT doubled — the 3-doubling cap is already used
2025-07-28,TDPOWERSYS,"SELL ₹37.79 at stop ₹457.00 (-11.2%, charges ₹0.08) — the cash goes back to work at the next Friday screen; ₹18.87 of doubled capital and its returns OUT to the pocket"
2025-08-01,AADHARHFC,"fresh signal NOT FUNDED — cash exhausted (ACCUMULATE: 2.83× weekly, month 1.81×, ladder rising; funding priority now 1)"
2025-08-01,BLISSGVS,"fresh signal NOT FUNDED — cash exhausted (BUY: 8.78× weekly, month 1.59×, ladder rising; funding priority now 1)"
2025-08-01,BOSCHLTD,fresh signal REFUSED — falling earnings power
2025-08-01,CARTRADE,"fresh signal NOT FUNDED — cash exhausted (BUY: 4.57× weekly, month 1.73×, ladder rising; funding priority now 1)"
2025-08-01,FEDFINA,fresh signal REFUSED — falling earnings power
2025-08-01,GALLANTT,"fresh signal NOT FUNDED — cash exhausted (BUY: 4.01× weekly, month 1.98×, ladder rising; funding priority now 1)"
2025-08-01,HEG,fresh signal REFUSED — falling earnings power
2025-08-01,HIRECT,"fresh signal NOT FUNDED — cash exhausted (BUY: 12.48× weekly, month 5.91×, ladder rising; funding priority now 1)"
2025-08-01,JAGSNPHARM,"fresh signal NOT FUNDED — cash exhausted (BUY: 9.97× weekly, month 2.45×, ladder rising; funding priority now 1)"
2025-08-01,KAJARIACER,fresh signal REFUSED — falling earnings power
2025-08-01,NESCO,fresh signal REFUSED — falling earnings power
2025-08-01,PARADEEP,"fresh signal NOT FUNDED — cash exhausted (BUY: 5.24× weekly, month 2.94×, ladder rising; funding priority now 1)"
2025-08-01,POCL,"fresh signal NOT FUNDED — cash exhausted (BUY: 2.15× weekly, month 3.55×, ladder rising; funding priority now 1)"
2025-08-01,PUNJABCHEM,"fresh signal NOT FUNDED — cash exhausted (BUY: 43.22× weekly, month 11.54×, ladder rising; funding priority now 1)"
2025-08-01,RALLIS,fresh signal REFUSED — falling earnings power
2025-08-01,SHANKARA,"fresh signal NOT FUNDED — cash exhausted (BUY: 3.30× weekly, month 1.98×, ladder rising; funding priority now 1)"
2025-08-01,SIRCA,"fresh signal NOT FUNDED — cash exhausted (BUY: 1.78× weekly, month 3.12×, ladder rising; funding priority now 1)"
2025-08-01,SPMLINFRA,"fresh signal NOT FUNDED — cash exhausted (BUY: 2.48× weekly, month 5.99×, ladder rising; funding priority now 1)"
2025-08-01,SUMICHEM,"fresh signal NOT FUNDED — cash exhausted (BUY: 4.53× weekly, month 1.57×, ladder rising; funding priority now 1)"
2025-08-01,TEGA,"fresh signal NOT FUNDED — cash exhausted (ACCUMULATE: 1.56× weekly, month 6.07×, ladder rising; funding priority now 1)"
2025-08-01,THYROCARE,"fresh signal NOT FUNDED — cash exhausted (starved 1×, front of the queue — ACCUMULATE: 1.76× weekly, month 2.24×, ladder rising; funding priority now 2)"
2025-08-04,JSWHL,"SELL ₹62.12 at stop ₹19,106.01 (-11.1%, charges ₹0.14) — the cash goes back to work at the next Friday screen; ₹46.55 of doubled capital and its returns OUT to the pocket"
2025-08-04,SHARDACROP,"BUY ₹18.92 at ₹1,107.00 (fresh Friday signal — starved 1×, front of the queue — BUY: 3.38× weekly, month 3.43×, ladder rising; stop ₹729.83; charges ₹0.04)"
2025-08-08,BLISSGVS,"fresh signal NOT FUNDED — cash exhausted (starved 1×, front of the queue — BUY: 1.52× weekly, month 1.82×, ladder rising; funding priority now 2)"
2025-08-08,CUPID,fresh signal REFUSED — falling earnings power
2025-08-08,GODFRYPHLP,fresh signal REFUSED — falling earnings power
2025-08-08,KAJARIACER,fresh signal REFUSED — falling earnings power
2025-08-08,PRAKASH,"fresh signal NOT FUNDED — cash exhausted (ACCUMULATE: 7.16× weekly, month 2.58×, ladder rising; funding priority now 1)"
2025-08-08,RAIN,"fresh signal NOT FUNDED — cash exhausted (BUY: 9.58× weekly, month 1.81×, ladder rising; funding priority now 1)"
2025-08-08,YATHARTH,fresh signal REFUSED — falling earnings power
2025-08-11,SIRCA,"BUY ₹15.57 at ₹458.80 (fresh Friday signal — starved 1×, front of the queue — BUY: 2.96× weekly, month 3.38×, ladder rising; stop ₹388.17; charges ₹0.04)"
2025-08-29,SHARDACROP,"RAISE STOP ₹729.83 → ₹848.33 (new box ₹925.10–₹1,181.00 sealed)"
2025-08-29,SIRCA,RAISE STOP ₹388.17 → ₹424.18 (new box ₹446.50–₹473.95 sealed)
2025-09-01,SHARDACROP,PYRAMID BUY ₹16.22 at ₹951.60 (box jump — doubling the stake with NEW capital; stop stays ₹848.33; funded ₹16.22 from the pocket + ₹0.00 fresh; charges ₹0.04)
2025-09-01,SIRCA,PYRAMID BUY ₹15.72 at ₹464.50 (box jump — doubling the stake with NEW capital; stop stays ₹424.18; funded ₹15.72 from the pocket + ₹0.00 fresh; charges ₹0.04)
2025-09-05,CREDITACC,"RAISE STOP ₹1,193.20 → ₹1,256.94 (new box ₹1,323.10–₹1,409.00 sealed)"
2025-09-05,CREDITACC,box jump NOT doubled — the 3-doubling cap is already used
2025-09-24,SHARDACROP,"SELL ₹28.83 at stop ₹848.33 (-17.6%, charges ₹0.06) — the cash goes back to work at the next Friday screen; ₹14.40 of doubled capital and its returns OUT to the pocket"
2025-09-26,CREDITACC,"RAISE STOP ₹1,256.94 → ₹1,274.42 (new box ₹1,341.50–₹1,400.00 sealed)"
2025-09-26,CREDITACC,box jump NOT doubled — the 3-doubling cap is already used
2025-10-03,SIRCA,RAISE STOP ₹424.18 → ₹446.36 (new box ₹469.85–₹513.00 sealed)
2025-10-06,SIRCA,PYRAMID BUY ₹33.40 at ₹493.90 (box jump — doubling the stake with NEW capital; stop stays ₹446.36; funded ₹33.40 from the pocket + ₹0.00 fresh; charges ₹0.08)
2025-10-10,AVANTIFEED,RAISE STOP ₹492.75 → ₹511.29 (new box ₹601.55–₹902.40 sealed)
2025-10-13,AVANTIFEED,PYRAMID BUY ₹16.87 at ₹657.45 (box jump — doubling the stake with NEW capital; stop stays ₹511.29; funded ₹16.87 from the pocket + ₹0.00 fresh; charges ₹0.04)
2025-10-17,AVANTIFEED,RAISE STOP ₹511.29 → ₹600.07 (new box ₹631.65–₹688.40 sealed)
2025-10-20,AVANTIFEED,PYRAMID BUY ₹35.24 at ₹687.70 (box jump — doubling the stake with NEW capital; stop stays ₹600.07; funded ₹35.24 from the pocket + ₹0.00 fresh; charges ₹0.08)
2025-10-20,CREDITACC,"SELL ₹159.36 at stop ₹1,274.42 (+17.5%, charges ₹0.35) — the cash goes back to work at the next Friday screen; ₹139.37 of doubled capital and its returns OUT to the pocket"
2025-10-24,DCBBANK,fresh signal REFUSED — falling earnings power
2025-10-24,RBLBANK,fresh signal REFUSED — falling earnings power
2025-10-24,SOUTHBANK,fresh signal REFUSED — falling earnings power
2025-10-27,SKYGOLD,"BUY ₹23.24 at ₹370.00 (fresh Friday signal — BUY: 1.65× weekly, month 2.25×, ladder rising; stop ₹304.38; charges ₹0.05)"
2025-11-07,SKYGOLD,RAISE STOP ₹304.38 → ₹329.13 (new box ₹346.45–₹375.45 sealed)
2025-11-10,SKYGOLD,PYRAMID BUY ₹22.37 at ₹357.00 (box jump — doubling the stake with NEW capital; stop stays ₹329.13; funded ₹22.37 from the pocket + ₹0.00 fresh; charges ₹0.05)
2025-11-14,SIRCA,RAISE STOP ₹446.36 → ₹475.57 (new box ₹500.60–₹527.40 sealed)
2025-11-17,SIRCA,PYRAMID BUY ₹70.37 at ₹520.95 (box jump — doubling the stake with NEW capital; stop stays ₹475.57; funded ₹70.37 from the pocket + ₹0.00 fresh; charges ₹0.17)
2025-11-25,SKYGOLD,"SELL ₹41.12 at stop ₹329.13 (-9.5%, charges ₹0.09) — the cash goes back to work at the next Friday screen; ₹20.53 of doubled capital and its returns OUT to the pocket"
2025-11-28,GMRAIRPORT,"fresh signal NOT FUNDED — cash exhausted (BUY: 1.69× weekly, month 1.87×, ladder rising; funding priority now 1)"
2025-11-28,LUMAXIND,"fresh signal NOT FUNDED — cash exhausted (BUY: 2.57× weekly, month 1.94×, ladder rising; funding priority now 1)"
2025-11-28,SIRCA,RAISE STOP ₹475.57 → ₹485.64 (new box ₹511.20–₹539.00 sealed)
2025-11-28,SIRCA,box jump NOT doubled — the 3-doubling cap is already used
2025-11-28,STYLAMIND,"fresh signal NOT FUNDED — cash exhausted (BUY: 2.11× weekly, month 1.90×, ladder rising; funding priority now 1)"
2025-12-01,SANSERA,"BUY ₹30.48 at ₹1,749.60 (fresh Friday signal — starved 2×, front of the queue — BUY: 2.73× weekly, month 1.54×, ladder rising; stop ₹1,413.60; charges ₹0.07)"
2025-12-05,AVANTIFEED,RAISE STOP ₹600.07 → ₹748.60 (new box ₹788.00–₹875.00 sealed)
2025-12-08,AVANTIFEED,PYRAMID BUY ₹84.04 at ₹820.95 (box jump — doubling the stake with NEW capital; stop stays ₹748.60; funded ₹84.04 from the pocket + ₹0.00 fresh; charges ₹0.20)
2025-12-08,SIRCA,"SELL ₹130.76 at stop ₹485.64 (-2.7%, charges ₹0.29) — the cash goes back to work at the next Friday screen; ₹114.35 of doubled capital and its returns OUT to the pocket"
2025-12-12,JAMNAAUTO,fresh signal REFUSED — falling earnings power
2025-12-12,SANSERA,"RAISE STOP ₹1,413.60 → ₹1,517.72 (new box ₹1,597.60–₹1,770.00 sealed)"
2025-12-15,GMRAIRPORT,"BUY ₹17.69 at ₹103.95 (fresh Friday signal — starved 1×, front of the queue — BUY: 1.56× weekly, month 2.60×, ladder rising; stop ₹89.73; charges ₹0.04)"
2025-12-15,SANSERA,"PYRAMID BUY ₹29.63 at ₹1,705.00 (box jump — doubling the stake with NEW capital; stop stays ₹1,517.72; funded ₹29.63 from the pocket + ₹0.00 fresh; charges ₹0.07)"
2025-12-19,GMRAIRPORT,RAISE STOP ₹89.73 → ₹92.10 (new box ₹96.95–₹110.36 sealed)
2025-12-22,GMRAIRPORT,PYRAMID BUY ₹17.32 at ₹102.05 (box jump — doubling the stake with NEW capital; stop stays ₹92.10; funded ₹17.32 from the pocket + ₹0.00 fresh; charges ₹0.04)
2026-01-16,SANSERA,"RAISE STOP ₹1,517.72 → ₹1,672.76 (new box ₹1,760.80–₹1,958.30 sealed)"
2026-01-19,SANSERA,"PYRAMID BUY ₹64.08 at ₹1,846.00 (box jump — doubling the stake with NEW capital; stop stays ₹1,672.76; funded ₹64.08 from the pocket + ₹0.00 fresh; charges ₹0.15)"
2026-01-21,AVANTIFEED,"SELL ₹152.75 at stop ₹748.60 (-2.4%, charges ₹0.34) — the cash goes back to work at the next Friday screen; ₹133.59 of doubled capital and its returns OUT to the pocket"
2026-01-23,AXISGOLD,"fresh signal NOT FUNDED — cash exhausted (BUY: 3.28× weekly, month 3.08×, ladder rising; funding priority now 1)"
2026-01-23,AXISILVER,"fresh signal NOT FUNDED — cash exhausted (BUY: 2.25× weekly, month 4.26×, ladder rising; funding priority now 1)"
2026-01-23,CREDITACC,fresh signal REFUSED — falling earnings power
2026-01-23,GMRAIRPORT,"SELL ₹31.16 at stop ₹92.10 (-10.6%, charges ₹0.07) — the cash goes back to work at the next Friday screen; ₹15.56 of doubled capital and its returns OUT to the pocket"
2026-01-23,GOLD1,"fresh signal NOT FUNDED — cash exhausted (BUY: 4.68× weekly, month 3.28×, ladder rising; funding priority now 1)"
2026-01-23,GOLDCASE,"fresh signal NOT FUNDED — cash exhausted (BUY: 4.49× weekly, month 6.25×, ladder rising; funding priority now 1)"
2026-01-23,GOLDETF,"fresh signal NOT FUNDED — cash exhausted (BUY: 4.41× weekly, month 3.74×, ladder rising; funding priority now 1)"
2026-01-23,HDFCGOLD,"fresh signal NOT FUNDED — cash exhausted (BUY: 4.38× weekly, month 2.90×, ladder rising; funding priority now 1)"
2026-01-23,HDFCSILVER,"fresh signal NOT FUNDED — cash exhausted (BUY: 3.72× weekly, month 5.84×, ladder rising; funding priority now 1)"
2026-01-23,INFOBEAN,"fresh signal NOT FUNDED — cash exhausted (ACCUMULATE: 3.29× weekly, month 6.74×, ladder rising; funding priority now 1)"
2026-01-23,SANSERA,"SELL ₹115.74 at stop ₹1,672.76 (-6.4%, charges ₹0.26) — the cash goes back to work at the next Friday screen; ₹86.74 of doubled capital and its returns OUT to the pocket"
2026-01-23,SBISILVER,"fresh signal NOT FUNDED — cash exhausted (BUY: 4.00× weekly, month 7.28×, ladder rising; funding priority now 1)"
2026-01-23,SETFGOLD,"fresh signal NOT FUNDED — cash exhausted (BUY: 3.60× weekly, month 3.02×, ladder rising; funding priority now 1)"
2026-01-23,SILVER1,"fresh signal NOT FUNDED — cash exhausted (BUY: 3.35× weekly, month 7.13×, ladder rising; funding priority now 1)"
2026-01-23,SILVERADD,"fresh signal NOT FUNDED — cash exhausted (BUY: 3.30× weekly, month 3.59×, ladder rising; funding priority now 1)"
2026-01-23,SILVERBEES,"fresh signal NOT FUNDED — cash exhausted (BUY: 3.91× weekly, month 6.03×, ladder rising; funding priority now 1)"
2026-01-23,SILVERCASE,"fresh signal NOT FUNDED — cash exhausted (BUY: 5.18× weekly, month 9.06×, ladder rising; funding priority now 1)"
2026-01-23,SILVERIETF,"fresh signal NOT FUNDED — cash exhausted (BUY: 3.77× weekly, month 4.93×, ladder rising; funding priority now 1)"
2026-01-23,UJJIVANSFB,fresh signal REFUSED — falling earnings power
2026-01-23,VEDL,fresh signal REFUSED — falling earnings power
2026-01-27,GOLDBEES,"BUY ₹11.96 at ₹130.55 (fresh Friday signal — starved 1×, front of the queue — BUY: 5.08× weekly, month 3.47×, ladder rising; stop ₹104.22; charges ₹0.03)"
2026-01-27,GOLDIETF,"BUY ₹11.97 at ₹136.40 (fresh Friday signal — starved 1×, front of the queue — BUY: 4.40× weekly, month 3.35×, ladder rising; stop ₹106.77; charges ₹0.03)"
2026-01-27,GROWWSLVR,"BUY ₹11.98 at ₹31.00 (fresh Friday signal — BUY: 5.65× weekly, month 5.51×, ladder rising; stop ₹19.45; charges ₹0.03)"
2026-01-27,SILVER,"BUY ₹12.04 at ₹315.00 (fresh Friday signal — BUY: 5.32× weekly, month 6.78×, ladder rising; stop ₹208.79; charges ₹0.03)"
2026-01-27,TATSILV,"BUY ₹11.97 at ₹32.00 (fresh Friday signal — BUY: 9.86× weekly, month 21.32×, ladder rising; stop ₹19.90; charges ₹0.03)"
2026-01-30,GOLDBEES,RAISE STOP ₹104.22 → ₹113.05 (new box ₹119.00–₹135.90 sealed)
2026-01-30,GOLDIETF,RAISE STOP ₹106.77 → ₹115.68 (new box ₹121.77–₹139.00 sealed)
2026-01-30,GROWWSLVR,RAISE STOP ₹19.45 → ₹22.32 (new box ₹25.02–₹34.04 sealed)
2026-01-30,SILVER,RAISE STOP ₹208.79 → ₹234.68 (new box ₹260.00–₹344.40 sealed)
2026-01-30,TATSILV,RAISE STOP ₹19.90 → ₹23.03 (new box ₹25.56–₹34.00 sealed)
2026-02-02,GOLDBEES,PYRAMID BUY ₹11.15 at ₹121.99 (box jump — doubling the stake with NEW capital; stop stays ₹113.05; funded ₹11.15 from the pocket + ₹0.00 fresh; charges ₹0.03)
2026-02-02,GOLDBEES,"SELL ₹20.60 at stop ₹113.05 (-10.5%, charges ₹0.05) — the cash goes back to work at the next Friday screen; ₹10.29 of doubled capital and its returns OUT to the pocket"
2026-02-02,GOLDIETF,PYRAMID BUY ₹11.63 at ₹132.82 (box jump — doubling the stake with NEW capital; stop stays ₹115.68; funded ₹11.63 from the pocket + ₹0.00 fresh; charges ₹0.03)
2026-02-02,GROWWSLVR,PYRAMID BUY ₹9.36 at ₹24.27 (box jump — doubling the stake with NEW capital; stop stays ₹22.32; funded ₹9.36 from the pocket + ₹0.00 fresh; charges ₹0.02)
2026-02-02,GROWWSLVR,"SELL ₹17.16 at stop ₹22.32 (-19.2%, charges ₹0.04) — the cash goes back to work at the next Friday screen; ₹8.57 of doubled capital and its returns OUT to the pocket"
2026-02-02,SILVER,PYRAMID BUY ₹10.04 at ₹263.22 (box jump — doubling the stake with NEW capital; stop stays ₹234.68; funded ₹10.04 from the pocket + ₹0.00 fresh; charges ₹0.02)
2026-02-02,SILVER,"SELL ₹17.84 at stop ₹234.68 (-18.8%, charges ₹0.04) — the cash goes back to work at the next Friday screen; ₹8.91 of doubled capital and its returns OUT to the pocket"
2026-02-02,TATSILV,PYRAMID BUY ₹10.27 at ₹27.52 (box jump — doubling the stake with NEW capital; stop stays ₹23.03; funded ₹10.27 from the pocket + ₹0.00 fresh; charges ₹0.02)
2026-02-02,TATSILV,"SELL ₹17.12 at stop ₹23.03 (-22.6%, charges ₹0.04) — the cash goes back to work at the next Friday screen; ₹8.55 of doubled capital and its returns OUT to the pocket"
2026-02-09,APEX,"BUY ₹11.93 at ₹355.00 (fresh Friday signal — BUY: 2.98× weekly, month 4.24×, ladder rising; stop ₹221.66; charges ₹0.03)"
2026-02-09,CPSEETF,"BUY ₹12.01 at ₹99.82 (fresh Friday signal — BUY: 2.11× weekly, month 2.09×, ladder rising; stop ₹85.68; charges ₹0.03)"
2026-02-09,LIQUIDPLUS,"BUY ₹12.01 at ₹1,075.80 (fresh Friday signal — BUY: 1.56× weekly, month 3.05×, ladder rising; stop ₹1,009.92; charges ₹0.03)"
2026-02-13,APEX,RAISE STOP ₹221.66 → ₹327.85 (new box ₹345.10–₹402.50 sealed)
2026-02-13,LIQUIDPLUS,"RAISE STOP ₹1,009.92 → ₹1,012.68 (new box ₹1,065.98–₹1,078.77 sealed)"
2026-02-16,APEX,PYRAMID BUY ₹14.24 at ₹425.00 (box jump — doubling the stake with NEW capital; stop stays ₹327.85; funded ₹14.24 from the pocket + ₹0.00 fresh; charges ₹0.03)
2026-02-16,LIQUIDPLUS,"PYRAMID BUY ₹11.90 at ₹1,068.50 (box jump — doubling the stake with NEW capital; stop stays ₹1,012.68; funded ₹11.90 from the pocket + ₹0.00 fresh; charges ₹0.03)"
2026-02-20,APEX,RAISE STOP ₹327.85 → ₹389.22 (new box ₹412.00–₹487.95 sealed)
2026-02-20,CPSEETF,RAISE STOP ₹85.68 → ₹91.67 (new box ₹96.50–₹102.40 sealed)
2026-02-23,APEX,PYRAMID BUY ₹30.26 at ₹452.00 (box jump — doubling the stake with NEW capital; stop stays ₹389.22; funded ₹30.26 from the pocket + ₹0.00 fresh; charges ₹0.07)
2026-02-23,CPSEETF,PYRAMID BUY ₹12.20 at ₹101.63 (box jump — doubling the stake with NEW capital; stop stays ₹91.67; funded ₹12.20 from the pocket + ₹0.00 fresh; charges ₹0.03)
2026-02-27,ABB,"fresh signal NOT FUNDED — cash exhausted (ACCUMULATE: 2.01× weekly, month 1.63×, ladder rising; funding priority now 1)"
2026-02-27,AGIIL,"fresh signal NOT FUNDED — cash exhausted (BUY: 2.22× weekly, month 2.22×, ladder rising; funding priority now 1)"
2026-02-27,APEX,"SELL ₹51.94 at stop ₹389.22 (-7.5%, charges ₹0.12) — the cash goes back to work at the next Friday screen; ₹38.92 of doubled capital and its returns OUT to the pocket"
2026-02-27,TORNTPOWER,"fresh signal NOT FUNDED — cash exhausted (starved 1×, front of the queue — BUY: 1.57× weekly, month 1.69×, ladder rising; funding priority now 2)"
2026-03-02,J&KBANK,"BUY ₹14.67 at ₹116.20 (fresh Friday signal — starved 1×, front of the queue — BUY: 8.67× weekly, month 1.90×, ladder rising; stop ₹96.50; charges ₹0.03)"
2026-03-13,CPSEETF,RAISE STOP ₹91.67 → ₹96.54 (new box ₹101.62–₹106.26 sealed)
2026-03-13,J&KBANK,RAISE STOP ₹96.50 → ₹103.27 (new box ₹108.70–₹123.60 sealed)
2026-03-16,CPSEETF,PYRAMID BUY ₹24.51 at ₹102.23 (box jump — doubling the stake with NEW capital; stop stays ₹96.54; funded ₹24.51 from the pocket + ₹0.00 fresh; charges ₹0.06)
2026-03-16,J&KBANK,PYRAMID BUY ₹15.26 at ₹121.14 (box jump — doubling the stake with NEW capital; stop stays ₹103.27; funded ₹15.26 from the pocket + ₹0.00 fresh; charges ₹0.04)
2026-03-20,J&KBANK,RAISE STOP ₹103.27 → ₹110.67 (new box ₹116.49–₹128.48 sealed)
2026-03-23,GOLDIETF,"SELL ₹20.19 at stop ₹115.68 (-14.1%, charges ₹0.04) — the cash goes back to work at the next Friday screen; ₹10.08 of doubled capital and its returns OUT to the pocket"
2026-03-23,J&KBANK,PYRAMID BUY ₹29.11 at ₹115.68 (box jump — doubling the stake with NEW capital; stop stays ₹110.67; funded ₹29.11 from the pocket + ₹0.00 fresh; charges ₹0.07)
2026-03-23,J&KBANK,"SELL ₹55.52 at stop ₹110.67 (-5.6%, charges ₹0.12) — the cash goes back to work at the next Friday screen; ₹41.60 of doubled capital and its returns OUT to the pocket"
2026-03-27,BALRAMCHIN,fresh signal REFUSED — falling earnings power
2026-03-30,AETHER,"BUY ₹15.44 at ₹1,150.50 (fresh Friday signal — BUY: 2.85× weekly, month 2.04×, ladder rising; stop ₹928.15; charges ₹0.04)"
2026-03-30,LIQUID1,"BUY ₹11.22 at ₹1,097.40 (fresh Friday signal — ACCUMULATE: 2.24× weekly, month 1.82×, ladder rising; stop ₹1,039.97; charges ₹0.03)"
2026-04-01,TAX,"FY2026 settled: ₹0.00 paid (STCG ₹0.00 @20%, LTCG ₹0.00 @12.5%; losses carried forward ST ₹34.28 / LT ₹0.00)"
2026-04-10,AETHER,"RAISE STOP ₹928.15 → ₹1,010.28 (new box ₹1,065.60–₹1,250.00 sealed)"
2026-04-10,LIQUIDPLUS,"RAISE STOP ₹1,012.68 → ₹1,022.02 (new box ₹1,075.81–₹1,085.00 sealed)"
2026-04-13,AETHER,"PYRAMID BUY ₹15.67 at ₹1,170.00 (box jump — doubling the stake with NEW capital; stop stays ₹1,010.28; funded ₹15.67 from the pocket + ₹0.00 fresh; charges ₹0.04)"
2026-04-13,LIQUIDPLUS,"PYRAMID BUY ₹24.04 at ₹1,080.91 (box jump — doubling the stake with NEW capital; stop stays ₹1,022.02; funded ₹24.04 from the pocket + ₹0.00 fresh; charges ₹0.06)"
2026-04-24,LIQUID1,"RAISE STOP ₹1,039.97 → ₹1,041.83 (new box ₹1,096.66–₹1,102.30 sealed)"
2026-04-27,LIQUID1,"PYRAMID BUY ₹11.25 at ₹1,103.44 (box jump — doubling the stake with NEW capital; stop stays ₹1,041.83; funded ₹11.25 from the pocket + ₹0.00 fresh; charges ₹0.03)"
2026-04-30,CPSEETF,RAISE STOP ₹96.54 → ₹100.15 (new box ₹105.42–₹107.84 sealed)
2026-05-04,CPSEETF,PYRAMID BUY ₹52.93 at ₹110.50 (box jump — doubling the stake with NEW capital; stop stays ₹100.15; funded ₹52.93 from the pocket + ₹0.00 fresh; charges ₹0.12)
2026-05-08,AETHER,"RAISE STOP ₹1,010.28 → ₹1,125.84 (new box ₹1,185.10–₹1,275.10 sealed)"
2026-05-08,LIQUID1,"RAISE STOP ₹1,041.83 → ₹1,047.51 (new box ₹1,102.64–₹1,103.15 sealed)"
2026-05-11,AETHER,"PYRAMID BUY ₹32.46 at ₹1,213.40 (box jump — doubling the stake with NEW capital; stop stays ₹1,125.84; funded ₹32.46 from the pocket + ₹0.00 fresh; charges ₹0.08)"
2026-05-11,LIQUID1,"PYRAMID BUY ₹22.43 at ₹1,101.40 (box jump — doubling the stake with NEW capital; stop stays ₹1,047.51; funded ₹22.43 from the pocket + ₹0.00 fresh; charges ₹0.05)"
2026-05-14,AETHER,"SELL ₹60.03 at stop ₹1,125.84 (-5.1%, charges ₹0.13) — the cash goes back to work at the next Friday screen; ₹44.99 of doubled capital and its returns OUT to the pocket"
2026-05-15,ATHERENERG,"fresh signal NOT FUNDED — cash exhausted (BUY: 1.71× weekly, month 1.86×, ladder rising; funding priority now 1)"
2026-05-15,CROMPTON,fresh signal REFUSED — falling earnings power
2026-05-15,DIACABS,"fresh signal NOT FUNDED — cash exhausted (BUY: 4.25× weekly, month 2.50×, ladder rising; funding priority now 1)"
2026-05-15,MARKSANS,"fresh signal NOT FUNDED — cash exhausted (starved 1×, front of the queue — BUY: 2.70× weekly, month 1.65×, ladder rising; funding priority now 2)"
2026-05-15,NLCINDIA,"fresh signal NOT FUNDED — cash exhausted (BUY: 5.83× weekly, month 6.05×, ladder rising; funding priority now 1)"
2026-05-15,TEXRAIL,fresh signal REFUSED — falling earnings power
2026-05-15,WHEELS,"fresh signal NOT FUNDED — cash exhausted (BUY: 1.58× weekly, month 3.94×, ladder rising; funding priority now 1)"
2026-05-18,CAPLIPOINT,"BUY ₹15.04 at ₹1,990.00 (fresh Friday signal — starved 1×, front of the queue — BUY: 7.92× weekly, month 2.28×, ladder rising; stop ₹1,711.52; charges ₹0.04)"
2026-05-22,CAPLIPOINT,"RAISE STOP ₹1,711.52 → ₹1,851.17 (new box ₹1,948.60–₹2,060.00 sealed)"
2026-05-25,CAPLIPOINT,"PYRAMID BUY ₹15.53 at ₹2,059.40 (box jump — doubling the stake with NEW capital; stop stays ₹1,851.17; funded ₹15.53 from the pocket + ₹0.00 fresh; charges ₹0.04)"
2026-06-02,CPSEETF,"SELL ₹95.61 at stop ₹100.15 (-5.5%, charges ₹0.21) — the cash goes back to work at the next Friday screen; ₹83.62 of doubled capital and its returns OUT to the pocket"
2026-06-05,ALKYLAMINE,"fresh signal NOT FUNDED — cash exhausted (BUY: 2.87× weekly, month 5.37×, ladder rising; funding priority now 1)"
2026-06-05,APOLLO,"fresh signal NOT FUNDED — cash exhausted (BUY: 2.10× weekly, month 4.18×, ladder rising; funding priority now 1)"
2026-06-05,ASTRAMICRO,"fresh signal NOT FUNDED — cash exhausted (starved 1×, front of the queue — BUY: 1.82× weekly, month 3.50×, ladder rising; funding priority now 2)"
2026-06-05,BALAMINES,"fresh signal NOT FUNDED — cash exhausted (BUY: 5.63× weekly, month 3.60×, ladder rising; funding priority now 1)"
2026-06-05,FCL,"fresh signal NOT FUNDED — cash exhausted (BUY: 1.60× weekly, month 19.45×, ladder rising; funding priority now 1)"
2026-06-05,HSCL,"fresh signal NOT FUNDED — cash exhausted (BUY: 1.99× weekly, month 4.25×, ladder rising; funding priority now 1)"
2026-06-05,IFCI,fresh signal REFUSED — falling earnings power
2026-06-05,JBMA,"fresh signal NOT FUNDED — cash exhausted (ACCUMULATE: 1.51× weekly, month 1.59×, ladder rising; funding priority now 1)"
2026-06-05,MANINDS,"fresh signal NOT FUNDED — cash exhausted (starved 1×, front of the queue — ACCUMULATE: 2.51× weekly, month 1.68×, ladder rising; funding priority now 2)"
2026-06-05,NSLNISP,"fresh signal NOT FUNDED — cash exhausted (BUY: 7.73× weekly, month 2.98×, ladder rising; funding priority now 1)"
2026-06-05,PARACABLES,"fresh signal NOT FUNDED — cash exhausted (ACCUMULATE: 2.11× weekly, month 7.60×, ladder rising; funding priority now 1)"
2026-06-05,RPEL,"fresh signal NOT FUNDED — cash exhausted (BUY: 1.58× weekly, month 4.32×, ladder rising; funding priority now 1)"
2026-06-05,RRKABEL,"fresh signal NOT FUNDED — cash exhausted (BUY: 1.79× weekly, month 2.79×, ladder rising; funding priority now 1)"
2026-06-05,RUBICON,"fresh signal NOT FUNDED — cash exhausted (BUY: 15.02× weekly, month 1.61×, ladder rising; funding priority now 1)"
2026-06-05,SANDHAR,"fresh signal NOT FUNDED — cash exhausted (starved 2×, front of the queue — ACCUMULATE: 1.97× weekly, month 7.01×, ladder rising; funding priority now 3)"
2026-06-05,SAREGAMA,"fresh signal NOT FUNDED — cash exhausted (BUY: 1.76× weekly, month 19.23×, ladder rising; funding priority now 1)"
2026-06-05,SHILPAMED,"fresh signal NOT FUNDED — cash exhausted (starved 1×, front of the queue — BUY: 1.91× weekly, month 2.78×, ladder rising; funding priority now 2)"
2026-06-05,SKYGOLD,"fresh signal NOT FUNDED — cash exhausted (BUY: 2.05× weekly, month 2.00×, ladder rising; funding priority now 1)"
2026-06-05,SONATSOFTW,"fresh signal NOT FUNDED — cash exhausted (ACCUMULATE: 2.36× weekly, month 2.09×, ladder rising; funding priority now 1)"
2026-06-05,TEJASNET,fresh signal REFUSED — falling earnings power
2026-06-05,UNIVCABLES,"fresh signal NOT FUNDED — cash exhausted (BUY: 2.63× weekly, month 4.39×, ladder rising; funding priority now 1)"
2026-06-08,MIDHANI,"BUY ₹11.99 at ₹430.50 (fresh Friday signal — starved 2×, front of the queue — BUY: 2.42× weekly, month 1.62×, ladder rising; stop ₹368.08; charges ₹0.03)"
2026-06-12,CAPLIPOINT,"RAISE STOP ₹1,851.17 → ₹1,852.50 (new box ₹1,950.00–₹2,099.00 sealed)"
2026-06-15,CAPLIPOINT,"PYRAMID BUY ₹36.69 at ₹2,435.00 (box jump — doubling the stake with NEW capital; stop stays ₹1,852.50; funded ₹36.69 from the pocket + ₹0.00 fresh; charges ₹0.09)"
2026-06-19,MIDHANI,RAISE STOP ₹368.08 → ₹399.19 (new box ₹420.20–₹454.80 sealed)
2026-06-22,MIDHANI,PYRAMID BUY ₹12.21 at ₹439.20 (box jump — doubling the stake with NEW capital; stop stays ₹399.19; funded ₹12.21 from the pocket + ₹0.00 fresh; charges ₹0.03)
2026-06-25,CAPLIPOINT,"RAISE STOP ₹1,852.50 → ₹2,209.13 (new box ₹2,325.40–₹2,447.30 sealed)"
2026-06-29,CAPLIPOINT,"PYRAMID BUY ₹75.43 at ₹2,506.40 (box jump — doubling the stake with NEW capital; stop stays ₹2,209.13; funded ₹75.43 from the pocket + ₹0.00 fresh; charges ₹0.18)"
2026-07-10,LIQUIDPLUS,"RAISE STOP ₹1,022.02 → ₹1,036.02 (new box ₹1,090.55–₹1,094.25 sealed)"
2026-07-13,LIQUIDPLUS,"PYRAMID BUY ₹48.61 at ₹1,093.96 (box jump — doubling the stake with NEW capital; stop stays ₹1,036.02; funded ₹48.61 from the pocket + ₹0.00 fresh; charges ₹0.11)"
2026-07-17,CAPLIPOINT,"RAISE STOP ₹2,209.13 → ₹2,376.52 (new box ₹2,501.60–₹2,675.00 sealed)"
2026-07-17,CAPLIPOINT,box jump NOT doubled — the 3-doubling cap is already used
2026-07-23,MIDHANI,"SELL ₹22.12 at stop ₹399.19 (-8.2%, charges ₹0.05) — the cash goes back to work at the next Friday screen; ₹11.04 of doubled capital and its returns OUT to the pocket"
2026-07-24,LIQUIDPLUS,"RAISE STOP ₹1,036.02 → ₹1,039.82 (new box ₹1,094.55–₹1,127.08 sealed)"
2026-07-24,LIQUIDPLUS,box jump NOT doubled — the 3-doubling cap is already used
