date,symbol,event
2020-06-05,BAYERCROP,fresh signal REFUSED — falling earnings power
2020-06-05,HCG,fresh signal REFUSED — falling earnings power
2020-06-05,STLTECH,fresh signal REFUSED — falling earnings power
2020-06-05,ZEEL,fresh signal REFUSED — falling earnings power
2020-06-08,EIDPARRY,"BUY ₹10.00 at ₹219.00 (fresh Friday signal — BUY: 4.34× weekly, month 3.59×, ladder rising; stop ₹132.60; charges ₹0.01)"
2020-06-08,IGL,"BUY ₹9.95 at ₹247.75 (fresh Friday signal — BUY: 1.53× weekly, month 1.89×, ladder rising; stop ₹208.81; charges ₹0.01)"
2020-06-08,KIRLOSBROS,"BUY ₹9.96 at ₹106.50 (fresh Friday signal — ACCUMULATE: 2.95× weekly, month 1.69×, ladder rising; stop ₹91.63; charges ₹0.01)"
2020-06-08,LLOYDSENGG,"BUY ₹10.00 at ₹0.87 (fresh Friday signal — BUY: 4.83× weekly, month 4.76×, ladder rising; stop ₹0.46; charges ₹0.01)"
2020-06-08,RCF,"BUY ₹10.02 at ₹45.20 (fresh Friday signal — BUY: 2.38× weekly, month 2.29×, ladder rising; stop ₹35.25; charges ₹0.01)"
2020-06-08,RELAXO,"BUY ₹10.00 at ₹759.45 (fresh Friday signal — BUY: 1.89× weekly, month 1.81×, ladder rising; stop ₹603.77; charges ₹0.01)"
2020-06-08,SYNGENE,"BUY ₹9.95 at ₹373.90 (fresh Friday signal — ACCUMULATE: 1.59× weekly, month 2.27×, ladder rising; stop ₹323.19; charges ₹0.01)"
2020-06-12,APOLLO,"fresh signal NOT FUNDED — cash exhausted (BUY: 2.77× weekly, month 6.85×, ladder rising)"
2020-06-12,HEROMOTOCO,fresh signal REFUSED — falling earnings power
2020-06-12,JUBLPHARMA,fresh signal REFUSED — falling earnings power
2020-06-12,NFL,fresh signal REFUSED — falling earnings power
2020-06-12,RCF,RAISE STOP ₹35.25 → ₹40.28 (new box ₹42.40–₹46.20 sealed)
2020-06-12,RECLTD,fresh signal REFUSED — falling earnings power
2020-06-15,ADVENZYMES,"BUY ₹10.89 at ₹172.70 (fresh Friday signal — BUY: 4.13× weekly, month 2.92×, ladder rising; stop ₹126.20; charges ₹0.01)"
2020-06-15,CAPLIPOINT,"BUY ₹10.84 at ₹383.80 (fresh Friday signal — BUY: 5.39× weekly, month 2.09×, ladder rising; stop ₹291.46; charges ₹0.01)"
2020-06-15,GRANULES,"BUY ₹8.39 at ₹216.75 (fresh Friday signal — BUY: 3.46× weekly, month 2.65×, ladder rising; stop ₹170.34; charges ₹0.01)"
2020-06-15,RCF,PYRAMID BUY ₹9.95 at ₹44.95 (box jump — doubling the stake with NEW capital; stop stays ₹40.28; charges ₹0.01)
2020-06-19,ADVENZYMES,RAISE STOP ₹126.20 → ₹149.98 (new box ₹158.50–₹186.90 sealed)
2020-06-19,EIDPARRY,RAISE STOP ₹132.60 → ₹204.49 (new box ₹215.25–₹237.80 sealed)
2020-06-19,LLOYDSENGG,RAISE STOP ₹0.46 → ₹0.71 (new box ₹0.77–₹0.96 sealed)
2020-06-22,ADVENZYMES,PYRAMID BUY ₹10.67 at ₹169.35 (box jump — doubling the stake with NEW capital; stop stays ₹149.98; charges ₹0.01)
2020-06-22,EIDPARRY,PYRAMID BUY ₹12.20 at ₹267.45 (box jump — doubling the stake with NEW capital; stop stays ₹204.49; charges ₹0.01)
2020-06-22,LLOYDSENGG,PYRAMID BUY ₹12.21 at ₹1.06 (box jump — doubling the stake with NEW capital; stop stays ₹0.71; charges ₹0.01)
2020-06-26,EIDPARRY,RAISE STOP ₹204.49 → ₹249.19 (new box ₹262.30–₹279.80 sealed)
2020-06-26,GRANULES,RAISE STOP ₹170.34 → ₹190.95 (new box ₹201.00–₹224.45 sealed)
2020-06-26,KIRLOSBROS,RAISE STOP ₹91.63 → ₹93.65 (new box ₹100.55–₹123.55 sealed)
2020-06-29,EIDPARRY,PYRAMID BUY ₹24.79 at ₹272.00 (box jump — doubling the stake with NEW capital; stop stays ₹249.19; charges ₹0.03)
2020-06-29,GRANULES,PYRAMID BUY ₹7.93 at ₹205.00 (box jump — doubling the stake with NEW capital; stop stays ₹190.95; charges ₹0.01)
2020-06-29,KIRLOSBROS,PYRAMID BUY ₹11.12 at ₹119.05 (box jump — doubling the stake with NEW capital; stop stays ₹93.65; charges ₹0.01)
2020-07-03,RCF,RAISE STOP ₹40.28 → ₹43.23 (new box ₹45.50–₹49.35 sealed)
2020-07-03,SYNGENE,RAISE STOP ₹323.19 → ₹375.25 (new box ₹395.00–₹424.00 sealed)
2020-07-06,RCF,PYRAMID BUY ₹21.13 at ₹47.75 (box jump — doubling the stake with NEW capital; stop stays ₹43.23; charges ₹0.03)
2020-07-06,SYNGENE,PYRAMID BUY ₹11.64 at ₹438.00 (box jump — doubling the stake with NEW capital; stop stays ₹375.25; charges ₹0.01)
2020-07-07,IGL,"SELL ₹8.36 at stop ₹208.81 (-15.7%, charges ₹0.01) — the cash goes back to work at the next Friday screen"
2020-07-10,GRANULES,RAISE STOP ₹190.95 → ₹194.80 (new box ₹205.05–₹216.80 sealed)
2020-07-13,GRANULES,PYRAMID BUY ₹18.25 at ₹236.20 (box jump — doubling the stake with NEW capital; stop stays ₹194.80; charges ₹0.02)
2020-07-17,KIRLOSBROS,RAISE STOP ₹93.65 → ₹97.15 (new box ₹104.50–₹129.00 sealed)
2020-07-20,KIRLOSBROS,PYRAMID BUY ₹20.91 at ₹112.00 (box jump — doubling the stake with NEW capital; stop stays ₹97.15; charges ₹0.02)
2020-07-24,EIDPARRY,RAISE STOP ₹249.19 → ₹273.03 (new box ₹287.40–₹313.80 sealed)
2020-07-24,RCF,RAISE STOP ₹43.23 → ₹43.37 (new box ₹45.65–₹48.70 sealed)
2020-07-27,EIDPARRY,PYRAMID BUY ₹53.57 at ₹294.00 (box jump — doubling the stake with NEW capital; stop stays ₹273.03; charges ₹0.06)
2020-07-27,RCF,PYRAMID BUY ₹43.87 at ₹49.60 (box jump — doubling the stake with NEW capital; stop stays ₹43.37; charges ₹0.05)
2020-07-28,RELAXO,"SELL ₹7.93 at stop ₹603.77 (-20.5%, charges ₹0.01) — the cash goes back to work at the next Friday screen"
2020-07-31,AARTIDRUGS,"fresh signal NOT FUNDED — cash exhausted (BUY: 1.70× weekly, month 2.11×, ladder rising)"
2020-07-31,ALOKINDS,"fresh signal NOT FUNDED — cash exhausted (ACCUMULATE: 3.86× weekly, month 5.90×, ladder rising)"
2020-07-31,APOLLO,"fresh signal NOT FUNDED — cash exhausted (ACCUMULATE: 1.72× weekly, month 8.89×, ladder rising)"
2020-07-31,CDSL,fresh signal REFUSED — falling earnings power
2020-07-31,DEEPAKFERT,"fresh signal NOT FUNDED — cash exhausted (BUY: 3.26× weekly, month 3.19×, ladder rising)"
2020-07-31,GAEL,"fresh signal NOT FUNDED — cash exhausted (BUY: 3.45× weekly, month 2.59×, ladder rising)"
2020-07-31,ICIL,"fresh signal NOT FUNDED — cash exhausted (BUY: 3.00× weekly, month 4.24×, ladder rising)"
2020-07-31,LAURUSLABS,"fresh signal NOT FUNDED — cash exhausted (BUY: 2.48× weekly, month 4.23×, ladder rising)"
2020-07-31,LLOYDSENGG,"SELL ₹16.36 at stop ₹0.71 (-26.2%, charges ₹0.02) — the cash goes back to work at the next Friday screen"
2020-07-31,LTFOODS,"fresh signal NOT FUNDED — cash exhausted (BUY: 2.07× weekly, month 2.10×, ladder rising)"
2020-07-31,LTM,fresh signal REFUSED — falling earnings power
2020-07-31,MPHASIS,"fresh signal NOT FUNDED — cash exhausted (ACCUMULATE: 3.48× weekly, month 2.89×, ladder rising)"
2020-07-31,NATCOPHARM,fresh signal REFUSED — falling earnings power
2020-07-31,NEULANDLAB,"fresh signal NOT FUNDED — cash exhausted (BUY: 1.75× weekly, month 4.31×, ladder rising)"
2020-07-31,PERSISTENT,fresh signal REFUSED — falling earnings power
2020-07-31,POLYMED,"fresh signal NOT FUNDED — cash exhausted (ACCUMULATE: 3.30× weekly, month 5.87×, ladder rising)"
2020-07-31,SHILPAMED,"fresh signal NOT FUNDED — cash exhausted (ACCUMULATE: 1.83× weekly, month 2.83×, ladder rising)"
2020-07-31,TECHM,fresh signal REFUSED — falling earnings power
2020-07-31,VIYASH,"fresh signal NOT FUNDED — cash exhausted (BUY: 1.88× weekly, month 4.01×, ladder rising)"
2020-07-31,ZENSARTECH,fresh signal REFUSED — falling earnings power
2020-08-03,ZENTEC,"BUY ₹32.65 at ₹58.80 (fresh Friday signal — ACCUMULATE: 4.33× weekly, month 4.91×, ladder rising; stop ₹42.67; charges ₹0.04)"
2020-08-07,GRANULES,RAISE STOP ₹194.80 → ₹257.64 (new box ₹271.20–₹310.95 sealed)
2020-08-07,KIRLOSBROS,RAISE STOP ₹97.15 → ₹119.79 (new box ₹126.10–₹137.70 sealed)
2020-08-07,RCF,RAISE STOP ₹43.37 → ₹43.89 (new box ₹46.20–₹50.95 sealed)
2020-08-10,GRANULES,PYRAMID BUY ₹49.28 at ₹319.00 (box jump — doubling the stake with NEW capital; stop stays ₹257.64; charges ₹0.06)
2020-08-10,KIRLOSBROS,PYRAMID BUY ₹53.91 at ₹144.45 (box jump — doubling the stake with NEW capital; stop stays ₹119.79; charges ₹0.06)
2020-08-10,RCF,PYRAMID BUY ₹91.49 at ₹51.75 (box jump — doubling the stake with NEW capital; stop stays ₹43.89; charges ₹0.11)
2020-08-14,ADVENZYMES,RAISE STOP ₹149.98 → ₹194.75 (new box ₹205.00–₹224.75 sealed)
2020-08-14,SYNGENE,RAISE STOP ₹375.25 → ₹434.44 (new box ₹457.30–₹504.00 sealed)
2020-08-17,ADVENZYMES,PYRAMID BUY ₹28.19 at ₹223.90 (box jump — doubling the stake with NEW capital; stop stays ₹194.75; charges ₹0.03)
2020-08-17,EIDPARRY,"SELL ₹99.33 at stop ₹273.03 (-1.0%, charges ₹0.10) — the cash goes back to work at the next Friday screen"
2020-08-17,SYNGENE,PYRAMID BUY ₹26.23 at ₹493.80 (box jump — doubling the stake with NEW capital; stop stays ₹434.44; charges ₹0.03)
2020-08-21,ASHOKLEY,fresh signal REFUSED — falling earnings power
2020-08-21,ATUL,"fresh signal NOT FUNDED — cash exhausted (BUY: 1.77× weekly, month 1.68×, ladder rising)"
2020-08-21,BALAMINES,fresh signal REFUSED — falling earnings power
2020-08-21,BLS,fresh signal REFUSED — falling earnings power
2020-08-21,BRIGADE,fresh signal REFUSED — falling earnings power
2020-08-21,BSOFT,fresh signal REFUSED — falling earnings power
2020-08-21,CAPLIPOINT,RAISE STOP ₹291.46 → ₹454.79 (new box ₹508.15–₹686.00 sealed)
2020-08-21,CCL,"fresh signal NOT FUNDED — cash exhausted (ACCUMULATE: 2.70× weekly, month 1.56×, ladder rising)"
2020-08-21,DBL,fresh signal REFUSED — falling earnings power
2020-08-21,EMBDL,fresh signal REFUSED — falling earnings power
2020-08-21,EPL,"fresh signal NOT FUNDED — cash exhausted (BUY: 1.66× weekly, month 2.55×, ladder rising)"
2020-08-21,GAEL,"fresh signal NOT FUNDED — cash exhausted (BUY: 1.93× weekly, month 3.48×, ladder rising)"
2020-08-21,GRASIM,fresh signal REFUSED — falling earnings power
2020-08-21,GRAVITA,"fresh signal NOT FUNDED — cash exhausted (ACCUMULATE: 2.54× weekly, month 3.27×, ladder rising)"
2020-08-21,IMFA,fresh signal REFUSED — falling earnings power
2020-08-21,IRB,fresh signal REFUSED — falling earnings power
2020-08-21,KIRLOSBROS,RAISE STOP ₹119.79 → ₹120.79 (new box ₹127.15–₹147.35 sealed)
2020-08-21,LUMAXTECH,fresh signal REFUSED — falling earnings power
2020-08-21,MAHABANK,"fresh signal NOT FUNDED — cash exhausted (BUY: 2.09× weekly, month 4.45×, ladder rising)"
2020-08-21,PNBHOUSING,fresh signal REFUSED — falling earnings power
2020-08-21,PRICOLLTD,"fresh signal NOT FUNDED — cash exhausted (BUY: 3.26× weekly, month 2.29×, ladder rising)"
2020-08-21,RCF,RAISE STOP ₹43.89 → ₹45.84 (new box ₹48.25–₹53.50 sealed)
2020-08-21,RHIM,fresh signal REFUSED — falling earnings power
2020-08-21,RTNINDIA,fresh signal REFUSED — falling earnings power
2020-08-21,SARDAEN,fresh signal REFUSED — falling earnings power
2020-08-21,TANLA,fresh signal REFUSED — falling earnings power
2020-08-21,TATAPOWER,fresh signal REFUSED — falling earnings power
2020-08-21,TIPSMUSIC,fresh signal REFUSED — falling earnings power
2020-08-21,TORNTPOWER,"fresh signal NOT FUNDED — cash exhausted (BUY: 1.91× weekly, month 1.68×, ladder rising)"
2020-08-21,TRIVENI,"fresh signal NOT FUNDED — cash exhausted (ACCUMULATE: 1.72× weekly, month 2.23×, ladder rising)"
2020-08-21,USHAMART,"fresh signal NOT FUNDED — cash exhausted (BUY: 1.52× weekly, month 1.67×, ladder rising)"
2020-08-21,WABAG,fresh signal REFUSED — falling earnings power
2020-08-21,ZENTEC,RAISE STOP ₹42.67 → ₹80.56 (new box ₹84.80–₹92.35 sealed)
2020-08-21,ZFCVINDIA,"fresh signal NOT FUNDED — cash exhausted (ACCUMULATE: 2.22× weekly, month 1.75×, ladder rising)"
2020-08-24,AARTIDRUGS,signal SKIPPED — cash below half a slice
2020-08-24,CAPLIPOINT,PYRAMID BUY ₹15.26 at ₹540.80 (box jump — doubling the stake with NEW capital; stop stays ₹454.79; charges ₹0.02)
2020-08-24,KIRLOSBROS,PYRAMID BUY ₹98.51 at ₹132.05 (box jump — doubling the stake with NEW capital; stop stays ₹120.79; charges ₹0.12)
2020-08-24,RCF,PYRAMID BUY ₹175.98 at ₹49.80 (box jump — doubling the stake with NEW capital; stop stays ₹45.84; charges ₹0.21)
2020-08-24,THYROCARE,"BUY ₹99.29 at ₹263.35 (fresh Friday signal — BUY: 7.09× weekly, month 4.48×, ladder rising; stop ₹199.77; charges ₹0.12)"
2020-08-24,ZENTEC,PYRAMID BUY ₹50.20 at ₹90.50 (box jump — doubling the stake with NEW capital; stop stays ₹80.56; charges ₹0.06)
2020-08-28,GRANULES,RAISE STOP ₹257.64 → ₹286.95 (new box ₹302.05–₹335.75 sealed)
2020-08-31,GRANULES,PYRAMID BUY ₹96.35 at ₹312.05 (box jump — doubling the stake with NEW capital; stop stays ₹286.95; charges ₹0.11)
2020-08-31,GRANULES,"SELL ₹176.92 at stop ₹286.95 (-1.6%, charges ₹0.18) — the cash goes back to work at the next Friday screen"
2020-08-31,ZENTEC,"SELL ₹89.23 at stop ₹80.56 (+7.9%, charges ₹0.09) — the cash goes back to work at the next Friday screen"
2020-09-04,ASHAPURMIN,fresh signal REFUSED — falling earnings power
2020-09-04,CDSL,fresh signal REFUSED — falling earnings power
2020-09-04,ELECTCAST,fresh signal REFUSED — falling earnings power
2020-09-04,GRASIM,fresh signal REFUSED — falling earnings power
2020-09-04,IFBIND,fresh signal REFUSED — falling earnings power
2020-09-04,JMFINANCIL,fresh signal REFUSED — falling earnings power
2020-09-04,THYROCARE,RAISE STOP ₹199.77 → ₹235.03 (new box ₹247.40–₹282.30 sealed)
2020-09-04,TIPSMUSIC,fresh signal REFUSED — falling earnings power
2020-09-07,INDIAMART,"BUY ₹111.06 at ₹2,124.50 (fresh Friday signal — BUY: 2.46× weekly, month 1.96×, ladder rising; stop ₹1,655.61; charges ₹0.13)"
2020-09-07,POLYMED,"BUY ₹111.77 at ₹449.70 (fresh Friday signal — BUY: 2.13× weekly, month 2.66×, ladder rising; stop ₹372.40; charges ₹0.13)"
2020-09-07,THYROCARE,PYRAMID BUY ₹94.77 at ₹251.67 (box jump — doubling the stake with NEW capital; stop stays ₹235.03; charges ₹0.11)
2020-09-08,KIRLOSBROS,"SELL ₹179.92 at stop ₹120.79 (-7.2%, charges ₹0.19) — the cash goes back to work at the next Friday screen"
2020-09-09,RCF,"SELL ₹323.44 at stop ₹45.84 (-8.0%, charges ₹0.34) — the cash goes back to work at the next Friday screen"
2020-09-11,ASHAPURMIN,fresh signal REFUSED — falling earnings power
2020-09-11,DATAMATICS,fresh signal REFUSED — falling earnings power
2020-09-11,POLYMED,RAISE STOP ₹372.40 → ₹408.50 (new box ₹430.00–₹497.70 sealed)
2020-09-11,STAR,fresh signal REFUSED — falling earnings power
2020-09-11,TIPSMUSIC,fresh signal REFUSED — falling earnings power
2020-09-14,ATGL,"BUY ₹127.05 at ₹209.75 (fresh Friday signal — BUY: 1.66× weekly, month 1.67×, ladder rising; stop ₹159.58; charges ₹0.15)"
2020-09-14,GLAXO,"BUY ₹126.54 at ₹1,675.00 (fresh Friday signal — BUY: 2.55× weekly, month 2.05×, ladder rising; stop ₹1,437.44; charges ₹0.15)"
2020-09-14,POLYMED,PYRAMID BUY ₹119.65 at ₹481.95 (box jump — doubling the stake with NEW capital; stop stays ₹408.50; charges ₹0.14)
2020-09-14,SCHAEFFLER,"BUY ₹126.92 at ₹814.00 (fresh Friday signal — ACCUMULATE: 2.07× weekly, month 1.89×, ladder rising; stop ₹724.67; charges ₹0.15)"
2020-09-18,ADVENZYMES,RAISE STOP ₹194.75 → ₹212.37 (new box ₹223.55–₹238.55 sealed)
2020-09-18,AEGISLOG,fresh signal REFUSED — falling earnings power
2020-09-18,AMBER,"fresh signal NOT FUNDED — cash exhausted (BUY: 3.18× weekly, month 8.08×, ladder rising)"
2020-09-18,APLAPOLLO,"fresh signal NOT FUNDED — cash exhausted (BUY: 2.59× weekly, month 3.06×, ladder rising)"
2020-09-18,ASHAPURMIN,fresh signal REFUSED — falling earnings power
2020-09-18,ATUL,"fresh signal NOT FUNDED — cash exhausted (BUY: 4.33× weekly, month 3.45×, ladder rising)"
2020-09-18,BSE,fresh signal REFUSED — falling earnings power
2020-09-18,CANFINHOME,"fresh signal NOT FUNDED — cash exhausted (BUY: 2.50× weekly, month 1.74×, ladder rising)"
2020-09-18,CAPLIPOINT,RAISE STOP ₹454.79 → ₹486.88 (new box ₹512.50–₹552.70 sealed)
2020-09-18,DATAMATICS,fresh signal REFUSED — falling earnings power
2020-09-18,DEEPAKNTR,"fresh signal NOT FUNDED — cash exhausted (BUY: 1.99× weekly, month 2.86×, ladder rising)"
2020-09-18,ELECTCAST,fresh signal REFUSED — falling earnings power
2020-09-18,FORCEMOT,fresh signal REFUSED — falling earnings power
2020-09-18,HCLTECH,"fresh signal NOT FUNDED — cash exhausted (BUY: 2.61× weekly, month 1.62×, ladder rising)"
2020-09-18,IEX,fresh signal REFUSED — falling earnings power
2020-09-18,IFBIND,fresh signal REFUSED — falling earnings power
2020-09-18,INDIAMART,"RAISE STOP ₹1,655.61 → ₹2,099.50 (new box ₹2,210.00–₹2,461.60 sealed)"
2020-09-18,KPITTECH,"fresh signal NOT FUNDED — cash exhausted (BUY: 3.58× weekly, month 2.37×, ladder rising)"
2020-09-18,KPRMILL,"fresh signal NOT FUNDED — cash exhausted (BUY: 4.20× weekly, month 3.87×, ladder rising)"
2020-09-18,PERSISTENT,fresh signal REFUSED — falling earnings power
2020-09-18,PRSMJOHNSN,fresh signal REFUSED — falling earnings power
2020-09-18,SURYAROSNI,fresh signal REFUSED — falling earnings power
2020-09-18,ZYDUSWELL,fresh signal REFUSED — falling earnings power
2020-09-21,ADVENZYMES,PYRAMID BUY ₹63.64 at ₹252.85 (box jump — doubling the stake with NEW capital; stop stays ₹212.37; charges ₹0.08)
2020-09-21,CAPLIPOINT,PYRAMID BUY ₹33.95 at ₹602.00 (box jump — doubling the stake with NEW capital; stop stays ₹486.88; charges ₹0.04)
2020-09-21,INDIAMART,"PYRAMID BUY ₹131.64 at ₹2,521.27 (box jump — doubling the stake with NEW capital; stop stays ₹2,099.50; charges ₹0.16)"
2020-09-21,LINDEINDIA,"BUY ₹145.13 at ₹826.00 (fresh Friday signal — BUY: 4.50× weekly, month 2.39×, ladder rising; stop ₹641.27; charges ₹0.17)"
2020-09-23,SCHAEFFLER,"SELL ₹112.74 at stop ₹724.67 (-11.0%, charges ₹0.12) — the cash goes back to work at the next Friday screen"
2020-09-25,CAPLIPOINT,RAISE STOP ₹486.88 → ₹498.06 (new box ₹525.05–₹615.00 sealed)
2020-09-25,ELECTCAST,fresh signal REFUSED — falling earnings power
2020-09-25,KPITTECH,"fresh signal NOT FUNDED — cash exhausted (ACCUMULATE: 2.60× weekly, month 3.03×, ladder rising)"
2020-09-25,SYNGENE,RAISE STOP ₹434.44 → ₹501.60 (new box ₹528.00–₹594.95 sealed)
2020-09-28,CAPLIPOINT,PYRAMID BUY ₹63.13 at ₹560.00 (box jump — doubling the stake with NEW capital; stop stays ₹498.06; charges ₹0.07)
2020-09-28,HCLTECH,"BUY ₹133.80 at ₹838.40 (fresh Friday signal — BUY: 2.61× weekly, month 2.34×, ladder rising; stop ₹740.29; charges ₹0.16)"
2020-09-28,SYNGENE,PYRAMID BUY ₹62.25 at ₹586.30 (box jump — doubling the stake with NEW capital; stop stays ₹501.60; charges ₹0.07)
2020-10-01,ATGL,RAISE STOP ₹159.58 → ₹162.03 (new box ₹174.25–₹215.00 sealed)
2020-10-01,GLAXO,"RAISE STOP ₹1,437.44 → ₹1,441.55 (new box ₹1,526.00–₹1,807.50 sealed)"
2020-10-01,LINDEINDIA,RAISE STOP ₹641.27 → ₹658.50 (new box ₹705.00–₹860.00 sealed)
2020-10-01,POLYMED,RAISE STOP ₹408.50 → ₹420.11 (new box ₹443.00–₹519.30 sealed)
2020-10-05,ATGL,PYRAMID BUY ₹117.98 at ₹195.00 (box jump — doubling the stake with NEW capital; stop stays ₹162.03; charges ₹0.14)
2020-10-05,GLAXO,"PYRAMID BUY ₹118.47 at ₹1,570.00 (box jump — doubling the stake with NEW capital; stop stays ₹1,441.55; charges ₹0.14)"
2020-10-05,LINDEINDIA,PYRAMID BUY ₹142.51 at ₹812.00 (box jump — doubling the stake with NEW capital; stop stays ₹658.50; charges ₹0.17)
2020-10-05,POLYMED,PYRAMID BUY ₹233.40 at ₹470.35 (box jump — doubling the stake with NEW capital; stop stays ₹420.11; charges ₹0.28)
2020-10-09,HCLTECH,RAISE STOP ₹740.29 → ₹766.75 (new box ₹807.10–₹844.75 sealed)
2020-10-09,INDIAMART,"RAISE STOP ₹2,099.50 → ₹2,315.62 (new box ₹2,437.50–₹2,743.75 sealed)"
2020-10-12,HCLTECH,PYRAMID BUY ₹137.21 at ₹860.80 (box jump — doubling the stake with NEW capital; stop stays ₹766.75; charges ₹0.16)
2020-10-12,INDIAMART,"PYRAMID BUY ₹263.00 at ₹2,520.00 (box jump — doubling the stake with NEW capital; stop stays ₹2,315.62; charges ₹0.31)"
2020-10-16,THYROCARE,RAISE STOP ₹235.03 → ₹311.14 (new box ₹327.80–₹383.33 sealed)
2020-10-19,INDIAMART,"SELL ₹482.55 at stop ₹2,315.62 (-4.4%, charges ₹0.50) — the cash goes back to work at the next Friday screen"
2020-10-19,THYROCARE,PYRAMID BUY ₹259.55 at ₹344.82 (box jump — doubling the stake with NEW capital; stop stays ₹311.14; charges ₹0.31)
2020-10-23,ADVENZYMES,RAISE STOP ₹212.37 → ₹292.33 (new box ₹313.65–₹384.70 sealed)
2020-10-23,BBOX,fresh signal REFUSED — falling earnings power
2020-10-23,CEATLTD,fresh signal REFUSED — falling earnings power
2020-10-23,GAEL,"fresh signal NOT FUNDED — cash exhausted (ACCUMULATE: 1.82× weekly, month 1.98×, ladder rising)"
2020-10-23,GOKEX,"fresh signal NOT FUNDED — cash exhausted (BUY: 2.02× weekly, month 1.72×, ladder rising)"
2020-10-23,HCLTECH,RAISE STOP ₹766.75 → ₹779.57 (new box ₹820.60–₹910.70 sealed)
2020-10-23,NEWGEN,fresh signal REFUSED — falling earnings power
2020-10-23,OPTIEMUS,fresh signal REFUSED — falling earnings power
2020-10-23,POONAWALLA,fresh signal REFUSED — falling earnings power
2020-10-26,ADVENZYMES,PYRAMID BUY ₹158.68 at ₹315.40 (box jump — doubling the stake with NEW capital; stop stays ₹292.33; charges ₹0.19)
2020-10-26,AMBER,signal SKIPPED — cash below half a slice
2020-10-26,HCLTECH,PYRAMID BUY ₹271.78 at ₹853.00 (box jump — doubling the stake with NEW capital; stop stays ₹779.57; charges ₹0.32)
2020-10-26,JUSTDIAL,"BUY ₹337.45 at ₹584.00 (fresh Friday signal — BUY: 4.99× weekly, month 1.82×, ladder rising; stop ₹383.80; charges ₹0.40)"
2020-10-30,BBOX,fresh signal REFUSED — falling earnings power
2020-10-30,BLUEDART,fresh signal REFUSED — falling earnings power
2020-10-30,CAPLIPOINT,"SELL ₹112.11 at stop ₹498.06 (-8.8%, charges ₹0.12) — the cash goes back to work at the next Friday screen"
2020-10-30,ELECTCAST,fresh signal REFUSED — falling earnings power
2020-11-02,GLAXO,"SELL ₹217.19 at stop ₹1,441.55 (-11.2%, charges ₹0.23) — the cash goes back to work at the next Friday screen"
2020-11-02,KPRMILL,"BUY ₹257.21 at ₹151.00 (fresh Friday signal — BUY: 2.37× weekly, month 3.11×, ladder rising; stop ₹108.58; charges ₹0.30)"
2020-11-03,ADVENZYMES,"SELL ₹293.66 at stop ₹292.33 (+8.2%, charges ₹0.30) — the cash goes back to work at the next Friday screen"
2020-11-06,FINPIPE,fresh signal REFUSED — falling earnings power
2020-11-06,KPRMILL,RAISE STOP ₹108.58 → ₹134.58 (new box ₹141.66–₹156.80 sealed)
2020-11-06,MRF,fresh signal REFUSED — falling earnings power
2020-11-06,SAREGAMA,fresh signal REFUSED — falling earnings power
2020-11-06,THYROCARE,RAISE STOP ₹311.14 → ₹338.83 (new box ₹356.67–₹404.00 sealed)
2020-11-09,BORORENEW,"BUY ₹428.15 at ₹99.70 (fresh Friday signal — ACCUMULATE: 1.74× weekly, month 1.65×, ladder rising; stop ₹77.16; charges ₹0.51)"
2020-11-09,KPRMILL,PYRAMID BUY ₹265.42 at ₹156.00 (box jump — doubling the stake with NEW capital; stop stays ₹134.58; charges ₹0.31)
2020-11-09,THYROCARE,PYRAMID BUY ₹570.57 at ₹379.23 (box jump — doubling the stake with NEW capital; stop stays ₹338.83; charges ₹0.68)
2020-11-12,THYROCARE,"SELL ₹1,017.91 at stop ₹338.83 (-0.4%, charges ₹1.06) — the cash goes back to work at the next Friday screen"
2020-11-14,ATGL,RAISE STOP ₹162.03 → ₹219.69 (new box ₹231.25–₹247.30 sealed)
2020-11-14,JUSTDIAL,RAISE STOP ₹383.80 → ₹523.11 (new box ₹568.00–₹717.65 sealed)
2020-11-14,MRF,fresh signal REFUSED — falling earnings power
2020-11-14,SAREGAMA,fresh signal REFUSED — falling earnings power
2020-11-17,ATGL,PYRAMID BUY ₹297.80 at ₹246.25 (box jump — doubling the stake with NEW capital; stop stays ₹219.69; charges ₹0.35)
2020-11-17,JUSTDIAL,PYRAMID BUY ₹360.71 at ₹625.00 (box jump — doubling the stake with NEW capital; stop stays ₹523.11; charges ₹0.43)
2020-11-17,PIIND,"BUY ₹502.14 at ₹2,348.20 (fresh Friday signal — ACCUMULATE: 1.62× weekly, month 1.81×, ladder rising; stop ₹2,107.67; charges ₹0.59)"
2020-11-17,TRENT,"BUY ₹502.95 at ₹755.00 (fresh Friday signal — ACCUMULATE: 3.32× weekly, month 1.93×, ladder rising; stop ₹551.90; charges ₹0.60)"
2020-11-20,LINDEINDIA,RAISE STOP ₹658.50 → ₹769.64 (new box ₹810.15–₹928.00 sealed)
2020-11-23,LINDEINDIA,PYRAMID BUY ₹314.03 at ₹895.20 (box jump — doubling the stake with NEW capital; stop stays ₹769.64; charges ₹0.37)
2020-11-27,BORORENEW,RAISE STOP ₹77.16 → ₹106.40 (new box ₹112.00–₹122.00 sealed)
2020-11-27,KPRMILL,RAISE STOP ₹134.58 → ₹148.69 (new box ₹156.52–₹168.80 sealed)
2020-12-01,BORORENEW,PYRAMID BUY ₹544.74 at ₹127.00 (box jump — doubling the stake with NEW capital; stop stays ₹106.40; charges ₹0.65)
2020-12-01,KPRMILL,PYRAMID BUY ₹535.31 at ₹157.41 (box jump — doubling the stake with NEW capital; stop stays ₹148.69; charges ₹0.63)
2020-12-04,ATGL,RAISE STOP ₹219.69 → ₹295.81 (new box ₹311.95–₹365.75 sealed)
2020-12-07,ATGL,PYRAMID BUY ₹875.28 at ₹362.10 (box jump — doubling the stake with NEW capital; stop stays ₹295.81; charges ₹1.04)
2020-12-11,BORORENEW,RAISE STOP ₹106.40 → ₹123.97 (new box ₹130.50–₹140.70 sealed)
2020-12-11,TRENT,RAISE STOP ₹551.90 → ₹626.30 (new box ₹668.45–₹808.95 sealed)
2020-12-14,BORORENEW,"PYRAMID BUY ₹1,139.85 at ₹132.95 (box jump — doubling the stake with NEW capital; stop stays ₹123.97; charges ₹1.35)"
2020-12-14,TRENT,PYRAMID BUY ₹462.43 at ₹695.00 (box jump — doubling the stake with NEW capital; stop stays ₹626.30; charges ₹0.55)
2020-12-18,ATGL,RAISE STOP ₹295.81 → ₹332.60 (new box ₹350.10–₹382.65 sealed)
2020-12-18,KPRMILL,RAISE STOP ₹148.69 → ₹156.39 (new box ₹164.62–₹179.49 sealed)
2020-12-18,LINDEINDIA,RAISE STOP ₹769.64 → ₹868.06 (new box ₹913.75–₹969.00 sealed)
2020-12-18,SYNGENE,RAISE STOP ₹501.60 → ₹562.40 (new box ₹592.00–₹624.95 sealed)
2020-12-21,ATGL,"PYRAMID BUY ₹1,738.17 at ₹359.75 (box jump — doubling the stake with NEW capital; stop stays ₹332.60; charges ₹2.06)"
2020-12-21,ATGL,"SELL ₹3,208.76 at stop ₹332.60 (+1.9%, charges ₹3.33) — the cash goes back to work at the next Friday screen"
2020-12-21,KPRMILL,"PYRAMID BUY ₹1,291.52 at ₹190.00 (box jump — doubling the stake with NEW capital; stop stays ₹156.39; charges ₹1.53)"
2020-12-21,LINDEINDIA,PYRAMID BUY ₹662.57 at ₹944.95 (box jump — doubling the stake with NEW capital; stop stays ₹868.06; charges ₹0.79)
2020-12-21,SYNGENE,PYRAMID BUY ₹129.47 at ₹610.00 (box jump — doubling the stake with NEW capital; stop stays ₹562.40; charges ₹0.15)
2020-12-22,SYNGENE,"SELL ₹238.34 at stop ₹562.40 (-0.3%, charges ₹0.25) — the cash goes back to work at the next Friday screen"
2020-12-24,ACE,fresh signal REFUSED — falling earnings power
2020-12-24,ASAHIINDIA,fresh signal REFUSED — falling earnings power
2020-12-24,ASHAPURMIN,fresh signal REFUSED — falling earnings power
2020-12-24,ASTRAL,"fresh signal NOT FUNDED — cash exhausted (ACCUMULATE: 1.83× weekly, month 1.68×, ladder rising)"
2020-12-24,AURIONPRO,fresh signal REFUSED — falling earnings power
2020-12-24,BEML,fresh signal REFUSED — falling earnings power
2020-12-24,BORORENEW,RAISE STOP ₹123.97 → ₹148.20 (new box ₹156.00–₹181.00 sealed)
2020-12-24,DATAMATICS,fresh signal REFUSED — falling earnings power
2020-12-24,ERIS,fresh signal REFUSED — falling earnings power
2020-12-24,HFCL,"fresh signal NOT FUNDED — cash exhausted (BUY: 2.33× weekly, month 3.93×, ladder rising)"
2020-12-24,JKCEMENT,"fresh signal NOT FUNDED — cash exhausted (ACCUMULATE: 2.08× weekly, month 1.76×, ladder rising)"
2020-12-24,KNRCON,fresh signal REFUSED — falling earnings power
2020-12-24,PCJEWELLER,"fresh signal NOT FUNDED — cash exhausted (ACCUMULATE: 1.75× weekly, month 3.02×, ladder rising)"
2020-12-24,SAIL,fresh signal REFUSED — falling earnings power
2020-12-24,SURYAROSNI,fresh signal REFUSED — falling earnings power
2020-12-24,TDPOWERSYS,"fresh signal NOT FUNDED — cash exhausted (ACCUMULATE: 1.71× weekly, month 2.20×, ladder rising)"
2020-12-28,BORORENEW,"PYRAMID BUY ₹4,027.16 at ₹235.00 (box jump — doubling the stake with NEW capital; stop stays ₹148.20; charges ₹4.77)"
2020-12-28,GRAVITA,"BUY ₹1,620.06 at ₹69.65 (fresh Friday signal — BUY: 2.45× weekly, month 4.29×, ladder rising; stop ₹46.41; charges ₹1.92)"
2020-12-28,HONAUT,"BUY ₹1,922.55 at ₹38,887.75 (fresh Friday signal — BUY: 5.49× weekly, month 1.69×, ladder rising; stop ₹29,024.49; charges ₹2.28)"
2021-01-01,LINDEINDIA,"RAISE STOP ₹868.06 → ₹898.70 (new box ₹946.00–₹1,004.90 sealed)"
2021-01-04,LINDEINDIA,"PYRAMID BUY ₹1,367.87 at ₹976.00 (box jump — doubling the stake with NEW capital; stop stays ₹898.70; charges ₹1.62)"
2021-01-08,HONAUT,"RAISE STOP ₹29,024.49 → ₹34,722.50 (new box ₹36,550.00–₹39,200.00 sealed)"
2021-01-11,HONAUT,"PYRAMID BUY ₹2,024.57 at ₹41,000.00 (box jump — doubling the stake with NEW capital; stop stays ₹34,722.50; charges ₹2.40)"
2021-01-15,BORORENEW,RAISE STOP ₹148.20 → ₹247.59 (new box ₹265.05–₹323.25 sealed)
2021-01-15,GRAVITA,RAISE STOP ₹46.41 → ₹70.89 (new box ₹75.00–₹88.70 sealed)
2021-01-18,BORORENEW,"PYRAMID BUY ₹9,419.69 at ₹275.00 (box jump — doubling the stake with NEW capital; stop stays ₹247.59; charges ₹11.16)"
2021-01-18,GRAVITA,"PYRAMID BUY ₹1,816.78 at ₹78.20 (box jump — doubling the stake with NEW capital; stop stays ₹70.89; charges ₹2.15)"
2021-01-20,BORORENEW,"SELL ₹16,934.00 at stop ₹247.59 (+9.1%, charges ₹17.57) — the cash goes back to work at the next Friday screen"
2021-01-22,ANANTRAJ,fresh signal REFUSED — falling earnings power
2021-01-22,CEATLTD,fresh signal REFUSED — falling earnings power
2021-01-22,GODREJIND,fresh signal REFUSED — falling earnings power
2021-01-22,HCLTECH,"RAISE STOP ₹779.57 → ₹928.05 (new box ₹976.90–₹1,067.00 sealed)"
2021-01-22,JBMA,fresh signal REFUSED — falling earnings power
2021-01-22,JUSTDIAL,RAISE STOP ₹523.11 → ₹622.35 (new box ₹655.50–₹766.00 sealed)
2021-01-22,LUMAXTECH,fresh signal REFUSED — falling earnings power
2021-01-22,MRF,fresh signal REFUSED — falling earnings power
2021-01-22,NIACL,fresh signal REFUSED — falling earnings power
2021-01-22,SAREGAMA,fresh signal REFUSED — falling earnings power
2021-01-22,TECHNOE,fresh signal REFUSED — falling earnings power
2021-01-22,TMPV,fresh signal REFUSED — falling earnings power
2021-01-25,GABRIEL,"BUY ₹3,360.42 at ₹114.60 (fresh Friday signal — ACCUMULATE: 1.54× weekly, month 3.77×, ladder rising; stop ₹86.90; charges ₹3.98)"
2021-01-25,HCLTECH,PYRAMID BUY ₹634.95 at ₹997.00 (box jump — doubling the stake with NEW capital; stop stays ₹928.05; charges ₹0.75)
2021-01-25,HINDZINC,"BUY ₹3,375.96 at ₹277.40 (fresh Friday signal — ACCUMULATE: 2.31× weekly, month 2.09×, ladder rising; stop ₹248.97; charges ₹4.00)"
2021-01-25,INDIAMART,"BUY ₹3,383.96 at ₹3,990.00 (fresh Friday signal — BUY: 2.37× weekly, month 1.58×, ladder rising; stop ₹3,323.20; charges ₹4.01)"
2021-01-25,JUSTDIAL,PYRAMID BUY ₹775.79 at ₹672.50 (box jump — doubling the stake with NEW capital; stop stays ₹622.35; charges ₹0.92)
2021-01-25,JUSTDIAL,"SELL ₹1,433.54 at stop ₹622.35 (-2.5%, charges ₹1.49) — the cash goes back to work at the next Friday screen"
2021-01-25,PIIND,"SELL ₹449.71 at stop ₹2,107.67 (-10.2%, charges ₹0.47) — the cash goes back to work at the next Friday screen"
2021-01-25,TATAELXSI,"BUY ₹3,401.20 at ₹2,608.00 (fresh Friday signal — BUY: 2.94× weekly, month 2.74×, ladder rising; stop ₹1,712.61; charges ₹4.03)"
2021-01-25,WHIRLPOOL,"BUY ₹3,364.20 at ₹2,697.50 (fresh Friday signal — BUY: 1.73× weekly, month 2.10×, ladder rising; stop ₹2,244.99; charges ₹3.99)"
2021-01-27,LINDEINDIA,"SELL ₹2,514.96 at stop ₹898.70 (-4.2%, charges ₹2.61) — the cash goes back to work at the next Friday screen"
2021-01-29,CYIENT,fresh signal REFUSED — falling earnings power
2021-01-29,HCLTECH,"SELL ₹1,180.15 at stop ₹928.05 (+0.4%, charges ₹1.22) — the cash goes back to work at the next Friday screen"
2021-01-29,INDIAMART,"RAISE STOP ₹3,323.20 → ₹3,460.38 (new box ₹3,642.50–₹4,187.35 sealed)"
2021-01-29,KPRMILL,RAISE STOP ₹156.39 → ₹166.62 (new box ₹175.39–₹200.00 sealed)
2021-01-29,TATAELXSI,"RAISE STOP ₹1,712.61 → ₹2,275.70 (new box ₹2,408.00–₹2,849.00 sealed)"
2021-01-29,TRENT,"SELL ₹832.09 at stop ₹626.30 (-13.6%, charges ₹0.86) — the cash goes back to work at the next Friday screen"
2021-02-01,GAEL,"BUY ₹4,406.95 at ₹71.47 (fresh Friday signal — ACCUMULATE: 2.70× weekly, month 3.63×, ladder rising; stop ₹62.70; charges ₹5.22)"
2021-02-01,INDIAMART,"PYRAMID BUY ₹3,328.34 at ₹3,929.07 (box jump — doubling the stake with NEW capital; stop stays ₹3,460.38; charges ₹3.94)"
2021-02-01,KPRMILL,"PYRAMID BUY ₹2,485.45 at ₹182.93 (box jump — doubling the stake with NEW capital; stop stays ₹166.62; charges ₹2.94)"
2021-02-01,TATAELXSI,"PYRAMID BUY ₹3,532.31 at ₹2,711.75 (box jump — doubling the stake with NEW capital; stop stays ₹2,275.70; charges ₹4.19)"
2021-02-05,HONAUT,"RAISE STOP ₹34,722.50 → ₹35,971.61 (new box ₹37,864.85–₹41,859.75 sealed)"
2021-02-08,HONAUT,"PYRAMID BUY ₹4,145.35 at ₹41,999.00 (box jump — doubling the stake with NEW capital; stop stays ₹35,971.61; charges ₹4.91)"
2021-02-12,HINDZINC,RAISE STOP ₹248.97 → ₹279.30 (new box ₹294.00–₹306.40 sealed)
2021-02-12,INDIAMART,"RAISE STOP ₹3,460.38 → ₹4,137.25 (new box ₹4,355.00–₹4,975.00 sealed)"
2021-02-12,TATAELXSI,"RAISE STOP ₹2,275.70 → ₹2,660.00 (new box ₹2,800.00–₹3,050.00 sealed)"
2021-02-15,HINDZINC,"PYRAMID BUY ₹3,647.89 at ₹300.10 (box jump — doubling the stake with NEW capital; stop stays ₹279.30; charges ₹4.32)"
2021-02-15,INDIAMART,"PYRAMID BUY ₹7,846.82 at ₹4,634.30 (box jump — doubling the stake with NEW capital; stop stays ₹4,137.25; charges ₹9.30)"
2021-02-15,TATAELXSI,"PYRAMID BUY ₹7,422.99 at ₹2,851.00 (box jump — doubling the stake with NEW capital; stop stays ₹2,660.00; charges ₹8.79)"
2021-02-19,HONAUT,"RAISE STOP ₹35,971.61 → ₹39,140.00 (new box ₹41,200.00–₹43,231.00 sealed)"
2021-02-22,HONAUT,"PYRAMID BUY ₹8,877.83 at ₹45,000.00 (box jump — doubling the stake with NEW capital; stop stays ₹39,140.00; charges ₹10.52)"
2021-02-22,TATAELXSI,"SELL ₹13,828.84 at stop ₹2,660.00 (-3.5%, charges ₹14.34) — the cash goes back to work at the next Friday screen"
2021-02-23,GAEL,"SELL ₹3,857.33 at stop ₹62.70 (-12.3%, charges ₹4.00) — the cash goes back to work at the next Friday screen"
2021-02-24,KPRMILL,"SELL ₹4,520.33 at stop ₹166.62 (-6.3%, charges ₹4.69) — the cash goes back to work at the next Friday screen"
2021-02-26,ADANIENT,"fresh signal NOT FUNDED — cash exhausted (BUY: 1.57× weekly, month 1.75×, ladder rising)"
2021-02-26,ADANIPORTS,fresh signal REFUSED — falling earnings power
2021-02-26,GESHIP,"fresh signal NOT FUNDED — cash exhausted (BUY: 2.93× weekly, month 1.80×, ladder rising)"
2021-02-26,GNFC,fresh signal REFUSED — falling earnings power
2021-02-26,GSFC,fresh signal REFUSED — falling earnings power
2021-02-26,IMFA,fresh signal REFUSED — falling earnings power
2021-02-26,LUMAXTECH,fresh signal REFUSED — falling earnings power
2021-02-26,MMTC,fresh signal REFUSED — falling earnings power
2021-02-26,NATIONALUM,fresh signal REFUSED — falling earnings power
2021-02-26,NBCC,fresh signal REFUSED — falling earnings power
2021-02-26,PRAJIND,fresh signal REFUSED — falling earnings power
2021-02-26,PRICOLLTD,"fresh signal NOT FUNDED — cash exhausted (BUY: 2.39× weekly, month 5.47×, ladder rising)"
2021-02-26,SCHNEIDER,fresh signal REFUSED — falling earnings power
2021-02-26,SOUTHBANK,"fresh signal NOT FUNDED — cash exhausted (ACCUMULATE: 1.96× weekly, month 1.55×, ladder rising)"
2021-02-26,SUNDARMFIN,fresh signal REFUSED — falling earnings power
2021-02-26,TATACHEM,"fresh signal NOT FUNDED — cash exhausted (BUY: 2.55× weekly, month 2.88×, ladder rising)"
2021-02-26,VAIBHAVGBL,"fresh signal NOT FUNDED — cash exhausted (BUY: 2.74× weekly, month 2.17×, ladder rising)"
2021-02-26,ZENSARTECH,fresh signal REFUSED — falling earnings power
2021-03-01,IOB,"BUY ₹7,742.13 at ₹18.90 (fresh Friday signal — ACCUMULATE: 3.52× weekly, month 9.60×, ladder rising; stop ₹13.70; charges ₹9.17)"
2021-03-01,MAHABANK,"BUY ₹7,696.21 at ₹25.20 (fresh Friday signal — ACCUMULATE: 3.28× weekly, month 6.34×, ladder rising; stop ₹18.37; charges ₹9.12)"
2021-03-01,RCF,"BUY ₹7,637.67 at ₹80.00 (fresh Friday signal — BUY: 7.15× weekly, month 3.12×, ladder rising; stop ₹50.16; charges ₹9.05)"
2021-03-02,INDIAMART,"SELL ₹13,987.62 at stop ₹4,137.25 (-3.7%, charges ₹14.51) — the cash goes back to work at the next Friday screen"
2021-03-05,ADANIPORTS,fresh signal REFUSED — falling earnings power
2021-03-05,ADANIPOWER,fresh signal REFUSED — falling earnings power
2021-03-05,BALRAMCHIN,fresh signal REFUSED — falling earnings power
2021-03-05,BLUESTARCO,fresh signal REFUSED — falling earnings power
2021-03-05,CCAVENUE,fresh signal REFUSED — falling earnings power
2021-03-05,CONCOR,fresh signal REFUSED — falling earnings power
2021-03-05,EDELWEISS,fresh signal REFUSED — falling earnings power
2021-03-05,GNFC,fresh signal REFUSED — falling earnings power
2021-03-05,GSFC,fresh signal REFUSED — falling earnings power
2021-03-05,HONAUT,"RAISE STOP ₹39,140.00 → ₹41,911.15 (new box ₹44,117.00–₹48,644.00 sealed)"
2021-03-05,JAIBALAJI,"fresh signal NOT FUNDED — cash exhausted (BUY: 2.07× weekly, month 1.67×, ladder rising)"
2021-03-05,LUMAXTECH,fresh signal REFUSED — falling earnings power
2021-03-05,MMTC,fresh signal REFUSED — falling earnings power
2021-03-05,NBCC,fresh signal REFUSED — falling earnings power
2021-03-05,POLYMED,RAISE STOP ₹420.11 → ₹642.77 (new box ₹676.60–₹749.75 sealed)
2021-03-05,POONAWALLA,fresh signal REFUSED — falling earnings power
2021-03-05,PRAJIND,fresh signal REFUSED — falling earnings power
2021-03-05,PRICOLLTD,"fresh signal NOT FUNDED — cash exhausted (BUY: 1.62× weekly, month 6.01×, ladder rising)"
2021-03-05,PTC,fresh signal REFUSED — falling earnings power
2021-03-05,TATAPOWER,fresh signal REFUSED — falling earnings power
2021-03-05,TECHNOE,fresh signal REFUSED — falling earnings power
2021-03-05,THOMASCOOK,fresh signal REFUSED — falling earnings power
2021-03-05,VAIBHAVGBL,"fresh signal NOT FUNDED — cash exhausted (BUY: 1.87× weekly, month 2.48×, ladder rising)"
2021-03-08,HONAUT,"PYRAMID BUY ₹18,631.97 at ₹47,248.90 (box jump — doubling the stake with NEW capital; stop stays ₹41,911.15; charges ₹22.08)"
2021-03-08,JSWENERGY,"BUY ₹9,639.02 at ₹81.85 (fresh Friday signal — BUY: 5.17× weekly, month 2.49×, ladder rising; stop ₹65.79; charges ₹11.42)"
2021-03-08,POLYMED,PYRAMID BUY ₹713.04 at ₹718.90 (box jump — doubling the stake with NEW capital; stop stays ₹642.77; charges ₹0.84)
2021-03-08,SJVN,"BUY ₹5,530.86 at ₹27.35 (fresh Friday signal — ACCUMULATE: 2.55× weekly, month 2.70×, ladder rising; stop ₹23.89; charges ₹6.55)"
2021-03-12,GRAVITA,RAISE STOP ₹70.89 → ₹96.13 (new box ₹102.25–₹122.65 sealed)
2021-03-12,JSWENERGY,RAISE STOP ₹65.79 → ₹76.43 (new box ₹80.45–₹92.40 sealed)
2021-03-12,RCF,RAISE STOP ₹50.16 → ₹79.16 (new box ₹84.00–₹100.15 sealed)
2021-03-15,GRAVITA,"PYRAMID BUY ₹5,010.59 at ₹107.90 (box jump — doubling the stake with NEW capital; stop stays ₹96.13; charges ₹5.94)"
2021-03-15,JSWENERGY,"PYRAMID BUY ₹10,056.93 at ₹85.50 (box jump — doubling the stake with NEW capital; stop stays ₹76.43; charges ₹11.92)"
2021-03-15,RCF,"PYRAMID BUY ₹8,181.69 at ₹85.80 (box jump — doubling the stake with NEW capital; stop stays ₹79.16; charges ₹9.69)"
2021-03-17,GRAVITA,"SELL ₹8,913.51 at stop ₹96.13 (+5.8%, charges ₹9.25) — the cash goes back to work at the next Friday screen"
2021-03-17,RCF,"SELL ₹15,072.46 at stop ₹79.16 (-4.5%, charges ₹15.63) — the cash goes back to work at the next Friday screen"
2021-03-19,ADANIPOWER,fresh signal REFUSED — falling earnings power
2021-03-19,DATAMATICS,fresh signal REFUSED — falling earnings power
2021-03-19,EDELWEISS,fresh signal REFUSED — falling earnings power
2021-03-19,FSL,fresh signal REFUSED — falling earnings power
2021-03-19,GABRIEL,RAISE STOP ₹86.90 → ₹86.92 (new box ₹98.00–₹134.95 sealed)
2021-03-19,GICRE,fresh signal REFUSED — falling earnings power
2021-03-19,HINDZINC,"SELL ₹6,779.06 at stop ₹279.30 (-3.3%, charges ₹7.03) — the cash goes back to work at the next Friday screen"
2021-03-19,IEX,fresh signal REFUSED — falling earnings power
2021-03-19,MAHABANK,"SELL ₹5,597.84 at stop ₹18.37 (-27.1%, charges ₹5.81) — the cash goes back to work at the next Friday screen"
2021-03-19,NIACL,fresh signal REFUSED — falling earnings power
2021-03-22,DEEPAKFERT,"BUY ₹11,449.23 at ₹237.00 (fresh Friday signal — BUY: 2.43× weekly, month 1.82×, ladder rising; stop ₹184.78; charges ₹13.57)"
2021-03-22,GABRIEL,"PYRAMID BUY ₹3,242.21 at ₹110.70 (box jump — doubling the stake with NEW capital; stop stays ₹86.92; charges ₹3.84)"
2021-03-22,HONAUT,"SELL ₹33,000.40 at stop ₹41,911.15 (-7.1%, charges ₹34.23) — the cash goes back to work at the next Friday screen"
2021-03-22,KEI,"BUY ₹11,387.06 at ₹522.00 (fresh Friday signal — BUY: 5.22× weekly, month 1.54×, ladder rising; stop ₹436.67; charges ₹13.49)"
2021-03-22,WELSPUNLIV,"BUY ₹11,444.97 at ₹81.45 (fresh Friday signal — BUY: 3.57× weekly, month 2.45×, ladder rising; stop ₹67.45; charges ₹13.56)"
2021-03-24,WHIRLPOOL,"SELL ₹2,793.63 at stop ₹2,244.99 (-16.8%, charges ₹2.90) — the cash goes back to work at the next Friday screen"
2021-03-26,ADANIPORTS,fresh signal REFUSED — falling earnings power
2021-03-26,ADANIPOWER,fresh signal REFUSED — falling earnings power
2021-03-26,DEEPAKFERT,RAISE STOP ₹184.78 → ₹209.52 (new box ₹220.55–₹249.45 sealed)
2021-03-26,HCG,fresh signal REFUSED — falling earnings power
2021-03-26,KEI,RAISE STOP ₹436.67 → ₹471.20 (new box ₹496.00–₹558.00 sealed)
2021-03-26,POLYMED,RAISE STOP ₹642.77 → ₹719.96 (new box ₹765.55–₹917.50 sealed)
2021-03-26,TIMETECHNO,fresh signal REFUSED — falling earnings power
2021-03-26,WELSPUNLIV,RAISE STOP ₹67.45 → ₹68.17 (new box ₹72.65–₹87.60 sealed)
2021-03-30,DEEPAKFERT,"PYRAMID BUY ₹10,767.38 at ₹223.15 (box jump — doubling the stake with NEW capital; stop stays ₹209.52; charges ₹12.76)"
2021-03-30,KEI,"PYRAMID BUY ₹11,334.35 at ₹520.20 (box jump — doubling the stake with NEW capital; stop stays ₹471.20; charges ₹13.43)"
2021-03-30,KPITTECH,"BUY ₹14,789.34 at ₹182.00 (fresh Friday signal — BUY: 1.71× weekly, month 2.75×, ladder rising; stop ₹136.62; charges ₹17.52)"
2021-03-30,POLYMED,"PYRAMID BUY ₹1,616.65 at ₹815.45 (box jump — doubling the stake with NEW capital; stop stays ₹719.96; charges ₹1.92)"
2021-03-30,WELSPUNLIV,"PYRAMID BUY ₹11,789.30 at ₹84.00 (box jump — doubling the stake with NEW capital; stop stays ₹68.17; charges ₹13.97)"
2021-04-01,ASAHIINDIA,fresh signal REFUSED — falling earnings power
2021-04-01,INTELLECT,"fresh signal NOT FUNDED — cash exhausted (BUY: 1.84× weekly, month 5.09×, ladder rising)"
2021-04-01,IOB,RAISE STOP ₹13.70 → ₹14.82 (new box ₹15.60–₹18.00 sealed)
2021-04-01,SWSOLAR,fresh signal REFUSED — falling earnings power
2021-04-01,TAX,"FY2021 settled: ₹0.00 paid (STCG ₹0.00 @20%, LTCG ₹0.00 @12.5%; losses carried forward ST ₹6,471.72 / LT ₹0.00)"
2021-04-05,AUBANK,"BUY ₹15,299.85 at ₹631.00 (fresh Friday signal — ACCUMULATE: 3.80× weekly, month 2.02×, ladder rising; stop ₹533.06; charges ₹18.13)"
2021-04-05,GICRE,"BUY ₹7,786.45 at ₹205.90 (fresh Friday signal — BUY: 1.92× weekly, month 3.20×, ladder rising; stop ₹157.44; charges ₹9.23)"
2021-04-05,IOB,"PYRAMID BUY ₹6,894.20 at ₹16.85 (box jump — doubling the stake with NEW capital; stop stays ₹14.82; charges ₹8.17)"
2021-04-09,GICRE,RAISE STOP ₹157.44 → ₹164.12 (new box ₹182.60–₹244.20 sealed)
2021-04-12,AUBANK,"SELL ₹12,896.40 at stop ₹533.06 (-15.5%, charges ₹13.38) — the cash goes back to work at the next Friday screen"
2021-04-12,GICRE,"PYRAMID BUY ₹7,705.46 at ₹204.00 (box jump — doubling the stake with NEW capital; stop stays ₹164.12; charges ₹9.13)"
2021-04-16,BALRAMCHIN,fresh signal REFUSED — falling earnings power
2021-04-16,JSWENERGY,RAISE STOP ₹76.43 → ₹81.99 (new box ₹86.70–₹102.40 sealed)
2021-04-16,KPITTECH,RAISE STOP ₹136.62 → ₹171.05 (new box ₹180.05–₹204.70 sealed)
2021-04-16,TIMETECHNO,fresh signal REFUSED — falling earnings power
2021-04-19,JSWENERGY,"PYRAMID BUY ₹22,382.51 at ₹95.20 (box jump — doubling the stake with NEW capital; stop stays ₹81.99; charges ₹26.52)"
2021-04-19,KPITTECH,"PYRAMID BUY ₹15,400.84 at ₹189.75 (box jump — doubling the stake with NEW capital; stop stays ₹171.05; charges ₹18.25)"
2021-04-19,KPRMILL,"BUY ₹12,896.40 at ₹236.00 (fresh Friday signal — BUY: 2.36× weekly, month 1.58×, ladder rising; stop ₹192.07; charges ₹15.28)"
2021-04-23,KPRMILL,RAISE STOP ₹192.07 → ₹221.37 (new box ₹233.02–₹255.60 sealed)
2021-04-26,KPRMILL,"PYRAMID BUY ₹13,295.39 at ₹243.59 (box jump — doubling the stake with NEW capital; stop stays ₹221.37; charges ₹15.75)"
2021-04-28,IOB,"SELL ₹12,107.50 at stop ₹14.82 (-17.1%, charges ₹12.56) — the cash goes back to work at the next Friday screen"
2021-04-30,DCMSHRIRAM,fresh signal REFUSED — falling earnings power
2021-04-30,ELECON,fresh signal REFUSED — falling earnings power
2021-04-30,ELECTCAST,fresh signal REFUSED — falling earnings power
2021-04-30,GALLANTT,"fresh signal NOT FUNDED — cash exhausted (ACCUMULATE: 2.45× weekly, month 2.99×, ladder rising)"
2021-04-30,JAYNECOIND,fresh signal REFUSED — falling earnings power
2021-04-30,JSWSTEEL,"fresh signal NOT FUNDED — cash exhausted (BUY: 2.34× weekly, month 2.91×, ladder rising)"
2021-04-30,PRAJIND,"fresh signal NOT FUNDED — cash exhausted (ACCUMULATE: 1.64× weekly, month 1.93×, ladder rising)"
2021-04-30,RAIN,"fresh signal NOT FUNDED — cash exhausted (BUY: 2.85× weekly, month 2.94×, ladder rising)"
2021-04-30,SAIL,"fresh signal NOT FUNDED — cash exhausted (BUY: 2.14× weekly, month 2.06×, ladder rising)"
2021-04-30,SHAREINDIA,fresh signal REFUSED — falling earnings power
2021-04-30,SPLPETRO,"fresh signal NOT FUNDED — cash exhausted (BUY: 2.40× weekly, month 3.32×, ladder rising)"
2021-04-30,USHAMART,fresh signal REFUSED — falling earnings power
2021-04-30,WOCKPHARMA,fresh signal REFUSED — falling earnings power
2021-04-30,ZYDUSLIFE,"fresh signal NOT FUNDED — cash exhausted (ACCUMULATE: 3.01× weekly, month 2.95×, ladder rising)"
2021-05-03,MARKSANS,"BUY ₹12,107.50 at ₹70.95 (fresh Friday signal — ACCUMULATE: 3.13× weekly, month 3.97×, ladder rising; stop ₹64.12; charges ₹14.35)"
2021-05-07,KEI,RAISE STOP ₹471.20 → ₹485.02 (new box ₹510.55–₹532.45 sealed)
2021-05-10,KEI,"PYRAMID BUY ₹23,016.74 at ₹528.50 (box jump — doubling the stake with NEW capital; stop stays ₹485.02; charges ₹27.27)"
2021-05-14,KPRMILL,RAISE STOP ₹221.37 → ₹268.28 (new box ₹282.40–₹326.25 sealed)
2021-05-14,POLYMED,"RAISE STOP ₹719.96 → ₹902.50 (new box ₹950.00–₹1,085.15 sealed)"
2021-05-17,KPRMILL,"PYRAMID BUY ₹32,074.64 at ₹294.00 (box jump — doubling the stake with NEW capital; stop stays ₹268.28; charges ₹38.00)"
2021-05-17,POLYMED,"PYRAMID BUY ₹3,979.34 at ₹1,004.20 (box jump — doubling the stake with NEW capital; stop stays ₹902.50; charges ₹4.71)"
2021-05-21,DEEPAKFERT,RAISE STOP ₹209.52 → ₹264.10 (new box ₹278.00–₹297.65 sealed)
2021-05-21,MARKSANS,RAISE STOP ₹64.12 → ₹68.02 (new box ₹71.60–₹81.95 sealed)
2021-05-24,DEEPAKFERT,"PYRAMID BUY ₹28,933.90 at ₹300.00 (box jump — doubling the stake with NEW capital; stop stays ₹264.10; charges ₹34.28)"
2021-05-24,MARKSANS,"PYRAMID BUY ₹12,774.94 at ₹74.95 (box jump — doubling the stake with NEW capital; stop stays ₹68.02; charges ₹15.14)"
2021-05-28,KEI,RAISE STOP ₹485.02 → ₹558.60 (new box ₹588.00–₹638.80 sealed)
2021-05-28,SJVN,RAISE STOP ₹23.89 → ₹25.13 (new box ₹26.45–₹28.20 sealed)
2021-05-31,KEI,"PYRAMID BUY ₹54,319.54 at ₹624.00 (box jump — doubling the stake with NEW capital; stop stays ₹558.60; charges ₹64.36)"
2021-05-31,SJVN,"PYRAMID BUY ₹5,483.91 at ₹27.15 (box jump — doubling the stake with NEW capital; stop stays ₹25.13; charges ₹6.50)"
2021-06-04,DEEPAKFERT,RAISE STOP ₹264.10 → ₹269.80 (new box ₹284.00–₹314.00 sealed)
2021-06-04,JSWENERGY,RAISE STOP ₹81.99 → ₹108.49 (new box ₹114.20–₹119.50 sealed)
2021-06-04,KPITTECH,RAISE STOP ₹171.05 → ₹214.70 (new box ₹226.00–₹250.60 sealed)
2021-06-04,POLYMED,"RAISE STOP ₹902.50 → ₹950.00 (new box ₹1,000.00–₹1,165.00 sealed)"
2021-06-04,WELSPUNLIV,RAISE STOP ₹68.17 → ₹80.48 (new box ₹86.00–₹104.40 sealed)
2021-06-07,DEEPAKFERT,"PYRAMID BUY ₹57,255.19 at ₹297.00 (box jump — doubling the stake with NEW capital; stop stays ₹269.80; charges ₹67.84)"
2021-06-07,JSWENERGY,"PYRAMID BUY ₹64,100.13 at ₹136.40 (box jump — doubling the stake with NEW capital; stop stays ₹108.49; charges ₹75.95)"
2021-06-07,KPITTECH,"PYRAMID BUY ₹39,406.04 at ₹242.90 (box jump — doubling the stake with NEW capital; stop stays ₹214.70; charges ₹46.69)"
2021-06-07,POLYMED,"PYRAMID BUY ₹7,984.46 at ₹1,008.05 (box jump — doubling the stake with NEW capital; stop stays ₹950.00; charges ₹9.46)"
2021-06-07,WELSPUNLIV,"PYRAMID BUY ₹26,061.37 at ₹92.90 (box jump — doubling the stake with NEW capital; stop stays ₹80.48; charges ₹30.88)"
2021-06-11,JSWENERGY,RAISE STOP ₹108.49 → ₹126.83 (new box ₹133.50–₹147.80 sealed)
2021-06-14,JSWENERGY,PYRAMID BUY ₹1.47 lakh at ₹156.95 (box jump — doubling the stake with NEW capital; stop stays ₹126.83; charges ₹174.68)
2021-06-14,POLYMED,"SELL ₹15,024.82 at stop ₹950.00 (+2.0%, charges ₹15.59) — the cash goes back to work at the next Friday screen"
2021-06-18,KEI,RAISE STOP ₹558.60 → ₹608.00 (new box ₹640.00–₹718.90 sealed)
2021-06-18,SJVN,RAISE STOP ₹25.13 → ₹26.98 (new box ₹28.40–₹30.80 sealed)
2021-06-21,KEI,PYRAMID BUY ₹1.19 lakh at ₹682.20 (box jump — doubling the stake with NEW capital; stop stays ₹608.00; charges ₹140.64)
2021-06-21,SJVN,"PYRAMID BUY ₹11,425.62 at ₹28.30 (box jump — doubling the stake with NEW capital; stop stays ₹26.98; charges ₹13.54)"
2021-06-25,JSWENERGY,RAISE STOP ₹126.83 → ₹138.04 (new box ₹145.30–₹168.30 sealed)
2021-06-25,MARKSANS,RAISE STOP ₹68.02 → ₹76.87 (new box ₹81.65–₹97.60 sealed)
2021-06-28,JSWENERGY,PYRAMID BUY ₹2.89 lakh at ₹154.10 (box jump — doubling the stake with NEW capital; stop stays ₹138.04; charges ₹342.80)
2021-06-28,MARKSANS,"PYRAMID BUY ₹29,810.42 at ₹87.50 (box jump — doubling the stake with NEW capital; stop stays ₹76.87; charges ₹35.32)"
2021-07-02,DEEPAKFERT,RAISE STOP ₹269.80 → ₹364.65 (new box ₹390.00–₹474.50 sealed)
2021-07-05,DEEPAKFERT,PYRAMID BUY ₹1.52 lakh at ₹395.00 (box jump — doubling the stake with NEW capital; stop stays ₹364.65; charges ₹180.34)
2021-07-09,JSWENERGY,RAISE STOP ₹138.04 → ₹154.47 (new box ₹162.60–₹177.00 sealed)
2021-07-12,JSWENERGY,PYRAMID BUY ₹6.30 lakh at ₹168.00 (box jump — doubling the stake with NEW capital; stop stays ₹154.47; charges ₹747.01)
2021-07-16,KPITTECH,RAISE STOP ₹214.70 → ₹232.94 (new box ₹245.20–₹274.00 sealed)
2021-07-16,KPRMILL,RAISE STOP ₹268.28 → ₹333.07 (new box ₹350.60–₹372.95 sealed)
2021-07-16,WELSPUNLIV,RAISE STOP ₹80.48 → ₹97.56 (new box ₹102.70–₹109.70 sealed)
2021-07-19,KPITTECH,"PYRAMID BUY ₹86,596.52 at ₹267.05 (box jump — doubling the stake with NEW capital; stop stays ₹232.94; charges ₹102.60)"
2021-07-19,KPRMILL,"PYRAMID BUY ₹81,120.38 at ₹372.00 (box jump — doubling the stake with NEW capital; stop stays ₹333.07; charges ₹96.11)"
2021-07-19,WELSPUNLIV,"PYRAMID BUY ₹70,063.27 at ₹124.95 (box jump — doubling the stake with NEW capital; stop stays ₹97.56; charges ₹83.01)"
2021-07-30,WELSPUNLIV,RAISE STOP ₹97.56 → ₹117.99 (new box ₹124.20–₹134.50 sealed)
2021-08-02,WELSPUNLIV,PYRAMID BUY ₹1.51 lakh at ₹134.75 (box jump — doubling the stake with NEW capital; stop stays ₹117.99; charges ₹178.94)
2021-08-06,JSWENERGY,RAISE STOP ₹154.47 → ₹228.00 (new box ₹240.00–₹258.30 sealed)
2021-08-06,KPITTECH,RAISE STOP ₹232.94 → ₹266.76 (new box ₹280.80–₹315.65 sealed)
2021-08-06,KPRMILL,RAISE STOP ₹333.07 → ₹352.48 (new box ₹371.03–₹417.00 sealed)
2021-08-06,MARKSANS,RAISE STOP ₹76.87 → ₹77.14 (new box ₹81.20–₹83.55 sealed)
2021-08-06,WELSPUNLIV,RAISE STOP ₹117.99 → ₹124.64 (new box ₹131.20–₹145.40 sealed)
2021-08-09,JSWENERGY,"PYRAMID BUY ₹18.98 lakh at ₹253.00 (box jump — doubling the stake with NEW capital; stop stays ₹228.00; charges ₹2,248.58)"
2021-08-09,KPITTECH,PYRAMID BUY ₹2.03 lakh at ₹312.45 (box jump — doubling the stake with NEW capital; stop stays ₹266.76; charges ₹239.95)
2021-08-09,KPRMILL,PYRAMID BUY ₹1.74 lakh at ₹399.60 (box jump — doubling the stake with NEW capital; stop stays ₹352.48; charges ₹206.37)
2021-08-09,MARKSANS,"PYRAMID BUY ₹57,202.09 at ₹84.00 (box jump — doubling the stake with NEW capital; stop stays ₹77.14; charges ₹67.77)"
2021-08-09,WELSPUNLIV,PYRAMID BUY ₹3.04 lakh at ₹135.90 (box jump — doubling the stake with NEW capital; stop stays ₹124.64; charges ₹360.72)
2021-08-10,MARKSANS,"SELL ₹1.05 lakh at stop ₹77.14 (-6.1%, charges ₹108.80) — the cash goes back to work at the next Friday screen"
2021-08-10,SJVN,"SELL ₹21,749.92 at stop ₹26.98 (-2.9%, charges ₹22.56) — the cash goes back to work at the next Friday screen"
2021-08-10,WELSPUNLIV,"SELL ₹5.58 lakh at stop ₹124.64 (-2.8%, charges ₹578.34) — the cash goes back to work at the next Friday screen"
2021-08-11,GICRE,"SELL ₹12,378.05 at stop ₹164.12 (-19.9%, charges ₹12.84) — the cash goes back to work at the next Friday screen"
2021-08-11,JSWENERGY,"SELL ₹34.15 lakh at stop ₹228.00 (+11.4%, charges ₹3,542.40) — the cash goes back to work at the next Friday screen"
2021-08-11,KPRMILL,"SELL ₹3.07 lakh at stop ₹352.48 (-1.9%, charges ₹318.22) — the cash goes back to work at the next Friday screen"
2021-08-13,DYNAMATECH,fresh signal REFUSED — falling earnings power
2021-08-13,GABRIEL,RAISE STOP ₹86.92 → ₹118.77 (new box ₹125.05–₹146.00 sealed)
2021-08-13,KEI,RAISE STOP ₹608.00 → ₹663.29 (new box ₹698.20–₹762.00 sealed)
2021-08-13,MAHSCOOTER,fresh signal REFUSED — falling earnings power
2021-08-13,VIPIND,fresh signal REFUSED — falling earnings power
2021-08-16,GABRIEL,"PYRAMID BUY ₹8,740.29 at ₹149.30 (box jump — doubling the stake with NEW capital; stop stays ₹118.77; charges ₹10.36)"
2021-08-16,KEI,PYRAMID BUY ₹2.59 lakh at ₹744.95 (box jump — doubling the stake with NEW capital; stop stays ₹663.29; charges ₹306.97)
2021-08-16,TATAINVEST,"BUY ₹5.76 lakh at ₹130.81 (fresh Friday signal — BUY: 8.45× weekly, month 4.82×, ladder rising; stop ₹103.11; charges ₹682.21)"
2021-08-20,ASTERDM,fresh signal REFUSED — falling earnings power
2021-08-20,DEEPAKFERT,RAISE STOP ₹364.65 → ₹380.00 (new box ₹406.00–₹492.65 sealed)
2021-08-20,TATAINVEST,RAISE STOP ₹103.11 → ₹113.90 (new box ₹119.89–₹138.50 sealed)
2021-08-20,VIPIND,fresh signal REFUSED — falling earnings power
2021-08-23,DEEPAKFERT,PYRAMID BUY ₹3.09 lakh at ₹401.00 (box jump — doubling the stake with NEW capital; stop stays ₹380.00; charges ₹365.93)
2021-08-23,GRAVITA,"BUY ₹6.45 lakh at ₹188.60 (fresh Friday signal — BUY: 2.16× weekly, month 1.88×, ladder rising; stop ₹151.95; charges ₹764.30)"
2021-08-23,TATAINVEST,PYRAMID BUY ₹5.43 lakh at ₹123.50 (box jump — doubling the stake with NEW capital; stop stays ₹113.90; charges ₹643.35)
2021-08-27,ASTERDM,fresh signal REFUSED — falling earnings power
2021-08-27,DYNAMATECH,fresh signal REFUSED — falling earnings power
2021-08-27,GABRIEL,RAISE STOP ₹118.77 → ₹124.06 (new box ₹133.00–₹162.80 sealed)
2021-08-27,GRAVITA,RAISE STOP ₹151.95 → ₹164.49 (new box ₹177.00–₹218.70 sealed)
2021-08-27,KPITTECH,RAISE STOP ₹266.76 → ₹278.89 (new box ₹303.45–₹385.30 sealed)
2021-08-27,POWERINDIA,fresh signal REFUSED — falling earnings power
2021-08-27,SAFARI,fresh signal REFUSED — falling earnings power
2021-08-27,SWANCORP,fresh signal REFUSED — falling earnings power
2021-08-27,SWSOLAR,fresh signal REFUSED — falling earnings power
2021-08-30,GABRIEL,"PYRAMID BUY ₹16,112.86 at ₹137.70 (box jump — doubling the stake with NEW capital; stop stays ₹124.06; charges ₹19.09)"
2021-08-30,GRAVITA,PYRAMID BUY ₹6.63 lakh at ₹194.00 (box jump — doubling the stake with NEW capital; stop stays ₹164.49; charges ₹785.25)
2021-08-30,KPITTECH,PYRAMID BUY ₹4.40 lakh at ₹339.50 (box jump — doubling the stake with NEW capital; stop stays ₹278.89; charges ₹521.13)
2021-09-03,ASTERDM,fresh signal REFUSED — falling earnings power
2021-09-03,FIEMIND,fresh signal REFUSED — falling earnings power
2021-09-03,POWERINDIA,fresh signal REFUSED — falling earnings power
2021-09-03,PRESTIGE,fresh signal REFUSED — falling earnings power
2021-09-03,SAFARI,fresh signal REFUSED — falling earnings power
2021-09-06,HAL,"BUY ₹7.75 lakh at ₹705.00 (fresh Friday signal — BUY: 3.46× weekly, month 2.49×, ladder rising; stop ₹500.63; charges ₹918.18)"
2021-09-06,NHPC,"BUY ₹7.77 lakh at ₹27.90 (fresh Friday signal — BUY: 5.07× weekly, month 1.59×, ladder rising; stop ₹24.13; charges ₹920.10)"
2021-09-06,TDPOWERSYS,"BUY ₹7.72 lakh at ₹32.80 (fresh Friday signal — BUY: 2.60× weekly, month 4.52×, ladder rising; stop ₹25.56; charges ₹914.89)"
2021-09-09,DYNAMATECH,fresh signal REFUSED — falling earnings power
2021-09-09,HAL,RAISE STOP ₹500.63 → ₹636.29 (new box ₹669.77–₹728.50 sealed)
2021-09-09,IRCTC,"fresh signal NOT FUNDED — cash exhausted (BUY: 4.19× weekly, month 1.76×, ladder rising)"
2021-09-09,KEI,RAISE STOP ₹663.29 → ₹718.20 (new box ₹756.00–₹792.95 sealed)
2021-09-09,LINDEINDIA,fresh signal REFUSED — falling earnings power
2021-09-09,PRESTIGE,fresh signal REFUSED — falling earnings power
2021-09-09,SWSOLAR,fresh signal REFUSED — falling earnings power
2021-09-09,TATAINVEST,RAISE STOP ₹113.90 → ₹118.32 (new box ₹124.55–₹129.45 sealed)
2021-09-13,HAL,PYRAMID BUY ₹7.54 lakh at ₹687.02 (box jump — doubling the stake with NEW capital; stop stays ₹636.29; charges ₹893.71)
2021-09-13,KEI,PYRAMID BUY ₹5.54 lakh at ₹796.70 (box jump — doubling the stake with NEW capital; stop stays ₹718.20; charges ₹656.20)
2021-09-13,NEOGEN,"BUY ₹8.89 lakh at ₹1,165.00 (fresh Friday signal — BUY: 10.32× weekly, month 3.05×, ladder rising; stop ₹841.94; charges ₹1,053.07)"
2021-09-13,TATAINVEST,"PYRAMID BUY ₹11.31 lakh at ₹128.69 (box jump — doubling the stake with NEW capital; stop stays ₹118.32; charges ₹1,339.93)"
2021-09-17,DEEPAKFERT,RAISE STOP ₹380.00 → ₹385.70 (new box ₹406.00–₹433.80 sealed)
2021-09-17,KEI,RAISE STOP ₹718.20 → ₹737.39 (new box ₹776.20–₹841.00 sealed)
2021-09-17,NHPC,RAISE STOP ₹24.13 → ₹25.55 (new box ₹26.90–₹28.40 sealed)
2021-09-17,TDPOWERSYS,RAISE STOP ₹25.56 → ₹29.75 (new box ₹31.32–₹36.48 sealed)
2021-09-20,DEEPAKFERT,PYRAMID BUY ₹6.62 lakh at ₹430.00 (box jump — doubling the stake with NEW capital; stop stays ₹385.70; charges ₹784.33)
2021-09-20,KEI,"PYRAMID BUY ₹11.80 lakh at ₹849.00 (box jump — doubling the stake with NEW capital; stop stays ₹737.39; charges ₹1,397.73)"
2021-09-20,NHPC,PYRAMID BUY ₹7.69 lakh at ₹27.65 (box jump — doubling the stake with NEW capital; stop stays ₹25.55; charges ₹910.77)
2021-09-20,TDPOWERSYS,PYRAMID BUY ₹7.48 lakh at ₹31.80 (box jump — doubling the stake with NEW capital; stop stays ₹29.75; charges ₹885.95)
2021-09-24,NEOGEN,"RAISE STOP ₹841.94 → ₹1,035.55 (new box ₹1,090.05–₹1,239.90 sealed)"
2021-09-24,TATAINVEST,RAISE STOP ₹118.32 → ₹118.77 (new box ₹125.03–₹132.00 sealed)
2021-09-27,NEOGEN,"PYRAMID BUY ₹9.56 lakh at ₹1,255.00 (box jump — doubling the stake with NEW capital; stop stays ₹1,035.55; charges ₹1,133.08)"
2021-09-27,TATAINVEST,"PYRAMID BUY ₹22.99 lakh at ₹130.90 (box jump — doubling the stake with NEW capital; stop stays ₹118.77; charges ₹2,724.37)"
2021-10-01,NEOGEN,"RAISE STOP ₹1,035.55 → ₹1,142.85 (new box ₹1,203.00–₹1,379.90 sealed)"
2021-10-04,NEOGEN,"PYRAMID BUY ₹19.12 lakh at ₹1,255.10 (box jump — doubling the stake with NEW capital; stop stays ₹1,142.85; charges ₹2,265.00)"
2021-10-08,KEI,RAISE STOP ₹737.39 → ₹853.10 (new box ₹898.00–₹997.70 sealed)
2021-10-11,KEI,"PYRAMID BUY ₹27.32 lakh at ₹983.80 (box jump — doubling the stake with NEW capital; stop stays ₹853.10; charges ₹3,237.38)"
2021-10-14,HAL,RAISE STOP ₹636.29 → ₹636.50 (new box ₹670.00–₹705.50 sealed)
2021-10-14,TATAINVEST,RAISE STOP ₹118.77 → ₹134.91 (new box ₹142.01–₹150.90 sealed)
2021-10-14,TDPOWERSYS,RAISE STOP ₹29.75 → ₹30.53 (new box ₹32.13–₹35.00 sealed)
2021-10-18,HAL,"PYRAMID BUY ₹16.18 lakh at ₹737.50 (box jump — doubling the stake with NEW capital; stop stays ₹636.50; charges ₹1,917.60)"
2021-10-18,TATAINVEST,"PYRAMID BUY ₹59.02 lakh at ₹168.10 (box jump — doubling the stake with NEW capital; stop stays ₹134.91; charges ₹6,993.06)"
2021-10-18,TDPOWERSYS,"PYRAMID BUY ₹16.37 lakh at ₹34.84 (box jump — doubling the stake with NEW capital; stop stays ₹30.53; charges ₹1,940.13)"
2021-10-22,IRB,fresh signal REFUSED — falling earnings power
2021-10-22,KEI,"SELL ₹47.31 lakh at stop ₹853.10 (-4.1%, charges ₹4,907.52) — the cash goes back to work at the next Friday screen"
2021-10-22,NHPC,RAISE STOP ₹25.55 → ₹27.60 (new box ₹29.05–₹31.00 sealed)
2021-10-22,SJVN,fresh signal REFUSED — falling earnings power
2021-10-22,TDPOWERSYS,"SELL ₹28.65 lakh at stop ₹30.53 (-9.1%, charges ₹2,972.04) — the cash goes back to work at the next Friday screen"
2021-10-22,UNIONBANK,fresh signal REFUSED — falling earnings power
2021-10-25,LTM,"BUY ₹31.91 lakh at ₹6,555.00 (fresh Friday signal — BUY: 4.63× weekly, month 1.86×, ladder rising; stop ₹5,353.77; charges ₹3,781.35)"
2021-10-25,NEOGEN,"SELL ₹34.76 lakh at stop ₹1,142.85 (-7.3%, charges ₹3,605.40) — the cash goes back to work at the next Friday screen"
2021-10-25,NHPC,"PYRAMID BUY ₹18.28 lakh at ₹32.90 (box jump — doubling the stake with NEW capital; stop stays ₹27.60; charges ₹2,166.13)"
2021-10-28,HAL,"SELL ₹27.89 lakh at stop ₹636.50 (-11.2%, charges ₹2,893.13) — the cash goes back to work at the next Friday screen"
2021-10-29,ARVIND,fresh signal REFUSED — falling earnings power
2021-10-29,JAYNECOIND,fresh signal REFUSED — falling earnings power
2021-10-29,LTM,"RAISE STOP ₹5,353.77 → ₹5,950.99 (new box ₹6,264.20–₹7,155.00 sealed)"
2021-10-29,TATAINVEST,RAISE STOP ₹134.91 → ₹143.65 (new box ₹151.21–₹173.39 sealed)
2021-10-29,TTML,fresh signal REFUSED — falling earnings power
2021-10-29,UNITDSPR,fresh signal REFUSED — falling earnings power
2021-10-29,VTL,fresh signal REFUSED — falling earnings power
2021-11-01,LTM,"PYRAMID BUY ₹32.68 lakh at ₹6,720.00 (box jump — doubling the stake with NEW capital; stop stays ₹5,950.99; charges ₹3,871.94)"
2021-11-01,PERSISTENT,"BUY ₹45.36 lakh at ₹1,977.15 (fresh Friday signal — ACCUMULATE: 1.71× weekly, month 2.09×, ladder rising; stop ₹1,728.75; charges ₹5,373.97)"
2021-11-01,TATAINVEST,"PYRAMID BUY ₹1.04 crore at ₹148.00 (box jump — doubling the stake with NEW capital; stop stays ₹143.65; charges ₹12,306.48)"
2021-11-04,ABFRL,fresh signal REFUSED — falling earnings power
2021-11-04,OBEROIRLTY,fresh signal REFUSED — falling earnings power
2021-11-04,TTML,fresh signal REFUSED — falling earnings power
2021-11-11,DEEPAKFERT,"SELL ₹11.86 lakh at stop ₹385.70 (-3.5%, charges ₹1,229.85) — the cash goes back to work at the next Friday screen"
2021-11-12,ASTRAMICRO,fresh signal REFUSED — falling earnings power
2021-11-12,DBREALTY,fresh signal REFUSED — falling earnings power
2021-11-12,GRAVITA,RAISE STOP ₹164.49 → ₹197.03 (new box ₹207.40–₹234.00 sealed)
2021-11-12,JBMA,fresh signal REFUSED — falling earnings power
2021-11-12,NHPC,RAISE STOP ₹27.60 → ₹28.69 (new box ₹30.20–₹32.25 sealed)
2021-11-12,TTML,fresh signal REFUSED — falling earnings power
2021-11-12,TVSMOTOR,fresh signal REFUSED — falling earnings power
2021-11-12,UNIONBANK,fresh signal REFUSED — falling earnings power
2021-11-15,GOKULAGRO,"BUY ₹52.01 lakh at ₹31.05 (fresh Friday signal — BUY: 2.63× weekly, month 1.60×, ladder rising; stop ₹24.87; charges ₹6,161.81)"
2021-11-15,GRAVITA,"PYRAMID BUY ₹15.01 lakh at ₹219.80 (box jump — doubling the stake with NEW capital; stop stays ₹197.03; charges ₹1,778.30)"
2021-11-15,NHPC,"PYRAMID BUY ₹35.88 lakh at ₹32.30 (box jump — doubling the stake with NEW capital; stop stays ₹28.69; charges ₹4,250.73)"
2021-11-15,SFL,signal SKIPPED — cash below half a slice
2021-11-18,NHPC,RAISE STOP ₹28.69 → ₹30.11 (new box ₹31.70–₹33.20 sealed)
2021-11-22,GRAVITA,"SELL ₹26.86 lakh at stop ₹197.03 (-4.1%, charges ₹2,786.66) — the cash goes back to work at the next Friday screen"
2021-11-22,NHPC,"PYRAMID BUY ₹73.04 lakh at ₹32.90 (box jump — doubling the stake with NEW capital; stop stays ₹30.11; charges ₹8,654.25)"
2021-11-26,GLAXO,fresh signal REFUSED — falling earnings power
2021-11-26,GOKULAGRO,RAISE STOP ₹24.87 → ₹26.03 (new box ₹28.51–₹36.79 sealed)
2021-11-26,KPITTECH,RAISE STOP ₹278.89 → ₹398.63 (new box ₹422.00–₹499.90 sealed)
2021-11-26,LTM,"RAISE STOP ₹5,950.99 → ₹6,270.00 (new box ₹6,600.00–₹7,564.95 sealed)"
2021-11-26,OPTIEMUS,fresh signal REFUSED — falling earnings power
2021-11-26,PGIL,fresh signal REFUSED — falling earnings power
2021-11-26,TATAINVEST,"SELL ₹2.01 crore at stop ₹143.65 (-3.2%, charges ₹20,881.05) — the cash goes back to work at the next Friday screen"
2021-11-26,TTML,fresh signal REFUSED — falling earnings power
2021-11-29,BSOFT,"BUY ₹69.46 lakh at ₹465.20 (fresh Friday signal — BUY: 3.61× weekly, month 2.59×, ladder rising; stop ₹375.44; charges ₹8,230.31)"
2021-11-29,ESCORTS,"BUY ₹69.59 lakh at ₹1,875.00 (fresh Friday signal — BUY: 1.78× weekly, month 2.18×, ladder rising; stop ₹1,369.04; charges ₹8,245.15)"
2021-11-29,GOKULAGRO,"PYRAMID BUY ₹58.02 lakh at ₹34.68 (box jump — doubling the stake with NEW capital; stop stays ₹26.03; charges ₹6,873.93)"
2021-11-29,KPITTECH,"PYRAMID BUY ₹11.78 lakh at ₹455.00 (box jump — doubling the stake with NEW capital; stop stays ₹398.63; charges ₹1,396.01)"
2021-11-29,LTM,"PYRAMID BUY ₹63.47 lakh at ₹6,530.00 (box jump — doubling the stake with NEW capital; stop stays ₹6,270.00; charges ₹7,520.47)"
2021-11-29,NHPC,"SELL ₹1.33 crore at stop ₹30.11 (-6.2%, charges ₹13,845.82) — the cash goes back to work at the next Friday screen"
2021-12-03,BSOFT,RAISE STOP ₹375.44 → ₹424.65 (new box ₹447.00–₹513.95 sealed)
2021-12-03,GLAXO,fresh signal REFUSED — falling earnings power
2021-12-03,SFL,"fresh signal NOT FUNDED — cash exhausted (BUY: 2.40× weekly, month 2.05×, ladder rising)"
2021-12-03,SOLARINDS,"fresh signal NOT FUNDED — cash exhausted (ACCUMULATE: 1.55× weekly, month 2.23×, ladder rising)"
2021-12-03,TTML,fresh signal REFUSED — falling earnings power
2021-12-06,BSE,"BUY ₹75.75 lakh at ₹209.99 (fresh Friday signal — BUY: 4.20× weekly, month 1.77×, ladder rising; stop ₹158.85; charges ₹8,975.29)"
2021-12-06,BSOFT,"PYRAMID BUY ₹72.34 lakh at ₹485.00 (box jump — doubling the stake with NEW capital; stop stays ₹424.65; charges ₹8,570.45)"
2021-12-06,CHAMBLFERT,"BUY ₹75.58 lakh at ₹407.45 (fresh Friday signal — ACCUMULATE: 3.11× weekly, month 1.86×, ladder rising; stop ₹274.46; charges ₹8,954.49)"
2021-12-06,PGEL,"BUY ₹75.31 lakh at ₹61.77 (fresh Friday signal — BUY: 2.46× weekly, month 1.72×, ladder rising; stop ₹37.43; charges ₹8,923.36)"
2021-12-10,ESCORTS,"RAISE STOP ₹1,369.04 → ₹1,739.73 (new box ₹1,831.30–₹1,889.75 sealed)"
2021-12-10,KPITTECH,RAISE STOP ₹398.63 → ₹458.85 (new box ₹483.00–₹531.00 sealed)
2021-12-10,PERSISTENT,"RAISE STOP ₹1,728.75 → ₹1,961.89 (new box ₹2,065.15–₹2,217.40 sealed)"
2021-12-13,ESCORTS,"PYRAMID BUY ₹69.29 lakh at ₹1,869.00 (box jump — doubling the stake with NEW capital; stop stays ₹1,739.73; charges ₹8,209.03)"
2021-12-13,KPITTECH,"PYRAMID BUY ₹26.14 lakh at ₹505.00 (box jump — doubling the stake with NEW capital; stop stays ₹458.85; charges ₹3,097.01)"
2021-12-13,PERSISTENT,"PYRAMID BUY ₹49.95 lakh at ₹2,180.00 (box jump — doubling the stake with NEW capital; stop stays ₹1,961.89; charges ₹5,918.30)"
2021-12-20,KPITTECH,"SELL ₹47.42 lakh at stop ₹458.85 (+3.5%, charges ₹4,919.22) — the cash goes back to work at the next Friday screen"
2021-12-24,BSE,RAISE STOP ₹158.85 → ₹181.60 (new box ₹200.56–₹263.74 sealed)
2021-12-24,KITEX,fresh signal REFUSED — falling earnings power
2021-12-24,PERSISTENT,"RAISE STOP ₹1,961.89 → ₹2,067.34 (new box ₹2,176.15–₹2,376.05 sealed)"
2021-12-24,PGEL,RAISE STOP ₹37.43 → ₹56.96 (new box ₹60.98–₹74.39 sealed)
2021-12-24,SWANCORP,fresh signal REFUSED — falling earnings power
2021-12-27,BSE,"PYRAMID BUY ₹74.06 lakh at ₹205.56 (box jump — doubling the stake with NEW capital; stop stays ₹181.60; charges ₹8,775.16)"
2021-12-27,PERSISTENT,"PYRAMID BUY ₹1.06 crore at ₹2,311.50 (box jump — doubling the stake with NEW capital; stop stays ₹2,067.34; charges ₹12,543.16)"
2021-12-27,PGEL,"PYRAMID BUY ₹86.47 lakh at ₹71.00 (box jump — doubling the stake with NEW capital; stop stays ₹56.96; charges ₹10,245.41)"
2021-12-27,UNOMINDA,"BUY ₹64.56 lakh at ₹590.00 (fresh Friday signal — BUY: 3.66× weekly, month 2.64×, ladder rising; stop ₹464.60; charges ₹7,649.22)"
2021-12-31,GABRIEL,RAISE STOP ₹124.06 → ₹125.40 (new box ₹132.00–₹146.30 sealed)
2021-12-31,UNOMINDA,RAISE STOP ₹464.60 → ₹544.21 (new box ₹572.85–₹627.20 sealed)
2022-01-03,GABRIEL,"PYRAMID BUY ₹32,744.58 at ₹140.00 (box jump — doubling the stake with NEW capital; stop stays ₹125.40; charges ₹38.80)"
2022-01-03,UNOMINDA,"PYRAMID BUY ₹67.21 lakh at ₹614.92 (box jump — doubling the stake with NEW capital; stop stays ₹544.21; charges ₹7,962.92)"
2022-01-07,KITEX,fresh signal REFUSED — falling earnings power
2022-01-07,PGEL,RAISE STOP ₹56.96 → ₹72.44 (new box ₹76.25–₹86.20 sealed)
2022-01-07,POONAWALLA,fresh signal REFUSED — falling earnings power
2022-01-07,SUZLON,"fresh signal NOT FUNDED — cash exhausted (BUY: 2.86× weekly, month 2.01×, ladder rising)"
2022-01-07,SWANCORP,fresh signal REFUSED — falling earnings power
2022-01-07,UNOMINDA,"SELL ₹1.19 crore at stop ₹544.21 (-9.7%, charges ₹12,319.46) — the cash goes back to work at the next Friday screen"
2022-01-07,VARROC,fresh signal REFUSED — falling earnings power
2022-01-07,VTL,fresh signal REFUSED — falling earnings power
2022-01-10,AFFLE,"BUY ₹1.19 crore at ₹1,307.00 (fresh Friday signal — BUY: 4.57× weekly, month 1.57×, ladder rising; stop ₹955.80; charges ₹14,071.47)"
2022-01-10,PGEL,"PYRAMID BUY ₹2.06 crore at ₹84.50 (box jump — doubling the stake with NEW capital; stop stays ₹72.44; charges ₹24,372.52)"
2022-01-14,AFFLE,"RAISE STOP ₹955.80 → ₹1,206.50 (new box ₹1,270.00–₹1,368.80 sealed)"
2022-01-17,AFFLE,"PYRAMID BUY ₹1.36 crore at ₹1,493.00 (box jump — doubling the stake with NEW capital; stop stays ₹1,206.50; charges ₹16,054.94)"
2022-01-21,ESCORTS,"RAISE STOP ₹1,739.73 → ₹1,754.65 (new box ₹1,847.00–₹1,918.90 sealed)"
2022-01-21,GOKULAGRO,RAISE STOP ₹26.03 → ₹35.00 (new box ₹36.84–₹41.76 sealed)
2022-01-24,ESCORTS,"PYRAMID BUY ₹1.39 crore at ₹1,869.70 (box jump — doubling the stake with NEW capital; stop stays ₹1,754.65; charges ₹16,414.48)"
2022-01-24,GOKULAGRO,"PYRAMID BUY ₹1.27 crore at ₹37.98 (box jump — doubling the stake with NEW capital; stop stays ₹35.00; charges ₹15,049.65)"
2022-01-24,LTM,"SELL ₹1.22 crore at stop ₹6,270.00 (-4.8%, charges ₹12,623.33) — the cash goes back to work at the next Friday screen"
2022-01-24,PERSISTENT,"SELL ₹1.89 crore at stop ₹2,067.34 (-5.8%, charges ₹19,611.00) — the cash goes back to work at the next Friday screen"
2022-01-24,PGEL,"SELL ₹3.52 crore at stop ₹72.44 (-4.0%, charges ₹36,525.54) — the cash goes back to work at the next Friday screen"
2022-01-25,AFFLE,"SELL ₹2.19 crore at stop ₹1,206.50 (-13.8%, charges ₹22,680.40) — the cash goes back to work at the next Friday screen"
2022-01-25,GOKULAGRO,"SELL ₹2.34 crore at stop ₹35.00 (-1.2%, charges ₹24,243.84) — the cash goes back to work at the next Friday screen"
2022-01-28,POWERINDIA,fresh signal REFUSED — falling earnings power
2022-01-31,SHARDACROP,"BUY ₹1.77 crore at ₹586.70 (fresh Friday signal — BUY: 19.48× weekly, month 6.26×, ladder rising; stop ₹342.00; charges ₹20,948.87)"
2022-02-04,ABB,fresh signal REFUSED — falling earnings power
2022-02-04,ASHAPURMIN,fresh signal REFUSED — falling earnings power
2022-02-04,SHARDACROP,RAISE STOP ₹342.00 → ₹545.30 (new box ₹574.00–₹620.00 sealed)
2022-02-04,TEXRAIL,fresh signal REFUSED — falling earnings power
2022-02-07,CCL,"BUY ₹1.99 crore at ₹503.55 (fresh Friday signal — BUY: 4.07× weekly, month 1.58×, ladder rising; stop ₹408.60; charges ₹23,536.90)"
2022-02-07,SHARDACROP,"PYRAMID BUY ₹1.99 crore at ₹660.10 (box jump — doubling the stake with NEW capital; stop stays ₹545.30; charges ₹23,541.78)"
2022-02-11,CCL,RAISE STOP ₹408.60 → ₹441.75 (new box ₹465.00–₹514.95 sealed)
2022-02-11,CHAMBLFERT,RAISE STOP ₹274.46 → ₹353.85 (new box ₹384.10–₹484.95 sealed)
2022-02-11,CREDITACC,fresh signal REFUSED — falling earnings power
2022-02-11,OPTIEMUS,fresh signal REFUSED — falling earnings power
2022-02-11,SHARDACROP,"SELL ₹3.28 crore at stop ₹545.30 (-12.5%, charges ₹33,996.93) — the cash goes back to work at the next Friday screen"
2022-02-14,BSOFT,"SELL ₹1.26 crore at stop ₹424.65 (-10.6%, charges ₹13,118.00) — the cash goes back to work at the next Friday screen"
2022-02-14,CCL,"PYRAMID BUY ₹1.83 crore at ₹465.00 (box jump — doubling the stake with NEW capital; stop stays ₹441.75; charges ₹21,709.25)"
2022-02-14,CHAMBLFERT,"PYRAMID BUY ₹71.22 lakh at ₹384.40 (box jump — doubling the stake with NEW capital; stop stays ₹353.85; charges ₹8,437.91)"
2022-02-14,GABRIEL,"SELL ₹58,564.09 at stop ₹125.40 (-8.6%, charges ₹60.75) — the cash goes back to work at the next Friday screen"
2022-02-14,GNFC,"BUY ₹2.14 crore at ₹553.00 (fresh Friday signal — BUY: 7.50× weekly, month 2.65×, ladder rising; stop ₹414.87; charges ₹25,332.62)"
2022-02-18,GMDCLTD,fresh signal REFUSED — falling earnings power
2022-02-18,GNFC,RAISE STOP ₹414.87 → ₹497.80 (new box ₹524.00–₹577.90 sealed)
2022-02-21,ADANIPOWER,"BUY ₹2.34 crore at ₹26.40 (fresh Friday signal — BUY: 8.22× weekly, month 2.70×, ladder rising; stop ₹18.02; charges ₹27,772.67)"
2022-02-21,CGCL,"BUY ₹2.32 crore at ₹567.08 (fresh Friday signal — ACCUMULATE: 4.97× weekly, month 2.06×, ladder rising; stop ₹507.72; charges ₹27,520.35)"
2022-02-21,GNFC,"PYRAMID BUY ₹2.12 crore at ₹548.00 (box jump — doubling the stake with NEW capital; stop stays ₹497.80; charges ₹25,073.83)"
2022-02-24,CCL,"SELL ₹3.48 crore at stop ₹441.75 (-8.8%, charges ₹36,053.12) — the cash goes back to work at the next Friday screen"
2022-02-24,CHAMBLFERT,"SELL ₹1.31 crore at stop ₹353.85 (-10.6%, charges ₹13,578.30) — the cash goes back to work at the next Friday screen"
2022-02-25,ESCORTS,"SELL ₹2.60 crore at stop ₹1,754.65 (-6.2%, charges ₹26,929.01) — the cash goes back to work at the next Friday screen"
2022-03-04,ADANIPOWER,RAISE STOP ₹18.02 → ₹20.00 (new box ₹21.74–₹27.54 sealed)
2022-03-04,GMDCLTD,fresh signal REFUSED — falling earnings power
2022-03-04,POWERINDIA,fresh signal REFUSED — falling earnings power
2022-03-07,ADANIPOWER,"PYRAMID BUY ₹2.06 crore at ₹23.20 (box jump — doubling the stake with NEW capital; stop stays ₹20.00; charges ₹24,377.36)"
2022-03-11,GMDCLTD,fresh signal REFUSED — falling earnings power
2022-03-17,LINDEINDIA,fresh signal REFUSED — falling earnings power
2022-03-17,RHIM,fresh signal REFUSED — falling earnings power
2022-03-25,CHALET,fresh signal REFUSED — falling earnings power
2022-03-25,LINDEINDIA,fresh signal REFUSED — falling earnings power
2022-04-01,TAX,"FY2022 settled: ₹0.00 paid (STCG ₹0.00 @20%, LTCG ₹0.00 @12.5%; losses carried forward ST ₹2.35 crore / LT ₹0.00)"
2022-04-04,RCF,"BUY ₹3.14 crore at ₹96.40 (fresh Friday signal — BUY: 8.32× weekly, month 2.52×, ladder rising; stop ₹74.19; charges ₹37,238.08)"
2022-04-04,SPLPETRO,"BUY ₹3.16 crore at ₹475.00 (fresh Friday signal — BUY: 4.41× weekly, month 2.84×, ladder rising; stop ₹398.29; charges ₹37,420.80)"
2022-04-08,CHENNPETRO,fresh signal REFUSED — falling earnings power
2022-04-08,SPLPETRO,RAISE STOP ₹398.29 → ₹424.27 (new box ₹446.60–₹512.50 sealed)
2022-04-11,BLS,"BUY ₹3.52 crore at ₹82.50 (fresh Friday signal — BUY: 8.78× weekly, month 1.73×, ladder rising; stop ₹54.82; charges ₹41,760.13)"
2022-04-11,MINDACORP,"BUY ₹2.70 crore at ₹230.05 (fresh Friday signal — BUY: 2.10× weekly, month 1.60×, ladder rising; stop ₹186.63; charges ₹31,938.92)"
2022-04-11,SPLPETRO,"PYRAMID BUY ₹3.06 crore at ₹460.65 (box jump — doubling the stake with NEW capital; stop stays ₹424.27; charges ₹36,247.30)"
2022-04-22,ADANIPOWER,RAISE STOP ₹20.00 → ₹40.22 (new box ₹42.80–₹51.39 sealed)
2022-04-22,BLS,RAISE STOP ₹54.82 → ₹75.36 (new box ₹79.33–₹86.00 sealed)
2022-04-22,GNFC,RAISE STOP ₹497.80 → ₹792.16 (new box ₹833.85–₹912.00 sealed)
2022-04-22,RCF,RAISE STOP ₹74.19 → ₹93.15 (new box ₹98.05–₹109.00 sealed)
2022-04-25,ADANIPOWER,PYRAMID BUY ₹9.34 crore at ₹52.68 (box jump — doubling the stake with NEW capital; stop stays ₹40.22; charges ₹1.11 lakh)
2022-04-25,BLS,"PYRAMID BUY ₹3.52 crore at ₹82.42 (box jump — doubling the stake with NEW capital; stop stays ₹75.36; charges ₹41,672.74)"
2022-04-25,GNFC,"PYRAMID BUY ₹6.53 crore at ₹846.40 (box jump — doubling the stake with NEW capital; stop stays ₹792.16; charges ₹77,408.46)"
2022-04-25,RCF,"PYRAMID BUY ₹3.39 crore at ₹104.20 (box jump — doubling the stake with NEW capital; stop stays ₹93.15; charges ₹40,203.43)"
2022-04-29,BSE,RAISE STOP ₹181.60 → ₹255.87 (new box ₹270.67–₹320.00 sealed)
2022-05-02,BSE,"PYRAMID BUY ₹2.14 crore at ₹296.70 (box jump — doubling the stake with NEW capital; stop stays ₹255.87; charges ₹25,317.22)"
2022-05-04,RCF,"SELL ₹6.06 crore at stop ₹93.15 (-7.1%, charges ₹62,827.94) — the cash goes back to work at the next Friday screen"
2022-05-06,CHENNPETRO,fresh signal REFUSED — falling earnings power
2022-05-06,GNFC,"SELL ₹12.21 crore at stop ₹792.16 (+13.4%, charges ₹1.27 lakh) — the cash goes back to work at the next Friday screen"
2022-05-06,TARC,fresh signal REFUSED — falling earnings power
2022-05-09,MRPL,"BUY ₹6.06 crore at ₹78.00 (fresh Friday signal — BUY: 2.47× weekly, month 7.89×, ladder rising; stop ₹58.41; charges ₹71,800.85)"
2022-05-10,BSE,"SELL ₹3.68 crore at stop ₹255.87 (+1.5%, charges ₹38,167.38) — the cash goes back to work at the next Friday screen"
2022-05-11,MINDACORP,"SELL ₹2.18 crore at stop ₹186.63 (-18.9%, charges ₹22,634.27) — the cash goes back to work at the next Friday screen"
2022-05-16,VBL,"BUY ₹5.84 crore at ₹146.67 (fresh Friday signal — ACCUMULATE: 1.77× weekly, month 2.79×, ladder rising; stop ₹130.85; charges ₹69,247.35)"
2022-05-20,COROMANDEL,fresh signal REFUSED — falling earnings power
2022-05-20,MRPL,RAISE STOP ₹58.41 → ₹60.81 (new box ₹66.30–₹84.60 sealed)
2022-05-23,ACC,"BUY ₹7.19 crore at ₹2,260.00 (fresh Friday signal — ACCUMULATE: 2.13× weekly, month 1.55×, ladder rising; stop ₹1,994.10; charges ₹85,153.07)"
2022-05-23,MRPL,"PYRAMID BUY ₹7.36 crore at ₹94.80 (box jump — doubling the stake with NEW capital; stop stays ₹60.81; charges ₹87,162.25)"
2022-05-24,SPLPETRO,"SELL ₹5.63 crore at stop ₹424.27 (-9.3%, charges ₹58,360.83) — the cash goes back to work at the next Friday screen"
2022-05-27,COROMANDEL,fresh signal REFUSED — falling earnings power
2022-06-03,MRPL,RAISE STOP ₹60.81 → ₹69.61 (new box ₹75.65–₹95.80 sealed)
2022-06-06,MRPL,PYRAMID BUY ₹13.70 crore at ₹88.35 (box jump — doubling the stake with NEW capital; stop stays ₹69.61; charges ₹1.62 lakh)
2022-06-10,CHENNPETRO,fresh signal REFUSED — falling earnings power
2022-06-10,VBL,RAISE STOP ₹130.85 → ₹136.81 (new box ₹144.01–₹155.59 sealed)
2022-06-13,ELECON,"BUY ₹9.34 crore at ₹122.47 (fresh Friday signal — BUY: 4.00× weekly, month 1.65×, ladder rising; stop ₹85.59; charges ₹1.11 lakh)"
2022-06-13,VBL,"PYRAMID BUY ₹5.96 crore at ₹149.70 (box jump — doubling the stake with NEW capital; stop stays ₹136.81; charges ₹70,595.76)"
2022-06-17,BLS,RAISE STOP ₹75.36 → ₹83.17 (new box ₹87.55–₹95.00 sealed)
2022-06-17,ELECON,RAISE STOP ₹85.59 → ₹111.01 (new box ₹116.85–₹134.95 sealed)
2022-06-20,BLS,PYRAMID BUY ₹9.05 crore at ₹106.12 (box jump — doubling the stake with NEW capital; stop stays ₹83.17; charges ₹1.07 lakh)
2022-06-20,ELECON,PYRAMID BUY ₹10.00 crore at ₹131.25 (box jump — doubling the stake with NEW capital; stop stays ₹111.01; charges ₹1.19 lakh)
2022-06-24,ADANIPOWER,RAISE STOP ₹40.22 → ₹43.79 (new box ₹47.66–₹60.56 sealed)
2022-06-24,VBL,RAISE STOP ₹136.81 → ₹136.99 (new box ₹144.20–₹161.12 sealed)
2022-06-27,ADANIPOWER,PYRAMID BUY ₹19.20 crore at ₹54.19 (box jump — doubling the stake with NEW capital; stop stays ₹43.79; charges ₹2.27 lakh)
2022-06-27,VBL,PYRAMID BUY ₹12.41 crore at ₹155.98 (box jump — doubling the stake with NEW capital; stop stays ₹136.99; charges ₹1.47 lakh)
2022-07-01,BLS,RAISE STOP ₹83.17 → ₹90.53 (new box ₹95.30–₹109.33 sealed)
2022-07-04,BLS,PYRAMID BUY ₹16.62 crore at ₹97.47 (box jump — doubling the stake with NEW capital; stop stays ₹90.53; charges ₹1.97 lakh)
2022-07-06,MRPL,"SELL ₹21.56 crore at stop ₹69.61 (-20.3%, charges ₹2.24 lakh) — the cash goes back to work at the next Friday screen"
2022-07-08,ELECON,RAISE STOP ₹111.01 → ₹120.65 (new box ₹127.00–₹144.95 sealed)
2022-07-08,VOLTAMP,fresh signal REFUSED — falling earnings power
2022-07-11,ELECON,PYRAMID BUY ₹22.39 crore at ₹147.00 (box jump — doubling the stake with NEW capital; stop stays ₹120.65; charges ₹2.65 lakh)
2022-07-15,ACC,"RAISE STOP ₹1,994.10 → ₹2,030.05 (new box ₹2,136.90–₹2,201.10 sealed)"
2022-07-15,KEC,fresh signal REFUSED — falling earnings power
2022-07-18,ACC,"PYRAMID BUY ₹6.86 crore at ₹2,160.95 (box jump — doubling the stake with NEW capital; stop stays ₹2,030.05; charges ₹81,324.56)"
2022-07-22,ANANTRAJ,"fresh signal NOT FUNDED — cash exhausted (BUY: 4.06× weekly, month 1.87×, ladder rising)"
2022-07-22,CRAFTSMAN,fresh signal REFUSED — falling earnings power
2022-07-22,ELECON,RAISE STOP ₹120.65 → ₹142.64 (new box ₹150.15–₹162.50 sealed)
2022-07-25,ELECON,PYRAMID BUY ₹50.52 crore at ₹165.95 (box jump — doubling the stake with NEW capital; stop stays ₹142.64; charges ₹5.99 lakh)
2022-07-25,TIINDIA,"BUY ₹22.88 crore at ₹2,135.00 (fresh Friday signal — BUY: 4.17× weekly, month 2.43×, ladder rising; stop ₹1,862.00; charges ₹2.71 lakh)"
2022-07-29,VBL,RAISE STOP ₹136.99 → ₹162.49 (new box ₹171.04–₹182.12 sealed)
2022-08-01,VBL,PYRAMID BUY ₹28.36 crore at ₹178.36 (box jump — doubling the stake with NEW capital; stop stays ₹162.49; charges ₹3.36 lakh)
2022-08-05,ACC,"RAISE STOP ₹2,030.05 → ₹2,053.90 (new box ₹2,162.00–₹2,213.00 sealed)"
2022-08-05,BLS,RAISE STOP ₹90.53 → ₹110.67 (new box ₹116.50–₹128.95 sealed)
2022-08-05,TIINDIA,"RAISE STOP ₹1,862.00 → ₹1,867.30 (new box ₹1,981.00–₹2,360.00 sealed)"
2022-08-08,ACC,"PYRAMID BUY ₹14.35 crore at ₹2,260.00 (box jump — doubling the stake with NEW capital; stop stays ₹2,053.90; charges ₹1.70 lakh)"
2022-08-08,BLS,PYRAMID BUY ₹40.30 crore at ₹118.25 (box jump — doubling the stake with NEW capital; stop stays ₹110.67; charges ₹4.77 lakh)
2022-08-08,TIINDIA,"PYRAMID BUY ₹24.32 crore at ₹2,272.15 (box jump — doubling the stake with NEW capital; stop stays ₹1,867.30; charges ₹2.88 lakh)"
2022-08-12,ACC,"RAISE STOP ₹2,053.90 → ₹2,085.11 (new box ₹2,194.85–₹2,262.60 sealed)"
2022-08-12,ADANIPOWER,RAISE STOP ₹43.79 → ₹61.19 (new box ₹64.41–₹70.80 sealed)
2022-08-12,ELECON,RAISE STOP ₹142.64 → ₹156.67 (new box ₹165.97–₹196.97 sealed)
2022-08-12,VBL,RAISE STOP ₹162.49 → ₹188.52 (new box ₹198.44–₹209.56 sealed)
2022-08-16,ACC,"PYRAMID BUY ₹28.53 crore at ₹2,248.00 (box jump — doubling the stake with NEW capital; stop stays ₹2,085.11; charges ₹3.38 lakh)"
2022-08-16,ADANIPOWER,PYRAMID BUY ₹49.43 crore at ₹69.80 (box jump — doubling the stake with NEW capital; stop stays ₹61.19; charges ₹5.86 lakh)
2022-08-16,ELECON,PYRAMID BUY ₹104.06 crore at ₹171.00 (box jump — doubling the stake with NEW capital; stop stays ₹156.67; charges ₹12.33 lakh)
2022-08-16,VBL,PYRAMID BUY ₹65.48 crore at ₹206.00 (box jump — doubling the stake with NEW capital; stop stays ₹188.52; charges ₹7.76 lakh)
2022-08-22,VBL,"SELL ₹119.65 crore at stop ₹188.52 (+1.6%, charges ₹12.41 lakh) — the cash goes back to work at the next Friday screen"
2022-08-23,BLS,"SELL ₹75.30 crore at stop ₹110.67 (+3.4%, charges ₹7.81 lakh) — the cash goes back to work at the next Friday screen"
2022-08-26,ABB,fresh signal REFUSED — falling earnings power
2022-08-26,ACC,"RAISE STOP ₹2,085.11 → ₹2,151.37 (new box ₹2,264.60–₹2,367.75 sealed)"
2022-08-26,CEMPRO,fresh signal REFUSED — falling earnings power
2022-08-26,CUB,"fresh signal NOT FUNDED — cash exhausted (BUY: 1.55× weekly, month 1.65×, ladder rising)"
2022-08-26,DEEPAKFERT,"fresh signal NOT FUNDED — cash exhausted (BUY: 1.52× weekly, month 1.76×, ladder rising)"
2022-08-26,GESHIP,fresh signal REFUSED — falling earnings power
2022-08-26,HERITGFOOD,fresh signal REFUSED — falling earnings power
2022-08-26,KIRLOSENG,fresh signal REFUSED — falling earnings power
2022-08-26,MAZDOCK,fresh signal REFUSED — falling earnings power
2022-08-26,RBLBANK,fresh signal REFUSED — falling earnings power
2022-08-26,SOUTHBANK,fresh signal REFUSED — falling earnings power
2022-08-26,TARIL,fresh signal REFUSED — falling earnings power
2022-08-26,TEJASNET,fresh signal REFUSED — falling earnings power
2022-08-29,ACC,"PYRAMID BUY ₹57.68 crore at ₹2,274.00 (box jump — doubling the stake with NEW capital; stop stays ₹2,151.37; charges ₹6.83 lakh)"
2022-08-29,HOMEFIRST,"BUY ₹69.35 crore at ₹944.95 (fresh Friday signal — ACCUMULATE: 3.67× weekly, month 2.49×, ladder rising; stop ₹849.35; charges ₹8.22 lakh)"
2022-08-29,KALYANKJIL,"BUY ₹69.43 crore at ₹78.10 (fresh Friday signal — BUY: 9.54× weekly, month 2.93×, ladder rising; stop ₹65.55; charges ₹8.23 lakh)"
2022-08-29,SIEMENS,"BUY ₹56.16 crore at ₹1,688.21 (fresh Friday signal — ACCUMULATE: 1.59× weekly, month 1.62×, ladder rising; stop ₹1,573.13; charges ₹6.65 lakh)"
2022-09-02,ADANIPOWER,RAISE STOP ₹61.19 → ₹66.80 (new box ₹71.35–₹86.50 sealed)
2022-09-02,KALYANKJIL,RAISE STOP ₹65.55 → ₹73.15 (new box ₹77.00–₹82.85 sealed)
2022-09-05,ADANIPOWER,PYRAMID BUY ₹114.28 crore at ₹80.73 (box jump — doubling the stake with NEW capital; stop stays ₹66.80; charges ₹13.54 lakh)
2022-09-05,KALYANKJIL,PYRAMID BUY ₹75.17 crore at ₹84.65 (box jump — doubling the stake with NEW capital; stop stays ₹73.15; charges ₹8.91 lakh)
2022-09-14,HOMEFIRST,"SELL ₹62.20 crore at stop ₹849.35 (-10.1%, charges ₹6.45 lakh) — the cash goes back to work at the next Friday screen"
2022-09-16,ADANIPORTS,fresh signal REFUSED — falling earnings power
2022-09-16,AMBUJACEM,"fresh signal NOT FUNDED — cash exhausted (BUY: 5.45× weekly, month 4.11×, ladder rising)"
2022-09-16,AURIONPRO,"fresh signal NOT FUNDED — cash exhausted (BUY: 8.08× weekly, month 2.36×, ladder rising)"
2022-09-16,AXISCADES,"fresh signal NOT FUNDED — cash exhausted (BUY: 6.08× weekly, month 1.58×, ladder rising)"
2022-09-16,BAJAJHLDNG,"fresh signal NOT FUNDED — cash exhausted (BUY: 4.61× weekly, month 2.33×, ladder rising)"
2022-09-16,CCL,"fresh signal NOT FUNDED — cash exhausted (BUY: 2.65× weekly, month 1.67×, ladder rising)"
2022-09-16,CEATLTD,fresh signal REFUSED — falling earnings power
2022-09-16,DALBHARAT,fresh signal REFUSED — falling earnings power
2022-09-16,DCBBANK,fresh signal REFUSED — falling earnings power
2022-09-16,GRSE,fresh signal REFUSED — falling earnings power
2022-09-16,JKLAKSHMI,fresh signal REFUSED — falling earnings power
2022-09-16,JKTYRE,fresh signal REFUSED — falling earnings power
2022-09-16,JSWDULUX,"fresh signal NOT FUNDED — cash exhausted (BUY: 5.10× weekly, month 1.98×, ladder rising)"
2022-09-16,KALYANKJIL,RAISE STOP ₹73.15 → ₹76.00 (new box ₹80.00–₹85.80 sealed)
2022-09-16,KARURVYSYA,"fresh signal NOT FUNDED — cash exhausted (BUY: 2.95× weekly, month 1.88×, ladder rising)"
2022-09-16,LTFOODS,"fresh signal NOT FUNDED — cash exhausted (BUY: 6.13× weekly, month 2.43×, ladder rising)"
2022-09-16,LXCHEM,"fresh signal NOT FUNDED — cash exhausted (BUY: 3.27× weekly, month 1.94×, ladder rising)"
2022-09-16,MAZDOCK,fresh signal REFUSED — falling earnings power
2022-09-16,NHPC,fresh signal REFUSED — falling earnings power
2022-09-16,POWERMECH,"fresh signal NOT FUNDED — cash exhausted (BUY: 1.56× weekly, month 3.06×, ladder rising)"
2022-09-16,REFEX,"fresh signal NOT FUNDED — cash exhausted (BUY: 8.93× weekly, month 3.32×, ladder rising)"
2022-09-16,SIEMENS,"RAISE STOP ₹1,573.13 → ₹1,618.44 (new box ₹1,703.62–₹1,752.19 sealed)"
2022-09-16,SKIPPER,"fresh signal NOT FUNDED — cash exhausted (ACCUMULATE: 1.82× weekly, month 2.14×, ladder rising)"
2022-09-16,SOUTHBANK,fresh signal REFUSED — falling earnings power
2022-09-16,STLTECH,fresh signal REFUSED — falling earnings power
2022-09-16,TARIL,fresh signal REFUSED — falling earnings power
2022-09-16,UJJIVANSFB,fresh signal REFUSED — falling earnings power
2022-09-19,KALYANKJIL,PYRAMID BUY ₹168.79 crore at ₹95.10 (box jump — doubling the stake with NEW capital; stop stays ₹76.00; charges ₹20.00 lakh)
2022-09-19,MAHSCOOTER,"BUY ₹62.20 crore at ₹5,103.50 (fresh Friday signal — BUY: 10.17× weekly, month 2.61×, ladder rising; stop ₹3,847.79; charges ₹7.37 lakh)"
2022-09-19,SIEMENS,"PYRAMID BUY ₹57.72 crore at ₹1,737.02 (box jump — doubling the stake with NEW capital; stop stays ₹1,618.44; charges ₹6.84 lakh)"
2022-09-23,TIINDIA,"RAISE STOP ₹1,867.30 → ₹2,360.75 (new box ₹2,485.00–₹2,823.00 sealed)"
2022-09-26,SIEMENS,"SELL ₹107.38 crore at stop ₹1,618.44 (-5.5%, charges ₹11.14 lakh) — the cash goes back to work at the next Friday screen"
2022-09-26,TIINDIA,"PYRAMID BUY ₹58.57 crore at ₹2,737.75 (box jump — doubling the stake with NEW capital; stop stays ₹2,360.75; charges ₹6.94 lakh)"
2022-09-30,ACC,"RAISE STOP ₹2,151.37 → ₹2,171.53 (new box ₹2,313.10–₹2,785.00 sealed)"
2022-09-30,APOLLO,"fresh signal NOT FUNDED — cash exhausted (BUY: 2.88× weekly, month 2.70×, ladder rising)"
2022-09-30,AURIONPRO,"fresh signal NOT FUNDED — cash exhausted (BUY: 1.97× weekly, month 3.18×, ladder rising)"
2022-09-30,COCHINSHIP,fresh signal REFUSED — falling earnings power
2022-09-30,JSWDULUX,"fresh signal NOT FUNDED — cash exhausted (ACCUMULATE: 1.92× weekly, month 2.73×, ladder rising)"
2022-09-30,KALYANKJIL,RAISE STOP ₹76.00 → ₹81.12 (new box ₹85.80–₹101.40 sealed)
2022-09-30,MAHSCOOTER,"RAISE STOP ₹3,847.79 → ₹4,617.00 (new box ₹4,860.00–₹5,529.00 sealed)"
2022-09-30,MAZDOCK,fresh signal REFUSED — falling earnings power
2022-09-30,SCHNEIDER,"fresh signal NOT FUNDED — cash exhausted (BUY: 2.05× weekly, month 3.46×, ladder rising)"
2022-09-30,SKIPPER,"fresh signal NOT FUNDED — cash exhausted (ACCUMULATE: 1.73× weekly, month 2.58×, ladder rising)"
2022-09-30,STARCEMENT,fresh signal REFUSED — falling earnings power
2022-09-30,TARIL,fresh signal REFUSED — falling earnings power
2022-09-30,TRITURBINE,fresh signal REFUSED — falling earnings power
2022-09-30,WESTLIFE,"fresh signal NOT FUNDED — cash exhausted (ACCUMULATE: 2.19× weekly, month 1.94×, ladder rising)"
2022-10-03,ACC,"PYRAMID BUY ₹122.69 crore at ₹2,419.80 (box jump — doubling the stake with NEW capital; stop stays ₹2,171.53; charges ₹14.54 lakh)"
2022-10-03,KALYANKJIL,PYRAMID BUY ₹343.77 crore at ₹96.90 (box jump — doubling the stake with NEW capital; stop stays ₹81.12; charges ₹40.73 lakh)
2022-10-03,MAHSCOOTER,"PYRAMID BUY ₹60.84 crore at ₹4,998.05 (box jump — doubling the stake with NEW capital; stop stays ₹4,617.00; charges ₹7.21 lakh)"
2022-10-03,TSFINV,"BUY ₹107.38 crore at ₹103.50 (fresh Friday signal — BUY: 7.17× weekly, month 4.00×, ladder rising; stop ₹79.04; charges ₹12.72 lakh)"
2022-10-07,TSFINV,RAISE STOP ₹79.04 → ₹92.20 (new box ₹97.05–₹107.30 sealed)
2022-10-10,TSFINV,PYRAMID BUY ₹103.05 crore at ₹99.45 (box jump — doubling the stake with NEW capital; stop stays ₹92.20; charges ₹12.21 lakh)
2022-10-11,TSFINV,"SELL ₹190.77 crore at stop ₹92.20 (-9.1%, charges ₹19.79 lakh) — the cash goes back to work at the next Friday screen"
2022-10-14,ADANIPOWER,"SELL ₹188.81 crore at stop ₹66.80 (-3.8%, charges ₹19.59 lakh) — the cash goes back to work at the next Friday screen"
2022-10-14,STARCEMENT,fresh signal REFUSED — falling earnings power
2022-10-17,APOLLO,"BUY ₹178.89 crore at ₹24.00 (fresh Friday signal — BUY: 6.98× weekly, month 4.78×, ladder rising; stop ₹14.17; charges ₹21.20 lakh)"
2022-10-21,ANANTRAJ,"fresh signal NOT FUNDED — cash exhausted (BUY: 2.19× weekly, month 3.33×, ladder rising)"
2022-10-21,ERIS,"fresh signal NOT FUNDED — cash exhausted (ACCUMULATE: 1.52× weekly, month 1.59×, ladder rising)"
2022-10-21,KALYANKJIL,RAISE STOP ₹81.12 → ₹89.78 (new box ₹94.50–₹104.65 sealed)
2022-10-21,KPITTECH,fresh signal REFUSED — falling earnings power
2022-10-21,MIDHANI,"fresh signal NOT FUNDED — cash exhausted (ACCUMULATE: 2.24× weekly, month 3.54×, ladder rising)"
2022-10-21,SOUTHBANK,fresh signal REFUSED — falling earnings power
2022-10-24,GODFRYPHLP,"BUY ₹200.69 crore at ₹483.67 (fresh Friday signal — BUY: 4.48× weekly, month 3.07×, ladder rising; stop ₹403.15; charges ₹23.78 lakh)"
2022-10-24,KALYANKJIL,PYRAMID BUY ₹722.24 crore at ₹101.85 (box jump — doubling the stake with NEW capital; stop stays ₹89.78; charges ₹85.57 lakh)
2022-10-28,APOLLO,RAISE STOP ₹14.17 → ₹19.45 (new box ₹20.68–₹24.78 sealed)
2022-10-28,KALYANKJIL,RAISE STOP ₹89.78 → ₹94.53 (new box ₹99.50–₹108.70 sealed)
2022-10-28,TIINDIA,"RAISE STOP ₹2,360.75 → ₹2,465.49 (new box ₹2,595.25–₹2,881.90 sealed)"
2022-10-31,APOLLO,PYRAMID BUY ₹161.59 crore at ₹21.70 (box jump — doubling the stake with NEW capital; stop stays ₹19.45; charges ₹19.15 lakh)
2022-10-31,KALYANKJIL,"PYRAMID BUY ₹1,498.20 crore at ₹105.70 (box jump — doubling the stake with NEW capital; stop stays ₹94.53; charges ₹1.78 crore)"
2022-10-31,TIINDIA,"PYRAMID BUY ₹114.38 crore at ₹2,675.00 (box jump — doubling the stake with NEW capital; stop stays ₹2,465.49; charges ₹13.55 lakh)"
2022-11-04,ELECON,RAISE STOP ₹156.67 → ₹164.33 (new box ₹172.97–₹189.50 sealed)
2022-11-07,ELECON,PYRAMID BUY ₹244.31 crore at ₹200.85 (box jump — doubling the stake with NEW capital; stop stays ₹164.33; charges ₹28.95 lakh)
2022-11-11,CGCL,RAISE STOP ₹507.72 → ₹661.39 (new box ₹696.20–₹731.76 sealed)
2022-11-14,CGCL,"PYRAMID BUY ₹2.85 crore at ₹696.24 (box jump — doubling the stake with NEW capital; stop stays ₹661.39; charges ₹33,748.71)"
2022-11-18,ACC,"RAISE STOP ₹2,171.53 → ₹2,259.81 (new box ₹2,378.75–₹2,514.95 sealed)"
2022-11-18,ELECON,RAISE STOP ₹164.33 → ₹202.49 (new box ₹213.15–₹229.40 sealed)
2022-11-18,GODFRYPHLP,RAISE STOP ₹403.15 → ₹497.48 (new box ₹523.67–₹560.00 sealed)
2022-11-21,ACC,"PYRAMID BUY ₹248.56 crore at ₹2,452.70 (box jump — doubling the stake with NEW capital; stop stays ₹2,259.81; charges ₹29.45 lakh)"
2022-11-21,ELECON,PYRAMID BUY ₹518.96 crore at ₹213.45 (box jump — doubling the stake with NEW capital; stop stays ₹202.49; charges ₹61.49 lakh)
2022-11-21,GODFRYPHLP,PYRAMID BUY ₹254.19 crore at ₹613.33 (box jump — doubling the stake with NEW capital; stop stays ₹497.48; charges ₹30.12 lakh)
2022-11-22,KALYANKJIL,"SELL ₹2,675.39 crore at stop ₹94.53 (-6.8%, charges ₹2.78 crore) — the cash goes back to work at the next Friday screen"
2022-11-25,CENTRALBK,"fresh signal NOT FUNDED — cash exhausted (BUY: 5.84× weekly, month 5.38×, ladder rising)"
2022-11-25,DYNAMATECH,"fresh signal NOT FUNDED — cash exhausted (BUY: 4.26× weekly, month 2.63×, ladder rising)"
2022-11-25,ENGINERSIN,fresh signal REFUSED — falling earnings power
2022-11-25,HUDCO,"fresh signal NOT FUNDED — cash exhausted (BUY: 3.78× weekly, month 11.14×, ladder rising)"
2022-11-25,IDBI,"fresh signal NOT FUNDED — cash exhausted (ACCUMULATE: 2.08× weekly, month 1.50×, ladder rising)"
2022-11-25,IFCI,fresh signal REFUSED — falling earnings power
2022-11-25,IRCON,"fresh signal NOT FUNDED — cash exhausted (ACCUMULATE: 4.15× weekly, month 13.60×, ladder rising)"
2022-11-25,KIRLOSBROS,fresh signal REFUSED — falling earnings power
2022-11-25,MAZDOCK,fresh signal REFUSED — falling earnings power
2022-11-25,NBCC,fresh signal REFUSED — falling earnings power
2022-11-25,PNB,"fresh signal NOT FUNDED — cash exhausted (BUY: 3.01× weekly, month 2.82×, ladder rising)"
2022-11-25,RAILTEL,"fresh signal NOT FUNDED — cash exhausted (ACCUMULATE: 3.04× weekly, month 5.91×, ladder rising)"
2022-11-25,RVNL,"fresh signal NOT FUNDED — cash exhausted (BUY: 2.80× weekly, month 14.14×, ladder rising)"
2022-11-25,SJVN,fresh signal REFUSED — falling earnings power
2022-11-25,SWANCORP,fresh signal REFUSED — falling earnings power
2022-11-25,TEXRAIL,"fresh signal NOT FUNDED — cash exhausted (BUY: 2.24× weekly, month 1.66×, ladder rising)"
2022-11-25,UJJIVANSFB,fresh signal REFUSED — falling earnings power
2022-11-28,IOB,"BUY ₹551.31 crore at ₹23.00 (fresh Friday signal — BUY: 7.22× weekly, month 5.74×, ladder rising; stop ₹18.76; charges ₹65.32 lakh)"
2022-11-28,IRFC,"BUY ₹549.39 crore at ₹32.00 (fresh Friday signal — BUY: 9.02× weekly, month 13.28×, ladder rising; stop ₹23.09; charges ₹65.09 lakh)"
2022-11-28,MAHABANK,"BUY ₹551.98 crore at ₹27.60 (fresh Friday signal — BUY: 8.71× weekly, month 8.20×, ladder rising; stop ₹21.47; charges ₹65.40 lakh)"
2022-11-28,SKIPPER,"BUY ₹472.35 crore at ₹89.34 (fresh Friday signal — BUY: 6.40× weekly, month 2.23×, ladder rising; stop ₹65.34; charges ₹55.96 lakh)"
2022-11-28,UCOBANK,"BUY ₹550.37 crore at ₹21.05 (fresh Friday signal — BUY: 13.59× weekly, month 16.04×, ladder rising; stop ₹13.59; charges ₹65.21 lakh)"
2022-12-02,GODFRYPHLP,RAISE STOP ₹497.48 → ₹547.85 (new box ₹576.68–₹638.33 sealed)
2022-12-02,IOB,RAISE STOP ₹18.76 → ₹20.76 (new box ₹21.85–₹24.85 sealed)
2022-12-05,GODFRYPHLP,PYRAMID BUY ₹505.32 crore at ₹610.00 (box jump — doubling the stake with NEW capital; stop stays ₹547.85; charges ₹59.87 lakh)
2022-12-05,IOB,PYRAMID BUY ₹550.66 crore at ₹23.00 (box jump — doubling the stake with NEW capital; stop stays ₹20.76; charges ₹65.24 lakh)
2022-12-09,APOLLO,RAISE STOP ₹19.45 → ₹24.42 (new box ₹25.70–₹28.40 sealed)
2022-12-09,UCOBANK,RAISE STOP ₹13.59 → ₹18.29 (new box ₹19.25–₹22.45 sealed)
2022-12-12,APOLLO,PYRAMID BUY ₹384.02 crore at ₹25.80 (box jump — doubling the stake with NEW capital; stop stays ₹24.42; charges ₹45.50 lakh)
2022-12-12,UCOBANK,PYRAMID BUY ₹616.31 crore at ₹23.60 (box jump — doubling the stake with NEW capital; stop stays ₹18.29; charges ₹73.02 lakh)
2022-12-16,ACC,"RAISE STOP ₹2,259.81 → ₹2,465.15 (new box ₹2,594.90–₹2,656.85 sealed)"
2022-12-16,IRFC,RAISE STOP ₹23.09 → ₹28.20 (new box ₹30.25–₹37.10 sealed)
2022-12-16,SKIPPER,RAISE STOP ₹65.34 → ₹109.70 (new box ₹115.48–₹129.94 sealed)
2022-12-19,ACC,"PYRAMID BUY ₹529.29 crore at ₹2,612.95 (box jump — doubling the stake with NEW capital; stop stays ₹2,465.15; charges ₹62.71 lakh)"
2022-12-19,IRFC,PYRAMID BUY ₹553.88 crore at ₹32.30 (box jump — doubling the stake with NEW capital; stop stays ₹28.20; charges ₹65.62 lakh)
2022-12-19,SKIPPER,PYRAMID BUY ₹641.78 crore at ₹121.53 (box jump — doubling the stake with NEW capital; stop stays ₹109.70; charges ₹76.04 lakh)
2022-12-21,ELECON,"SELL ₹983.01 crore at stop ₹202.49 (+2.7%, charges ₹1.02 crore) — the cash goes back to work at the next Friday screen"
2022-12-22,MAHSCOOTER,"SELL ₹112.22 crore at stop ₹4,617.00 (-8.6%, charges ₹11.64 lakh) — the cash goes back to work at the next Friday screen"
2022-12-23,ACC,"SELL ₹997.07 crore at stop ₹2,465.15 (-1.6%, charges ₹1.03 crore) — the cash goes back to work at the next Friday screen"
2022-12-23,IRFC,"SELL ₹965.57 crore at stop ₹28.20 (-12.3%, charges ₹1.00 crore) — the cash goes back to work at the next Friday screen"
2022-12-23,PNBHOUSING,fresh signal REFUSED — falling earnings power
2022-12-23,TIINDIA,"RAISE STOP ₹2,465.49 → ₹2,598.35 (new box ₹2,735.10–₹3,039.90 sealed)"
2022-12-26,APOLLO,"SELL ₹725.77 crore at stop ₹24.42 (+0.4%, charges ₹75.28 lakh) — the cash goes back to work at the next Friday screen"
2022-12-26,GODFRYPHLP,"SELL ₹906.20 crore at stop ₹547.85 (-5.4%, charges ₹94.00 lakh) — the cash goes back to work at the next Friday screen"
2022-12-26,TIINDIA,"PYRAMID BUY ₹237.44 crore at ₹2,778.00 (box jump — doubling the stake with NEW capital; stop stays ₹2,598.35; charges ₹28.13 lakh)"
2022-12-30,FACT,fresh signal REFUSED — falling earnings power
2022-12-30,IOB,RAISE STOP ₹20.76 → ₹21.23 (new box ₹24.80–₹36.70 sealed)
2022-12-30,JINDALSAW,"fresh signal NOT FUNDED — cash exhausted (ACCUMULATE: 1.94× weekly, month 2.35×, ladder rising)"
2022-12-30,MAHABANK,RAISE STOP ₹21.47 → ₹22.08 (new box ₹25.35–₹36.25 sealed)
2022-12-30,NFL,fresh signal REFUSED — falling earnings power
2022-12-30,PNBHOUSING,fresh signal REFUSED — falling earnings power
2022-12-30,UCOBANK,RAISE STOP ₹18.29 → ₹23.46 (new box ₹26.85–₹38.15 sealed)
2023-01-02,GICRE,"BUY ₹1,406.41 crore at ₹179.20 (fresh Friday signal — ACCUMULATE: 2.52× weekly, month 11.13×, ladder rising; stop ₹137.57; charges ₹1.67 crore)"
2023-01-02,GSFC,signal SKIPPED — cash below half a slice
2023-01-02,IOB,"PYRAMID BUY ₹1,550.51 crore at ₹32.40 (box jump — doubling the stake with NEW capital; stop stays ₹21.23; charges ₹1.84 crore)"
2023-01-02,JSL,signal SKIPPED — cash below half a slice
2023-01-02,LLOYDSENGG,"BUY ₹1,412.98 crore at ₹15.63 (fresh Friday signal — ACCUMULATE: 2.36× weekly, month 2.74×, ladder rising; stop ₹10.86; charges ₹1.67 crore)"
2023-01-02,MAHABANK,PYRAMID BUY ₹616.25 crore at ₹30.85 (box jump — doubling the stake with NEW capital; stop stays ₹22.08; charges ₹73.01 lakh)
2023-01-02,UCOBANK,"PYRAMID BUY ₹1,659.91 crore at ₹31.80 (box jump — doubling the stake with NEW capital; stop stays ₹23.46; charges ₹1.97 crore)"
2023-01-02,YESBANK,"BUY ₹1,401.20 crore at ₹20.85 (fresh Friday signal — ACCUMULATE: 2.89× weekly, month 3.19×, ladder rising; stop ₹15.00; charges ₹1.66 crore)"
2023-01-06,CGCL,RAISE STOP ₹661.39 → ₹666.82 (new box ₹701.92–₹764.26 sealed)
2023-01-09,CGCL,"PYRAMID BUY ₹5.84 crore at ₹714.12 (box jump — doubling the stake with NEW capital; stop stays ₹666.82; charges ₹69,189.58)"
2023-01-11,TIINDIA,"SELL ₹443.44 crore at stop ₹2,598.35 (-2.9%, charges ₹46.00 lakh) — the cash goes back to work at the next Friday screen"
2023-01-13,CIEINDIA,fresh signal REFUSED — falling earnings power
2023-01-13,GICRE,RAISE STOP ₹137.57 → ₹167.72 (new box ₹176.55–₹204.00 sealed)
2023-01-13,JINDALSAW,"fresh signal NOT FUNDED — cash exhausted (BUY: 1.56× weekly, month 2.82×, ladder rising)"
2023-01-13,MOIL,fresh signal REFUSED — falling earnings power
2023-01-13,PNBHOUSING,fresh signal REFUSED — falling earnings power
2023-01-13,PNCINFRA,fresh signal REFUSED — falling earnings power
2023-01-13,USHAMART,"fresh signal NOT FUNDED — cash exhausted (ACCUMULATE: 1.51× weekly, month 3.38×, ladder rising)"
2023-01-16,ANUP,"BUY ₹912.71 crore at ₹476.12 (fresh Friday signal — ACCUMULATE: 4.79× weekly, month 1.56×, ladder rising; stop ₹364.75; charges ₹1.08 crore)"
2023-01-16,GICRE,"PYRAMID BUY ₹1,466.28 crore at ₹187.05 (box jump — doubling the stake with NEW capital; stop stays ₹167.72; charges ₹1.74 crore)"
2023-01-25,SKIPPER,"SELL ₹1,156.68 crore at stop ₹109.70 (+4.1%, charges ₹1.20 crore) — the cash goes back to work at the next Friday screen"
2023-02-01,GICRE,"SELL ₹2,625.22 crore at stop ₹167.72 (-8.4%, charges ₹2.72 crore) — the cash goes back to work at the next Friday screen"
2023-02-03,ANUP,RAISE STOP ₹364.75 → ₹466.90 (new box ₹491.48–₹544.50 sealed)
2023-02-03,CIEINDIA,fresh signal REFUSED — falling earnings power
2023-02-03,LLOYDSENGG,RAISE STOP ₹10.86 → ₹19.27 (new box ₹20.44–₹24.34 sealed)
2023-02-03,PNCINFRA,fresh signal REFUSED — falling earnings power
2023-02-06,ANUP,"PYRAMID BUY ₹1,076.24 crore at ₹562.10 (box jump — doubling the stake with NEW capital; stop stays ₹466.90; charges ₹1.28 crore)"
2023-02-06,JINDALSAW,"BUY ₹1,720.76 crore at ₹65.22 (fresh Friday signal — BUY: 2.71× weekly, month 3.60×, ladder rising; stop ₹51.25; charges ₹2.04 crore)"
2023-02-06,LLOYDSENGG,"PYRAMID BUY ₹1,897.67 crore at ₹21.02 (box jump — doubling the stake with NEW capital; stop stays ₹19.27; charges ₹2.25 crore)"
2023-02-07,LLOYDSENGG,"SELL ₹3,474.05 crore at stop ₹19.27 (+5.2%, charges ₹3.60 crore) — the cash goes back to work at the next Friday screen"
2023-02-10,ANUP,RAISE STOP ₹466.90 → ₹518.77 (new box ₹546.08–₹579.48 sealed)
2023-02-10,YESBANK,RAISE STOP ₹15.00 → ₹15.34 (new box ₹16.15–₹17.60 sealed)
2023-02-13,ANUP,"PYRAMID BUY ₹2,181.44 crore at ₹570.00 (box jump — doubling the stake with NEW capital; stop stays ₹518.77; charges ₹2.58 crore)"
2023-02-13,YESBANK,"PYRAMID BUY ₹1,144.47 crore at ₹17.05 (box jump — doubling the stake with NEW capital; stop stays ₹15.34; charges ₹1.36 crore)"
2023-02-17,ANUP,RAISE STOP ₹518.77 → ₹527.27 (new box ₹555.02–₹601.42 sealed)
2023-02-17,ZENSARTECH,fresh signal REFUSED — falling earnings power
2023-02-20,ANUP,"PYRAMID BUY ₹4,303.11 crore at ₹562.52 (box jump — doubling the stake with NEW capital; stop stays ₹527.27; charges ₹5.10 crore)"
2023-02-24,CYIENT,"fresh signal NOT FUNDED — cash exhausted (BUY: 1.52× weekly, month 1.64×, ladder rising)"
2023-02-24,PGEL,"fresh signal NOT FUNDED — cash exhausted (BUY: 2.05× weekly, month 1.77×, ladder rising)"
2023-02-24,RATNAMANI,fresh signal REFUSED — falling earnings power
2023-02-24,ZENSARTECH,fresh signal REFUSED — falling earnings power
2023-02-27,CERA,"BUY ₹2,430.24 crore at ₹6,150.00 (fresh Friday signal — BUY: 5.94× weekly, month 1.75×, ladder rising; stop ₹5,579.40; charges ₹2.88 crore)"
2023-02-27,SONATSOFTW,"BUY ₹2,430.53 crore at ₹360.00 (fresh Friday signal — BUY: 9.70× weekly, month 3.34×, ladder rising; stop ₹282.62; charges ₹2.88 crore)"
2023-03-03,CERA,"RAISE STOP ₹5,579.40 → ₹5,714.25 (new box ₹6,015.00–₹6,788.00 sealed)"
2023-03-03,IOB,RAISE STOP ₹21.23 → ₹22.18 (new box ₹23.35–₹25.35 sealed)
2023-03-03,JINDALSAW,RAISE STOP ₹51.25 → ₹67.92 (new box ₹71.50–₹79.22 sealed)
2023-03-03,SONATSOFTW,RAISE STOP ₹282.62 → ₹325.85 (new box ₹343.00–₹376.50 sealed)
2023-03-06,CERA,"PYRAMID BUY ₹2,500.18 crore at ₹6,334.50 (box jump — doubling the stake with NEW capital; stop stays ₹5,714.25; charges ₹2.96 crore)"
2023-03-06,IOB,"PYRAMID BUY ₹2,496.56 crore at ₹26.10 (box jump — doubling the stake with NEW capital; stop stays ₹22.18; charges ₹2.96 crore)"
2023-03-06,JINDALSAW,"PYRAMID BUY ₹1,949.29 crore at ₹73.97 (box jump — doubling the stake with NEW capital; stop stays ₹67.92; charges ₹2.31 crore)"
2023-03-06,SONATSOFTW,"PYRAMID BUY ₹2,702.45 crore at ₹400.75 (box jump — doubling the stake with NEW capital; stop stays ₹325.85; charges ₹3.20 crore)"
2023-03-08,CGCL,"SELL ₹10.89 crore at stop ₹666.82 (-0.9%, charges ₹1.13 lakh) — the cash goes back to work at the next Friday screen"
2023-03-10,ANUP,"SELL ₹8,053.71 crore at stop ₹527.27 (-4.7%, charges ₹8.35 crore) — the cash goes back to work at the next Friday screen"
2023-03-13,YESBANK,"SELL ₹2,056.02 crore at stop ₹15.34 (-19.1%, charges ₹2.13 crore) — the cash goes back to work at the next Friday screen"
2023-03-17,NCC,fresh signal REFUSED — falling earnings power
2023-03-17,POLICYBZR,fresh signal REFUSED — falling earnings power
2023-03-17,PRIVISCL,fresh signal REFUSED — falling earnings power
2023-03-17,SONATSOFTW,RAISE STOP ₹325.85 → ₹357.20 (new box ₹376.00–₹416.32 sealed)
2023-03-20,ANURAS,"BUY ₹3,825.56 crore at ₹755.90 (fresh Friday signal — ACCUMULATE: 3.74× weekly, month 2.60×, ladder rising; stop ₹691.46; charges ₹4.53 crore)"
2023-03-20,IOB,"SELL ₹4,236.29 crore at stop ₹22.18 (-17.5%, charges ₹4.39 crore) — the cash goes back to work at the next Friday screen"
2023-03-20,SONATSOFTW,"PYRAMID BUY ₹5,357.88 crore at ₹397.50 (box jump — doubling the stake with NEW capital; stop stays ₹357.20; charges ₹6.35 crore)"
2023-03-24,CERA,"RAISE STOP ₹5,714.25 → ₹5,852.00 (new box ₹6,160.00–₹6,488.95 sealed)"
2023-03-24,MAHABANK,RAISE STOP ₹22.08 → ₹22.36 (new box ₹23.80–₹28.60 sealed)
2023-03-24,SONATSOFTW,RAISE STOP ₹357.20 → ₹371.45 (new box ₹391.00–₹427.80 sealed)
2023-03-27,CERA,"PYRAMID BUY ₹4,962.18 crore at ₹6,289.85 (box jump — doubling the stake with NEW capital; stop stays ₹5,852.00; charges ₹5.88 crore)"
2023-03-27,JINDALSAW,"SELL ₹3,573.65 crore at stop ₹67.92 (-2.4%, charges ₹3.71 crore) — the cash goes back to work at the next Friday screen"
2023-03-27,KSB,"BUY ₹5,395.23 crore at ₹417.98 (fresh Friday signal — ACCUMULATE: 1.90× weekly, month 2.85×, ladder rising; stop ₹372.21; charges ₹6.39 crore)"
2023-03-27,MAHABANK,PYRAMID BUY ₹974.23 crore at ₹24.40 (box jump — doubling the stake with NEW capital; stop stays ₹22.36; charges ₹1.15 crore)
2023-03-27,SONATSOFTW,"PYRAMID BUY ₹11,145.88 crore at ₹413.70 (box jump — doubling the stake with NEW capital; stop stays ₹371.45; charges ₹13.21 crore)"
2023-03-27,TDPOWERSYS,"BUY ₹5,385.09 crore at ₹84.62 (fresh Friday signal — BUY: 1.62× weekly, month 2.13×, ladder rising; stop ₹64.12; charges ₹6.38 crore)"
2023-03-27,UCOBANK,"SELL ₹2,445.16 crore at stop ₹23.46 (-13.3%, charges ₹2.54 crore) — the cash goes back to work at the next Friday screen"
2023-03-29,SONATSOFTW,"SELL ₹19,982.58 crore at stop ₹371.45 (-7.4%, charges ₹20.73 crore) — the cash goes back to work at the next Friday screen"
2023-04-03,HAL,"BUY ₹5,354.60 crore at ₹1,380.00 (fresh Friday signal — ACCUMULATE: 1.57× weekly, month 2.04×, ladder rising; stop ₹1,171.71; charges ₹6.34 crore)"
2023-04-03,TAX,"FY2023 settled: ₹0.00 paid (STCG ₹0.00 @20%, LTCG ₹0.00 @12.5%; losses carried forward ST ₹4,323.15 crore / LT ₹0.00)"
2023-04-06,CERA,"RAISE STOP ₹5,852.00 → ₹6,037.30 (new box ₹6,355.05–₹6,630.00 sealed)"
2023-04-06,JBMA,fresh signal REFUSED — falling earnings power
2023-04-06,TDPOWERSYS,RAISE STOP ₹64.12 → ₹73.22 (new box ₹77.08–₹87.42 sealed)
2023-04-06,VIJAYA,fresh signal REFUSED — falling earnings power
2023-04-10,CERA,"PYRAMID BUY ₹10,309.78 crore at ₹6,538.00 (box jump — doubling the stake with NEW capital; stop stays ₹6,037.30; charges ₹12.22 crore)"
2023-04-10,KIRLOSBROS,"BUY ₹6,887.93 crore at ₹425.00 (fresh Friday signal — BUY: 1.86× weekly, month 2.34×, ladder rising; stop ₹357.44; charges ₹8.16 crore)"
2023-04-10,TDPOWERSYS,"PYRAMID BUY ₹5,049.79 crore at ₹79.45 (box jump — doubling the stake with NEW capital; stop stays ₹73.22; charges ₹5.98 crore)"
2023-04-13,MEDPLUS,fresh signal REFUSED — falling earnings power
2023-04-13,NEOGEN,fresh signal REFUSED — falling earnings power
2023-04-13,TORNTPOWER,fresh signal REFUSED — falling earnings power
2023-04-21,ALIVUS,fresh signal REFUSED — falling earnings power
2023-04-21,JBMA,fresh signal REFUSED — falling earnings power
2023-04-21,KIRLOSBROS,RAISE STOP ₹357.44 → ₹403.85 (new box ₹425.10–₹450.00 sealed)
2023-04-21,TITAGARH,fresh signal REFUSED — falling earnings power
2023-04-24,KIRLOSBROS,"PYRAMID BUY ₹6,998.75 crore at ₹432.35 (box jump — doubling the stake with NEW capital; stop stays ₹403.85; charges ₹8.29 crore)"
2023-04-24,MARKSANS,"BUY ₹6,399.93 crore at ₹78.00 (fresh Friday signal — ACCUMULATE: 1.64× weekly, month 1.51×, ladder rising; stop ₹71.87; charges ₹7.58 crore)"
2023-04-24,ZFCVINDIA,"BUY ₹7,784.38 crore at ₹1,697.50 (fresh Friday signal — ACCUMULATE: 7.38× weekly, month 1.55×, ladder rising; stop ₹1,561.17; charges ₹9.22 crore)"
2023-04-26,CERA,"SELL ₹19,009.46 crore at stop ₹6,037.30 (-5.7%, charges ₹19.72 crore) — the cash goes back to work at the next Friday screen"
2023-04-26,KIRLOSBROS,"SELL ₹13,053.51 crore at stop ₹403.85 (-5.8%, charges ₹13.54 crore) — the cash goes back to work at the next Friday screen"
2023-04-28,ALIVUS,fresh signal REFUSED — falling earnings power
2023-04-28,ANURAS,"RAISE STOP ₹691.46 → ₹946.20 (new box ₹996.00–₹1,069.75 sealed)"
2023-04-28,ARVIND,fresh signal REFUSED — falling earnings power
2023-04-28,GLENMARK,fresh signal REFUSED — falling earnings power
2023-04-28,IRFC,fresh signal REFUSED — falling earnings power
2023-04-28,KSB,RAISE STOP ₹372.21 → ₹407.74 (new box ₹429.20–₹459.97 sealed)
2023-05-02,ANURAS,"PYRAMID BUY ₹5,757.58 crore at ₹1,139.00 (box jump — doubling the stake with NEW capital; stop stays ₹946.20; charges ₹6.82 crore)"
2023-05-02,ASHAPURMIN,"BUY ₹8,915.72 crore at ₹143.10 (fresh Friday signal — BUY: 2.05× weekly, month 2.10×, ladder rising; stop ₹123.50; charges ₹10.56 crore)"
2023-05-02,ICICIBANK,"BUY ₹8,912.48 crore at ₹924.00 (fresh Friday signal — BUY: 1.78× weekly, month 2.24×, ladder rising; stop ₹838.28; charges ₹10.56 crore)"
2023-05-02,KSB,"PYRAMID BUY ₹5,845.49 crore at ₹453.40 (box jump — doubling the stake with NEW capital; stop stays ₹407.74; charges ₹6.93 crore)"
2023-05-02,REFEX,"BUY ₹8,948.80 crore at ₹65.32 (fresh Friday signal — BUY: 4.73× weekly, month 1.57×, ladder rising; stop ₹54.53; charges ₹10.60 crore)"
2023-05-05,AARTIDRUGS,fresh signal REFUSED — falling earnings power
2023-05-05,AHLUCONT,"fresh signal NOT FUNDED — cash exhausted (ACCUMULATE: 2.42× weekly, month 1.84×, ladder rising)"
2023-05-05,ARVIND,fresh signal REFUSED — falling earnings power
2023-05-05,ENGINERSIN,fresh signal REFUSED — falling earnings power
2023-05-05,IRFC,fresh signal REFUSED — falling earnings power
2023-05-05,MAHABANK,RAISE STOP ₹22.36 → ₹27.79 (new box ₹29.25–₹30.90 sealed)
2023-05-05,NEWGEN,fresh signal REFUSED — falling earnings power
2023-05-05,SYNGENE,"fresh signal NOT FUNDED — cash exhausted (BUY: 1.76× weekly, month 1.78×, ladder rising)"
2023-05-08,HEG,"BUY ₹5,285.98 crore at ₹234.38 (fresh Friday signal — BUY: 2.69× weekly, month 1.85×, ladder rising; stop ₹201.01; charges ₹6.26 crore)"
2023-05-08,MAHABANK,"PYRAMID BUY ₹2,442.11 crore at ₹30.60 (box jump — doubling the stake with NEW capital; stop stays ₹27.79; charges ₹2.89 crore)"
2023-05-12,ANURAS,"RAISE STOP ₹946.20 → ₹1,007.67 (new box ₹1,060.70–₹1,224.20 sealed)"
2023-05-12,ASHAPURMIN,RAISE STOP ₹123.50 → ₹125.16 (new box ₹131.75–₹147.40 sealed)
2023-05-12,HAL,"RAISE STOP ₹1,171.71 → ₹1,370.80 (new box ₹1,442.95–₹1,525.00 sealed)"
2023-05-12,REFEX,RAISE STOP ₹54.53 → ₹58.14 (new box ₹61.20–₹69.68 sealed)
2023-05-15,ANURAS,"PYRAMID BUY ₹11,819.54 crore at ₹1,169.80 (box jump — doubling the stake with NEW capital; stop stays ₹1,007.67; charges ₹14.00 crore)"
2023-05-15,ASHAPURMIN,"PYRAMID BUY ₹9,017.17 crore at ₹144.90 (box jump — doubling the stake with NEW capital; stop stays ₹125.16; charges ₹10.68 crore)"
2023-05-15,HAL,"PYRAMID BUY ₹5,788.04 crore at ₹1,493.47 (box jump — doubling the stake with NEW capital; stop stays ₹1,370.80; charges ₹6.86 crore)"
2023-05-15,REFEX,"PYRAMID BUY ₹9,968.58 crore at ₹72.85 (box jump — doubling the stake with NEW capital; stop stays ₹58.14; charges ₹11.81 crore)"
2023-05-22,MARKSANS,"SELL ₹5,883.87 crore at stop ₹71.87 (-7.9%, charges ₹6.10 crore) — the cash goes back to work at the next Friday screen"
2023-05-26,ASHAPURMIN,RAISE STOP ₹125.16 → ₹134.24 (new box ₹141.30–₹152.55 sealed)
2023-05-26,TDPOWERSYS,RAISE STOP ₹73.22 → ₹89.54 (new box ₹94.25–₹103.75 sealed)
2023-05-29,ASHAPURMIN,"PYRAMID BUY ₹16,157.85 crore at ₹129.90 (box jump — doubling the stake with NEW capital; stop stays ₹134.24; charges ₹19.14 crore)"
2023-05-29,ASHAPURMIN,"SELL ₹33,341.01 crore at stop ₹134.24 (-2.0%, charges ₹34.58 crore) — the cash goes back to work at the next Friday screen"
2023-05-29,TDPOWERSYS,"PYRAMID BUY ₹12,958.43 crore at ₹102.00 (box jump — doubling the stake with NEW capital; stop stays ₹89.54; charges ₹15.35 crore)"
2023-06-02,AHLUCONT,"fresh signal NOT FUNDED — cash exhausted (ACCUMULATE: 5.12× weekly, month 2.35×, ladder rising)"
2023-06-02,AIAENG,"fresh signal NOT FUNDED — cash exhausted (BUY: 4.10× weekly, month 1.62×, ladder rising)"
2023-06-02,BECTORFOOD,"fresh signal NOT FUNDED — cash exhausted (BUY: 4.21× weekly, month 2.46×, ladder rising)"
2023-06-02,CHOICEIN,fresh signal REFUSED — falling earnings power
2023-06-02,CYIENT,fresh signal REFUSED — falling earnings power
2023-06-02,ELECTCAST,fresh signal REFUSED — falling earnings power
2023-06-02,GRAPHITE,fresh signal REFUSED — falling earnings power
2023-06-02,GRWRHITECH,fresh signal REFUSED — falling earnings power
2023-06-02,HAL,"RAISE STOP ₹1,370.80 → ₹1,415.36 (new box ₹1,489.85–₹1,584.40 sealed)"
2023-06-02,HERITGFOOD,fresh signal REFUSED — falling earnings power
2023-06-02,HUDCO,fresh signal REFUSED — falling earnings power
2023-06-02,ICICIBANK,RAISE STOP ₹838.28 → ₹886.30 (new box ₹932.95–₹958.85 sealed)
2023-06-02,INOXWIND,fresh signal REFUSED — falling earnings power
2023-06-02,JINDALSAW,fresh signal REFUSED — falling earnings power
2023-06-02,LODHA,fresh signal REFUSED — falling earnings power
2023-06-02,MTARTECH,fresh signal REFUSED — falling earnings power
2023-06-02,NBCC,"fresh signal NOT FUNDED — cash exhausted (BUY: 1.88× weekly, month 1.83×, ladder rising)"
2023-06-02,OLECTRA,"fresh signal NOT FUNDED — cash exhausted (BUY: 1.63× weekly, month 2.30×, ladder rising)"
2023-06-02,PFC,"fresh signal NOT FUNDED — cash exhausted (BUY: 1.58× weekly, month 1.63×, ladder rising)"
2023-06-02,PGEL,"fresh signal NOT FUNDED — cash exhausted (BUY: 4.51× weekly, month 1.60×, ladder rising)"
2023-06-02,REFEX,RAISE STOP ₹58.14 → ₹87.60 (new box ₹94.80–₹118.80 sealed)
2023-06-02,SCHNEIDER,"fresh signal NOT FUNDED — cash exhausted (BUY: 2.42× weekly, month 1.93×, ladder rising)"
2023-06-02,SMLMAH,"fresh signal NOT FUNDED — cash exhausted (BUY: 4.37× weekly, month 2.16×, ladder rising)"
2023-06-02,STARCEMENT,fresh signal REFUSED — falling earnings power
2023-06-02,SUZLON,fresh signal REFUSED — falling earnings power
2023-06-02,TEGA,"fresh signal NOT FUNDED — cash exhausted (BUY: 3.35× weekly, month 2.33×, ladder rising)"
2023-06-02,THANGAMAYL,"fresh signal NOT FUNDED — cash exhausted (BUY: 2.33× weekly, month 4.46×, ladder rising)"
2023-06-02,TIPSMUSIC,fresh signal REFUSED — falling earnings power
2023-06-02,UJJIVANSFB,fresh signal REFUSED — falling earnings power
2023-06-05,EPL,"BUY ₹17,204.05 crore at ₹201.90 (fresh Friday signal — ACCUMULATE: 6.59× weekly, month 6.26×, ladder rising; stop ₹170.76; charges ₹20.38 crore)"
2023-06-05,FORCEMOT,"BUY ₹22,020.83 crore at ₹1,951.00 (fresh Friday signal — BUY: 23.21× weekly, month 3.12×, ladder rising; stop ₹1,289.01; charges ₹26.09 crore)"
2023-06-05,HAL,"PYRAMID BUY ₹12,331.47 crore at ₹1,591.88 (box jump — doubling the stake with NEW capital; stop stays ₹1,415.36; charges ₹14.61 crore)"
2023-06-05,ICICIBANK,"PYRAMID BUY ₹9,084.97 crore at ₹943.00 (box jump — doubling the stake with NEW capital; stop stays ₹886.30; charges ₹10.76 crore)"
2023-06-05,REFEX,"PYRAMID BUY ₹28,784.39 crore at ₹105.24 (box jump — doubling the stake with NEW capital; stop stays ₹87.60; charges ₹34.10 crore)"
2023-06-09,HEG,RAISE STOP ₹201.01 → ₹211.53 (new box ₹222.66–₹254.00 sealed)
2023-06-12,HEG,"PYRAMID BUY ₹6,153.73 crore at ₹273.18 (box jump — doubling the stake with NEW capital; stop stays ₹211.53; charges ₹7.29 crore)"
2023-06-15,MAHABANK,"SELL ₹4,428.48 crore at stop ₹27.79 (-3.2%, charges ₹4.59 crore) — the cash goes back to work at the next Friday screen"
2023-06-16,FORCEMOT,"RAISE STOP ₹1,289.01 → ₹1,995.52 (new box ₹2,100.55–₹2,265.00 sealed)"
2023-06-16,HAL,"RAISE STOP ₹1,415.36 → ₹1,723.32 (new box ₹1,814.03–₹1,900.00 sealed)"
2023-06-16,ZFCVINDIA,"RAISE STOP ₹1,561.17 → ₹1,773.33 (new box ₹1,866.67–₹1,950.00 sealed)"
2023-06-19,FORCEMOT,"PYRAMID BUY ₹25,117.52 crore at ₹2,228.00 (box jump — doubling the stake with NEW capital; stop stays ₹1,995.52; charges ₹29.76 crore)"
2023-06-19,HAL,"PYRAMID BUY ₹30,185.73 crore at ₹1,949.50 (box jump — doubling the stake with NEW capital; stop stays ₹1,723.32; charges ₹35.76 crore)"
2023-06-19,ZFCVINDIA,"PYRAMID BUY ₹9,221.02 crore at ₹2,013.17 (box jump — doubling the stake with NEW capital; stop stays ₹1,773.33; charges ₹10.93 crore)"
2023-06-23,ZFCVINDIA,"RAISE STOP ₹1,773.33 → ₹1,860.58 (new box ₹1,958.50–₹2,044.33 sealed)"
2023-06-26,ZFCVINDIA,"PYRAMID BUY ₹18,707.31 crore at ₹2,043.33 (box jump — doubling the stake with NEW capital; stop stays ₹1,860.58; charges ₹22.16 crore)"
2023-06-30,EPL,RAISE STOP ₹170.76 → ₹189.81 (new box ₹199.80–₹216.00 sealed)
2023-06-30,HEG,RAISE STOP ₹211.53 → ₹294.79 (new box ₹310.30–₹349.40 sealed)
2023-06-30,TDPOWERSYS,RAISE STOP ₹89.54 → ₹101.58 (new box ₹106.92–₹120.25 sealed)
2023-07-03,ANURAS,"SELL ₹20,329.63 crore at stop ₹1,007.67 (-4.8%, charges ₹21.09 crore) — the cash goes back to work at the next Friday screen"
2023-07-03,EPL,"PYRAMID BUY ₹18,298.60 crore at ₹215.00 (box jump — doubling the stake with NEW capital; stop stays ₹189.81; charges ₹21.68 crore)"
2023-07-03,HEG,"PYRAMID BUY ₹14,723.02 crore at ₹326.99 (box jump — doubling the stake with NEW capital; stop stays ₹294.79; charges ₹17.44 crore)"
2023-07-03,TDPOWERSYS,"PYRAMID BUY ₹31,462.70 crore at ₹123.90 (box jump — doubling the stake with NEW capital; stop stays ₹101.58; charges ₹37.28 crore)"
2023-07-07,ABREL,"fresh signal NOT FUNDED — cash exhausted (BUY: 2.76× weekly, month 2.33×, ladder rising)"
2023-07-07,ADVENZYMES,fresh signal REFUSED — falling earnings power
2023-07-07,ASTERDM,fresh signal REFUSED — falling earnings power
2023-07-07,BBTC,fresh signal REFUSED — falling earnings power
2023-07-07,BSE,fresh signal REFUSED — falling earnings power
2023-07-07,DEEPAKFERT,"fresh signal NOT FUNDED — cash exhausted (BUY: 2.26× weekly, month 1.83×, ladder rising)"
2023-07-07,ENDURANCE,"fresh signal NOT FUNDED — cash exhausted (BUY: 2.65× weekly, month 1.93×, ladder rising)"
2023-07-07,EPL,RAISE STOP ₹189.81 → ₹200.50 (new box ₹211.05–₹223.00 sealed)
2023-07-07,FACT,"fresh signal NOT FUNDED — cash exhausted (BUY: 1.67× weekly, month 3.35×, ladder rising)"
2023-07-07,HCC,fresh signal REFUSED — falling earnings power
2023-07-07,HEROMOTOCO,"fresh signal NOT FUNDED — cash exhausted (BUY: 2.73× weekly, month 1.88×, ladder rising)"
2023-07-07,IDFCFIRSTB,"fresh signal NOT FUNDED — cash exhausted (ACCUMULATE: 1.82× weekly, month 1.56×, ladder rising)"
2023-07-07,INOXWIND,fresh signal REFUSED — falling earnings power
2023-07-07,JAMNAAUTO,fresh signal REFUSED — falling earnings power
2023-07-07,KALYANKJIL,"fresh signal NOT FUNDED — cash exhausted (BUY: 3.19× weekly, month 2.65×, ladder rising)"
2023-07-07,KTKBANK,"fresh signal NOT FUNDED — cash exhausted (BUY: 3.28× weekly, month 1.95×, ladder rising)"
2023-07-07,LATENTVIEW,fresh signal REFUSED — falling earnings power
2023-07-07,LTF,fresh signal REFUSED — falling earnings power
2023-07-07,MIDHANI,fresh signal REFUSED — falling earnings power
2023-07-07,MINDACORP,"fresh signal NOT FUNDED — cash exhausted (ACCUMULATE: 2.80× weekly, month 2.30×, ladder rising)"
2023-07-07,MOIL,fresh signal REFUSED — falling earnings power
2023-07-07,MRPL,fresh signal REFUSED — falling earnings power
2023-07-07,OLECTRA,"fresh signal NOT FUNDED — cash exhausted (BUY: 3.49× weekly, month 4.34×, ladder rising)"
2023-07-07,PURVA,fresh signal REFUSED — falling earnings power
2023-07-07,RADICO,fresh signal REFUSED — falling earnings power
2023-07-07,RALLIS,fresh signal REFUSED — falling earnings power
2023-07-07,RPOWER,fresh signal REFUSED — falling earnings power
2023-07-07,RTNPOWER,fresh signal REFUSED — falling earnings power
2023-07-07,SANSERA,"fresh signal NOT FUNDED — cash exhausted (BUY: 2.31× weekly, month 3.61×, ladder rising)"
2023-07-07,SJVN,"fresh signal NOT FUNDED — cash exhausted (BUY: 3.63× weekly, month 3.59×, ladder rising)"
2023-07-07,SPARC,"fresh signal NOT FUNDED — cash exhausted (BUY: 1.59× weekly, month 1.92×, ladder rising)"
2023-07-07,STAR,"fresh signal NOT FUNDED — cash exhausted (BUY: 3.23× weekly, month 2.75×, ladder rising)"
2023-07-07,SUZLON,fresh signal REFUSED — falling earnings power
2023-07-07,THANGAMAYL,"fresh signal NOT FUNDED — cash exhausted (BUY: 2.25× weekly, month 1.87×, ladder rising)"
2023-07-07,THYROCARE,fresh signal REFUSED — falling earnings power
2023-07-07,TIMETECHNO,"fresh signal NOT FUNDED — cash exhausted (BUY: 2.21× weekly, month 3.37×, ladder rising)"
2023-07-07,VGUARD,fresh signal REFUSED — falling earnings power
2023-07-07,WELENT,fresh signal REFUSED — falling earnings power
2023-07-07,WOCKPHARMA,fresh signal REFUSED — falling earnings power
2023-07-07,ZFCVINDIA,"RAISE STOP ₹1,860.58 → ₹1,882.66 (new box ₹1,981.75–₹2,099.83 sealed)"
2023-07-10,CEATLTD,"BUY ₹24,758.12 crore at ₹2,408.00 (fresh Friday signal — BUY: 4.55× weekly, month 2.41×, ladder rising; stop ₹1,892.78; charges ₹29.33 crore)"
2023-07-10,EPL,"PYRAMID BUY ₹36,890.24 crore at ₹216.85 (box jump — doubling the stake with NEW capital; stop stays ₹200.50; charges ₹43.71 crore)"
2023-07-10,ZFCVINDIA,"PYRAMID BUY ₹36,741.59 crore at ₹2,007.77 (box jump — doubling the stake with NEW capital; stop stays ₹1,882.66; charges ₹43.53 crore)"
2023-07-12,KSB,"SELL ₹10,496.52 crore at stop ₹407.74 (-6.4%, charges ₹10.89 crore) — the cash goes back to work at the next Friday screen"
2023-07-14,FORCEMOT,"RAISE STOP ₹1,995.52 → ₹2,337.00 (new box ₹2,460.00–₹2,796.60 sealed)"
2023-07-14,TDPOWERSYS,RAISE STOP ₹101.58 → ₹110.20 (new box ₹116.00–₹124.70 sealed)
2023-07-17,FORCEMOT,"PYRAMID BUY ₹62,508.72 crore at ₹2,774.00 (box jump — doubling the stake with NEW capital; stop stays ₹2,337.00; charges ₹74.06 crore)"
2023-07-17,TDPOWERSYS,"PYRAMID BUY ₹63,218.05 crore at ₹124.55 (box jump — doubling the stake with NEW capital; stop stays ₹110.20; charges ₹74.90 crore)"
2023-07-21,ICICIBANK,RAISE STOP ₹886.30 → ₹894.19 (new box ₹941.25–₹964.75 sealed)
2023-07-21,TDPOWERSYS,RAISE STOP ₹110.20 → ₹112.05 (new box ₹117.95–₹127.90 sealed)
2023-07-24,ICICIBANK,"PYRAMID BUY ₹19,352.14 crore at ₹1,004.95 (box jump — doubling the stake with NEW capital; stop stays ₹894.19; charges ₹22.93 crore)"
2023-07-24,TDPOWERSYS,PYRAMID BUY ₹1.29 lakh crore at ₹127.42 (box jump — doubling the stake with NEW capital; stop stays ₹112.05; charges ₹153.17 crore)
2023-07-28,CEATLTD,"RAISE STOP ₹1,892.78 → ₹2,244.85 (new box ₹2,363.00–₹2,642.00 sealed)"
2023-07-28,HEG,RAISE STOP ₹294.79 → ₹300.49 (new box ₹316.30–₹332.83 sealed)
2023-07-28,REFEX,RAISE STOP ₹87.60 → ₹121.69 (new box ₹128.10–₹147.80 sealed)
2023-07-31,CEATLTD,"PYRAMID BUY ₹25,181.67 crore at ₹2,452.10 (box jump — doubling the stake with NEW capital; stop stays ₹2,244.85; charges ₹29.84 crore)"
2023-07-31,HEG,"PYRAMID BUY ₹30,504.07 crore at ₹338.94 (box jump — doubling the stake with NEW capital; stop stays ₹300.49; charges ₹36.14 crore)"
2023-07-31,REFEX,"PYRAMID BUY ₹92,392.26 crore at ₹169.00 (box jump — doubling the stake with NEW capital; stop stays ₹121.69; charges ₹109.47 crore)"
2023-08-11,ANANDRATHI,"fresh signal NOT FUNDED — cash exhausted (BUY: 1.72× weekly, month 1.98×, ladder rising)"
2023-08-11,ASHAPURMIN,"fresh signal NOT FUNDED — cash exhausted (BUY: 2.35× weekly, month 3.14×, ladder rising)"
2023-08-11,BBOX,fresh signal REFUSED — falling earnings power
2023-08-11,DBREALTY,fresh signal REFUSED — falling earnings power
2023-08-11,DRREDDY,"fresh signal NOT FUNDED — cash exhausted (BUY: 2.01× weekly, month 1.50×, ladder rising)"
2023-08-11,EPL,"SELL ₹68,106.54 crore at stop ₹200.50 (-5.7%, charges ₹70.65 crore) — the cash goes back to work at the next Friday screen"
2023-08-11,FIVESTAR,"fresh signal NOT FUNDED — cash exhausted (BUY: 1.89× weekly, month 1.60×, ladder rising)"
2023-08-11,GLAND,fresh signal REFUSED — falling earnings power
2023-08-11,HAL,"RAISE STOP ₹1,723.32 → ₹1,758.24 (new box ₹1,850.78–₹1,999.45 sealed)"
2023-08-11,HINDCOPPER,fresh signal REFUSED — falling earnings power
2023-08-11,IRCON,"fresh signal NOT FUNDED — cash exhausted (BUY: 1.74× weekly, month 2.16×, ladder rising)"
2023-08-11,JSWENERGY,fresh signal REFUSED — falling earnings power
2023-08-11,MAHABANK,"fresh signal NOT FUNDED — cash exhausted (BUY: 2.39× weekly, month 2.12×, ladder rising)"
2023-08-11,MAPMYINDIA,fresh signal REFUSED — falling earnings power
2023-08-11,MMTC,fresh signal REFUSED — falling earnings power
2023-08-11,MOIL,fresh signal REFUSED — falling earnings power
2023-08-11,PFC,"fresh signal NOT FUNDED — cash exhausted (BUY: 1.66× weekly, month 1.54×, ladder rising)"
2023-08-11,PGIL,"fresh signal NOT FUNDED — cash exhausted (BUY: 2.07× weekly, month 2.21×, ladder rising)"
2023-08-11,PRAJIND,"fresh signal NOT FUNDED — cash exhausted (BUY: 2.21× weekly, month 1.99×, ladder rising)"
2023-08-11,RECLTD,"fresh signal NOT FUNDED — cash exhausted (BUY: 3.13× weekly, month 2.68×, ladder rising)"
2023-08-11,REFEX,"SELL ₹1.33 lakh crore at stop ₹121.69 (-5.0%, charges ₹137.79 crore) — the cash goes back to work at the next Friday screen"
2023-08-11,RTNINDIA,fresh signal REFUSED — falling earnings power
2023-08-11,SHYAMMETL,fresh signal REFUSED — falling earnings power
2023-08-11,SUPREMEIND,fresh signal REFUSED — falling earnings power
2023-08-11,TARC,"fresh signal NOT FUNDED — cash exhausted (BUY: 1.60× weekly, month 1.77×, ladder rising)"
2023-08-11,TI,fresh signal REFUSED — falling earnings power
2023-08-11,TMB,"fresh signal NOT FUNDED — cash exhausted (BUY: 1.83× weekly, month 1.75×, ladder rising)"
2023-08-11,VGUARD,fresh signal REFUSED — falling earnings power
2023-08-11,ZEEL,fresh signal REFUSED — falling earnings power
2023-08-11,ZFCVINDIA,"RAISE STOP ₹1,882.66 → ₹2,046.36 (new box ₹2,154.06–₹2,358.33 sealed)"
2023-08-14,CEATLTD,"SELL ₹46,031.59 crore at stop ₹2,244.85 (-7.6%, charges ₹47.75 crore) — the cash goes back to work at the next Friday screen"
2023-08-14,HAL,"PYRAMID BUY ₹58,569.27 crore at ₹1,892.42 (box jump — doubling the stake with NEW capital; stop stays ₹1,758.24; charges ₹69.39 crore)"
2023-08-14,RATEGAIN,"BUY ₹1.04 lakh crore at ₹547.00 (fresh Friday signal — BUY: 5.36× weekly, month 1.91×, ladder rising; stop ₹422.99; charges ₹122.84 crore)"
2023-08-14,VARROC,"BUY ₹1.04 lakh crore at ₹385.40 (fresh Friday signal — BUY: 6.86× weekly, month 2.37×, ladder rising; stop ₹304.00; charges ₹123.12 crore)"
2023-08-14,ZFCVINDIA,"PYRAMID BUY ₹81,568.46 crore at ₹2,230.00 (box jump — doubling the stake with NEW capital; stop stays ₹2,046.36; charges ₹96.64 crore)"
2023-08-18,ICICIBANK,RAISE STOP ₹894.19 → ₹898.70 (new box ₹946.00–₹986.60 sealed)
2023-08-18,RATEGAIN,RAISE STOP ₹422.99 → ₹489.44 (new box ₹515.20–₹577.70 sealed)
2023-08-18,VARROC,RAISE STOP ₹304.00 → ₹347.89 (new box ₹366.20–₹401.95 sealed)
2023-08-21,ICICIBANK,"PYRAMID BUY ₹36,593.22 crore at ₹950.70 (box jump — doubling the stake with NEW capital; stop stays ₹898.70; charges ₹43.36 crore)"
2023-08-21,RATEGAIN,PYRAMID BUY ₹1.08 lakh crore at ₹572.80 (box jump — doubling the stake with NEW capital; stop stays ₹489.44; charges ₹128.48 crore)
2023-08-21,VARROC,PYRAMID BUY ₹1.04 lakh crore at ₹384.80 (box jump — doubling the stake with NEW capital; stop stays ₹347.89; charges ₹122.79 crore)
2023-08-25,FORCEMOT,"RAISE STOP ₹2,337.00 → ₹3,158.80 (new box ₹3,325.05–₹3,663.00 sealed)"
2023-08-25,RATEGAIN,RAISE STOP ₹489.44 → ₹520.60 (new box ₹548.00–₹605.00 sealed)
2023-08-28,FORCEMOT,"PYRAMID BUY ₹1.58 lakh crore at ₹3,500.00 (box jump — doubling the stake with NEW capital; stop stays ₹3,158.80; charges ₹186.78 crore)"
2023-08-28,RATEGAIN,PYRAMID BUY ₹2.19 lakh crore at ₹577.50 (box jump — doubling the stake with NEW capital; stop stays ₹520.60; charges ₹258.92 crore)
2023-09-01,HAL,"RAISE STOP ₹1,758.24 → ₹1,840.70 (new box ₹1,937.58–₹2,067.50 sealed)"
2023-09-01,HEG,RAISE STOP ₹300.49 → ₹324.38 (new box ₹341.45–₹365.36 sealed)
2023-09-04,HAL,"PYRAMID BUY ₹1.23 lakh crore at ₹1,982.17 (box jump — doubling the stake with NEW capital; stop stays ₹1,840.70; charges ₹145.28 crore)"
2023-09-04,HEG,"PYRAMID BUY ₹63,170.27 crore at ₹351.16 (box jump — doubling the stake with NEW capital; stop stays ₹324.38; charges ₹74.85 crore)"
2023-09-15,VARROC,RAISE STOP ₹347.89 → ₹383.80 (new box ₹404.00–₹468.00 sealed)
2023-09-15,ZFCVINDIA,"RAISE STOP ₹2,046.36 → ₹2,402.91 (new box ₹2,529.38–₹2,794.33 sealed)"
2023-09-18,VARROC,PYRAMID BUY ₹2.43 lakh crore at ₹450.55 (box jump — doubling the stake with NEW capital; stop stays ₹383.80; charges ₹287.37 crore)
2023-09-18,ZFCVINDIA,"PYRAMID BUY ₹1.88 lakh crore at ₹2,576.83 (box jump — doubling the stake with NEW capital; stop stays ₹2,402.91; charges ₹223.22 crore)"
2023-09-22,FORCEMOT,"RAISE STOP ₹3,158.80 → ₹3,341.72 (new box ₹3,517.60–₹4,001.85 sealed)"
2023-09-25,FORCEMOT,"PYRAMID BUY ₹3.38 lakh crore at ₹3,749.00 (box jump — doubling the stake with NEW capital; stop stays ₹3,341.72; charges ₹399.90 crore)"
2023-09-29,VARROC,RAISE STOP ₹383.80 → ₹450.92 (new box ₹474.65–₹515.20 sealed)
2023-10-03,VARROC,PYRAMID BUY ₹5.25 lakh crore at ₹487.95 (box jump — doubling the stake with NEW capital; stop stays ₹450.92; charges ₹622.07 crore)
2023-10-13,FORCEMOT,"RAISE STOP ₹3,341.72 → ₹3,709.99 (new box ₹3,905.25–₹4,173.00 sealed)"
2023-10-13,HEG,RAISE STOP ₹324.38 → ₹328.78 (new box ₹346.08–₹364.80 sealed)
2023-10-16,FORCEMOT,"PYRAMID BUY ₹7.07 lakh crore at ₹3,930.00 (box jump — doubling the stake with NEW capital; stop stays ₹3,709.99; charges ₹837.91 crore)"
2023-10-16,HEG,PYRAMID BUY ₹1.31 lakh crore at ₹363.94 (box jump — doubling the stake with NEW capital; stop stays ₹328.78; charges ₹155.05 crore)
2023-10-20,ANGELONE,"fresh signal NOT FUNDED — cash exhausted (BUY: 2.23× weekly, month 2.19×, ladder rising)"
2023-10-20,ASTRAMICRO,"fresh signal NOT FUNDED — cash exhausted (BUY: 2.56× weekly, month 1.53×, ladder rising)"
2023-10-20,CUPID,"fresh signal NOT FUNDED — cash exhausted (BUY: 2.81× weekly, month 4.28×, ladder rising)"
2023-10-20,FORCEMOT,"SELL ₹13.33 lakh crore at stop ₹3,709.99 (+1.8%, charges ₹1,382.78 crore) — the cash goes back to work at the next Friday screen"
2023-10-20,ITI,fresh signal REFUSED — falling earnings power
2023-10-20,MAHSCOOTER,"fresh signal NOT FUNDED — cash exhausted (BUY: 2.31× weekly, month 2.71×, ladder rising)"
2023-10-20,MCX,fresh signal REFUSED — falling earnings power
2023-10-20,MRPL,fresh signal REFUSED — falling earnings power
2023-10-20,OIL,"fresh signal NOT FUNDED — cash exhausted (BUY: 1.95× weekly, month 2.32×, ladder rising)"
2023-10-20,PCBL,fresh signal REFUSED — falling earnings power
2023-10-20,PURVA,fresh signal REFUSED — falling earnings power
2023-10-20,TARC,"fresh signal NOT FUNDED — cash exhausted (BUY: 2.91× weekly, month 1.73×, ladder rising)"
2023-10-20,TIPSMUSIC,fresh signal REFUSED — falling earnings power
2023-10-20,VIYASH,fresh signal REFUSED — falling earnings power
2023-10-20,ZFCVINDIA,"RAISE STOP ₹2,402.91 → ₹2,473.96 (new box ₹2,604.17–₹2,748.85 sealed)"
2023-10-23,APOLLO,"BUY ₹4.36 lakh crore at ₹76.15 (fresh Friday signal — BUY: 3.56× weekly, month 3.24×, ladder rising; stop ₹59.94; charges ₹516.50 crore)"
2023-10-23,CRISIL,"BUY ₹4.27 lakh crore at ₹4,199.70 (fresh Friday signal — BUY: 3.22× weekly, month 2.05×, ladder rising; stop ₹3,639.83; charges ₹506.14 crore)"
2023-10-23,HEG,"SELL ₹2.36 lakh crore at stop ₹328.78 (-5.6%, charges ₹244.86 crore) — the cash goes back to work at the next Friday screen"
2023-10-23,NBCC,"BUY ₹4.31 lakh crore at ₹45.87 (fresh Friday signal — BUY: 3.53× weekly, month 3.62×, ladder rising; stop ₹33.69; charges ₹510.95 crore)"
2023-10-23,ZFCVINDIA,"PYRAMID BUY ₹3.86 lakh crore at ₹2,642.07 (box jump — doubling the stake with NEW capital; stop stays ₹2,473.96; charges ₹457.47 crore)"
2023-10-25,HAL,"SELL ₹2.27 lakh crore at stop ₹1,840.70 (-3.0%, charges ₹235.85 crore) — the cash goes back to work at the next Friday screen"
2023-10-25,VARROC,"SELL ₹9.69 lakh crore at stop ₹450.92 (-0.4%, charges ₹1,004.93 crore) — the cash goes back to work at the next Friday screen"
2023-10-27,PRESTIGE,fresh signal REFUSED — falling earnings power
2023-10-30,ANGELONE,"BUY ₹4.34 lakh crore at ₹253.50 (fresh Friday signal — BUY: 1.84× weekly, month 2.75×, ladder rising; stop ₹194.37; charges ₹514.57 crore)"
2023-10-30,CUPID,"BUY ₹4.34 lakh crore at ₹6.05 (fresh Friday signal — BUY: 1.86× weekly, month 5.68×, ladder rising; stop ₹3.66; charges ₹513.77 crore)"
2023-10-30,SHAREINDIA,"BUY ₹4.34 lakh crore at ₹300.00 (fresh Friday signal — BUY: 3.44× weekly, month 2.62×, ladder rising; stop ₹261.25; charges ₹514.22 crore)"
2023-11-03,APOLLO,RAISE STOP ₹59.94 → ₹60.83 (new box ₹65.25–₹80.00 sealed)
2023-11-03,NBCC,RAISE STOP ₹33.69 → ₹37.78 (new box ₹40.50–₹49.57 sealed)
2023-11-03,RATEGAIN,RAISE STOP ₹520.60 → ₹549.53 (new box ₹578.45–₹650.00 sealed)
2023-11-06,APOLLO,PYRAMID BUY ₹5.48 lakh crore at ₹95.90 (box jump — doubling the stake with NEW capital; stop stays ₹60.83; charges ₹649.68 crore)
2023-11-06,NBCC,PYRAMID BUY ₹4.24 lakh crore at ₹45.10 (box jump — doubling the stake with NEW capital; stop stays ₹37.78; charges ₹501.81 crore)
2023-11-06,RATEGAIN,PYRAMID BUY ₹5.30 lakh crore at ₹701.00 (box jump — doubling the stake with NEW capital; stop stays ₹549.53; charges ₹628.21 crore)
2023-11-10,ANGELONE,RAISE STOP ₹194.37 → ₹236.87 (new box ₹249.34–₹289.79 sealed)
2023-11-10,APOLLO,RAISE STOP ₹60.83 → ₹88.83 (new box ₹93.50–₹105.35 sealed)
2023-11-10,TDPOWERSYS,RAISE STOP ₹112.05 → ₹113.41 (new box ₹119.38–₹124.72 sealed)
2023-11-13,ANGELONE,PYRAMID BUY ₹4.67 lakh crore at ₹273.19 (box jump — doubling the stake with NEW capital; stop stays ₹236.87; charges ₹553.89 crore)
2023-11-13,APOLLO,"PYRAMID BUY ₹14.05 lakh crore at ₹122.90 (box jump — doubling the stake with NEW capital; stop stays ₹88.83; charges ₹1,664.21 crore)"
2023-11-13,TDPOWERSYS,PYRAMID BUY ₹2.75 lakh crore at ₹135.78 (box jump — doubling the stake with NEW capital; stop stays ₹113.41; charges ₹326.22 crore)
2023-11-17,APOLLO,RAISE STOP ₹88.83 → ₹105.78 (new box ₹111.35–₹123.80 sealed)
2023-11-17,CRISIL,"RAISE STOP ₹3,639.83 → ₹3,861.80 (new box ₹4,065.05–₹4,454.95 sealed)"
2023-11-17,RATEGAIN,RAISE STOP ₹549.53 → ₹619.50 (new box ₹652.10–₹719.70 sealed)
2023-11-17,SHAREINDIA,RAISE STOP ₹261.25 → ₹280.63 (new box ₹295.40–₹325.89 sealed)
2023-11-17,TDPOWERSYS,RAISE STOP ₹113.41 → ₹124.59 (new box ₹131.15–₹140.00 sealed)
2023-11-20,APOLLO,"PYRAMID BUY ₹36.20 lakh crore at ₹158.45 (box jump — doubling the stake with NEW capital; stop stays ₹105.78; charges ₹4,288.65 crore)"
2023-11-20,CRISIL,"PYRAMID BUY ₹4.31 lakh crore at ₹4,242.00 (box jump — doubling the stake with NEW capital; stop stays ₹3,861.80; charges ₹510.63 crore)"
2023-11-20,RATEGAIN,"PYRAMID BUY ₹10.92 lakh crore at ₹722.00 (box jump — doubling the stake with NEW capital; stop stays ₹619.50; charges ₹1,293.29 crore)"
2023-11-20,SHAREINDIA,PYRAMID BUY ₹5.14 lakh crore at ₹356.00 (box jump — doubling the stake with NEW capital; stop stays ₹280.63; charges ₹609.49 crore)
2023-11-20,TDPOWERSYS,PYRAMID BUY ₹5.49 lakh crore at ₹135.32 (box jump — doubling the stake with NEW capital; stop stays ₹124.59; charges ₹649.90 crore)
2023-11-24,ANGELONE,RAISE STOP ₹236.87 → ₹274.55 (new box ₹289.00–₹309.00 sealed)
2023-11-24,CUPID,RAISE STOP ₹3.66 → ₹7.93 (new box ₹8.35–₹9.23 sealed)
2023-11-24,SHAREINDIA,RAISE STOP ₹280.63 → ₹321.67 (new box ₹338.60–₹369.40 sealed)
2023-11-28,ANGELONE,"PYRAMID BUY ₹10.49 lakh crore at ₹306.80 (box jump — doubling the stake with NEW capital; stop stays ₹274.55; charges ₹1,243.30 crore)"
2023-11-28,CUPID,PYRAMID BUY ₹6.32 lakh crore at ₹8.82 (box jump — doubling the stake with NEW capital; stop stays ₹7.93; charges ₹748.35 crore)
2023-11-28,SHAREINDIA,"PYRAMID BUY ₹9.90 lakh crore at ₹342.61 (box jump — doubling the stake with NEW capital; stop stays ₹321.67; charges ₹1,172.43 crore)"
2023-12-15,ANGELONE,RAISE STOP ₹274.55 → ₹279.31 (new box ₹294.01–₹324.50 sealed)
2023-12-15,SHAREINDIA,RAISE STOP ₹321.67 → ₹328.89 (new box ₹346.20–₹360.34 sealed)
2023-12-18,ANGELONE,"PYRAMID BUY ₹22.21 lakh crore at ₹324.80 (box jump — doubling the stake with NEW capital; stop stays ₹279.31; charges ₹2,630.93 crore)"
2023-12-18,SHAREINDIA,"PYRAMID BUY ₹21.22 lakh crore at ₹367.60 (box jump — doubling the stake with NEW capital; stop stays ₹328.89; charges ₹2,514.40 crore)"
2023-12-22,CUPID,RAISE STOP ₹7.93 → ₹8.10 (new box ₹8.53–₹9.90 sealed)
2023-12-26,CUPID,"PYRAMID BUY ₹13.45 lakh crore at ₹9.40 (box jump — doubling the stake with NEW capital; stop stays ₹8.10; charges ₹1,593.65 crore)"
2023-12-29,ANGELONE,RAISE STOP ₹279.31 → ₹296.88 (new box ₹312.50–₹338.50 sealed)
2023-12-29,ICICIBANK,"RAISE STOP ₹898.70 → ₹939.74 (new box ₹989.20–₹1,043.70 sealed)"
2023-12-29,NBCC,RAISE STOP ₹37.78 → ₹45.65 (new box ₹48.33–₹57.27 sealed)
2023-12-29,SHAREINDIA,RAISE STOP ₹328.89 → ₹330.37 (new box ₹347.76–₹372.60 sealed)
2024-01-01,ANGELONE,"PYRAMID BUY ₹47.61 lakh crore at ₹348.40 (box jump — doubling the stake with NEW capital; stop stays ₹296.88; charges ₹5,640.84 crore)"
2024-01-01,ICICIBANK,"PYRAMID BUY ₹76,285.92 crore at ₹991.55 (box jump — doubling the stake with NEW capital; stop stays ₹939.74; charges ₹90.39 crore)"
2024-01-01,NBCC,"PYRAMID BUY ₹10.26 lakh crore at ₹54.63 (box jump — doubling the stake with NEW capital; stop stays ₹45.65; charges ₹1,215.05 crore)"
2024-01-01,SHAREINDIA,"PYRAMID BUY ₹43.12 lakh crore at ₹373.70 (box jump — doubling the stake with NEW capital; stop stays ₹330.37; charges ₹5,109.23 crore)"
2024-01-12,RATEGAIN,RAISE STOP ₹619.50 → ₹669.56 (new box ₹704.80–₹772.95 sealed)
2024-01-15,RATEGAIN,"PYRAMID BUY ₹22.11 lakh crore at ₹731.75 (box jump — doubling the stake with NEW capital; stop stays ₹669.56; charges ₹2,619.95 crore)"
2024-01-19,APOLLO,RAISE STOP ₹105.78 → ₹112.10 (new box ₹118.00–₹137.00 sealed)
2024-01-23,ANGELONE,"SELL ₹81.01 lakh crore at stop ₹296.88 (-9.1%, charges ₹8,402.74 crore) — the cash goes back to work at the next Friday screen"
2024-01-23,APOLLO,"PYRAMID BUY ₹55.07 lakh crore at ₹120.60 (box jump — doubling the stake with NEW capital; stop stays ₹112.10; charges ₹6,524.52 crore)"
2024-01-24,CRISIL,"SELL ₹7.83 lakh crore at stop ₹3,861.80 (-8.5%, charges ₹812.65 crore) — the cash goes back to work at the next Friday screen"
2024-01-25,BAJAJ-AUTO,fresh signal REFUSED — falling earnings power
2024-01-25,CCAVENUE,fresh signal REFUSED — falling earnings power
2024-01-25,CHALET,"fresh signal NOT FUNDED — cash exhausted (ACCUMULATE: 1.83× weekly, month 1.60×, ladder rising)"
2024-01-25,EIHOTEL,"fresh signal NOT FUNDED — cash exhausted (BUY: 2.29× weekly, month 1.66×, ladder rising)"
2024-01-25,HFCL,fresh signal REFUSED — falling earnings power
2024-01-25,HONAUT,fresh signal REFUSED — falling earnings power
2024-01-25,IFCI,"fresh signal NOT FUNDED — cash exhausted (BUY: 3.30× weekly, month 2.14×, ladder rising)"
2024-01-25,IRCON,"fresh signal NOT FUNDED — cash exhausted (BUY: 3.17× weekly, month 2.33×, ladder rising)"
2024-01-25,LEMONTREE,"fresh signal NOT FUNDED — cash exhausted (ACCUMULATE: 2.48× weekly, month 2.01×, ladder rising)"
2024-01-25,MOTHERSON,"fresh signal NOT FUNDED — cash exhausted (BUY: 2.09× weekly, month 1.94×, ladder rising)"
2024-01-25,NATIONALUM,fresh signal REFUSED — falling earnings power
2024-01-25,NBCC,RAISE STOP ₹45.65 → ₹53.58 (new box ₹56.40–₹62.90 sealed)
2024-01-25,NFL,"fresh signal NOT FUNDED — cash exhausted (BUY: 2.02× weekly, month 3.45×, ladder rising)"
2024-01-25,NHPC,"fresh signal NOT FUNDED — cash exhausted (BUY: 4.71× weekly, month 3.70×, ladder rising)"
2024-01-25,PTC,fresh signal REFUSED — falling earnings power
2024-01-25,PURVA,fresh signal REFUSED — falling earnings power
2024-01-25,RAILTEL,fresh signal REFUSED — falling earnings power
2024-01-25,RVNL,"fresh signal NOT FUNDED — cash exhausted (BUY: 2.06× weekly, month 1.82×, ladder rising)"
2024-01-25,SCI,fresh signal REFUSED — falling earnings power
2024-01-25,SWSOLAR,fresh signal REFUSED — falling earnings power
2024-01-25,WEBELSOLAR,"fresh signal NOT FUNDED — cash exhausted (BUY: 3.92× weekly, month 1.78×, ladder rising)"
2024-01-29,IDBI,"BUY ₹44.03 lakh crore at ₹84.30 (fresh Friday signal — BUY: 8.31× weekly, month 1.96×, ladder rising; stop ₹60.23; charges ₹5,216.82 crore)"
2024-01-29,NBCC,"PYRAMID BUY ₹29.27 lakh crore at ₹78.00 (box jump — doubling the stake with NEW capital; stop stays ₹53.58; charges ₹3,467.41 crore)"
2024-01-29,RITES,"BUY ₹47.00 lakh crore at ₹342.50 (fresh Friday signal — BUY: 11.32× weekly, month 2.99×, ladder rising; stop ₹240.21; charges ₹5,568.44 crore)"
2024-02-02,CUPID,RAISE STOP ₹8.10 → ₹16.11 (new box ₹17.05–₹20.20 sealed)
2024-02-02,ZFCVINDIA,"SELL ₹7.22 lakh crore at stop ₹2,473.96 (-0.7%, charges ₹748.83 crore) — the cash goes back to work at the next Friday screen"
2024-02-05,CUPID,"PYRAMID BUY ₹48.94 lakh crore at ₹17.11 (box jump — doubling the stake with NEW capital; stop stays ₹16.11; charges ₹5,798.22 crore)"
2024-02-13,APOLLO,"SELL ₹1.02 crore crore at stop ₹112.10 (-11.0%, charges ₹10,601.84 crore) — the cash goes back to work at the next Friday screen"
2024-02-16,ADVENZYMES,fresh signal REFUSED — falling earnings power
2024-02-16,AEGISLOG,fresh signal REFUSED — falling earnings power
2024-02-16,AHLUCONT,"fresh signal NOT FUNDED — cash exhausted (BUY: 3.04× weekly, month 1.63×, ladder rising)"
2024-02-16,BORORENEW,"fresh signal NOT FUNDED — cash exhausted (ACCUMULATE: 2.03× weekly, month 6.96×, ladder rising)"
2024-02-16,BOSCHLTD,"fresh signal NOT FUNDED — cash exhausted (BUY: 3.40× weekly, month 1.59×, ladder rising)"
2024-02-16,COALINDIA,"fresh signal NOT FUNDED — cash exhausted (BUY: 1.60× weekly, month 1.90×, ladder rising)"
2024-02-16,GICRE,"fresh signal NOT FUNDED — cash exhausted (ACCUMULATE: 2.01× weekly, month 3.98×, ladder rising)"
2024-02-16,GODFRYPHLP,"fresh signal NOT FUNDED — cash exhausted (ACCUMULATE: 2.18× weekly, month 2.13×, ladder rising)"
2024-02-16,GPPL,"fresh signal NOT FUNDED — cash exhausted (BUY: 3.43× weekly, month 3.53×, ladder rising)"
2024-02-16,IDBI,RAISE STOP ₹60.23 → ₹72.11 (new box ₹78.25–₹98.70 sealed)
2024-02-16,IOC,fresh signal REFUSED — falling earnings power
2024-02-16,MRF,fresh signal REFUSED — falling earnings power
2024-02-16,MRPL,fresh signal REFUSED — falling earnings power
2024-02-16,NATIONALUM,fresh signal REFUSED — falling earnings power
2024-02-16,NBCC,RAISE STOP ₹53.58 → ₹69.28 (new box ₹80.50–₹117.90 sealed)
2024-02-16,NLCINDIA,"fresh signal NOT FUNDED — cash exhausted (ACCUMULATE: 1.66× weekly, month 2.58×, ladder rising)"
2024-02-16,NMDC,fresh signal REFUSED — falling earnings power
2024-02-16,OIL,"fresh signal NOT FUNDED — cash exhausted (BUY: 2.69× weekly, month 3.26×, ladder rising)"
2024-02-16,ONGC,fresh signal REFUSED — falling earnings power
2024-02-16,RATEGAIN,RAISE STOP ₹669.56 → ₹720.34 (new box ₹761.75–₹899.80 sealed)
2024-02-16,RITES,RAISE STOP ₹240.21 → ₹314.37 (new box ₹336.55–₹410.50 sealed)
2024-02-16,SAREGAMA,fresh signal REFUSED — falling earnings power
2024-02-16,SHAREINDIA,RAISE STOP ₹330.37 → ₹357.20 (new box ₹376.00–₹391.23 sealed)
2024-02-16,SUNDARMFIN,"fresh signal NOT FUNDED — cash exhausted (ACCUMULATE: 3.11× weekly, month 1.60×, ladder rising)"
2024-02-16,SUPRIYA,fresh signal REFUSED — falling earnings power
2024-02-16,WIPRO,fresh signal REFUSED — falling earnings power
2024-02-19,IDBI,"PYRAMID BUY ₹47.71 lakh crore at ₹91.45 (box jump — doubling the stake with NEW capital; stop stays ₹72.11; charges ₹5,652.58 crore)"
2024-02-19,NBCC,"PYRAMID BUY ₹68.25 lakh crore at ₹91.00 (box jump — doubling the stake with NEW capital; stop stays ₹69.28; charges ₹8,085.82 crore)"
2024-02-19,PRUDENT,"BUY ₹86.60 lakh crore at ₹1,332.00 (fresh Friday signal — BUY: 19.33× weekly, month 4.96×, ladder rising; stop ₹1,008.17; charges ₹10,260.40 crore)"
2024-02-19,RAIN,signal SKIPPED — cash below half a slice
2024-02-19,RATEGAIN,"PYRAMID BUY ₹52.79 lakh crore at ₹874.00 (box jump — doubling the stake with NEW capital; stop stays ₹720.34; charges ₹6,254.81 crore)"
2024-02-19,RITES,"PYRAMID BUY ₹52.10 lakh crore at ₹380.10 (box jump — doubling the stake with NEW capital; stop stays ₹314.37; charges ₹6,172.42 crore)"
2024-02-19,SHAREINDIA,"PYRAMID BUY ₹89.12 lakh crore at ₹386.39 (box jump — doubling the stake with NEW capital; stop stays ₹357.20; charges ₹10,559.19 crore)"
2024-02-23,CUPID,RAISE STOP ₹16.11 → ₹17.77 (new box ₹18.71–₹21.83 sealed)
2024-02-23,PRUDENT,"RAISE STOP ₹1,008.17 → ₹1,176.05 (new box ₹1,238.00–₹1,444.50 sealed)"
2024-02-26,CUPID,"PYRAMID BUY ₹1.40 crore crore at ₹24.50 (box jump — doubling the stake with NEW capital; stop stays ₹17.77; charges ₹16,596.69 crore)"
2024-02-26,PRUDENT,"PYRAMID BUY ₹89.75 lakh crore at ₹1,382.05 (box jump — doubling the stake with NEW capital; stop stays ₹1,176.05; charges ₹10,633.32 crore)"
2024-03-01,RATEGAIN,RAISE STOP ₹720.34 → ₹730.99 (new box ₹775.00–₹921.70 sealed)
2024-03-04,RATEGAIN,"PYRAMID BUY ₹99.18 lakh crore at ₹821.50 (box jump — doubling the stake with NEW capital; stop stays ₹730.99; charges ₹11,751.21 crore)"
2024-03-06,SHAREINDIA,"SELL ₹1.65 crore crore at stop ₹357.20 (-4.6%, charges ₹17,064.39 crore) — the cash goes back to work at the next Friday screen"
2024-03-07,BOSCHLTD,"fresh signal NOT FUNDED — cash exhausted (BUY: 1.81× weekly, month 2.03×, ladder rising)"
2024-03-07,GRAPHITE,fresh signal REFUSED — falling earnings power
2024-03-07,ICICIBANK,"RAISE STOP ₹939.74 → ₹986.58 (new box ₹1,038.50–₹1,070.00 sealed)"
2024-03-07,VGUARD,fresh signal REFUSED — falling earnings power
2024-03-11,BHEL,"BUY ₹73.24 lakh crore at ₹259.10 (fresh Friday signal — BUY: 3.01× weekly, month 1.67×, ladder rising; stop ₹188.78; charges ₹8,677.56 crore)"
2024-03-11,ICICIBANK,"PYRAMID BUY ₹1.67 lakh crore at ₹1,087.95 (box jump — doubling the stake with NEW capital; stop stays ₹986.58; charges ₹198.23 crore)"
2024-03-11,SOLARINDS,"BUY ₹1.14 crore crore at ₹7,564.00 (fresh Friday signal — ACCUMULATE: 4.35× weekly, month 1.71×, ladder rising; stop ₹5,332.29; charges ₹13,518.15 crore)"
2024-03-13,PRUDENT,"SELL ₹1.52 crore crore at stop ₹1,176.05 (-13.3%, charges ₹15,817.78 crore) — the cash goes back to work at the next Friday screen"
2024-03-13,RATEGAIN,"SELL ₹1.76 crore crore at stop ₹730.99 (-9.2%, charges ₹18,279.36 crore) — the cash goes back to work at the next Friday screen"
2024-03-13,RITES,"SELL ₹86.03 lakh crore at stop ₹314.37 (-13.0%, charges ₹8,924.28 crore) — the cash goes back to work at the next Friday screen"
2024-03-15,ICICIBANK,"RAISE STOP ₹986.58 → ₹1,002.87 (new box ₹1,055.65–₹1,113.55 sealed)"
2024-03-15,INTELLECT,fresh signal REFUSED — falling earnings power
2024-03-15,TORNTPOWER,fresh signal REFUSED — falling earnings power
2024-03-18,BOSCHLTD,"BUY ₹98.12 lakh crore at ₹29,500.05 (fresh Friday signal — BUY: 1.54× weekly, month 1.81×, ladder rising; stop ₹26,525.90; charges ₹11,625.42 crore)"
2024-03-18,FORCEMOT,"BUY ₹1.05 crore crore at ₹6,567.70 (fresh Friday signal — ACCUMULATE: 3.03× weekly, month 1.69×, ladder rising; stop ₹5,500.61; charges ₹12,491.79 crore)"
2024-03-18,ICICIBANK,"PYRAMID BUY ₹3.30 lakh crore at ₹1,075.05 (box jump — doubling the stake with NEW capital; stop stays ₹1,002.87; charges ₹391.52 crore)"
2024-03-18,INDIGO,"BUY ₹1.05 crore crore at ₹3,200.00 (fresh Friday signal — ACCUMULATE: 4.67× weekly, month 1.67×, ladder rising; stop ₹2,834.99; charges ₹12,474.12 crore)"
2024-03-18,JIOFIN,"BUY ₹1.06 crore crore at ₹346.95 (fresh Friday signal — BUY: 2.56× weekly, month 2.25×, ladder rising; stop ₹290.75; charges ₹12,548.38 crore)"
2024-03-22,BOSCHLTD,"RAISE STOP ₹26,525.90 → ₹26,710.20 (new box ₹28,116.00–₹30,468.05 sealed)"
2024-03-22,JIOFIN,RAISE STOP ₹290.75 → ₹301.05 (new box ₹318.00–₹374.50 sealed)
2024-03-26,BOSCHLTD,"PYRAMID BUY ₹1.00 crore crore at ₹30,245.00 (box jump — doubling the stake with NEW capital; stop stays ₹26,710.20; charges ₹11,904.87 crore)"
2024-03-26,JIOFIN,"PYRAMID BUY ₹1.05 crore crore at ₹345.00 (box jump — doubling the stake with NEW capital; stop stays ₹301.05; charges ₹12,463.07 crore)"
2024-03-28,IDBI,RAISE STOP ₹72.11 → ₹74.19 (new box ₹78.10–₹85.95 sealed)
2024-03-28,SOLARINDS,"RAISE STOP ₹5,332.29 → ₹7,980.95 (new box ₹8,401.00–₹9,290.00 sealed)"
2024-04-01,IDBI,"PYRAMID BUY ₹84.78 lakh crore at ₹81.30 (box jump — doubling the stake with NEW capital; stop stays ₹74.19; charges ₹10,044.46 crore)"
2024-04-01,SOLARINDS,"PYRAMID BUY ₹1.35 crore crore at ₹8,950.00 (box jump — doubling the stake with NEW capital; stop stays ₹7,980.95; charges ₹15,976.21 crore)"
2024-04-01,TAX,"FY2024 settled: ₹0.00 paid (STCG ₹0.00 @20%, LTCG ₹0.00 @12.5%; losses carried forward ST ₹84.15 lakh crore / LT ₹0.00)"
2024-04-05,BOSCHLTD,"RAISE STOP ₹26,710.20 → ₹28,244.40 (new box ₹29,730.95–₹31,150.00 sealed)"
2024-04-08,BOSCHLTD,"PYRAMID BUY ₹2.06 crore crore at ₹30,980.00 (box jump — doubling the stake with NEW capital; stop stays ₹28,244.40; charges ₹24,373.90 crore)"
2024-04-12,INDIGO,"RAISE STOP ₹2,834.99 → ₹3,287.00 (new box ₹3,460.00–₹3,645.00 sealed)"
2024-04-15,INDIGO,"PYRAMID BUY ₹1.21 crore crore at ₹3,670.30 (box jump — doubling the stake with NEW capital; stop stays ₹3,287.00; charges ₹14,290.47 crore)"
2024-04-26,FORCEMOT,"RAISE STOP ₹5,500.61 → ₹7,483.47 (new box ₹7,893.85–₹9,261.80 sealed)"
2024-04-26,IDBI,RAISE STOP ₹74.19 → ₹78.19 (new box ₹82.30–₹91.00 sealed)
2024-04-26,NBCC,RAISE STOP ₹69.28 → ₹74.74 (new box ₹79.27–₹94.37 sealed)
2024-04-29,FORCEMOT,"PYRAMID BUY ₹1.62 crore crore at ₹10,100.00 (box jump — doubling the stake with NEW capital; stop stays ₹7,483.47; charges ₹19,187.48 crore)"
2024-04-29,IDBI,"PYRAMID BUY ₹1.84 crore crore at ₹88.50 (box jump — doubling the stake with NEW capital; stop stays ₹78.19; charges ₹21,855.05 crore)"
2024-04-29,NBCC,"PYRAMID BUY ₹1.38 crore crore at ₹92.00 (box jump — doubling the stake with NEW capital; stop stays ₹74.74; charges ₹16,339.67 crore)"
2024-05-10,INDIGO,"RAISE STOP ₹3,287.00 → ₹3,719.77 (new box ₹3,915.55–₹4,179.10 sealed)"
2024-05-10,NBCC,RAISE STOP ₹74.74 → ₹80.15 (new box ₹84.37–₹96.47 sealed)
2024-05-13,INDIGO,"PYRAMID BUY ₹2.63 crore crore at ₹4,006.10 (box jump — doubling the stake with NEW capital; stop stays ₹3,719.77; charges ₹31,177.36 crore)"
2024-05-13,NBCC,"PYRAMID BUY ₹2.65 crore crore at ₹88.60 (box jump — doubling the stake with NEW capital; stop stays ₹80.15; charges ₹31,452.99 crore)"
2024-05-17,BHEL,RAISE STOP ₹188.78 → ₹251.68 (new box ₹267.05–₹318.30 sealed)
2024-05-17,FORCEMOT,"RAISE STOP ₹7,483.47 → ₹8,083.65 (new box ₹8,590.00–₹10,277.85 sealed)"
2024-05-17,ICICIBANK,"RAISE STOP ₹1,002.87 → ₹1,051.37 (new box ₹1,106.70–₹1,169.55 sealed)"
2024-05-17,JIOFIN,RAISE STOP ₹301.05 → ₹317.61 (new box ₹335.40–₹394.70 sealed)
2024-05-17,TDPOWERSYS,RAISE STOP ₹124.59 → ₹129.90 (new box ₹141.57–₹180.50 sealed)
2024-05-21,BHEL,"PYRAMID BUY ₹88.06 lakh crore at ₹311.90 (box jump — doubling the stake with NEW capital; stop stays ₹251.68; charges ₹10,433.52 crore)"
2024-05-21,FORCEMOT,"PYRAMID BUY ₹2.88 crore crore at ₹8,987.50 (box jump — doubling the stake with NEW capital; stop stays ₹8,083.65; charges ₹34,127.79 crore)"
2024-05-21,ICICIBANK,"PYRAMID BUY ₹6.89 lakh crore at ₹1,122.20 (box jump — doubling the stake with NEW capital; stop stays ₹1,051.37; charges ₹816.90 crore)"
2024-05-21,JIOFIN,"PYRAMID BUY ₹2.20 crore crore at ₹361.00 (box jump — doubling the stake with NEW capital; stop stays ₹317.61; charges ₹26,066.68 crore)"
2024-05-21,TDPOWERSYS,"PYRAMID BUY ₹13.29 lakh crore at ₹164.00 (box jump — doubling the stake with NEW capital; stop stays ₹129.90; charges ₹1,574.29 crore)"
2024-05-24,BOSCHLTD,"RAISE STOP ₹28,244.40 → ₹29,015.09 (new box ₹30,542.20–₹32,100.00 sealed)"
2024-05-27,BOSCHLTD,"PYRAMID BUY ₹4.10 crore crore at ₹30,901.00 (box jump — doubling the stake with NEW capital; stop stays ₹29,015.09; charges ₹48,594.69 crore)"
2024-05-28,FORCEMOT,"SELL ₹5.17 crore crore at stop ₹8,083.65 (-6.7%, charges ₹53,660.08 crore) — the cash goes back to work at the next Friday screen"
2024-05-31,BDL,"fresh signal NOT FUNDED — cash exhausted (BUY: 2.17× weekly, month 2.34×, ladder rising)"
2024-05-31,BLUESTARCO,"fresh signal NOT FUNDED — cash exhausted (ACCUMULATE: 1.66× weekly, month 1.65×, ladder rising)"
2024-05-31,BRIGADE,"fresh signal NOT FUNDED — cash exhausted (BUY: 2.07× weekly, month 2.01×, ladder rising)"
2024-05-31,FINCABLES,"fresh signal NOT FUNDED — cash exhausted (BUY: 4.89× weekly, month 2.80×, ladder rising)"
2024-05-31,GESHIP,fresh signal REFUSED — falling earnings power
2024-05-31,GILLETTE,"fresh signal NOT FUNDED — cash exhausted (ACCUMULATE: 3.03× weekly, month 2.02×, ladder rising)"
2024-05-31,HINDALCO,"fresh signal NOT FUNDED — cash exhausted (BUY: 1.93× weekly, month 1.61×, ladder rising)"
2024-05-31,JWL,"fresh signal NOT FUNDED — cash exhausted (BUY: 1.61× weekly, month 3.26×, ladder rising)"
2024-05-31,MAZDOCK,"fresh signal NOT FUNDED — cash exhausted (BUY: 2.77× weekly, month 1.54×, ladder rising)"
2024-05-31,NHPC,fresh signal REFUSED — falling earnings power
2024-05-31,PARAS,fresh signal REFUSED — falling earnings power
2024-05-31,POLICYBZR,"fresh signal NOT FUNDED — cash exhausted (ACCUMULATE: 6.67× weekly, month 2.43×, ladder rising)"
2024-05-31,PRUDENT,fresh signal REFUSED — falling earnings power
2024-05-31,TECHNOE,fresh signal REFUSED — falling earnings power
2024-05-31,THERMAX,"fresh signal NOT FUNDED — cash exhausted (BUY: 8.15× weekly, month 5.82×, ladder rising)"
2024-05-31,TITAGARH,"fresh signal NOT FUNDED — cash exhausted (BUY: 2.56× weekly, month 2.11×, ladder rising)"
2024-05-31,UNOMINDA,"fresh signal NOT FUNDED — cash exhausted (ACCUMULATE: 2.69× weekly, month 1.54×, ladder rising)"
2024-05-31,WABAG,"fresh signal NOT FUNDED — cash exhausted (ACCUMULATE: 1.54× weekly, month 1.52×, ladder rising)"
2024-05-31,WELENT,fresh signal REFUSED — falling earnings power
2024-06-03,CAMPUS,"BUY ₹4.02 crore crore at ₹286.00 (fresh Friday signal — BUY: 10.34× weekly, month 2.79×, ladder rising; stop ₹236.55; charges ₹47,606.58 crore)"
2024-06-04,BHEL,"SELL ₹1.42 crore crore at stop ₹251.68 (-11.8%, charges ₹14,717.66 crore) — the cash goes back to work at the next Friday screen"
2024-06-04,BOSCHLTD,"SELL ₹7.69 crore crore at stop ₹29,015.09 (-5.4%, charges ₹79,765.44 crore) — the cash goes back to work at the next Friday screen"
2024-06-04,CUPID,"SELL ₹2.03 crore crore at stop ₹17.77 (-4.6%, charges ₹21,043.47 crore) — the cash goes back to work at the next Friday screen"
2024-06-04,IDBI,"SELL ₹3.25 crore crore at stop ₹78.19 (-9.7%, charges ₹33,754.71 crore) — the cash goes back to work at the next Friday screen"
2024-06-04,JIOFIN,"SELL ₹3.86 crore crore at stop ₹317.61 (-10.1%, charges ₹40,091.04 crore) — the cash goes back to work at the next Friday screen"
2024-06-04,SOLARINDS,"SELL ₹2.40 crore crore at stop ₹7,980.95 (-3.3%, charges ₹24,904.62 crore) — the cash goes back to work at the next Friday screen"
2024-06-05,ICICIBANK,"SELL ₹12.90 lakh crore at stop ₹1,051.37 (-3.3%, charges ₹1,337.92 crore) — the cash goes back to work at the next Friday screen"
2024-06-07,ABFRL,fresh signal REFUSED — falling earnings power
2024-06-07,ASHOKLEY,"fresh signal NOT FUNDED — cash exhausted (BUY: 1.53× weekly, month 1.61×, ladder rising)"
2024-06-07,CAMPUS,RAISE STOP ₹236.55 → ₹248.05 (new box ₹261.10–₹302.35 sealed)
2024-06-07,ENDURANCE,"fresh signal NOT FUNDED — cash exhausted (BUY: 2.56× weekly, month 2.14×, ladder rising)"
2024-06-07,FINPIPE,"fresh signal NOT FUNDED — cash exhausted (BUY: 1.61× weekly, month 2.10×, ladder rising)"
2024-06-07,GESHIP,fresh signal REFUSED — falling earnings power
2024-06-07,GILLETTE,"fresh signal NOT FUNDED — cash exhausted (BUY: 1.57× weekly, month 1.73×, ladder rising)"
2024-06-07,INDIGO,"RAISE STOP ₹3,719.77 → ₹3,805.04 (new box ₹4,005.30–₹4,529.00 sealed)"
2024-06-07,MARICO,"fresh signal NOT FUNDED — cash exhausted (BUY: 2.41× weekly, month 2.14×, ladder rising)"
2024-06-07,MOTHERSON,"fresh signal NOT FUNDED — cash exhausted (ACCUMULATE: 1.97× weekly, month 1.85×, ladder rising)"
2024-06-07,PGEL,"fresh signal NOT FUNDED — cash exhausted (BUY: 2.35× weekly, month 3.10×, ladder rising)"
2024-06-07,PNCINFRA,"fresh signal NOT FUNDED — cash exhausted (ACCUMULATE: 2.24× weekly, month 4.56×, ladder rising)"
2024-06-07,VGUARD,"fresh signal NOT FUNDED — cash exhausted (BUY: 1.74× weekly, month 2.23×, ladder rising)"
2024-06-07,WABAG,"fresh signal NOT FUNDED — cash exhausted (BUY: 2.25× weekly, month 1.97×, ladder rising)"
2024-06-07,WHIRLPOOL,"fresh signal NOT FUNDED — cash exhausted (BUY: 1.58× weekly, month 1.84×, ladder rising)"
2024-06-10,ADANIPOWER,"BUY ₹4.79 crore crore at ₹156.60 (fresh Friday signal — BUY: 7.81× weekly, month 1.77×, ladder rising; stop ₹126.55; charges ₹56,748.78 crore)"
2024-06-10,CAMPUS,"PYRAMID BUY ₹4.06 crore crore at ₹289.00 (box jump — doubling the stake with NEW capital; stop stays ₹248.05; charges ₹48,048.96 crore)"
2024-06-10,DABUR,"BUY ₹4.77 crore crore at ₹604.20 (fresh Friday signal — BUY: 3.89× weekly, month 2.59×, ladder rising; stop ₹509.91; charges ₹56,506.95 crore)"
2024-06-10,FIEMIND,"BUY ₹4.81 crore crore at ₹1,320.00 (fresh Friday signal — BUY: 11.07× weekly, month 1.60×, ladder rising; stop ₹1,064.00; charges ₹56,930.86 crore)"
2024-06-10,HINDUNILVR,signal SKIPPED — cash below half a slice
2024-06-10,INDIGO,"PYRAMID BUY ₹5.77 crore crore at ₹4,398.00 (box jump — doubling the stake with NEW capital; stop stays ₹3,805.04; charges ₹68,414.07 crore)"
2024-06-10,NCC,"BUY ₹2.80 crore crore at ₹327.60 (fresh Friday signal — BUY: 2.80× weekly, month 1.63×, ladder rising; stop ₹260.92; charges ₹33,130.91 crore)"
2024-06-10,UNOMINDA,"BUY ₹4.78 crore crore at ₹970.00 (fresh Friday signal — BUY: 4.24× weekly, month 2.61×, ladder rising; stop ₹769.64; charges ₹56,645.78 crore)"
2024-06-14,DABUR,RAISE STOP ₹509.91 → ₹552.95 (new box ₹582.05–₹633.40 sealed)
2024-06-14,UNOMINDA,"RAISE STOP ₹769.64 → ₹895.00 (new box ₹942.10–₹1,065.00 sealed)"
2024-06-18,DABUR,"PYRAMID BUY ₹4.79 crore crore at ₹608.10 (box jump — doubling the stake with NEW capital; stop stays ₹552.95; charges ₹56,804.31 crore)"
2024-06-18,UNOMINDA,"PYRAMID BUY ₹5.20 crore crore at ₹1,056.60 (box jump — doubling the stake with NEW capital; stop stays ₹895.00; charges ₹61,629.91 crore)"
2024-06-21,FIEMIND,"RAISE STOP ₹1,064.00 → ₹1,162.80 (new box ₹1,224.00–₹1,325.80 sealed)"
2024-06-24,FIEMIND,"PYRAMID BUY ₹4.68 crore crore at ₹1,286.35 (box jump — doubling the stake with NEW capital; stop stays ₹1,162.80; charges ₹55,413.82 crore)"
2024-06-28,INDIGO,"RAISE STOP ₹3,805.04 → ₹3,976.70 (new box ₹4,186.00–₹4,609.80 sealed)"
2024-06-28,NCC,RAISE STOP ₹260.92 → ₹297.87 (new box ₹313.55–₹336.70 sealed)
2024-07-01,INDIGO,"PYRAMID BUY ₹11.22 crore crore at ₹4,276.35 (box jump — doubling the stake with NEW capital; stop stays ₹3,976.70; charges ₹1.33 lakh crore)"
2024-07-01,NCC,"PYRAMID BUY ₹2.70 crore crore at ₹316.50 (box jump — doubling the stake with NEW capital; stop stays ₹297.87; charges ₹31,970.42 crore)"
2024-07-05,NBCC,RAISE STOP ₹80.15 → ₹98.17 (new box ₹103.33–₹115.33 sealed)
2024-07-05,TDPOWERSYS,RAISE STOP ₹129.90 → ₹162.59 (new box ₹171.15–₹198.75 sealed)
2024-07-05,UNOMINDA,"RAISE STOP ₹895.00 → ₹981.87 (new box ₹1,033.55–₹1,188.00 sealed)"
2024-07-08,NBCC,"PYRAMID BUY ₹7.57 crore crore at ₹126.34 (box jump — doubling the stake with NEW capital; stop stays ₹98.17; charges ₹89,648.22 crore)"
2024-07-08,TDPOWERSYS,"PYRAMID BUY ₹33.14 lakh crore at ₹204.62 (box jump — doubling the stake with NEW capital; stop stays ₹162.59; charges ₹3,926.19 crore)"
2024-07-08,UNOMINDA,"PYRAMID BUY ₹11.56 crore crore at ₹1,174.40 (box jump — doubling the stake with NEW capital; stop stays ₹981.87; charges ₹1.37 lakh crore)"
2024-07-12,TDPOWERSYS,RAISE STOP ₹162.59 → ₹188.72 (new box ₹198.65–₹211.75 sealed)
2024-07-15,TDPOWERSYS,"PYRAMID BUY ₹66.00 lakh crore at ₹203.90 (box jump — doubling the stake with NEW capital; stop stays ₹188.72; charges ₹7,819.93 crore)"
2024-07-19,CEATLTD,"fresh signal NOT FUNDED — cash exhausted (ACCUMULATE: 2.91× weekly, month 1.90×, ladder rising)"
2024-07-19,FIEMIND,"RAISE STOP ₹1,162.80 → ₹1,257.56 (new box ₹1,323.75–₹1,382.95 sealed)"
2024-07-19,INDIACEM,fresh signal REFUSED — falling earnings power
2024-07-19,PFIZER,fresh signal REFUSED — falling earnings power
2024-07-19,STYRENIX,"fresh signal NOT FUNDED — cash exhausted (BUY: 1.94× weekly, month 5.28×, ladder rising)"
2024-07-19,SUNTECK,"fresh signal NOT FUNDED — cash exhausted (BUY: 3.28× weekly, month 1.60×, ladder rising)"
2024-07-19,TDPOWERSYS,"SELL ₹1.22 crore crore at stop ₹188.72 (-0.7%, charges ₹12,652.56 crore) — the cash goes back to work at the next Friday screen"
2024-07-19,UNOMINDA,"SELL ₹19.29 crore crore at stop ₹981.87 (-10.2%, charges ₹2.00 lakh crore) — the cash goes back to work at the next Friday screen"
2024-07-22,FIEMIND,"PYRAMID BUY ₹9.44 crore crore at ₹1,299.00 (box jump — doubling the stake with NEW capital; stop stays ₹1,257.56; charges ₹1.12 lakh crore)"
2024-07-22,INDIAGLYCO,"BUY ₹10.04 crore crore at ₹515.00 (fresh Friday signal — BUY: 3.46× weekly, month 2.25×, ladder rising; stop ₹429.42; charges ₹1.19 lakh crore)"
2024-07-22,PGIL,"BUY ₹10.47 crore crore at ₹405.00 (fresh Friday signal — BUY: 3.81× weekly, month 8.12×, ladder rising; stop ₹335.38; charges ₹1.24 lakh crore)"
2024-07-23,FIEMIND,"SELL ₹18.25 crore crore at stop ₹1,257.56 (-3.3%, charges ₹1.89 lakh crore) — the cash goes back to work at the next Friday screen"
2024-07-23,NCC,"SELL ₹5.07 crore crore at stop ₹297.87 (-7.5%, charges ₹52,598.81 crore) — the cash goes back to work at the next Friday screen"
2024-07-26,ALIVUS,fresh signal REFUSED — falling earnings power
2024-07-26,ATUL,fresh signal REFUSED — falling earnings power
2024-07-26,BANCOINDIA,"fresh signal NOT FUNDED — cash exhausted (BUY: 4.29× weekly, month 1.70×, ladder rising)"
2024-07-26,BAYERCROP,fresh signal REFUSED — falling earnings power
2024-07-26,CASTROLIND,"fresh signal NOT FUNDED — cash exhausted (ACCUMULATE: 1.54× weekly, month 4.31×, ladder rising)"
2024-07-26,DEEPAKFERT,fresh signal REFUSED — falling earnings power
2024-07-26,HBLENGINE,"fresh signal NOT FUNDED — cash exhausted (ACCUMULATE: 1.86× weekly, month 1.74×, ladder rising)"
2024-07-26,IFCI,"fresh signal NOT FUNDED — cash exhausted (BUY: 3.27× weekly, month 1.89×, ladder rising)"
2024-07-26,INOXWIND,"fresh signal NOT FUNDED — cash exhausted (ACCUMULATE: 1.58× weekly, month 1.96×, ladder rising)"
2024-07-26,KSCL,"fresh signal NOT FUNDED — cash exhausted (BUY: 5.64× weekly, month 1.78×, ladder rising)"
2024-07-26,MMTC,fresh signal REFUSED — falling earnings power
2024-07-26,NFL,fresh signal REFUSED — falling earnings power
2024-07-26,NIACL,fresh signal REFUSED — falling earnings power
2024-07-26,OFSS,"fresh signal NOT FUNDED — cash exhausted (ACCUMULATE: 1.51× weekly, month 1.61×, ladder rising)"
2024-07-26,ORIENTCEM,"fresh signal NOT FUNDED — cash exhausted (ACCUMULATE: 1.96× weekly, month 3.66×, ladder rising)"
2024-07-26,SHARDACROP,fresh signal REFUSED — falling earnings power
2024-07-26,TIPSMUSIC,"fresh signal NOT FUNDED — cash exhausted (BUY: 1.74× weekly, month 1.80×, ladder rising)"
2024-07-26,WELSPUNLIV,"fresh signal NOT FUNDED — cash exhausted (BUY: 3.42× weekly, month 1.90×, ladder rising)"
2024-07-29,AVANTIFEED,"BUY ₹10.94 crore crore at ₹697.65 (fresh Friday signal — BUY: 9.75× weekly, month 3.97×, ladder rising; stop ₹558.65; charges ₹1.30 lakh crore)"
2024-07-29,THYROCARE,"BUY ₹10.95 crore crore at ₹261.67 (fresh Friday signal — BUY: 11.18× weekly, month 3.35×, ladder rising; stop ₹196.33; charges ₹1.30 lakh crore)"
2024-08-02,DABUR,RAISE STOP ₹552.95 → ₹587.15 (new box ₹618.05–₹662.35 sealed)
2024-08-02,NBCC,RAISE STOP ₹98.17 → ₹109.78 (new box ₹115.55–₹124.53 sealed)
2024-08-02,THYROCARE,RAISE STOP ₹196.33 → ₹243.17 (new box ₹255.97–₹270.67 sealed)
2024-08-05,DABUR,PYRAMID BUY ₹9.69 crore crore at ₹615.00 (box jump — doubling the stake with NEW capital; stop stays ₹587.15; charges ₹1.15 lakh crore)
2024-08-05,NBCC,PYRAMID BUY ₹13.87 crore crore at ₹115.87 (box jump — doubling the stake with NEW capital; stop stays ₹109.78; charges ₹1.64 lakh crore)
2024-08-05,THYROCARE,PYRAMID BUY ₹11.15 crore crore at ₹266.65 (box jump — doubling the stake with NEW capital; stop stays ₹243.17; charges ₹1.32 lakh crore)
2024-08-06,NBCC,"SELL ₹26.24 crore crore at stop ₹109.78 (-1.3%, charges ₹2.72 lakh crore) — the cash goes back to work at the next Friday screen"
2024-08-09,AFFLE,"fresh signal NOT FUNDED — cash exhausted (BUY: 2.49× weekly, month 2.24×, ladder rising)"
2024-08-09,ALIVUS,fresh signal REFUSED — falling earnings power
2024-08-09,AVANTIFEED,RAISE STOP ₹558.65 → ₹596.83 (new box ₹635.50–₹764.40 sealed)
2024-08-09,CAMPUS,RAISE STOP ₹248.05 → ₹277.07 (new box ₹291.65–₹320.40 sealed)
2024-08-09,CAMS,"fresh signal NOT FUNDED — cash exhausted (ACCUMULATE: 2.86× weekly, month 2.17×, ladder rising)"
2024-08-09,CCL,fresh signal REFUSED — falling earnings power
2024-08-09,CEMPRO,"fresh signal NOT FUNDED — cash exhausted (ACCUMULATE: 3.20× weekly, month 1.67×, ladder rising)"
2024-08-09,INDIAGLYCO,RAISE STOP ₹429.42 → ₹535.82 (new box ₹564.02–₹637.50 sealed)
2024-08-09,JSWDULUX,"fresh signal NOT FUNDED — cash exhausted (BUY: 2.58× weekly, month 1.55×, ladder rising)"
2024-08-09,KFINTECH,"fresh signal NOT FUNDED — cash exhausted (BUY: 4.42× weekly, month 2.05×, ladder rising)"
2024-08-09,NEULANDLAB,"fresh signal NOT FUNDED — cash exhausted (ACCUMULATE: 2.94× weekly, month 1.78×, ladder rising)"
2024-08-09,OIL,fresh signal REFUSED — falling earnings power
2024-08-09,ONGC,"fresh signal NOT FUNDED — cash exhausted (ACCUMULATE: 1.67× weekly, month 2.01×, ladder rising)"
2024-08-09,OPTIEMUS,"fresh signal NOT FUNDED — cash exhausted (BUY: 2.24× weekly, month 2.62×, ladder rising)"
2024-08-09,PFIZER,fresh signal REFUSED — falling earnings power
2024-08-09,PGIL,RAISE STOP ₹335.38 → ₹388.64 (new box ₹420.00–₹524.52 sealed)
2024-08-09,TIPSMUSIC,"fresh signal NOT FUNDED — cash exhausted (BUY: 2.11× weekly, month 1.84×, ladder rising)"
2024-08-12,ADANIPOWER,"SELL ₹3.86 crore crore at stop ₹126.55 (-19.2%, charges ₹40,060.28 crore) — the cash goes back to work at the next Friday screen"
2024-08-12,AVANTIFEED,PYRAMID BUY ₹11.88 crore crore at ₹758.00 (box jump — doubling the stake with NEW capital; stop stays ₹596.83; charges ₹1.41 lakh crore)
2024-08-12,CAMPUS,"PYRAMID BUY ₹8.19 crore crore at ₹291.85 (box jump — doubling the stake with NEW capital; stop stays ₹277.07; charges ₹96,988.10 crore)"
2024-08-12,CERA,"BUY ₹18.48 crore crore at ₹10,499.95 (fresh Friday signal — BUY: 4.91× weekly, month 2.08×, ladder rising; stop ₹8,198.93; charges ₹2.19 lakh crore)"
2024-08-12,INDIAGLYCO,PYRAMID BUY ₹11.70 crore crore at ₹600.55 (box jump — doubling the stake with NEW capital; stop stays ₹535.82; charges ₹1.39 lakh crore)
2024-08-12,PCBL,signal SKIPPED — cash below half a slice
2024-08-12,PGIL,PYRAMID BUY ₹12.40 crore crore at ₹480.18 (box jump — doubling the stake with NEW capital; stop stays ₹388.64; charges ₹1.47 lakh crore)
2024-08-16,ALIVUS,fresh signal REFUSED — falling earnings power
2024-08-16,CAMPUS,"SELL ₹15.52 crore crore at stop ₹277.07 (-4.4%, charges ₹1.61 lakh crore) — the cash goes back to work at the next Friday screen"
2024-08-16,EPL,fresh signal REFUSED — falling earnings power
2024-08-16,FSL,"fresh signal NOT FUNDED — cash exhausted (BUY: 1.86× weekly, month 3.82×, ladder rising)"
2024-08-16,GRAVITA,"fresh signal NOT FUNDED — cash exhausted (BUY: 2.08× weekly, month 2.41×, ladder rising)"
2024-08-16,INOXWIND,"fresh signal NOT FUNDED — cash exhausted (BUY: 3.38× weekly, month 2.37×, ladder rising)"
2024-08-16,SUZLON,fresh signal REFUSED — falling earnings power
2024-08-19,SUPRIYA,"BUY ₹18.47 crore crore at ₹528.00 (fresh Friday signal — BUY: 6.86× weekly, month 2.15×, ladder rising; stop ₹361.00; charges ₹2.19 lakh crore)"
2024-08-19,VGUARD,"BUY ₹10.09 crore crore at ₹524.15 (fresh Friday signal — ACCUMULATE: 3.48× weekly, month 1.72×, ladder rising; stop ₹420.24; charges ₹1.20 lakh crore)"
2024-08-23,AVANTIFEED,RAISE STOP ₹596.83 → ₹650.13 (new box ₹684.35–₹793.00 sealed)
2024-08-23,INDIAGLYCO,RAISE STOP ₹535.82 → ₹587.91 (new box ₹618.85–₹672.40 sealed)
2024-08-23,SUPRIYA,RAISE STOP ₹361.00 → ₹470.87 (new box ₹495.65–₹539.85 sealed)
2024-08-26,AVANTIFEED,PYRAMID BUY ₹21.76 crore crore at ₹695.00 (box jump — doubling the stake with NEW capital; stop stays ₹650.13; charges ₹2.58 lakh crore)
2024-08-26,INDIAGLYCO,PYRAMID BUY ₹24.78 crore crore at ₹636.50 (box jump — doubling the stake with NEW capital; stop stays ₹587.91; charges ₹2.94 lakh crore)
2024-08-26,SUPRIYA,PYRAMID BUY ₹19.50 crore crore at ₹558.30 (box jump — doubling the stake with NEW capital; stop stays ₹470.87; charges ₹2.31 lakh crore)
2024-09-06,INDIGO,"RAISE STOP ₹3,976.70 → ₹4,485.14 (new box ₹4,721.20–₹4,943.80 sealed)"
2024-09-06,SUPRIYA,RAISE STOP ₹470.87 → ₹498.75 (new box ₹525.00–₹576.00 sealed)
2024-09-06,THYROCARE,RAISE STOP ₹243.17 → ₹265.38 (new box ₹279.35–₹310.45 sealed)
2024-09-09,AVANTIFEED,"SELL ₹40.65 crore crore at stop ₹650.13 (-8.6%, charges ₹4.22 lakh crore) — the cash goes back to work at the next Friday screen"
2024-09-09,INDIGO,"PYRAMID BUY ₹25.07 crore crore at ₹4,780.00 (box jump — doubling the stake with NEW capital; stop stays ₹4,485.14; charges ₹2.97 lakh crore)"
2024-09-09,SUPRIYA,PYRAMID BUY ₹41.90 crore crore at ₹600.00 (box jump — doubling the stake with NEW capital; stop stays ₹498.75; charges ₹4.96 lakh crore)
2024-09-09,THYROCARE,PYRAMID BUY ₹23.55 crore crore at ₹281.75 (box jump — doubling the stake with NEW capital; stop stays ₹265.38; charges ₹2.79 lakh crore)
2024-09-13,ABREL,fresh signal REFUSED — falling earnings power
2024-09-13,AETHER,fresh signal REFUSED — falling earnings power
2024-09-13,ALIVUS,fresh signal REFUSED — falling earnings power
2024-09-13,BECTORFOOD,"fresh signal NOT FUNDED — cash exhausted (BUY: 3.09× weekly, month 2.07×, ladder rising)"
2024-09-13,DABUR,RAISE STOP ₹587.15 → ₹602.49 (new box ₹634.20–₹655.40 sealed)
2024-09-13,EPL,fresh signal REFUSED — falling earnings power
2024-09-13,GOKULAGRO,"fresh signal NOT FUNDED — cash exhausted (BUY: 4.01× weekly, month 4.34×, ladder rising)"
2024-09-13,GREAVESCOT,fresh signal REFUSED — falling earnings power
2024-09-13,HCG,"fresh signal NOT FUNDED — cash exhausted (BUY: 2.00× weekly, month 2.46×, ladder rising)"
2024-09-13,JMFINANCIL,fresh signal REFUSED — falling earnings power
2024-09-13,JUBLPHARMA,"fresh signal NOT FUNDED — cash exhausted (BUY: 6.03× weekly, month 2.23×, ladder rising)"
2024-09-13,KALYANKJIL,"fresh signal NOT FUNDED — cash exhausted (BUY: 2.49× weekly, month 3.32×, ladder rising)"
2024-09-13,KAYNES,"fresh signal NOT FUNDED — cash exhausted (ACCUMULATE: 4.10× weekly, month 2.87×, ladder rising)"
2024-09-13,NAZARA,fresh signal REFUSED — falling earnings power
2024-09-13,PAYTM,"fresh signal NOT FUNDED — cash exhausted (BUY: 2.69× weekly, month 2.65×, ladder rising)"
2024-09-13,PCJEWELLER,fresh signal REFUSED — falling earnings power
2024-09-13,PGIL,RAISE STOP ₹388.64 → ₹434.53 (new box ₹460.60–₹547.50 sealed)
2024-09-13,PNBHOUSING,"fresh signal NOT FUNDED — cash exhausted (BUY: 1.75× weekly, month 4.25×, ladder rising)"
2024-09-13,PPLPHARMA,"fresh signal NOT FUNDED — cash exhausted (BUY: 3.04× weekly, month 2.11×, ladder rising)"
2024-09-13,SUMICHEM,fresh signal REFUSED — falling earnings power
2024-09-16,DABUR,PYRAMID BUY ₹20.79 crore crore at ₹660.00 (box jump — doubling the stake with NEW capital; stop stays ₹602.49; charges ₹2.46 lakh crore)
2024-09-16,PGIL,PYRAMID BUY ₹25.16 crore crore at ₹487.50 (box jump — doubling the stake with NEW capital; stop stays ₹434.53; charges ₹2.98 lakh crore)
2024-09-16,PRSMJOHNSN,"BUY ₹39.31 crore crore at ₹214.51 (fresh Friday signal — BUY: 34.86× weekly, month 11.66×, ladder rising; stop ₹154.99; charges ₹4.66 lakh crore)"
2024-09-19,CERA,"SELL ₹14.40 crore crore at stop ₹8,198.93 (-21.9%, charges ₹1.49 lakh crore) — the cash goes back to work at the next Friday screen"
2024-09-23,PGIL,"SELL ₹44.78 crore crore at stop ₹434.53 (-6.6%, charges ₹4.65 lakh crore) — the cash goes back to work at the next Friday screen"
2024-09-27,AVALON,fresh signal REFUSED — falling earnings power
2024-09-27,DIVISLAB,fresh signal REFUSED — falling earnings power
2024-09-27,HEG,fresh signal REFUSED — falling earnings power
2024-09-27,JMFINANCIL,fresh signal REFUSED — falling earnings power
2024-09-27,OPTIEMUS,"fresh signal NOT FUNDED — cash exhausted (BUY: 1.55× weekly, month 1.58×, ladder rising)"
2024-09-27,PRSMJOHNSN,RAISE STOP ₹154.99 → ₹168.72 (new box ₹186.55–₹246.00 sealed)
2024-09-27,RAINBOW,"fresh signal NOT FUNDED — cash exhausted (BUY: 4.38× weekly, month 2.04×, ladder rising)"
2024-09-27,SAPPHIRE,fresh signal REFUSED — falling earnings power
2024-09-30,NEWGEN,signal SKIPPED — cash below half a slice
2024-09-30,PRSMJOHNSN,PYRAMID BUY ₹38.25 crore crore at ₹209.00 (box jump — doubling the stake with NEW capital; stop stays ₹168.72; charges ₹4.53 lakh crore)
2024-09-30,VIYASH,"BUY ₹40.52 crore crore at ₹216.00 (fresh Friday signal — BUY: 5.97× weekly, month 2.57×, ladder rising; stop ₹161.73; charges ₹4.80 lakh crore)"
2024-10-03,DABUR,"SELL ₹37.89 crore crore at stop ₹602.49 (-5.2%, charges ₹3.93 lakh crore) — the cash goes back to work at the next Friday screen"
2024-10-04,BLUEDART,fresh signal REFUSED — falling earnings power
2024-10-04,HCG,"fresh signal NOT FUNDED — cash exhausted (BUY: 1.73× weekly, month 2.01×, ladder rising)"
2024-10-04,JMFINANCIL,fresh signal REFUSED — falling earnings power
2024-10-04,VGUARD,"SELL ₹8.07 crore crore at stop ₹420.24 (-19.8%, charges ₹83,735.10 crore) — the cash goes back to work at the next Friday screen"
2024-10-07,BSE,"BUY ₹27.35 crore crore at ₹1,396.67 (fresh Friday signal — ACCUMULATE: 2.88× weekly, month 3.26×, ladder rising; stop ₹1,131.31; charges ₹3.24 lakh crore)"
2024-10-07,CEMPRO,"BUY ₹38.62 crore crore at ₹655.05 (fresh Friday signal — BUY: 3.08× weekly, month 2.56×, ladder rising; stop ₹402.23; charges ₹4.58 lakh crore)"
2024-10-07,INDIGO,"SELL ₹46.98 crore crore at stop ₹4,485.14 (+0.3%, charges ₹4.87 lakh crore) — the cash goes back to work at the next Friday screen"
2024-10-07,THYROCARE,"SELL ₹44.28 crore crore at stop ₹265.38 (-2.8%, charges ₹4.59 lakh crore) — the cash goes back to work at the next Friday screen"
2024-10-11,ANUP,fresh signal REFUSED — falling earnings power
2024-10-11,DIVISLAB,fresh signal REFUSED — falling earnings power
2024-10-11,JMFINANCIL,fresh signal REFUSED — falling earnings power
2024-10-11,SUPRIYA,RAISE STOP ₹498.75 → ₹500.65 (new box ₹527.00–₹608.45 sealed)
2024-10-11,VIYASH,RAISE STOP ₹161.73 → ₹172.84 (new box ₹188.50–₹240.70 sealed)
2024-10-14,PAYTM,"BUY ₹39.95 crore crore at ₹729.60 (fresh Friday signal — BUY: 1.93× weekly, month 2.08×, ladder rising; stop ₹617.60; charges ₹4.73 lakh crore)"
2024-10-14,SKIPPER,"BUY ₹51.31 crore crore at ₹553.00 (fresh Friday signal — BUY: 2.85× weekly, month 1.80×, ladder rising; stop ₹418.00; charges ₹6.08 lakh crore)"
2024-10-14,SUPRIYA,PYRAMID BUY ₹79.84 crore crore at ₹572.00 (box jump — doubling the stake with NEW capital; stop stays ₹500.65; charges ₹9.46 lakh crore)
2024-10-14,VIYASH,PYRAMID BUY ₹35.88 crore crore at ₹191.50 (box jump — doubling the stake with NEW capital; stop stays ₹172.84; charges ₹4.25 lakh crore)
2024-10-23,VIYASH,"SELL ₹64.66 crore crore at stop ₹172.84 (-15.2%, charges ₹6.71 lakh crore) — the cash goes back to work at the next Friday screen"
2024-10-25,INDIAGLYCO,"SELL ₹45.69 crore crore at stop ₹587.91 (-1.5%, charges ₹4.74 lakh crore) — the cash goes back to work at the next Friday screen"
2024-10-25,PAYTM,RAISE STOP ₹617.60 → ₹636.31 (new box ₹669.80–₹772.85 sealed)
2024-10-25,PRSMJOHNSN,RAISE STOP ₹168.72 → ₹170.55 (new box ₹179.53–₹204.49 sealed)
2024-10-28,PAYTM,PYRAMID BUY ₹40.89 crore crore at ₹747.70 (box jump — doubling the stake with NEW capital; stop stays ₹636.31; charges ₹4.84 lakh crore)
2024-10-28,PRSMJOHNSN,PYRAMID BUY ₹69.88 crore crore at ₹191.00 (box jump — doubling the stake with NEW capital; stop stays ₹170.55; charges ₹8.28 lakh crore)
2024-11-01,ANUP,fresh signal REFUSED — falling earnings power
2024-11-01,BSE,"RAISE STOP ₹1,131.31 → ₹1,231.60 (new box ₹1,331.22–₹1,663.27 sealed)"
2024-11-01,CEMPRO,RAISE STOP ₹402.23 → ₹430.14 (new box ₹491.10–₹694.30 sealed)
2024-11-01,SKIPPER,RAISE STOP ₹418.00 → ₹448.15 (new box ₹487.55–₹618.90 sealed)
2024-11-04,BSE,"PYRAMID BUY ₹28.98 crore crore at ₹1,481.33 (box jump — doubling the stake with NEW capital; stop stays ₹1,231.60; charges ₹6.84 lakh crore)"
2024-11-04,CEMPRO,PYRAMID BUY ₹32.22 crore crore at ₹547.15 (box jump — doubling the stake with NEW capital; stop stays ₹430.14; charges ₹7.61 lakh crore)
2024-11-04,JSWDULUX,"BUY ₹72.93 crore crore at ₹4,518.00 (fresh Friday signal — ACCUMULATE: 4.97× weekly, month 2.52×, ladder rising; stop ₹3,311.30; charges ₹17.22 lakh crore)"
2024-11-04,KIRLPNU,"BUY ₹37.43 crore crore at ₹849.00 (fresh Friday signal — BUY: 4.25× weekly, month 1.99×, ladder rising; stop ₹594.25; charges ₹8.84 lakh crore)"
2024-11-04,SKIPPER,PYRAMID BUY ₹50.62 crore crore at ₹546.15 (box jump — doubling the stake with NEW capital; stop stays ₹448.15; charges ₹11.95 lakh crore)
2024-11-08,KIRLPNU,RAISE STOP ₹594.25 → ₹752.42 (new box ₹792.02–₹867.42 sealed)
2024-11-11,KIRLPNU,PYRAMID BUY ₹37.16 crore crore at ₹845.00 (box jump — doubling the stake with NEW capital; stop stays ₹752.42; charges ₹8.77 lakh crore)
2024-11-22,PAYTM,RAISE STOP ₹636.31 → ₹712.50 (new box ₹750.00–₹855.10 sealed)
2024-11-22,SUPRIYA,RAISE STOP ₹500.65 → ₹574.32 (new box ₹604.55–₹689.85 sealed)
2024-11-25,PAYTM,PYRAMID BUY ₹99.89 crore crore at ₹913.80 (box jump — doubling the stake with NEW capital; stop stays ₹712.50; charges ₹23.58 lakh crore)
2024-11-25,SUPRIYA,PYRAMID BUY ₹225.70 crore crore at ₹809.00 (box jump — doubling the stake with NEW capital; stop stays ₹574.32; charges ₹53.28 lakh crore)
2024-12-06,JSWDULUX,"RAISE STOP ₹3,311.30 → ₹3,423.18 (new box ₹3,603.35–₹3,800.00 sealed)"
2024-12-06,PAYTM,RAISE STOP ₹712.50 → ₹838.09 (new box ₹882.20–₹952.00 sealed)
2024-12-06,SUPRIYA,RAISE STOP ₹574.32 → ₹717.25 (new box ₹755.00–₹833.40 sealed)
2024-12-09,JSWDULUX,"PYRAMID BUY ₹59.89 crore crore at ₹3,718.70 (box jump — doubling the stake with NEW capital; stop stays ₹3,423.18; charges ₹14.14 lakh crore)"
2024-12-09,PAYTM,PYRAMID BUY ₹217.81 crore crore at ₹997.45 (box jump — doubling the stake with NEW capital; stop stays ₹838.09; charges ₹51.42 lakh crore)
2024-12-09,SUPRIYA,PYRAMID BUY ₹434.70 crore crore at ₹780.00 (box jump — doubling the stake with NEW capital; stop stays ₹717.25; charges ₹1.03 crore crore)
2024-12-13,CEMPRO,RAISE STOP ₹430.14 → ₹477.71 (new box ₹502.85–₹529.05 sealed)
2024-12-13,KIRLPNU,RAISE STOP ₹752.42 → ₹798.00 (new box ₹840.00–₹908.50 sealed)
2024-12-16,CEMPRO,PYRAMID BUY ₹60.57 crore crore at ₹514.85 (box jump — doubling the stake with NEW capital; stop stays ₹477.71; charges ₹14.30 lakh crore)
2024-12-16,KIRLPNU,PYRAMID BUY ₹74.41 crore crore at ₹846.95 (box jump — doubling the stake with NEW capital; stop stays ₹798.00; charges ₹17.57 lakh crore)
2024-12-17,SUPRIYA,"SELL ₹796.74 crore crore at stop ₹717.25 (-2.4%, charges ₹1.77 crore crore) — the cash goes back to work at the next Friday screen"
2024-12-20,BORORENEW,fresh signal REFUSED — falling earnings power
2024-12-20,KPRMILL,fresh signal REFUSED — falling earnings power
2024-12-20,PAYTM,"RAISE STOP ₹838.09 → ₹887.49 (new box ₹934.20–₹1,007.00 sealed)"
2024-12-23,KAYNES,"BUY ₹231.79 crore crore at ₹7,358.80 (fresh Friday signal — BUY: 3.40× weekly, month 2.00×, ladder rising; stop ₹5,824.55; charges ₹54.72 lakh crore)"
2024-12-23,KIRLPNU,"SELL ₹139.75 crore crore at stop ₹798.00 (-5.8%, charges ₹31.04 lakh crore) — the cash goes back to work at the next Friday screen"
2024-12-23,PAYTM,PYRAMID BUY ₹418.69 crore crore at ₹959.80 (box jump — doubling the stake with NEW capital; stop stays ₹887.49; charges ₹98.84 lakh crore)
2024-12-23,ZENTEC,"BUY ₹231.64 crore crore at ₹2,555.00 (fresh Friday signal — BUY: 3.53× weekly, month 2.25×, ladder rising; stop ₹1,537.95; charges ₹54.68 lakh crore)"
2024-12-26,PRSMJOHNSN,"SELL ₹124.44 crore crore at stop ₹170.55 (-15.3%, charges ₹27.64 lakh crore) — the cash goes back to work at the next Friday screen"
2024-12-27,JSWDULUX,"SELL ₹109.88 crore crore at stop ₹3,423.18 (-16.9%, charges ₹24.41 lakh crore) — the cash goes back to work at the next Friday screen"
2024-12-27,KAYNES,"RAISE STOP ₹5,824.55 → ₹6,670.80 (new box ₹7,021.90–₹7,780.00 sealed)"
2024-12-27,PAYTM,"RAISE STOP ₹887.49 → ₹893.05 (new box ₹940.05–₹1,062.95 sealed)"
2024-12-27,SHAREINDIA,fresh signal REFUSED — falling earnings power
2024-12-27,TRIVENI,fresh signal REFUSED — falling earnings power
2024-12-30,KAYNES,"PYRAMID BUY ₹222.73 crore crore at ₹7,088.00 (box jump — doubling the stake with NEW capital; stop stays ₹6,670.80; charges ₹52.58 lakh crore)"
2024-12-30,KFINTECH,"BUY ₹344.92 crore crore at ₹1,511.45 (fresh Friday signal — BUY: 2.78× weekly, month 2.22×, ladder rising; stop ₹1,159.14; charges ₹81.42 lakh crore)"
2024-12-30,PAYTM,"PYRAMID BUY ₹886.24 crore crore at ₹1,017.00 (box jump — doubling the stake with NEW capital; stop stays ₹893.05; charges ₹2.09 crore crore)"
2025-01-03,BSE,"RAISE STOP ₹1,231.60 → ₹1,651.54 (new box ₹1,738.47–₹1,945.98 sealed)"
2025-01-03,GHCL,fresh signal REFUSED — falling earnings power
2025-01-03,JSLL,"fresh signal NOT FUNDED — cash exhausted (ACCUMULATE: 2.32× weekly, month 1.93×, ladder rising)"
2025-01-03,QUESS,fresh signal REFUSED — falling earnings power
2025-01-03,SFL,fresh signal REFUSED — falling earnings power
2025-01-03,SKIPPER,RAISE STOP ₹448.15 → ₹477.28 (new box ₹520.60–₹665.00 sealed)
2025-01-03,ZENTEC,"RAISE STOP ₹1,537.95 → ₹2,213.55 (new box ₹2,330.05–₹2,627.00 sealed)"
2025-01-06,BSE,"PYRAMID BUY ₹69.69 crore crore at ₹1,783.33 (box jump — doubling the stake with NEW capital; stop stays ₹1,651.54; charges ₹16.45 lakh crore)"
2025-01-06,LLOYDSME,"BUY ₹362.45 crore crore at ₹1,439.00 (fresh Friday signal — BUY: 2.97× weekly, month 1.94×, ladder rising; stop ₹1,064.09; charges ₹85.56 lakh crore)"
2025-01-06,SKIPPER,PYRAMID BUY ₹103.14 crore crore at ₹557.10 (box jump — doubling the stake with NEW capital; stop stays ₹477.28; charges ₹24.35 lakh crore)
2025-01-06,ZENTEC,"PYRAMID BUY ₹229.15 crore crore at ₹2,533.45 (box jump — doubling the stake with NEW capital; stop stays ₹2,213.55; charges ₹54.09 lakh crore)"
2025-01-09,PAYTM,"SELL ₹1,551.17 crore crore at stop ₹893.05 (-8.5%, charges ₹3.45 crore crore) — the cash goes back to work at the next Friday screen"
2025-01-10,KAYNES,"SELL ₹417.82 crore crore at stop ₹6,670.80 (-7.7%, charges ₹92.80 lakh crore) — the cash goes back to work at the next Friday screen"
2025-01-10,LLOYDSME,"RAISE STOP ₹1,064.09 → ₹1,258.75 (new box ₹1,325.00–₹1,460.00 sealed)"
2025-01-10,SKIPPER,"SELL ₹176.12 crore crore at stop ₹477.28 (-13.7%, charges ₹39.12 lakh crore) — the cash goes back to work at the next Friday screen"
2025-01-13,AEGISLOG,"BUY ₹378.29 crore crore at ₹834.65 (fresh Friday signal — BUY: 27.32× weekly, month 4.81×, ladder rising; stop ₹697.76; charges ₹89.30 lakh crore)"
2025-01-13,LLOYDSME,"PYRAMID BUY ₹362.33 crore crore at ₹1,441.90 (box jump — doubling the stake with NEW capital; stop stays ₹1,258.75; charges ₹85.53 lakh crore)"
2025-01-13,ZENTEC,"SELL ₹399.07 crore crore at stop ₹2,213.55 (-13.0%, charges ₹88.64 lakh crore) — the cash goes back to work at the next Friday screen"
2025-01-15,KFINTECH,"SELL ₹263.31 crore crore at stop ₹1,159.14 (-23.3%, charges ₹58.49 lakh crore) — the cash goes back to work at the next Friday screen"
2025-01-17,AEGISLOG,"RAISE STOP ₹697.76 → ₹700.36 (new box ₹778.05–₹1,037.00 sealed)"
2025-01-17,DEVYANI,fresh signal REFUSED — falling earnings power
2025-01-20,AEGISLOG,PYRAMID BUY ₹363.36 crore crore at ₹803.60 (box jump — doubling the stake with NEW capital; stop stays ₹700.36; charges ₹85.78 lakh crore)
2025-01-20,APOLLO,"BUY ₹412.57 crore crore at ₹131.50 (fresh Friday signal — ACCUMULATE: 1.93× weekly, month 5.79×, ladder rising; stop ₹110.19; charges ₹97.39 lakh crore)"
2025-01-24,AEGISLOG,"SELL ₹631.21 crore crore at stop ₹700.36 (-14.5%, charges ₹1.40 crore crore) — the cash goes back to work at the next Friday screen"
2025-01-24,PARADEEP,fresh signal REFUSED — falling earnings power
2025-01-27,CREDITACC,"BUY ₹394.54 crore crore at ₹850.00 (fresh Friday signal — ACCUMULATE: 3.44× weekly, month 9.52×, ladder rising; stop ₹825.52; charges ₹93.14 lakh crore)"
2025-01-28,LLOYDSME,"SELL ₹630.46 crore crore at stop ₹1,258.75 (-12.6%, charges ₹1.40 crore crore) — the cash goes back to work at the next Friday screen"
2025-02-01,BLUEJET,fresh signal REFUSED — falling earnings power
2025-02-01,SRF,fresh signal REFUSED — falling earnings power
2025-02-03,ZENSARTECH,"BUY ₹400.25 crore crore at ₹947.00 (fresh Friday signal — BUY: 4.92× weekly, month 3.02×, ladder rising; stop ₹727.84; charges ₹94.48 lakh crore)"
2025-02-07,BLUEJET,fresh signal REFUSED — falling earnings power
2025-02-07,ZENSARTECH,RAISE STOP ₹727.84 → ₹814.20 (new box ₹857.05–₹984.95 sealed)
2025-02-10,ZENSARTECH,PYRAMID BUY ₹387.94 crore crore at ₹920.05 (box jump — doubling the stake with NEW capital; stop stays ₹814.20; charges ₹91.58 lakh crore)
2025-02-14,SBICARD,fresh signal REFUSED — falling earnings power
2025-02-17,APOLLO,"SELL ₹344.13 crore crore at stop ₹110.19 (-16.2%, charges ₹76.44 lakh crore) — the cash goes back to work at the next Friday screen"
2025-02-17,ZENSARTECH,"SELL ₹684.28 crore crore at stop ₹814.20 (-12.8%, charges ₹1.52 crore crore) — the cash goes back to work at the next Friday screen"
2025-02-21,GLAXO,fresh signal REFUSED — falling earnings power
2025-02-21,REDINGTON,fresh signal REFUSED — falling earnings power
2025-02-28,BSE,"SELL ₹128.63 crore crore at stop ₹1,651.54 (+2.5%, charges ₹28.57 lakh crore) — the cash goes back to work at the next Friday screen"
2025-03-03,NH,"BUY ₹417.95 crore crore at ₹1,450.00 (fresh Friday signal — BUY: 4.67× weekly, month 1.70×, ladder rising; stop ₹1,235.90; charges ₹98.66 lakh crore)"
2025-03-07,CREDITACC,"RAISE STOP ₹825.52 → ₹837.38 (new box ₹882.15–₹1,031.40 sealed)"
2025-03-10,CREDITACC,PYRAMID BUY ₹448.59 crore crore at ₹968.75 (box jump — doubling the stake with NEW capital; stop stays ₹837.38; charges ₹1.06 crore crore)
2025-03-13,NH,"RAISE STOP ₹1,235.90 → ₹1,436.97 (new box ₹1,512.60–₹1,692.50 sealed)"
2025-03-17,NH,"PYRAMID BUY ₹437.38 crore crore at ₹1,521.00 (box jump — doubling the stake with NEW capital; stop stays ₹1,436.97; charges ₹1.03 crore crore)"
2025-03-21,SARDAEN,fresh signal REFUSED — falling earnings power
2025-03-24,INDIASHLTR,"BUY ₹523.43 crore crore at ₹794.95 (fresh Friday signal — BUY: 4.59× weekly, month 1.56×, ladder rising; stop ₹692.55; charges ₹1.24 crore crore)"
2025-03-28,INDIASHLTR,RAISE STOP ₹692.55 → ₹738.82 (new box ₹777.70–₹830.00 sealed)
2025-04-01,INDIASHLTR,PYRAMID BUY ₹545.09 crore crore at ₹829.80 (box jump — doubling the stake with NEW capital; stop stays ₹738.82; charges ₹1.29 crore crore)
2025-04-01,TAX,"FY2025 settled: ₹0.00 paid (STCG ₹0.00 @20%, LTCG ₹0.00 @12.5%; losses carried forward ST ₹820.19 crore crore / LT ₹0.00)"
2025-04-04,CEMPRO,RAISE STOP ₹477.71 → ₹524.92 (new box ₹552.55–₹563.95 sealed)
2025-04-04,KSCL,fresh signal REFUSED — falling earnings power
2025-04-07,CEMPRO,PYRAMID BUY ₹129.26 crore crore at ₹550.00 (box jump — doubling the stake with NEW capital; stop stays ₹524.92; charges ₹30.51 lakh crore)
2025-04-07,INDIASHLTR,"SELL ₹967.36 crore crore at stop ₹738.82 (-9.1%, charges ₹2.15 crore crore) — the cash goes back to work at the next Friday screen"
2025-04-11,CEMPRO,"SELL ₹245.89 crore crore at stop ₹524.92 (-5.3%, charges ₹54.62 lakh crore) — the cash goes back to work at the next Friday screen"
2025-04-15,AVANTIFEED,"BUY ₹589.31 crore crore at ₹818.00 (fresh Friday signal — ACCUMULATE: 1.61× weekly, month 1.63×, ladder rising; stop ₹492.75; charges ₹1.39 crore crore)"
2025-04-15,INDIASHLTR,"BUY ₹588.23 crore crore at ₹865.00 (fresh Friday signal — BUY: 1.66× weekly, month 2.04×, ladder rising; stop ₹738.82; charges ₹1.39 crore crore)"
2025-04-17,IDFCFIRSTB,fresh signal REFUSED — falling earnings power
2025-04-17,KSCL,fresh signal REFUSED — falling earnings power
2025-04-21,GALLANTT,"BUY ₹606.84 crore crore at ₹474.75 (fresh Friday signal — BUY: 3.71× weekly, month 3.71×, ladder rising; stop ₹328.99; charges ₹1.43 crore crore)"
2025-04-25,CSBBANK,fresh signal REFUSED — falling earnings power
2025-04-25,IDFCFIRSTB,fresh signal REFUSED — falling earnings power
2025-04-25,RBLBANK,fresh signal REFUSED — falling earnings power
2025-04-25,UJJIVANSFB,fresh signal REFUSED — falling earnings power
2025-04-28,FORCEMOT,"BUY ₹600.30 crore crore at ₹9,275.00 (fresh Friday signal — ACCUMULATE: 1.94× weekly, month 1.70×, ladder rising; stop ₹7,633.31; charges ₹1.42 crore crore)"
2025-04-28,SMLMAH,"BUY ₹598.47 crore crore at ₹1,680.00 (fresh Friday signal — BUY: 1.70× weekly, month 3.85×, ladder rising; stop ₹1,419.23; charges ₹1.41 crore crore)"
2025-04-28,WHIRLPOOL,"BUY ₹598.07 crore crore at ₹1,153.90 (fresh Friday signal — BUY: 2.17× weekly, month 1.78×, ladder rising; stop ₹1,017.54; charges ₹1.41 crore crore)"
2025-05-02,RBLBANK,fresh signal REFUSED — falling earnings power
2025-05-05,PARAS,"BUY ₹331.21 crore crore at ₹686.10 (fresh Friday signal — BUY: 25.11× weekly, month 4.49×, ladder rising; stop ₹486.64; charges ₹78.19 lakh crore)"
2025-05-09,CREDITACC,"RAISE STOP ₹837.38 → ₹1,019.35 (new box ₹1,073.00–₹1,179.20 sealed)"
2025-05-09,INDIASHLTR,RAISE STOP ₹738.82 → ₹804.65 (new box ₹847.00–₹915.00 sealed)
2025-05-09,NH,"RAISE STOP ₹1,436.97 → ₹1,641.69 (new box ₹1,728.10–₹1,871.60 sealed)"
2025-05-09,PARAS,RAISE STOP ₹486.64 → ₹617.98 (new box ₹650.50–₹734.48 sealed)
2025-05-12,CREDITACC,"PYRAMID BUY ₹1,062.50 crore crore at ₹1,148.60 (box jump — doubling the stake with NEW capital; stop stays ₹1,019.35; charges ₹2.51 crore crore)"
2025-05-12,INDIASHLTR,PYRAMID BUY ₹629.38 crore crore at ₹927.70 (box jump — doubling the stake with NEW capital; stop stays ₹804.65; charges ₹1.49 crore crore)
2025-05-12,NH,"PYRAMID BUY ₹1,050.65 crore crore at ₹1,829.00 (box jump — doubling the stake with NEW capital; stop stays ₹1,641.69; charges ₹2.48 crore crore)"
2025-05-12,PARAS,PYRAMID BUY ₹361.20 crore crore at ₹750.00 (box jump — doubling the stake with NEW capital; stop stays ₹617.98; charges ₹85.27 lakh crore)
2025-05-16,FORCEMOT,"RAISE STOP ₹7,633.31 → ₹8,910.52 (new box ₹9,379.50–₹10,598.50 sealed)"
2025-05-16,GALLANTT,RAISE STOP ₹328.99 → ₹371.68 (new box ₹400.00–₹494.40 sealed)
2025-05-16,WHIRLPOOL,"RAISE STOP ₹1,017.54 → ₹1,111.50 (new box ₹1,170.00–₹1,330.00 sealed)"
2025-05-19,FORCEMOT,"PYRAMID BUY ₹707.33 crore crore at ₹10,954.50 (box jump — doubling the stake with NEW capital; stop stays ₹8,910.52; charges ₹1.67 crore crore)"
2025-05-19,GALLANTT,PYRAMID BUY ₹608.28 crore crore at ₹477.00 (box jump — doubling the stake with NEW capital; stop stays ₹371.68; charges ₹1.44 crore crore)
2025-05-19,WHIRLPOOL,"PYRAMID BUY ₹677.89 crore crore at ₹1,311.00 (box jump — doubling the stake with NEW capital; stop stays ₹1,111.50; charges ₹1.60 crore crore)"
2025-05-30,CREDITACC,"RAISE STOP ₹1,019.35 → ₹1,029.71 (new box ₹1,083.90–₹1,225.60 sealed)"
2025-05-30,FORCEMOT,"RAISE STOP ₹8,910.52 → ₹9,650.58 (new box ₹10,158.50–₹11,259.50 sealed)"
2025-05-30,PARAS,RAISE STOP ₹617.98 → ₹708.99 (new box ₹769.80–₹972.50 sealed)
2025-06-02,CREDITACC,"PYRAMID BUY ₹2,106.59 crore crore at ₹1,140.00 (box jump — doubling the stake with NEW capital; stop stays ₹1,029.71; charges ₹4.97 crore crore)"
2025-06-02,FORCEMOT,"PYRAMID BUY ₹1,643.55 crore crore at ₹12,742.00 (box jump — doubling the stake with NEW capital; stop stays ₹9,650.58; charges ₹3.88 crore crore)"
2025-06-02,PARAS,PYRAMID BUY ₹770.13 crore crore at ₹800.50 (box jump — doubling the stake with NEW capital; stop stays ₹708.99; charges ₹1.82 crore crore)
2025-06-20,FORCEMOT,"RAISE STOP ₹9,650.58 → ₹11,433.25 (new box ₹12,035.00–₹12,893.00 sealed)"
2025-06-20,WHIRLPOOL,"RAISE STOP ₹1,111.50 → ₹1,233.96 (new box ₹1,298.90–₹1,397.00 sealed)"
2025-06-23,FORCEMOT,"PYRAMID BUY ₹3,653.49 crore crore at ₹14,179.00 (box jump — doubling the stake with NEW capital; stop stays ₹11,433.25; charges ₹8.62 crore crore)"
2025-06-23,WHIRLPOOL,"PYRAMID BUY ₹1,374.83 crore crore at ₹1,331.00 (box jump — doubling the stake with NEW capital; stop stays ₹1,233.96; charges ₹3.25 crore crore)"
2025-06-27,FORCEMOT,"RAISE STOP ₹11,433.25 → ₹12,858.25 (new box ₹13,535.00–₹14,494.00 sealed)"
2025-06-27,NH,"RAISE STOP ₹1,641.69 → ₹1,763.87 (new box ₹1,856.70–₹1,957.00 sealed)"
2025-06-30,FORCEMOT,"PYRAMID BUY ₹7,520.20 crore crore at ₹14,610.00 (box jump — doubling the stake with NEW capital; stop stays ₹12,858.25; charges ₹17.75 crore crore)"
2025-06-30,NH,"PYRAMID BUY ₹2,553.23 crore crore at ₹2,225.00 (box jump — doubling the stake with NEW capital; stop stays ₹1,763.87; charges ₹6.03 crore crore)"
2025-07-04,GALLANTT,RAISE STOP ₹371.68 → ₹494.33 (new box ₹520.35–₹568.65 sealed)
2025-07-04,WHIRLPOOL,"RAISE STOP ₹1,233.96 → ₹1,301.97 (new box ₹1,370.50–₹1,455.40 sealed)"
2025-07-07,GALLANTT,"PYRAMID BUY ₹1,406.18 crore crore at ₹552.00 (box jump — doubling the stake with NEW capital; stop stays ₹494.33; charges ₹3.32 crore crore)"
2025-07-07,WHIRLPOOL,"PYRAMID BUY ₹2,841.33 crore crore at ₹1,377.00 (box jump — doubling the stake with NEW capital; stop stays ₹1,301.97; charges ₹6.71 crore crore)"
2025-07-11,CREDITACC,"RAISE STOP ₹1,029.71 → ₹1,193.20 (new box ₹1,256.00–₹1,354.80 sealed)"
2025-07-11,FORCEMOT,"RAISE STOP ₹12,858.25 → ₹13,468.15 (new box ₹14,177.00–₹16,300.00 sealed)"
2025-07-14,CREDITACC,"PYRAMID BUY ₹4,809.91 crore crore at ₹1,303.00 (box jump — doubling the stake with NEW capital; stop stays ₹1,193.20; charges ₹11.35 crore crore)"
2025-07-14,FORCEMOT,"PYRAMID BUY ₹16,884.80 crore crore at ₹16,421.00 (box jump — doubling the stake with NEW capital; stop stays ₹13,468.15; charges ₹39.86 crore crore)"
2025-07-18,FORCEMOT,"RAISE STOP ₹13,468.15 → ₹15,350.10 (new box ₹16,158.00–₹17,039.00 sealed)"
2025-07-18,GALLANTT,RAISE STOP ₹494.33 → ₹544.35 (new box ₹573.00–₹610.00 sealed)
2025-07-18,SMLMAH,"RAISE STOP ₹1,419.23 → ₹2,822.07 (new box ₹2,970.60–₹3,253.70 sealed)"
2025-07-21,FORCEMOT,"PYRAMID BUY ₹34,132.34 crore crore at ₹16,617.00 (box jump — doubling the stake with NEW capital; stop stays ₹15,350.10; charges ₹80.57 crore crore)"
2025-07-21,GALLANTT,"PYRAMID BUY ₹2,987.40 crore crore at ₹587.05 (box jump — doubling the stake with NEW capital; stop stays ₹544.35; charges ₹7.05 crore crore)"
2025-07-21,SMLMAH,"PYRAMID BUY ₹1,176.38 crore crore at ₹3,310.10 (box jump — doubling the stake with NEW capital; stop stays ₹2,822.07; charges ₹2.78 crore crore)"
2025-07-25,NH,"RAISE STOP ₹1,763.87 → ₹1,814.78 (new box ₹1,910.30–₹2,045.00 sealed)"
2025-07-28,NH,"PYRAMID BUY ₹4,527.35 crore crore at ₹1,975.00 (box jump — doubling the stake with NEW capital; stop stays ₹1,814.78; charges ₹10.69 crore crore)"
2025-07-28,PARAS,"SELL ₹1,359.55 crore crore at stop ₹708.99 (-6.6%, charges ₹3.02 crore crore) — the cash goes back to work at the next Friday screen"
2025-08-01,INDIASHLTR,"RAISE STOP ₹804.65 → ₹853.86 (new box ₹898.80–₹1,011.75 sealed)"
2025-08-04,INDIASHLTR,"PYRAMID BUY ₹1,223.13 crore crore at ₹902.50 (box jump — doubling the stake with NEW capital; stop stays ₹853.86; charges ₹2.89 crore crore)"
2025-08-04,NH,"SELL ₹8,291.91 crore crore at stop ₹1,814.78 (-7.3%, charges ₹18.42 crore crore) — the cash goes back to work at the next Friday screen"
2025-08-07,WHIRLPOOL,"SELL ₹5,354.79 crore crore at stop ₹1,301.97 (-2.1%, charges ₹11.89 crore crore) — the cash goes back to work at the next Friday screen"
2025-08-08,CUPID,fresh signal REFUSED — falling earnings power
2025-08-08,GODFRYPHLP,fresh signal REFUSED — falling earnings power
2025-08-08,KAJARIACER,fresh signal REFUSED — falling earnings power
2025-08-08,SMLMAH,"RAISE STOP ₹2,822.07 → ₹2,878.57 (new box ₹3,193.00–₹4,241.10 sealed)"
2025-08-08,YATHARTH,fresh signal REFUSED — falling earnings power
2025-08-11,RAIN,"BUY ₹11,666.54 crore crore at ₹160.25 (fresh Friday signal — BUY: 9.58× weekly, month 1.83×, ladder rising; stop ₹143.64; charges ₹27.54 crore crore)"
2025-08-11,SMLMAH,"PYRAMID BUY ₹2,802.86 crore crore at ₹3,948.00 (box jump — doubling the stake with NEW capital; stop stays ₹2,878.57; charges ₹6.62 crore crore)"
2025-08-14,INDIASHLTR,RAISE STOP ₹853.86 → ₹862.60 (new box ₹908.00–₹975.00 sealed)
2025-08-18,INDIASHLTR,"PYRAMID BUY ₹2,520.52 crore crore at ₹931.00 (box jump — doubling the stake with NEW capital; stop stays ₹862.60; charges ₹5.95 crore crore)"
2025-08-22,GALLANTT,RAISE STOP ₹544.35 → ₹557.33 (new box ₹613.85–₹802.25 sealed)
2025-08-25,GALLANTT,"PYRAMID BUY ₹6,241.71 crore crore at ₹614.00 (box jump — doubling the stake with NEW capital; stop stays ₹557.33; charges ₹14.73 crore crore)"
2025-08-26,RAIN,"SELL ₹10,409.49 crore crore at stop ₹143.64 (-10.4%, charges ₹23.12 crore crore) — the cash goes back to work at the next Friday screen"
2025-08-29,ECLERX,fresh signal REFUSED — falling earnings power
2025-08-29,GODFRYPHLP,fresh signal REFUSED — falling earnings power
2025-08-29,OLAELEC,fresh signal REFUSED — falling earnings power
2025-09-05,ABFRL,"fresh signal NOT FUNDED — cash exhausted (BUY: 1.92× weekly, month 2.73×, ladder rising)"
2025-09-05,APTUS,fresh signal REFUSED — falling earnings power
2025-09-05,CREDITACC,"RAISE STOP ₹1,193.20 → ₹1,256.94 (new box ₹1,323.10–₹1,409.00 sealed)"
2025-09-05,GODFRYPHLP,fresh signal REFUSED — falling earnings power
2025-09-05,GPIL,fresh signal REFUSED — falling earnings power
2025-09-05,JSLL,"fresh signal NOT FUNDED — cash exhausted (BUY: 1.79× weekly, month 8.52×, ladder rising)"
2025-09-05,OLAELEC,fresh signal REFUSED — falling earnings power
2025-09-08,CREDITACC,"PYRAMID BUY ₹9,880.57 crore crore at ₹1,339.90 (box jump — doubling the stake with NEW capital; stop stays ₹1,256.94; charges ₹23.32 crore crore)"
2025-09-08,NETWEB,"BUY ₹12,813.13 crore crore at ₹3,135.50 (fresh Friday signal — BUY: 6.14× weekly, month 4.05×, ladder rising; stop ₹2,081.16; charges ₹30.25 crore crore)"
2025-09-19,SMLMAH,"RAISE STOP ₹2,878.57 → ₹3,255.67 (new box ₹3,598.90–₹4,743.00 sealed)"
2025-09-22,SMLMAH,"PYRAMID BUY ₹5,344.67 crore crore at ₹3,768.60 (box jump — doubling the stake with NEW capital; stop stays ₹3,255.67; charges ₹12.62 crore crore)"
2025-09-25,INDIASHLTR,"SELL ₹4,654.83 crore crore at stop ₹862.60 (-5.7%, charges ₹10.34 crore crore) — the cash goes back to work at the next Friday screen"
2025-09-26,CREDITACC,"RAISE STOP ₹1,256.94 → ₹1,274.42 (new box ₹1,341.50–₹1,400.00 sealed)"
2025-09-26,GALLANTT,RAISE STOP ₹557.33 → ₹616.41 (new box ₹648.85–₹754.05 sealed)
2025-09-26,GMDCLTD,fresh signal REFUSED — falling earnings power
2025-09-26,NETWEB,"RAISE STOP ₹2,081.16 → ₹2,674.79 (new box ₹2,822.30–₹3,314.00 sealed)"
2025-09-26,NLCINDIA,"fresh signal NOT FUNDED — cash exhausted (BUY: 4.24× weekly, month 1.86×, ladder rising)"
2025-09-26,SMLMAH,"SELL ₹9,203.11 crore crore at stop ₹3,255.67 (-6.8%, charges ₹20.44 crore crore) — the cash goes back to work at the next Friday screen"
2025-09-26,TATAINVEST,fresh signal REFUSED — falling earnings power
2025-09-29,CREDITACC,"PYRAMID BUY ₹20,269.59 crore crore at ₹1,376.00 (box jump — doubling the stake with NEW capital; stop stays ₹1,274.42; charges ₹47.85 crore crore)"
2025-09-29,GALLANTT,"PYRAMID BUY ₹13,280.97 crore crore at ₹654.00 (box jump — doubling the stake with NEW capital; stop stays ₹616.41; charges ₹31.35 crore crore)"
2025-09-29,NETWEB,"PYRAMID BUY ₹15,084.25 crore crore at ₹3,700.00 (box jump — doubling the stake with NEW capital; stop stays ₹2,674.79; charges ₹35.61 crore crore)"
2025-09-29,SUBROS,"BUY ₹14,794.02 crore crore at ₹1,132.00 (fresh Friday signal — BUY: 8.21× weekly, month 2.64×, ladder rising; stop ₹865.50; charges ₹34.92 crore crore)"
2025-10-03,AVANTIFEED,RAISE STOP ₹492.75 → ₹497.91 (new box ₹601.55–₹947.00 sealed)
2025-10-03,SUBROS,"RAISE STOP ₹865.50 → ₹1,046.90 (new box ₹1,102.00–₹1,179.70 sealed)"
2025-10-06,AVANTIFEED,PYRAMID BUY ₹469.33 crore crore at ₹653.00 (box jump — doubling the stake with NEW capital; stop stays ₹497.91; charges ₹1.11 crore crore)
2025-10-06,SUBROS,"PYRAMID BUY ₹14,018.54 crore crore at ₹1,075.20 (box jump — doubling the stake with NEW capital; stop stays ₹1,046.90; charges ₹33.09 crore crore)"
2025-10-09,FORCEMOT,"SELL ₹62,846.08 crore crore at stop ₹15,350.10 (-3.1%, charges ₹139.59 crore crore) — the cash goes back to work at the next Friday screen"
2025-10-10,AVANTIFEED,RAISE STOP ₹497.91 → ₹511.29 (new box ₹601.55–₹902.40 sealed)
2025-10-10,IXIGO,fresh signal REFUSED — falling earnings power
2025-10-10,SANDUMA,fresh signal REFUSED — falling earnings power
2025-10-10,USHAMART,fresh signal REFUSED — falling earnings power
2025-10-13,AVANTIFEED,PYRAMID BUY ₹943.94 crore crore at ₹657.45 (box jump — doubling the stake with NEW capital; stop stays ₹511.29; charges ₹2.23 crore crore)
2025-10-13,SHAILY,"BUY ₹19,186.12 crore crore at ₹2,434.00 (fresh Friday signal — ACCUMULATE: 4.03× weekly, month 1.99×, ladder rising; stop ₹1,942.00; charges ₹45.29 crore crore)"
2025-10-13,VIYASH,"BUY ₹19,171.84 crore crore at ₹216.04 (fresh Friday signal — BUY: 3.38× weekly, month 2.33×, ladder rising; stop ₹174.14; charges ₹45.26 crore crore)"
2025-10-14,SUBROS,"SELL ₹27,206.47 crore crore at stop ₹1,046.90 (-5.1%, charges ₹60.43 crore crore) — the cash goes back to work at the next Friday screen"
2025-10-17,ADANIPOWER,fresh signal REFUSED — falling earnings power
2025-10-17,AVANTIFEED,RAISE STOP ₹511.29 → ₹600.07 (new box ₹631.65–₹688.40 sealed)
2025-10-17,DYNAMATECH,fresh signal REFUSED — falling earnings power
2025-10-17,MTARTECH,fresh signal REFUSED — falling earnings power
2025-10-17,SANDUMA,fresh signal REFUSED — falling earnings power
2025-10-20,ANANDRATHI,"BUY ₹18,624.11 crore crore at ₹1,574.50 (fresh Friday signal — BUY: 12.88× weekly, month 2.36×, ladder rising; stop ₹1,311.00; charges ₹43.96 crore crore)"
2025-10-20,AVANTIFEED,"PYRAMID BUY ₹1,972.42 crore crore at ₹687.70 (box jump — doubling the stake with NEW capital; stop stays ₹600.07; charges ₹4.66 crore crore)"
2025-10-20,CIEINDIA,"BUY ₹18,651.17 crore crore at ₹432.50 (fresh Friday signal — ACCUMULATE: 5.23× weekly, month 2.05×, ladder rising; stop ₹377.39; charges ₹44.03 crore crore)"
2025-10-20,CREDITACC,"SELL ₹37,419.05 crore crore at stop ₹1,274.42 (-3.5%, charges ₹83.11 crore crore) — the cash goes back to work at the next Friday screen"
2025-10-20,GALLANTT,"SELL ₹24,950.27 crore crore at stop ₹616.41 (-0.3%, charges ₹55.42 crore crore) — the cash goes back to work at the next Friday screen"
2025-10-24,ANANDRATHI,"RAISE STOP ₹1,311.00 → ₹1,450.17 (new box ₹1,526.50–₹1,660.70 sealed)"
2025-10-24,DCBBANK,fresh signal REFUSED — falling earnings power
2025-10-24,RBLBANK,fresh signal REFUSED — falling earnings power
2025-10-24,SOUTHBANK,fresh signal REFUSED — falling earnings power
2025-10-24,VIYASH,RAISE STOP ₹174.14 → ₹185.91 (new box ₹195.70–₹220.45 sealed)
2025-10-27,ANANDRATHI,"PYRAMID BUY ₹18,491.05 crore crore at ₹1,566.95 (box jump — doubling the stake with NEW capital; stop stays ₹1,450.17; charges ₹43.65 crore crore)"
2025-10-27,VIYASH,"PYRAMID BUY ₹17,966.81 crore crore at ₹202.94 (box jump — doubling the stake with NEW capital; stop stays ₹185.91; charges ₹42.41 crore crore)"
2025-10-31,CHENNPETRO,fresh signal REFUSED — falling earnings power
2025-10-31,DCBBANK,fresh signal REFUSED — falling earnings power
2025-10-31,GRAPHITE,fresh signal REFUSED — falling earnings power
2025-10-31,INOXGREEN,fresh signal REFUSED — falling earnings power
2025-10-31,JKTYRE,fresh signal REFUSED — falling earnings power
2025-10-31,MTARTECH,fresh signal REFUSED — falling earnings power
2025-10-31,NETWEB,"RAISE STOP ₹2,674.79 → ₹3,515.95 (new box ₹3,701.00–₹4,048.40 sealed)"
2025-10-31,TMB,fresh signal REFUSED — falling earnings power
2025-11-03,MAHABANK,"BUY ₹25,619.27 crore crore at ₹59.70 (fresh Friday signal — ACCUMULATE: 2.08× weekly, month 1.71×, ladder rising; stop ₹53.69; charges ₹60.48 crore crore)"
2025-11-03,NETWEB,"PYRAMID BUY ₹31,419.64 crore crore at ₹3,858.00 (box jump — doubling the stake with NEW capital; stop stays ₹3,515.95; charges ₹74.17 crore crore)"
2025-11-03,TDPOWERSYS,"BUY ₹25,453.23 crore crore at ₹382.27 (fresh Friday signal — BUY: 4.87× weekly, month 1.96×, ladder rising; stop ₹276.78; charges ₹60.09 crore crore)"
2025-11-06,NETWEB,"SELL ₹57,073.59 crore crore at stop ₹3,515.95 (-3.3%, charges ₹126.77 crore crore) — the cash goes back to work at the next Friday screen"
2025-11-07,CHENNPETRO,fresh signal REFUSED — falling earnings power
2025-11-07,DCBBANK,fresh signal REFUSED — falling earnings power
2025-11-07,GRAVITA,"fresh signal NOT FUNDED — cash exhausted (BUY: 2.50× weekly, month 1.59×, ladder rising)"
2025-11-07,JKTYRE,fresh signal REFUSED — falling earnings power
2025-11-07,TMB,fresh signal REFUSED — falling earnings power
2025-11-10,CCL,"BUY ₹25,241.92 crore crore at ₹1,014.90 (fresh Friday signal — BUY: 23.71× weekly, month 1.53×, ladder rising; stop ₹780.14; charges ₹59.59 crore crore)"
2025-11-10,CUB,"BUY ₹25,368.84 crore crore at ₹190.65 (fresh Friday signal — BUY: 6.02× weekly, month 1.75×, ladder rising; stop ₹160.31; charges ₹59.89 crore crore)"
2025-11-10,LTF,"BUY ₹25,359.76 crore crore at ₹304.00 (fresh Friday signal — BUY: 2.98× weekly, month 1.55×, ladder rising; stop ₹250.80; charges ₹59.87 crore crore)"
2025-11-14,CCL,"RAISE STOP ₹780.14 → ₹976.41 (new box ₹1,027.80–₹1,074.40 sealed)"
2025-11-14,CUB,RAISE STOP ₹160.31 → ₹174.66 (new box ₹183.85–₹198.13 sealed)
2025-11-14,TDPOWERSYS,RAISE STOP ₹276.78 → ₹357.49 (new box ₹376.30–₹424.98 sealed)
2025-11-17,CCL,"PYRAMID BUY ₹26,437.86 crore crore at ₹1,065.50 (box jump — doubling the stake with NEW capital; stop stays ₹976.41; charges ₹62.41 crore crore)"
2025-11-17,CUB,"PYRAMID BUY ₹27,081.17 crore crore at ₹204.00 (box jump — doubling the stake with NEW capital; stop stays ₹174.66; charges ₹63.93 crore crore)"
2025-11-17,TDPOWERSYS,"PYRAMID BUY ₹26,206.87 crore crore at ₹394.52 (box jump — doubling the stake with NEW capital; stop stays ₹357.49; charges ₹61.86 crore crore)"
2025-11-20,ANANDRATHI,"SELL ₹34,109.78 crore crore at stop ₹1,450.17 (-7.7%, charges ₹75.76 crore crore) — the cash goes back to work at the next Friday screen"
2025-11-21,AETHER,"fresh signal NOT FUNDED — cash exhausted (BUY: 2.55× weekly, month 3.62×, ladder rising)"
2025-11-21,DCBBANK,fresh signal REFUSED — falling earnings power
2025-11-21,GMRAIRPORT,"fresh signal NOT FUNDED — cash exhausted (BUY: 3.38× weekly, month 1.63×, ladder rising)"
2025-11-21,PRICOLLTD,"fresh signal NOT FUNDED — cash exhausted (BUY: 2.82× weekly, month 4.87×, ladder rising)"
2025-11-24,CCL,"SELL ₹48,290.15 crore crore at stop ₹976.41 (-6.1%, charges ₹107.26 crore crore) — the cash goes back to work at the next Friday screen"
2025-11-24,RADICO,"BUY ₹32,512.06 crore crore at ₹3,289.40 (fresh Friday signal — ACCUMULATE: 5.90× weekly, month 2.37×, ladder rising; stop ₹2,956.50; charges ₹76.75 crore crore)"
2025-11-24,TDPOWERSYS,"SELL ₹47,332.35 crore crore at stop ₹357.49 (-8.0%, charges ₹105.13 crore crore) — the cash goes back to work at the next Friday screen"
2025-11-28,CUB,RAISE STOP ₹174.66 → ₹185.32 (new box ₹195.07–₹212.32 sealed)
2025-11-28,SHAILY,"RAISE STOP ₹1,942.00 → ₹2,340.80 (new box ₹2,464.00–₹2,799.90 sealed)"
2025-12-01,CUB,"PYRAMID BUY ₹54,177.98 crore crore at ₹204.30 (box jump — doubling the stake with NEW capital; stop stays ₹185.32; charges ₹127.89 crore crore)"
2025-12-01,EUREKAFORB,"BUY ₹40,133.37 crore crore at ₹664.00 (fresh Friday signal — BUY: 6.94× weekly, month 2.35×, ladder rising; stop ₹535.37; charges ₹94.74 crore crore)"
2025-12-01,GMRAIRPORT,"BUY ₹23,849.69 crore crore at ₹108.90 (fresh Friday signal — BUY: 1.69× weekly, month 1.84×, ladder rising; stop ₹89.73; charges ₹56.30 crore crore)"
2025-12-01,SANSERA,"BUY ₹40,056.36 crore crore at ₹1,749.60 (fresh Friday signal — BUY: 2.73× weekly, month 1.61×, ladder rising; stop ₹1,413.60; charges ₹94.56 crore crore)"
2025-12-01,SHAILY,"PYRAMID BUY ₹20,704.18 crore crore at ₹2,632.80 (box jump — doubling the stake with NEW capital; stop stays ₹2,340.80; charges ₹48.88 crore crore)"
2025-12-05,AVANTIFEED,RAISE STOP ₹600.07 → ₹748.60 (new box ₹788.00–₹875.00 sealed)
2025-12-08,AVANTIFEED,"PYRAMID BUY ₹4,703.63 crore crore at ₹820.95 (box jump — doubling the stake with NEW capital; stop stays ₹748.60; charges ₹11.10 crore crore)"
2025-12-12,EUREKAFORB,RAISE STOP ₹535.37 → ₹589.10 (new box ₹620.10–₹668.30 sealed)
2025-12-12,LTF,RAISE STOP ₹250.80 → ₹281.77 (new box ₹296.60–₹315.35 sealed)
2025-12-12,SANSERA,"RAISE STOP ₹1,413.60 → ₹1,517.72 (new box ₹1,597.60–₹1,770.00 sealed)"
2025-12-15,EUREKAFORB,"PYRAMID BUY ₹39,254.74 crore crore at ₹651.00 (box jump — doubling the stake with NEW capital; stop stays ₹589.10; charges ₹92.67 crore crore)"
2025-12-15,LTF,"PYRAMID BUY ₹25,553.73 crore crore at ₹307.05 (box jump — doubling the stake with NEW capital; stop stays ₹281.77; charges ₹60.32 crore crore)"
2025-12-15,SANSERA,"PYRAMID BUY ₹38,943.11 crore crore at ₹1,705.00 (box jump — doubling the stake with NEW capital; stop stays ₹1,517.72; charges ₹91.93 crore crore)"
2025-12-15,SHAILY,"SELL ₹36,690.87 crore crore at stop ₹2,340.80 (-7.6%, charges ₹81.50 crore crore) — the cash goes back to work at the next Friday screen"
2025-12-19,GMRAIRPORT,RAISE STOP ₹89.73 → ₹92.10 (new box ₹96.95–₹110.36 sealed)
2025-12-19,JAMNAAUTO,fresh signal REFUSED — falling earnings power
2025-12-22,GMRAIRPORT,"PYRAMID BUY ₹22,296.74 crore crore at ₹102.05 (box jump — doubling the stake with NEW capital; stop stays ₹92.10; charges ₹52.63 crore crore)"
2025-12-22,KIRLOSENG,"BUY ₹36,690.87 crore crore at ₹1,258.30 (fresh Friday signal — BUY: 4.09× weekly, month 1.72×, ladder rising; stop ₹1,014.88; charges ₹86.61 crore crore)"
2026-01-02,KIRLOSENG,"RAISE STOP ₹1,014.88 → ₹1,140.95 (new box ₹1,201.00–₹1,329.00 sealed)"
2026-01-02,VIYASH,RAISE STOP ₹185.91 → ₹195.04 (new box ₹205.30–₹222.80 sealed)
2026-01-05,KIRLOSENG,"PYRAMID BUY ₹36,653.71 crore crore at ₹1,260.00 (box jump — doubling the stake with NEW capital; stop stays ₹1,140.95; charges ₹86.53 crore crore)"
2026-01-05,VIYASH,"PYRAMID BUY ₹37,228.23 crore crore at ₹210.50 (box jump — doubling the stake with NEW capital; stop stays ₹195.04; charges ₹87.88 crore crore)"
2026-01-08,EUREKAFORB,"SELL ₹70,803.32 crore crore at stop ₹589.10 (-10.4%, charges ₹157.26 crore crore) — the cash goes back to work at the next Friday screen"
2026-01-09,CUPID,fresh signal REFUSED — falling earnings power
2026-01-09,RADICO,"SELL ₹29,088.12 crore crore at stop ₹2,956.50 (-10.1%, charges ₹64.61 crore crore) — the cash goes back to work at the next Friday screen"
2026-01-12,KIRLOSENG,"SELL ₹66,155.74 crore crore at stop ₹1,140.95 (-9.4%, charges ₹146.94 crore crore) — the cash goes back to work at the next Friday screen"
2026-01-12,NATIONALUM,"BUY ₹56,844.53 crore crore at ₹352.00 (fresh Friday signal — BUY: 2.49× weekly, month 1.57×, ladder rising; stop ₹246.34; charges ₹134.19 crore crore)"
2026-01-12,VIYASH,"SELL ₹68,753.93 crore crore at stop ₹195.04 (-7.1%, charges ₹152.71 crore crore) — the cash goes back to work at the next Friday screen"
2026-01-16,CUB,RAISE STOP ₹185.32 → ₹185.96 (new box ₹195.75–₹213.19 sealed)
2026-01-16,CUPID,fresh signal REFUSED — falling earnings power
2026-01-16,FEDFINA,fresh signal REFUSED — falling earnings power
2026-01-16,MAHABANK,RAISE STOP ₹53.69 → ₹58.71 (new box ₹61.80–₹65.97 sealed)
2026-01-16,NATIONALUM,RAISE STOP ₹246.34 → ₹312.41 (new box ₹328.85–₹357.60 sealed)
2026-01-16,SANSERA,"RAISE STOP ₹1,517.72 → ₹1,672.76 (new box ₹1,760.80–₹1,958.30 sealed)"
2026-01-16,VEDL,fresh signal REFUSED — falling earnings power
2026-01-19,CUB,PYRAMID BUY ₹1.07 lakh crore crore at ₹202.24 (box jump — doubling the stake with NEW capital; stop stays ₹185.96; charges ₹252.91 crore crore)
2026-01-19,MAHABANK,"PYRAMID BUY ₹28,607.01 crore crore at ₹66.82 (box jump — doubling the stake with NEW capital; stop stays ₹58.71; charges ₹67.53 crore crore)"
2026-01-19,NATIONALUM,"PYRAMID BUY ₹58,482.54 crore crore at ₹363.00 (box jump — doubling the stake with NEW capital; stop stays ₹312.41; charges ₹138.06 crore crore)"
2026-01-19,SANSERA,"PYRAMID BUY ₹84,227.72 crore crore at ₹1,846.00 (box jump — doubling the stake with NEW capital; stop stays ₹1,672.76; charges ₹198.83 crore crore)"
2026-01-21,AVANTIFEED,"SELL ₹8,549.09 crore crore at stop ₹748.60 (-1.0%, charges ₹18.99 crore crore) — the cash goes back to work at the next Friday screen"
2026-01-21,LTF,"SELL ₹46,740.51 crore crore at stop ₹281.77 (-7.8%, charges ₹103.82 crore crore) — the cash goes back to work at the next Friday screen"
2026-01-23,GMRAIRPORT,"SELL ₹40,108.97 crore crore at stop ₹92.10 (-12.7%, charges ₹89.09 crore crore) — the cash goes back to work at the next Friday screen"
2026-01-23,SANSERA,"SELL ₹1.52 lakh crore crore at stop ₹1,672.76 (-6.4%, charges ₹337.90 crore crore) — the cash goes back to work at the next Friday screen"
2026-01-23,UJJIVANSFB,fresh signal REFUSED — falling earnings power
2026-01-23,VEDL,fresh signal REFUSED — falling earnings power
2026-01-27,HINDZINC,"BUY ₹84,809.07 crore crore at ₹733.00 (fresh Friday signal — BUY: 3.59× weekly, month 3.42×, ladder rising; stop ₹602.35; charges ₹200.20 crore crore)"
2026-01-30,CIEINDIA,RAISE STOP ₹377.39 → ₹382.33 (new box ₹402.45–₹424.85 sealed)
2026-01-30,DCBBANK,fresh signal REFUSED — falling earnings power
2026-01-30,MAHABANK,RAISE STOP ₹58.71 → ₹59.76 (new box ₹62.91–₹67.59 sealed)
2026-01-30,NATIONALUM,RAISE STOP ₹312.41 → ₹335.49 (new box ₹353.15–₹374.30 sealed)
2026-01-30,OIL,fresh signal REFUSED — falling earnings power
2026-01-30,ONGC,fresh signal REFUSED — falling earnings power
2026-02-02,CIEINDIA,"PYRAMID BUY ₹17,716.58 crore crore at ₹411.80 (box jump — doubling the stake with NEW capital; stop stays ₹382.33; charges ₹41.82 crore crore)"
2026-02-02,HINDCOPPER,"BUY ₹1.02 lakh crore crore at ₹590.15 (fresh Friday signal — BUY: 2.81× weekly, month 4.41×, ladder rising; stop ₹485.74; charges ₹239.93 crore crore)"
2026-02-02,HINDZINC,"SELL ₹69,374.08 crore crore at stop ₹602.35 (-17.8%, charges ₹154.09 crore crore) — the cash goes back to work at the next Friday screen"
2026-02-02,MAHABANK,"PYRAMID BUY ₹51,724.33 crore crore at ₹60.48 (box jump — doubling the stake with NEW capital; stop stays ₹59.76; charges ₹122.10 crore crore)"
2026-02-02,NATIONALUM,PYRAMID BUY ₹1.12 lakh crore crore at ₹347.10 (box jump — doubling the stake with NEW capital; stop stays ₹335.49; charges ₹263.71 crore crore)
2026-02-13,HINDCOPPER,RAISE STOP ₹485.74 → ₹520.46 (new box ₹575.75–₹760.05 sealed)
2026-02-13,IFCI,fresh signal REFUSED — falling earnings power
2026-02-13,JKTYRE,fresh signal REFUSED — falling earnings power
2026-02-16,HINDCOPPER,PYRAMID BUY ₹1.01 lakh crore crore at ₹585.00 (box jump — doubling the stake with NEW capital; stop stays ₹520.46; charges ₹237.28 crore crore)
2026-02-17,NATIONALUM,"SELL ₹2.15 lakh crore crore at stop ₹335.49 (-4.8%, charges ₹478.02 crore crore) — the cash goes back to work at the next Friday screen"
2026-02-20,CUB,RAISE STOP ₹185.96 → ₹188.57 (new box ₹201.15–₹243.07 sealed)
2026-02-20,MAHABANK,RAISE STOP ₹59.76 → ₹61.05 (new box ₹64.26–₹67.70 sealed)
2026-02-20,ONGC,fresh signal REFUSED — falling earnings power
2026-02-23,ABB,"BUY ₹1.46 lakh crore crore at ₹6,090.00 (fresh Friday signal — BUY: 4.16× weekly, month 1.69×, ladder rising; stop ₹5,440.18; charges ₹344.31 crore crore)"
2026-02-23,CUB,PYRAMID BUY ₹2.24 lakh crore crore at ₹211.28 (box jump — doubling the stake with NEW capital; stop stays ₹188.57; charges ₹527.80 crore crore)
2026-02-23,MAHABANK,PYRAMID BUY ₹1.18 lakh crore crore at ₹69.36 (box jump — doubling the stake with NEW capital; stop stays ₹61.05; charges ₹279.73 crore crore)
2026-02-27,ABB,"RAISE STOP ₹5,440.18 → ₹5,486.25 (new box ₹5,775.00–₹6,246.00 sealed)"
2026-02-27,HINDCOPPER,RAISE STOP ₹520.46 → ₹528.63 (new box ₹556.45–₹592.00 sealed)
2026-03-02,ABB,"PYRAMID BUY ₹1.40 lakh crore crore at ₹5,840.00 (box jump — doubling the stake with NEW capital; stop stays ₹5,486.25; charges ₹329.40 crore crore)"
2026-03-02,HINDCOPPER,PYRAMID BUY ₹1.93 lakh crore crore at ₹563.50 (box jump — doubling the stake with NEW capital; stop stays ₹528.63; charges ₹456.57 crore crore)
2026-03-02,KSB,"BUY ₹1.78 lakh crore crore at ₹738.00 (fresh Friday signal — BUY: 52.86× weekly, month 4.80×, ladder rising; stop ₹658.54; charges ₹421.09 crore crore)"
2026-03-02,TORNTPOWER,"BUY ₹1.78 lakh crore crore at ₹1,491.00 (fresh Friday signal — BUY: 1.57× weekly, month 1.71×, ladder rising; stop ₹1,315.84; charges ₹421.15 crore crore)"
2026-03-06,KSB,RAISE STOP ₹658.54 → ₹681.58 (new box ₹717.45–₹807.00 sealed)
2026-03-09,CUB,"SELL ₹3.98 lakh crore crore at stop ₹188.57 (-8.6%, charges ₹883.47 crore crore) — the cash goes back to work at the next Friday screen"
2026-03-09,KSB,PYRAMID BUY ₹1.78 lakh crore crore at ₹739.00 (box jump — doubling the stake with NEW capital; stop stays ₹681.58; charges ₹420.67 crore crore)
2026-03-12,HINDCOPPER,"SELL ₹3.62 lakh crore crore at stop ₹528.63 (-8.2%, charges ₹803.28 crore crore) — the cash goes back to work at the next Friday screen"
2026-03-20,ABB,"RAISE STOP ₹5,486.25 → ₹5,854.38 (new box ₹6,162.50–₹6,554.00 sealed)"
2026-03-20,KTKBANK,fresh signal REFUSED — falling earnings power
2026-03-23,ABB,"PYRAMID BUY ₹2.99 lakh crore crore at ₹6,264.00 (box jump — doubling the stake with NEW capital; stop stays ₹5,854.38; charges ₹705.79 crore crore)"
2026-03-27,BALRAMCHIN,fresh signal REFUSED — falling earnings power
2026-03-27,KSB,RAISE STOP ₹681.58 → ₹719.20 (new box ₹757.05–₹837.05 sealed)
2026-03-30,AETHER,"BUY ₹2.52 lakh crore crore at ₹1,150.50 (fresh Friday signal — BUY: 2.85× weekly, month 2.04×, ladder rising; stop ₹928.15; charges ₹594.20 crore crore)"
2026-03-30,KSB,PYRAMID BUY ₹3.83 lakh crore crore at ₹795.85 (box jump — doubling the stake with NEW capital; stop stays ₹719.20; charges ₹904.99 crore crore)
2026-03-30,MAHABANK,"SELL ₹2.08 lakh crore crore at stop ₹61.05 (-7.0%, charges ₹461.76 crore crore) — the cash goes back to work at the next Friday screen"
2026-03-30,TORNTPOWER,"SELL ₹1.57 lakh crore crore at stop ₹1,315.84 (-11.7%, charges ₹348.11 crore crore) — the cash goes back to work at the next Friday screen"
2026-04-01,TAX,"FY2026 settled: ₹0.00 paid (STCG ₹0.00 @20%, LTCG ₹0.00 @12.5%; losses carried forward ST ₹2.00 lakh crore crore / LT ₹0.00)"
2026-04-02,CIEINDIA,RAISE STOP ₹382.33 → ₹409.40 (new box ₹430.95–₹485.00 sealed)
2026-04-06,CHENNPETRO,"BUY ₹2.61 lakh crore crore at ₹989.00 (fresh Friday signal — ACCUMULATE: 1.63× weekly, month 1.66×, ladder rising; stop ₹891.29; charges ₹614.99 crore crore)"
2026-04-06,CIEINDIA,"PYRAMID BUY ₹39,447.84 crore crore at ₹459.00 (box jump — doubling the stake with NEW capital; stop stays ₹409.40; charges ₹93.12 crore crore)"
2026-04-10,AETHER,"RAISE STOP ₹928.15 → ₹1,010.28 (new box ₹1,065.60–₹1,250.00 sealed)"
2026-04-10,COHANCE,fresh signal REFUSED — falling earnings power
2026-04-10,ZYDUSWELL,fresh signal REFUSED — falling earnings power
2026-04-13,AETHER,"PYRAMID BUY ₹2.55 lakh crore crore at ₹1,170.00 (box jump — doubling the stake with NEW capital; stop stays ₹1,010.28; charges ₹602.85 crore crore)"
2026-04-13,INOXINDIA,"BUY ₹3.01 lakh crore crore at ₹1,299.10 (fresh Friday signal — BUY: 4.08× weekly, month 2.14×, ladder rising; stop ₹1,091.46; charges ₹709.57 crore crore)"
2026-04-13,THERMAX,"BUY ₹3.03 lakh crore crore at ₹3,596.00 (fresh Friday signal — BUY: 2.05× weekly, month 1.52×, ladder rising; stop ₹2,897.50; charges ₹715.54 crore crore)"
2026-05-01,KSB,"RAISE STOP ₹719.20 → ₹917.42 (new box ₹965.70–₹1,011.50 sealed)"
2026-05-04,KSB,"PYRAMID BUY ₹9.34 lakh crore crore at ₹971.00 (box jump — doubling the stake with NEW capital; stop stays ₹917.42; charges ₹2,205.71 crore crore)"
2026-05-04,KSB,"SELL ₹17.60 lakh crore crore at stop ₹917.42 (+5.6%, charges ₹3,908.40 crore crore) — the cash goes back to work at the next Friday screen"
2026-05-08,AETHER,"RAISE STOP ₹1,010.28 → ₹1,125.84 (new box ₹1,185.10–₹1,275.10 sealed)"
2026-05-08,CIEINDIA,RAISE STOP ₹409.40 → ₹429.88 (new box ₹452.50–₹502.95 sealed)
2026-05-08,COFORGE,"fresh signal NOT FUNDED — cash exhausted (BUY: 2.81× weekly, month 1.82×, ladder rising)"
2026-05-08,CROMPTON,fresh signal REFUSED — falling earnings power
2026-05-08,ECLERX,"fresh signal NOT FUNDED — cash exhausted (BUY: 1.86× weekly, month 1.54×, ladder rising)"
2026-05-08,ELECTCAST,fresh signal REFUSED — falling earnings power
2026-05-08,GAEL,"fresh signal NOT FUNDED — cash exhausted (BUY: 1.87× weekly, month 1.52×, ladder rising)"
2026-05-08,GRWRHITECH,fresh signal REFUSED — falling earnings power
2026-05-08,IMFA,"fresh signal NOT FUNDED — cash exhausted (ACCUMULATE: 1.98× weekly, month 1.66×, ladder rising)"
2026-05-08,INOXINDIA,"RAISE STOP ₹1,091.46 → ₹1,372.18 (new box ₹1,444.40–₹1,615.90 sealed)"
2026-05-08,INTELLECT,fresh signal REFUSED — falling earnings power
2026-05-08,KEI,"fresh signal NOT FUNDED — cash exhausted (BUY: 2.43× weekly, month 1.51×, ladder rising)"
2026-05-08,KIRLPNU,"fresh signal NOT FUNDED — cash exhausted (BUY: 1.87× weekly, month 3.04×, ladder rising)"
2026-05-08,LALPATHLAB,fresh signal REFUSED — falling earnings power
2026-05-08,PIDILITIND,"fresh signal NOT FUNDED — cash exhausted (BUY: 2.99× weekly, month 1.74×, ladder rising)"
2026-05-08,SHYAMMETL,"fresh signal NOT FUNDED — cash exhausted (ACCUMULATE: 2.00× weekly, month 1.89×, ladder rising)"
2026-05-08,THERMAX,"RAISE STOP ₹2,897.50 → ₹3,726.38 (new box ₹3,922.50–₹4,305.00 sealed)"
2026-05-11,AETHER,"PYRAMID BUY ₹5.29 lakh crore crore at ₹1,213.40 (box jump — doubling the stake with NEW capital; stop stays ₹1,125.84; charges ₹1,248.94 crore crore)"
2026-05-11,CIEINDIA,"PYRAMID BUY ₹81,995.86 crore crore at ₹477.60 (box jump — doubling the stake with NEW capital; stop stays ₹429.88; charges ₹193.56 crore crore)"
2026-05-11,CRAFTSMAN,"BUY ₹5.32 lakh crore crore at ₹9,039.50 (fresh Friday signal — BUY: 22.97× weekly, month 3.93×, ladder rising; stop ₹7,119.77; charges ₹1,255.76 crore crore)"
2026-05-11,GODREJIND,signal SKIPPED — cash below half a slice
2026-05-11,INOXINDIA,"PYRAMID BUY ₹3.44 lakh crore crore at ₹1,491.70 (box jump — doubling the stake with NEW capital; stop stays ₹1,372.18; charges ₹812.85 crore crore)"
2026-05-11,SPARC,"BUY ₹5.31 lakh crore crore at ₹172.05 (fresh Friday signal — BUY: 5.97× weekly, month 2.00×, ladder rising; stop ₹129.88; charges ₹1,252.84 crore crore)"
2026-05-11,THERMAX,"PYRAMID BUY ₹3.96 lakh crore crore at ₹4,707.00 (box jump — doubling the stake with NEW capital; stop stays ₹3,726.38; charges ₹934.39 crore crore)"
2026-05-11,WOCKPHARMA,"BUY ₹5.30 lakh crore crore at ₹1,613.90 (fresh Friday signal — BUY: 16.73× weekly, month 2.98×, ladder rising; stop ₹1,312.90; charges ₹1,252.23 crore crore)"
2026-05-13,INOXINDIA,"SELL ₹6.31 lakh crore crore at stop ₹1,372.18 (-1.7%, charges ₹1,402.30 crore crore) — the cash goes back to work at the next Friday screen"
2026-05-14,AETHER,"SELL ₹9.78 lakh crore crore at stop ₹1,125.84 (-5.1%, charges ₹2,173.28 crore crore) — the cash goes back to work at the next Friday screen"
2026-05-15,ABB,"RAISE STOP ₹5,854.38 → ₹5,862.93 (new box ₹6,171.50–₹6,687.00 sealed)"
2026-05-15,ATHERENERG,"fresh signal NOT FUNDED — cash exhausted (BUY: 1.71× weekly, month 1.79×, ladder rising)"
2026-05-15,CHENNPETRO,"RAISE STOP ₹891.29 → ₹953.23 (new box ₹1,003.40–₹1,159.70 sealed)"
2026-05-15,CROMPTON,fresh signal REFUSED — falling earnings power
2026-05-15,MARKSANS,"fresh signal NOT FUNDED — cash exhausted (BUY: 2.70× weekly, month 1.65×, ladder rising)"
2026-05-15,SHILPAMED,"fresh signal NOT FUNDED — cash exhausted (BUY: 1.88× weekly, month 1.54×, ladder rising)"
2026-05-15,SPARC,RAISE STOP ₹129.88 → ₹153.91 (new box ₹162.01–₹182.59 sealed)
2026-05-15,TEXRAIL,fresh signal REFUSED — falling earnings power
2026-05-15,THERMAX,"RAISE STOP ₹3,726.38 → ₹4,181.80 (new box ₹4,401.90–₹4,880.00 sealed)"
2026-05-18,ABB,"PYRAMID BUY ₹6.02 lakh crore crore at ₹6,310.00 (box jump — doubling the stake with NEW capital; stop stays ₹5,862.93; charges ₹1,420.27 crore crore)"
2026-05-18,ALKYLAMINE,"BUY ₹7.18 lakh crore crore at ₹1,710.00 (fresh Friday signal — ACCUMULATE: 9.48× weekly, month 4.24×, ladder rising; stop ₹1,502.04; charges ₹1,695.69 crore crore)"
2026-05-18,CAPLIPOINT,"BUY ₹7.18 lakh crore crore at ₹1,990.00 (fresh Friday signal — BUY: 7.92× weekly, month 2.28×, ladder rising; stop ₹1,711.52; charges ₹1,695.39 crore crore)"
2026-05-18,CHENNPETRO,PYRAMID BUY ₹2.61 lakh crore crore at ₹995.00 (box jump — doubling the stake with NEW capital; stop stays ₹953.23; charges ₹617.26 crore crore)
2026-05-18,DIACABS,signal SKIPPED — cash below half a slice
2026-05-18,NLCINDIA,"BUY ₹3.69 lakh crore crore at ₹351.55 (fresh Friday signal — BUY: 5.83× weekly, month 4.61×, ladder rising; stop ₹278.49; charges ₹870.72 crore crore)"
2026-05-18,SPARC,"PYRAMID BUY ₹5.00 lakh crore crore at ₹162.55 (box jump — doubling the stake with NEW capital; stop stays ₹153.91; charges ₹1,180.87 crore crore)"
2026-05-18,THERMAX,"PYRAMID BUY ₹7.49 lakh crore crore at ₹4,458.60 (box jump — doubling the stake with NEW capital; stop stays ₹4,181.80; charges ₹1,768.08 crore crore)"
2026-05-22,CAPLIPOINT,"RAISE STOP ₹1,711.52 → ₹1,851.17 (new box ₹1,948.60–₹2,060.00 sealed)"
2026-05-22,CRAFTSMAN,"RAISE STOP ₹7,119.77 → ₹7,793.85 (new box ₹8,242.50–₹9,738.00 sealed)"
2026-05-22,NLCINDIA,RAISE STOP ₹278.49 → ₹320.62 (new box ₹337.50–₹387.80 sealed)
2026-05-22,WOCKPHARMA,"RAISE STOP ₹1,312.90 → ₹1,423.10 (new box ₹1,505.00–₹1,778.00 sealed)"
2026-05-25,CAPLIPOINT,"PYRAMID BUY ₹7.41 lakh crore crore at ₹2,059.40 (box jump — doubling the stake with NEW capital; stop stays ₹1,851.17; charges ₹1,750.38 crore crore)"
2026-05-25,CRAFTSMAN,"PYRAMID BUY ₹5.20 lakh crore crore at ₹8,850.00 (box jump — doubling the stake with NEW capital; stop stays ₹7,793.85; charges ₹1,226.54 crore crore)"
2026-05-25,NLCINDIA,PYRAMID BUY ₹3.64 lakh crore crore at ₹348.10 (box jump — doubling the stake with NEW capital; stop stays ₹320.62; charges ₹860.14 crore crore)
2026-05-25,WOCKPHARMA,"PYRAMID BUY ₹5.22 lakh crore crore at ₹1,591.60 (box jump — doubling the stake with NEW capital; stop stays ₹1,423.10; charges ₹1,232.01 crore crore)"
2026-06-05,ABB,"RAISE STOP ₹5,862.93 → ₹6,609.15 (new box ₹6,957.00–₹7,340.00 sealed)"
2026-06-05,SPARC,RAISE STOP ₹153.91 → ₹177.70 (new box ₹194.10–₹248.75 sealed)
2026-06-08,ABB,"PYRAMID BUY ₹13.53 lakh crore crore at ₹7,105.50 (box jump — doubling the stake with NEW capital; stop stays ₹6,609.15; charges ₹3,194.88 crore crore)"
2026-06-08,SPARC,"PYRAMID BUY ₹12.85 lakh crore crore at ₹209.00 (box jump — doubling the stake with NEW capital; stop stays ₹177.70; charges ₹3,033.04 crore crore)"
2026-06-09,NLCINDIA,"SELL ₹6.69 lakh crore crore at stop ₹320.62 (-8.3%, charges ₹1,485.79 crore crore) — the cash goes back to work at the next Friday screen"
2026-06-11,CIEINDIA,"SELL ₹1.47 lakh crore crore at stop ₹429.88 (-6.4%, charges ₹326.74 crore crore) — the cash goes back to work at the next Friday screen"
2026-06-12,ALKYLAMINE,"RAISE STOP ₹1,502.04 → ₹1,614.05 (new box ₹1,699.00–₹1,860.80 sealed)"
2026-06-12,BLUEJET,fresh signal REFUSED — falling earnings power
2026-06-12,CAPLIPOINT,"RAISE STOP ₹1,851.17 → ₹1,852.50 (new box ₹1,950.00–₹2,099.00 sealed)"
2026-06-12,CCL,fresh signal REFUSED — falling earnings power
2026-06-12,CHENNPETRO,"RAISE STOP ₹953.23 → ₹1,075.02 (new box ₹1,131.60–₹1,225.00 sealed)"
2026-06-12,IFCI,fresh signal REFUSED — falling earnings power
2026-06-12,POWERMECH,"fresh signal NOT FUNDED — cash exhausted (BUY: 1.56× weekly, month 1.64×, ladder rising)"
2026-06-12,RUBICON,"fresh signal NOT FUNDED — cash exhausted (ACCUMULATE: 2.11× weekly, month 1.99×, ladder rising)"
2026-06-12,SFL,"fresh signal NOT FUNDED — cash exhausted (BUY: 2.17× weekly, month 4.31×, ladder rising)"
2026-06-12,TEJASNET,fresh signal REFUSED — falling earnings power
2026-06-15,AEGISLOG,signal SKIPPED — cash below half a slice
2026-06-15,ALKYLAMINE,"PYRAMID BUY ₹7.88 lakh crore crore at ₹1,880.00 (box jump — doubling the stake with NEW capital; stop stays ₹1,614.05; charges ₹1,859.87 crore crore)"
2026-06-15,CAPLIPOINT,"PYRAMID BUY ₹17.51 lakh crore crore at ₹2,435.00 (box jump — doubling the stake with NEW capital; stop stays ₹1,852.50; charges ₹4,134.35 crore crore)"
2026-06-15,CHENNPETRO,"PYRAMID BUY ₹6.08 lakh crore crore at ₹1,158.00 (box jump — doubling the stake with NEW capital; stop stays ₹1,075.02; charges ₹1,435.06 crore crore)"
2026-06-19,THERMAX,"RAISE STOP ₹4,181.80 → ₹4,306.63 (new box ₹4,533.30–₹5,075.00 sealed)"
2026-06-19,WOCKPHARMA,"RAISE STOP ₹1,423.10 → ₹1,639.31 (new box ₹1,820.00–₹2,422.30 sealed)"
2026-06-22,THERMAX,"PYRAMID BUY ₹15.81 lakh crore crore at ₹4,712.10 (box jump — doubling the stake with NEW capital; stop stays ₹4,306.63; charges ₹3,732.80 crore crore)"
2026-06-22,WOCKPHARMA,"PYRAMID BUY ₹13.19 lakh crore crore at ₹2,014.00 (box jump — doubling the stake with NEW capital; stop stays ₹1,639.31; charges ₹3,114.28 crore crore)"
2026-06-26,CAPLIPOINT,"RAISE STOP ₹1,852.50 → ₹2,209.13 (new box ₹2,325.40–₹2,447.30 sealed)"
2026-06-29,CAPLIPOINT,"PYRAMID BUY ₹36.01 lakh crore crore at ₹2,506.40 (box jump — doubling the stake with NEW capital; stop stays ₹2,209.13; charges ₹8,501.11 crore crore)"
2026-07-03,CAPLIPOINT,"RAISE STOP ₹2,209.13 → ₹2,351.25 (new box ₹2,475.00–₹2,590.00 sealed)"
2026-07-06,CAPLIPOINT,"PYRAMID BUY ₹73.33 lakh crore crore at ₹2,555.00 (box jump — doubling the stake with NEW capital; stop stays ₹2,351.25; charges ₹17,311.43 crore crore)"
2026-07-17,CAPLIPOINT,"RAISE STOP ₹2,351.25 → ₹2,376.52 (new box ₹2,501.60–₹2,675.00 sealed)"
2026-07-20,CAPLIPOINT,"PYRAMID BUY ₹149.88 lakh crore crore at ₹2,614.00 (box jump — doubling the stake with NEW capital; stop stays ₹2,376.52; charges ₹35,380.57 crore crore)"
2026-07-24,CHENNPETRO,"RAISE STOP ₹1,075.02 → ₹1,130.59 (new box ₹1,190.10–₹1,279.70 sealed)"
2026-07-24,CRAFTSMAN,"RAISE STOP ₹7,793.85 → ₹8,593.23 (new box ₹9,045.50–₹9,420.00 sealed)"
2026-07-27,CHENNPETRO,"PYRAMID BUY ₹12.90 lakh crore crore at ₹1,230.00 (box jump — doubling the stake with NEW capital; stop stays ₹1,130.59; charges ₹3,044.97 crore crore)"
2026-07-27,CRAFTSMAN,"PYRAMID BUY ₹10.92 lakh crore crore at ₹9,312.00 (box jump — doubling the stake with NEW capital; stop stays ₹8,593.23; charges ₹2,578.09 crore crore)"
2026-07-29,THERMAX,"SELL ₹28.81 lakh crore crore at stop ₹4,306.63 (-4.5%, charges ₹6,398.22 crore crore) — the cash goes back to work at the next Friday screen"
2026-07-31,ALKYLAMINE,"RAISE STOP ₹1,614.05 → ₹1,676.66 (new box ₹1,764.90–₹2,007.00 sealed)"
2026-07-31,BLUESTONE,"fresh signal NOT FUNDED — cash exhausted (ACCUMULATE: 5.63× weekly, month 9.57×, ladder rising)"
2026-07-31,EXIDEIND,"fresh signal NOT FUNDED — cash exhausted (BUY: 2.82× weekly, month 2.55×, ladder rising)"
2026-07-31,HEXT,"fresh signal NOT FUNDED — cash exhausted (BUY: 3.12× weekly, month 1.57×, ladder rising)"
2026-07-31,NESTLEIND,fresh signal REFUSED — falling earnings power
2026-07-31,PPLPHARMA,fresh signal REFUSED — falling earnings power
2026-07-31,QUESS,fresh signal REFUSED — falling earnings power
2026-07-31,SENCO,"fresh signal NOT FUNDED — cash exhausted (BUY: 3.65× weekly, month 2.71×, ladder rising)"
2026-07-31,UJJIVANSFB,fresh signal REFUSED — falling earnings power
2026-07-31,WOCKPHARMA,"RAISE STOP ₹1,639.31 → ₹1,734.41 (new box ₹1,825.70–₹1,950.00 sealed)"
2026-08-03,ALKYLAMINE,"PYRAMID BUY ₹14.95 lakh crore crore at ₹1,785.90 (box jump — doubling the stake with NEW capital; stop stays ₹1,676.66; charges ₹3,529.39 crore crore)"
2026-08-03,TMB,"BUY ₹36.97 lakh crore crore at ₹864.90 (fresh Friday signal — BUY: 8.04× weekly, month 2.57×, ladder rising; stop ₹748.60; charges ₹8,726.40 crore crore)"
2026-08-03,WOCKPHARMA,"PYRAMID BUY ₹25.74 lakh crore crore at ₹1,967.00 (box jump — doubling the stake with NEW capital; stop stays ₹1,734.41; charges ₹6,076.04 crore crore)"
2026-08-07,SPARC,RAISE STOP ₹177.70 → ₹179.80 (new box ₹205.00–₹289.00 sealed)
2026-08-07,TMB,RAISE STOP ₹748.60 → ₹796.29 (new box ₹838.20–₹917.00 sealed)
2026-08-10,SPARC,"PYRAMID BUY ₹26.19 lakh crore crore at ₹213.25 (box jump — doubling the stake with NEW capital; stop stays ₹179.80; charges ₹6,182.13 crore crore)"
2026-08-10,TMB,"PYRAMID BUY ₹37.52 lakh crore crore at ₹880.00 (box jump — doubling the stake with NEW capital; stop stays ₹796.29; charges ₹8,857.79 crore crore)"
2026-08-14,ABB,"RAISE STOP ₹6,609.15 → ₹7,158.25 (new box ₹7,535.00–₹7,894.50 sealed)"
2026-08-14,CRAFTSMAN,"RAISE STOP ₹8,593.23 → ₹9,690.00 (new box ₹10,200.00–₹10,762.00 sealed)"
2026-08-17,ABB,"PYRAMID BUY ₹29.12 lakh crore crore at ₹7,652.50 (box jump — doubling the stake with NEW capital; stop stays ₹7,158.25; charges ₹6,873.53 crore crore)"
2026-08-17,CRAFTSMAN,"PYRAMID BUY ₹24.02 lakh crore crore at ₹10,251.00 (box jump — doubling the stake with NEW capital; stop stays ₹9,690.00; charges ₹5,669.41 crore crore)"
2026-08-21,CHENNPETRO,"RAISE STOP ₹1,130.59 → ₹1,242.60 (new box ₹1,308.00–₹1,449.00 sealed)"
2026-08-21,SPARC,RAISE STOP ₹179.80 → ₹182.29 (new box ₹191.88–₹206.00 sealed)
2026-08-24,CHENNPETRO,"PYRAMID BUY ₹29.43 lakh crore crore at ₹1,405.00 (box jump — doubling the stake with NEW capital; stop stays ₹1,242.60; charges ₹6,948.18 crore crore)"
2026-08-24,SPARC,"PYRAMID BUY ₹48.76 lakh crore crore at ₹198.75 (box jump — doubling the stake with NEW capital; stop stays ₹182.29; charges ₹11,509.95 crore crore)"
2026-08-28,ALKYLAMINE,"RAISE STOP ₹1,676.66 → ₹1,920.99 (new box ₹2,022.10–₹2,115.00 sealed)"
2026-08-28,CRAFTSMAN,"RAISE STOP ₹9,690.00 → ₹9,832.50 (new box ₹10,350.00–₹10,960.00 sealed)"
2026-08-31,ALKYLAMINE,"PYRAMID BUY ₹34.20 lakh crore crore at ₹2,045.00 (box jump — doubling the stake with NEW capital; stop stays ₹1,920.99; charges ₹8,073.33 crore crore)"
2026-08-31,CRAFTSMAN,"PYRAMID BUY ₹52.03 lakh crore crore at ₹11,118.00 (box jump — doubling the stake with NEW capital; stop stays ₹9,832.50; charges ₹12,283.31 crore crore)"
2026-09-04,WOCKPHARMA,"RAISE STOP ₹1,734.41 → ₹1,741.63 (new box ₹1,833.30–₹2,045.00 sealed)"
2026-09-07,WOCKPHARMA,"PYRAMID BUY ₹55.22 lakh crore crore at ₹2,112.50 (box jump — doubling the stake with NEW capital; stop stays ₹1,741.63; charges ₹13,035.56 crore crore)"
2026-09-10,ALKYLAMINE,"SELL ₹64.03 lakh crore crore at stop ₹1,920.99 (+0.2%, charges ₹14,222.82 crore crore) — the cash goes back to work at the next Friday screen"
2026-09-11,CRAFTSMAN,"RAISE STOP ₹9,832.50 → ₹10,380.65 (new box ₹10,927.00–₹11,500.00 sealed)"
2026-09-11,SPARC,RAISE STOP ₹182.29 → ₹185.03 (new box ₹194.77–₹209.90 sealed)
