date,symbol,event
2020-03-06,AJANTPHARM,fresh signal REFUSED — falling earnings power
2020-03-06,NAVINFLUOR,fresh signal REFUSED — falling earnings power
2020-03-06,PFIZER,fresh signal REFUSED — falling earnings power
2020-03-06,POLYMED,fresh signal REFUSED — falling earnings power
2020-03-06,RELAXO,fresh signal REFUSED — falling earnings power
2020-03-09,DEEPAKNTR,"BUY ₹10.00 at ₹508.80 (fresh Friday signal — BUY: 2.89× weekly, month 3.36×, ladder rising; stop ₹356.25; charges ₹0.01)"
2020-03-09,LALPATHLAB,"BUY ₹9.96 at ₹835.00 (fresh Friday signal — ACCUMULATE: 2.13× weekly, month 1.57×, ladder rising; stop ₹743.38; charges ₹0.01)"
2020-03-13,LALPATHLAB,"SELL ₹8.85 at stop ₹743.38 (-11.0%, charges ₹0.01) — the cash goes back to work at the next Friday screen"
2020-03-19,DEEPAKNTR,"SELL ₹6.99 at stop ₹356.25 (-30.0%, charges ₹0.01) — the cash goes back to work at the next Friday screen"
2020-04-01,TAX,"FY2020 settled: ₹0.00 paid (STCG ₹0.00 @20%, LTCG ₹0.00 @12.5%; losses carried forward ST ₹4.09 / LT ₹0.00)"
2020-04-13,DEEPAKNTR,"BUY ₹9.59 at ₹474.55 (fresh Friday signal — ACCUMULATE: 1.76× weekly, month 2.48×, ladder rising; stop ₹240.25; charges ₹0.01)"
2020-04-24,ZYDUSLIFE,fresh signal REFUSED — falling earnings power
2020-04-27,SYNGENE,"BUY ₹9.60 at ₹319.00 (fresh Friday signal — ACCUMULATE: 2.32× weekly, month 1.95×, ladder rising; stop ₹285.95; charges ₹0.01)"
2020-04-30,NIACL,fresh signal REFUSED — falling earnings power
2020-04-30,PFIZER,fresh signal REFUSED — falling earnings power
2020-05-11,APLLTD,"BUY ₹9.67 at ₹774.70 (fresh Friday signal — ACCUMULATE: 1.70× weekly, month 6.12×, ladder rising; stop ₹694.45; charges ₹0.01)"
2020-05-15,BAJAJ-AUTO,fresh signal REFUSED — falling earnings power
2020-05-15,DEEPAKNTR,RAISE STOP ₹240.25 → ₹474.05 (new box ₹499.00–₹567.70 sealed)
2020-05-15,HUDCO,fresh signal REFUSED — falling earnings power
2020-05-15,VEDL,fresh signal REFUSED — falling earnings power
2020-05-18,ADVENZYMES,"BUY ₹10.90 at ₹159.95 (fresh Friday signal — ACCUMULATE: 3.12× weekly, month 2.00×, ladder rising; stop ₹126.20; charges ₹0.01)"
2020-05-18,APOLLO,"BUY ₹10.83 at ₹8.70 (fresh Friday signal — BUY: 6.25× weekly, month 5.34×, ladder rising; stop ₹6.07; charges ₹0.01)"
2020-05-18,DEEPAKFERT,"BUY ₹10.81 at ₹101.03 (fresh Friday signal — ACCUMULATE: 2.11× weekly, month 4.53×, ladder rising; stop ₹88.52; charges ₹0.01)"
2020-05-18,DEEPAKNTR,PYRAMID BUY ₹10.53 at ₹521.95 (box jump — doubling the stake with NEW capital; stop stays ₹474.05; charges ₹0.01)
2020-05-18,LLOYDSENGG,"BUY ₹10.90 at ₹0.63 (fresh Friday signal — BUY: 5.26× weekly, month 1.93×, ladder rising; stop ₹0.37; charges ₹0.01)"
2020-05-18,RCF,"BUY ₹10.88 at ₹39.90 (fresh Friday signal — ACCUMULATE: 2.16× weekly, month 2.56×, ladder rising; stop ₹35.25; charges ₹0.01)"
2020-05-29,IGL,"fresh signal NOT FUNDED — cash exhausted (ACCUMULATE: 2.70× weekly, month 1.68×, ladder rising)"
2020-05-29,LLOYDSENGG,RAISE STOP ₹0.37 → ₹0.46 (new box ₹0.53–₹0.77 sealed)
2020-05-29,POLYMED,"fresh signal NOT FUNDED — cash exhausted (BUY: 1.50× weekly, month 2.83×, ladder rising)"
2020-05-29,TATACONSUM,fresh signal REFUSED — falling earnings power
2020-06-01,EIDPARRY,"BUY ₹12.35 at ₹198.00 (fresh Friday signal — BUY: 6.29× weekly, month 2.35×, ladder rising; stop ₹132.60; charges ₹0.01)"
2020-06-01,LLOYDSENGG,PYRAMID BUY ₹12.56 at ₹0.72 (box jump — doubling the stake with NEW capital; stop stays ₹0.46; charges ₹0.01)
2020-06-05,APLLTD,RAISE STOP ₹694.45 → ₹785.37 (new box ₹826.70–₹915.00 sealed)
2020-06-05,APOLLO,RAISE STOP ₹6.07 → ₹7.57 (new box ₹8.03–₹9.55 sealed)
2020-06-05,SYNGENE,RAISE STOP ₹285.95 → ₹323.19 (new box ₹340.20–₹382.00 sealed)
2020-06-08,APLLTD,PYRAMID BUY ₹10.73 at ₹860.95 (box jump — doubling the stake with NEW capital; stop stays ₹785.37; charges ₹0.01)
2020-06-08,APOLLO,PYRAMID BUY ₹11.69 at ₹9.40 (box jump — doubling the stake with NEW capital; stop stays ₹7.57; charges ₹0.01)
2020-06-08,SYNGENE,PYRAMID BUY ₹11.24 at ₹373.90 (box jump — doubling the stake with NEW capital; stop stays ₹323.19; charges ₹0.01)
2020-06-12,DEEPAKNTR,"SELL ₹19.10 at stop ₹474.05 (-4.9%, charges ₹0.02) — the cash goes back to work at the next Friday screen"
2020-06-12,GRANULES,"fresh signal NOT FUNDED — cash exhausted (BUY: 3.46× weekly, month 2.65×, ladder rising)"
2020-06-12,HEROMOTOCO,fresh signal REFUSED — falling earnings power
2020-06-12,JUBLPHARMA,fresh signal REFUSED — falling earnings power
2020-06-12,KIRLOSBROS,"fresh signal NOT FUNDED — cash exhausted (BUY: 3.69× weekly, month 2.66×, ladder rising)"
2020-06-12,NFL,fresh signal REFUSED — falling earnings power
2020-06-12,RCF,RAISE STOP ₹35.25 → ₹40.28 (new box ₹42.40–₹46.20 sealed)
2020-06-12,RECLTD,fresh signal REFUSED — falling earnings power
2020-06-15,CAPLIPOINT,"BUY ₹17.76 at ₹383.80 (fresh Friday signal — BUY: 5.39× weekly, month 2.09×, ladder rising; stop ₹291.46; charges ₹0.02)"
2020-06-15,RCF,PYRAMID BUY ₹12.24 at ₹44.95 (box jump — doubling the stake with NEW capital; stop stays ₹40.28; charges ₹0.01)
2020-06-19,ADVENZYMES,RAISE STOP ₹126.20 → ₹149.98 (new box ₹158.50–₹186.90 sealed)
2020-06-19,APOLLO,RAISE STOP ₹7.57 → ₹8.34 (new box ₹9.09–₹11.60 sealed)
2020-06-19,EIDPARRY,RAISE STOP ₹132.60 → ₹204.49 (new box ₹215.25–₹237.80 sealed)
2020-06-19,LLOYDSENGG,RAISE STOP ₹0.46 → ₹0.71 (new box ₹0.77–₹0.96 sealed)
2020-06-22,ADVENZYMES,PYRAMID BUY ₹11.53 at ₹169.35 (box jump — doubling the stake with NEW capital; stop stays ₹149.98; charges ₹0.01)
2020-06-22,APOLLO,PYRAMID BUY ₹27.71 at ₹11.15 (box jump — doubling the stake with NEW capital; stop stays ₹8.34; charges ₹0.03)
2020-06-22,EIDPARRY,PYRAMID BUY ₹16.67 at ₹267.45 (box jump — doubling the stake with NEW capital; stop stays ₹204.49; charges ₹0.02)
2020-06-22,LLOYDSENGG,PYRAMID BUY ₹36.83 at ₹1.06 (box jump — doubling the stake with NEW capital; stop stays ₹0.71; charges ₹0.04)
2020-06-26,EIDPARRY,RAISE STOP ₹204.49 → ₹249.19 (new box ₹262.30–₹279.80 sealed)
2020-06-29,EIDPARRY,PYRAMID BUY ₹33.88 at ₹272.00 (box jump — doubling the stake with NEW capital; stop stays ₹249.19; charges ₹0.04)
2020-07-03,APLLTD,RAISE STOP ₹785.37 → ₹830.30 (new box ₹874.00–₹983.15 sealed)
2020-07-03,APOLLO,RAISE STOP ₹8.34 → ₹9.39 (new box ₹10.01–₹12.09 sealed)
2020-07-03,DEEPAKFERT,RAISE STOP ₹88.52 → ₹102.48 (new box ₹107.87–₹118.29 sealed)
2020-07-03,RCF,RAISE STOP ₹40.28 → ₹43.23 (new box ₹45.50–₹49.35 sealed)
2020-07-03,SYNGENE,RAISE STOP ₹323.19 → ₹375.25 (new box ₹395.00–₹424.00 sealed)
2020-07-06,APLLTD,PYRAMID BUY ₹22.33 at ₹896.00 (box jump — doubling the stake with NEW capital; stop stays ₹830.30; charges ₹0.03)
2020-07-06,APOLLO,PYRAMID BUY ₹57.42 at ₹11.56 (box jump — doubling the stake with NEW capital; stop stays ₹9.39; charges ₹0.07)
2020-07-06,DEEPAKFERT,PYRAMID BUY ₹11.92 at ₹111.51 (box jump — doubling the stake with NEW capital; stop stays ₹102.48; charges ₹0.01)
2020-07-06,RCF,PYRAMID BUY ₹25.99 at ₹47.75 (box jump — doubling the stake with NEW capital; stop stays ₹43.23; charges ₹0.03)
2020-07-06,SYNGENE,PYRAMID BUY ₹26.31 at ₹438.00 (box jump — doubling the stake with NEW capital; stop stays ₹375.25; charges ₹0.03)
2020-07-24,EIDPARRY,RAISE STOP ₹249.19 → ₹273.03 (new box ₹287.40–₹313.80 sealed)
2020-07-24,RCF,RAISE STOP ₹43.23 → ₹43.37 (new box ₹45.65–₹48.70 sealed)
2020-07-27,EIDPARRY,PYRAMID BUY ₹73.19 at ₹294.00 (box jump — doubling the stake with NEW capital; stop stays ₹273.03; charges ₹0.09)
2020-07-27,RCF,PYRAMID BUY ₹53.95 at ₹49.60 (box jump — doubling the stake with NEW capital; stop stays ₹43.37; charges ₹0.06)
2020-07-31,AARTIDRUGS,"fresh signal NOT FUNDED — cash exhausted (BUY: 1.70× weekly, month 2.11×, ladder rising)"
2020-07-31,ALOKINDS,"fresh signal NOT FUNDED — cash exhausted (ACCUMULATE: 3.86× weekly, month 5.90×, ladder rising)"
2020-07-31,APLLTD,"RAISE STOP ₹830.30 → ₹903.45 (new box ₹951.00–₹1,045.00 sealed)"
2020-07-31,CDSL,fresh signal REFUSED — falling earnings power
2020-07-31,GAEL,"fresh signal NOT FUNDED — cash exhausted (BUY: 3.45× weekly, month 2.59×, ladder rising)"
2020-07-31,ICIL,"fresh signal NOT FUNDED — cash exhausted (BUY: 3.00× weekly, month 4.24×, ladder rising)"
2020-07-31,KIRLOSBROS,"fresh signal NOT FUNDED — cash exhausted (BUY: 4.32× weekly, month 10.27×, ladder rising)"
2020-07-31,LAURUSLABS,"fresh signal NOT FUNDED — cash exhausted (BUY: 2.48× weekly, month 4.23×, ladder rising)"
2020-07-31,LLOYDSENGG,"SELL ₹49.35 at stop ₹0.71 (-18.0%, charges ₹0.05) — the cash goes back to work at the next Friday screen"
2020-07-31,LTFOODS,"fresh signal NOT FUNDED — cash exhausted (BUY: 2.07× weekly, month 2.10×, ladder rising)"
2020-07-31,LTM,fresh signal REFUSED — falling earnings power
2020-07-31,MPHASIS,"fresh signal NOT FUNDED — cash exhausted (ACCUMULATE: 3.48× weekly, month 2.89×, ladder rising)"
2020-07-31,NATCOPHARM,fresh signal REFUSED — falling earnings power
2020-07-31,NEULANDLAB,"fresh signal NOT FUNDED — cash exhausted (BUY: 1.75× weekly, month 4.31×, ladder rising)"
2020-07-31,PERSISTENT,fresh signal REFUSED — falling earnings power
2020-07-31,POLYMED,"fresh signal NOT FUNDED — cash exhausted (ACCUMULATE: 3.30× weekly, month 5.87×, ladder rising)"
2020-07-31,SHILPAMED,"fresh signal NOT FUNDED — cash exhausted (ACCUMULATE: 1.83× weekly, month 2.83×, ladder rising)"
2020-07-31,TECHM,fresh signal REFUSED — falling earnings power
2020-07-31,VIYASH,"fresh signal NOT FUNDED — cash exhausted (BUY: 1.88× weekly, month 4.01×, ladder rising)"
2020-07-31,ZENSARTECH,fresh signal REFUSED — falling earnings power
2020-08-03,APLLTD,PYRAMID BUY ₹49.06 at ₹985.00 (box jump — doubling the stake with NEW capital; stop stays ₹903.45; charges ₹0.06)
2020-08-03,ZENTEC,"BUY ₹51.04 at ₹58.80 (fresh Friday signal — ACCUMULATE: 4.33× weekly, month 4.91×, ladder rising; stop ₹42.67; charges ₹0.06)"
2020-08-07,RCF,RAISE STOP ₹43.37 → ₹43.89 (new box ₹46.20–₹50.95 sealed)
2020-08-10,RCF,PYRAMID BUY ₹112.52 at ₹51.75 (box jump — doubling the stake with NEW capital; stop stays ₹43.89; charges ₹0.13)
2020-08-14,ADVENZYMES,RAISE STOP ₹149.98 → ₹194.75 (new box ₹205.00–₹224.75 sealed)
2020-08-14,DEEPAKFERT,RAISE STOP ₹102.48 → ₹135.30 (new box ₹142.78–₹167.69 sealed)
2020-08-14,SYNGENE,RAISE STOP ₹375.25 → ₹434.44 (new box ₹457.30–₹504.00 sealed)
2020-08-17,ADVENZYMES,PYRAMID BUY ₹30.46 at ₹223.90 (box jump — doubling the stake with NEW capital; stop stays ₹194.75; charges ₹0.04)
2020-08-17,DEEPAKFERT,PYRAMID BUY ₹32.61 at ₹152.62 (box jump — doubling the stake with NEW capital; stop stays ₹135.30; charges ₹0.04)
2020-08-17,EIDPARRY,"SELL ₹135.72 at stop ₹273.03 (-0.0%, charges ₹0.14) — the cash goes back to work at the next Friday screen"
2020-08-17,SYNGENE,PYRAMID BUY ₹59.29 at ₹493.80 (box jump — doubling the stake with NEW capital; stop stays ₹434.44; charges ₹0.07)
2020-08-21,AARTIDRUGS,"fresh signal NOT FUNDED — cash exhausted (BUY: 5.25× weekly, month 7.59×, ladder rising)"
2020-08-21,ASHOKLEY,fresh signal REFUSED — falling earnings power
2020-08-21,ATUL,"fresh signal NOT FUNDED — cash exhausted (BUY: 1.77× weekly, month 1.68×, ladder rising)"
2020-08-21,BALAMINES,fresh signal REFUSED — falling earnings power
2020-08-21,BLS,fresh signal REFUSED — falling earnings power
2020-08-21,BRIGADE,fresh signal REFUSED — falling earnings power
2020-08-21,BSOFT,fresh signal REFUSED — falling earnings power
2020-08-21,CAPLIPOINT,RAISE STOP ₹291.46 → ₹454.79 (new box ₹508.15–₹686.00 sealed)
2020-08-21,CCL,"fresh signal NOT FUNDED — cash exhausted (ACCUMULATE: 2.70× weekly, month 1.56×, ladder rising)"
2020-08-21,DBL,fresh signal REFUSED — falling earnings power
2020-08-21,EMBDL,fresh signal REFUSED — falling earnings power
2020-08-21,EPL,"fresh signal NOT FUNDED — cash exhausted (BUY: 1.66× weekly, month 2.55×, ladder rising)"
2020-08-21,GAEL,"fresh signal NOT FUNDED — cash exhausted (BUY: 1.93× weekly, month 3.48×, ladder rising)"
2020-08-21,GRASIM,fresh signal REFUSED — falling earnings power
2020-08-21,GRAVITA,"fresh signal NOT FUNDED — cash exhausted (ACCUMULATE: 2.54× weekly, month 3.27×, ladder rising)"
2020-08-21,IMFA,fresh signal REFUSED — falling earnings power
2020-08-21,IRB,fresh signal REFUSED — falling earnings power
2020-08-21,LUMAXTECH,fresh signal REFUSED — falling earnings power
2020-08-21,MAHABANK,"fresh signal NOT FUNDED — cash exhausted (BUY: 2.09× weekly, month 4.45×, ladder rising)"
2020-08-21,PNBHOUSING,fresh signal REFUSED — falling earnings power
2020-08-21,PRICOLLTD,"fresh signal NOT FUNDED — cash exhausted (BUY: 3.26× weekly, month 2.29×, ladder rising)"
2020-08-21,RCF,RAISE STOP ₹43.89 → ₹45.84 (new box ₹48.25–₹53.50 sealed)
2020-08-21,RHIM,fresh signal REFUSED — falling earnings power
2020-08-21,RTNINDIA,fresh signal REFUSED — falling earnings power
2020-08-21,SARDAEN,fresh signal REFUSED — falling earnings power
2020-08-21,TANLA,fresh signal REFUSED — falling earnings power
2020-08-21,TATAPOWER,fresh signal REFUSED — falling earnings power
2020-08-21,TIPSMUSIC,fresh signal REFUSED — falling earnings power
2020-08-21,TORNTPOWER,"fresh signal NOT FUNDED — cash exhausted (BUY: 1.91× weekly, month 1.68×, ladder rising)"
2020-08-21,TRIVENI,"fresh signal NOT FUNDED — cash exhausted (ACCUMULATE: 1.72× weekly, month 2.23×, ladder rising)"
2020-08-21,USHAMART,"fresh signal NOT FUNDED — cash exhausted (BUY: 1.52× weekly, month 1.67×, ladder rising)"
2020-08-21,WABAG,fresh signal REFUSED — falling earnings power
2020-08-21,ZENTEC,RAISE STOP ₹42.67 → ₹80.56 (new box ₹84.80–₹92.35 sealed)
2020-08-21,ZFCVINDIA,"fresh signal NOT FUNDED — cash exhausted (ACCUMULATE: 2.22× weekly, month 1.75×, ladder rising)"
2020-08-24,CAPLIPOINT,PYRAMID BUY ₹24.99 at ₹540.80 (box jump — doubling the stake with NEW capital; stop stays ₹454.79; charges ₹0.03)
2020-08-24,RCF,PYRAMID BUY ₹216.43 at ₹49.80 (box jump — doubling the stake with NEW capital; stop stays ₹45.84; charges ₹0.26)
2020-08-24,THYROCARE,"BUY ₹126.60 at ₹263.35 (fresh Friday signal — BUY: 7.09× weekly, month 4.48×, ladder rising; stop ₹199.77; charges ₹0.15)"
2020-08-24,ZENTEC,PYRAMID BUY ₹78.46 at ₹90.50 (box jump — doubling the stake with NEW capital; stop stays ₹80.56; charges ₹0.09)
2020-08-28,APLLTD,"RAISE STOP ₹903.45 → ₹928.62 (new box ₹977.50–₹1,049.00 sealed)"
2020-08-31,APLLTD,PYRAMID BUY ₹99.45 at ₹999.00 (box jump — doubling the stake with NEW capital; stop stays ₹928.62; charges ₹0.12)
2020-08-31,ZENTEC,"SELL ₹139.46 at stop ₹80.56 (+7.9%, charges ₹0.14) — the cash goes back to work at the next Friday screen"
2020-09-01,APLLTD,"SELL ₹184.58 at stop ₹928.62 (-3.3%, charges ₹0.19) — the cash goes back to work at the next Friday screen"
2020-09-04,ASHAPURMIN,fresh signal REFUSED — falling earnings power
2020-09-04,CDSL,fresh signal REFUSED — falling earnings power
2020-09-04,DEEPAKFERT,RAISE STOP ₹135.30 → ₹149.57 (new box ₹158.24–₹187.13 sealed)
2020-09-04,ELECTCAST,fresh signal REFUSED — falling earnings power
2020-09-04,GRASIM,fresh signal REFUSED — falling earnings power
2020-09-04,IFBIND,fresh signal REFUSED — falling earnings power
2020-09-04,JMFINANCIL,fresh signal REFUSED — falling earnings power
2020-09-04,THYROCARE,RAISE STOP ₹199.77 → ₹235.03 (new box ₹247.40–₹282.30 sealed)
2020-09-04,TIPSMUSIC,fresh signal REFUSED — falling earnings power
2020-09-07,DEEPAKFERT,PYRAMID BUY ₹70.77 at ₹165.71 (box jump — doubling the stake with NEW capital; stop stays ₹149.57; charges ₹0.08)
2020-09-07,INDIAMART,"BUY ₹146.24 at ₹2,124.50 (fresh Friday signal — BUY: 2.46× weekly, month 1.96×, ladder rising; stop ₹1,655.61; charges ₹0.17)"
2020-09-07,POLYMED,"BUY ₹147.18 at ₹449.70 (fresh Friday signal — BUY: 2.13× weekly, month 2.66×, ladder rising; stop ₹372.40; charges ₹0.17)"
2020-09-07,THYROCARE,PYRAMID BUY ₹120.84 at ₹251.67 (box jump — doubling the stake with NEW capital; stop stays ₹235.03; charges ₹0.14)
2020-09-09,RCF,"SELL ₹397.79 at stop ₹45.84 (-7.7%, charges ₹0.41) — the cash goes back to work at the next Friday screen"
2020-09-11,ASHAPURMIN,fresh signal REFUSED — falling earnings power
2020-09-11,DATAMATICS,fresh signal REFUSED — falling earnings power
2020-09-11,POLYMED,RAISE STOP ₹372.40 → ₹408.50 (new box ₹430.00–₹497.70 sealed)
2020-09-11,STAR,fresh signal REFUSED — falling earnings power
2020-09-11,TIPSMUSIC,fresh signal REFUSED — falling earnings power
2020-09-14,ATGL,"BUY ₹101.09 at ₹209.75 (fresh Friday signal — BUY: 1.66× weekly, month 1.67×, ladder rising; stop ₹159.58; charges ₹0.12)"
2020-09-14,GLAXO,"BUY ₹167.96 at ₹1,675.00 (fresh Friday signal — BUY: 2.55× weekly, month 2.05×, ladder rising; stop ₹1,437.44; charges ₹0.20)"
2020-09-14,POLYMED,PYRAMID BUY ₹157.55 at ₹481.95 (box jump — doubling the stake with NEW capital; stop stays ₹408.50; charges ₹0.19)
2020-09-14,SCHAEFFLER,"BUY ₹168.47 at ₹814.00 (fresh Friday signal — ACCUMULATE: 2.07× weekly, month 1.89×, ladder rising; stop ₹724.67; charges ₹0.20)"
2020-09-18,ADVENZYMES,RAISE STOP ₹194.75 → ₹212.37 (new box ₹223.55–₹238.55 sealed)
2020-09-18,CAPLIPOINT,RAISE STOP ₹454.79 → ₹486.88 (new box ₹512.50–₹552.70 sealed)
2020-09-18,INDIAMART,"RAISE STOP ₹1,655.61 → ₹2,099.50 (new box ₹2,210.00–₹2,461.60 sealed)"
2020-09-21,ADVENZYMES,PYRAMID BUY ₹68.75 at ₹252.85 (box jump — doubling the stake with NEW capital; stop stays ₹212.37; charges ₹0.08)
2020-09-21,CAPLIPOINT,PYRAMID BUY ₹55.61 at ₹602.00 (box jump — doubling the stake with NEW capital; stop stays ₹486.88; charges ₹0.07)
2020-09-21,INDIAMART,"PYRAMID BUY ₹173.35 at ₹2,521.27 (box jump — doubling the stake with NEW capital; stop stays ₹2,099.50; charges ₹0.21)"
2020-09-22,DEEPAKFERT,"SELL ₹127.54 at stop ₹149.57 (+1.4%, charges ₹0.13) — the cash goes back to work at the next Friday screen"
2020-09-23,SCHAEFFLER,"SELL ₹149.65 at stop ₹724.67 (-11.0%, charges ₹0.16) — the cash goes back to work at the next Friday screen"
2020-09-25,CAPLIPOINT,RAISE STOP ₹486.88 → ₹498.06 (new box ₹525.05–₹615.00 sealed)
2020-09-25,ELECTCAST,fresh signal REFUSED — falling earnings power
2020-09-25,KPITTECH,"fresh signal NOT FUNDED — cash exhausted (ACCUMULATE: 2.60× weekly, month 3.03×, ladder rising)"
2020-09-25,SYNGENE,RAISE STOP ₹434.44 → ₹501.60 (new box ₹528.00–₹594.95 sealed)
2020-09-28,CAPLIPOINT,PYRAMID BUY ₹103.40 at ₹560.00 (box jump — doubling the stake with NEW capital; stop stays ₹498.06; charges ₹0.12)
2020-09-28,HCLTECH,"BUY ₹221.20 at ₹838.40 (fresh Friday signal — BUY: 2.61× weekly, month 2.34×, ladder rising; stop ₹740.29; charges ₹0.26)"
2020-09-28,SYNGENE,PYRAMID BUY ₹140.70 at ₹586.30 (box jump — doubling the stake with NEW capital; stop stays ₹501.60; charges ₹0.17)
2020-10-01,ATGL,RAISE STOP ₹159.58 → ₹162.03 (new box ₹174.25–₹215.00 sealed)
2020-10-01,GLAXO,"RAISE STOP ₹1,437.44 → ₹1,441.55 (new box ₹1,526.00–₹1,807.50 sealed)"
2020-10-01,POLYMED,RAISE STOP ₹408.50 → ₹420.11 (new box ₹443.00–₹519.30 sealed)
2020-10-05,ATGL,PYRAMID BUY ₹93.87 at ₹195.00 (box jump — doubling the stake with NEW capital; stop stays ₹162.03; charges ₹0.11)
2020-10-05,GLAXO,"PYRAMID BUY ₹157.25 at ₹1,570.00 (box jump — doubling the stake with NEW capital; stop stays ₹1,441.55; charges ₹0.19)"
2020-10-05,POLYMED,PYRAMID BUY ₹307.34 at ₹470.35 (box jump — doubling the stake with NEW capital; stop stays ₹420.11; charges ₹0.36)
2020-10-09,HCLTECH,RAISE STOP ₹740.29 → ₹766.75 (new box ₹807.10–₹844.75 sealed)
2020-10-09,INDIAMART,"RAISE STOP ₹2,099.50 → ₹2,315.62 (new box ₹2,437.50–₹2,743.75 sealed)"
2020-10-12,HCLTECH,PYRAMID BUY ₹226.84 at ₹860.80 (box jump — doubling the stake with NEW capital; stop stays ₹766.75; charges ₹0.27)
2020-10-12,INDIAMART,"PYRAMID BUY ₹346.32 at ₹2,520.00 (box jump — doubling the stake with NEW capital; stop stays ₹2,315.62; charges ₹0.41)"
2020-10-16,THYROCARE,RAISE STOP ₹235.03 → ₹311.14 (new box ₹327.80–₹383.33 sealed)
2020-10-19,INDIAMART,"SELL ₹635.42 at stop ₹2,315.62 (-4.4%, charges ₹0.66) — the cash goes back to work at the next Friday screen"
2020-10-19,THYROCARE,PYRAMID BUY ₹330.93 at ₹344.82 (box jump — doubling the stake with NEW capital; stop stays ₹311.14; charges ₹0.39)
2020-10-23,ADVENZYMES,RAISE STOP ₹212.37 → ₹292.33 (new box ₹313.65–₹384.70 sealed)
2020-10-23,BBOX,fresh signal REFUSED — falling earnings power
2020-10-23,CEATLTD,fresh signal REFUSED — falling earnings power
2020-10-23,GAEL,"fresh signal NOT FUNDED — cash exhausted (ACCUMULATE: 1.82× weekly, month 1.98×, ladder rising)"
2020-10-23,GOKEX,"fresh signal NOT FUNDED — cash exhausted (BUY: 2.02× weekly, month 1.72×, ladder rising)"
2020-10-23,HCLTECH,RAISE STOP ₹766.75 → ₹779.57 (new box ₹820.60–₹910.70 sealed)
2020-10-23,NEWGEN,fresh signal REFUSED — falling earnings power
2020-10-23,OPTIEMUS,fresh signal REFUSED — falling earnings power
2020-10-23,POONAWALLA,fresh signal REFUSED — falling earnings power
2020-10-26,ADVENZYMES,PYRAMID BUY ₹171.42 at ₹315.40 (box jump — doubling the stake with NEW capital; stop stays ₹292.33; charges ₹0.20)
2020-10-26,AMBER,"BUY ₹257.28 at ₹2,342.00 (fresh Friday signal — BUY: 2.70× weekly, month 2.63×, ladder rising; stop ₹1,692.83; charges ₹0.30)"
2020-10-26,HCLTECH,PYRAMID BUY ₹449.31 at ₹853.00 (box jump — doubling the stake with NEW capital; stop stays ₹779.57; charges ₹0.53)
2020-10-26,JUSTDIAL,"BUY ₹434.14 at ₹584.00 (fresh Friday signal — BUY: 4.99× weekly, month 1.82×, ladder rising; stop ₹383.80; charges ₹0.51)"
2020-10-30,CAPLIPOINT,"SELL ₹183.63 at stop ₹498.06 (-8.8%, charges ₹0.19) — the cash goes back to work at the next Friday screen"
2020-11-02,GLAXO,"SELL ₹288.29 at stop ₹1,441.55 (-11.2%, charges ₹0.30) — the cash goes back to work at the next Friday screen"
2020-11-03,ADVENZYMES,"SELL ₹317.25 at stop ₹292.33 (+8.5%, charges ₹0.33) — the cash goes back to work at the next Friday screen"
2020-11-06,FINPIPE,fresh signal REFUSED — falling earnings power
2020-11-06,MRF,fresh signal REFUSED — falling earnings power
2020-11-06,SAREGAMA,fresh signal REFUSED — falling earnings power
2020-11-06,THYROCARE,RAISE STOP ₹311.14 → ₹338.83 (new box ₹356.67–₹404.00 sealed)
2020-11-09,BORORENEW,"BUY ₹507.15 at ₹99.70 (fresh Friday signal — ACCUMULATE: 1.74× weekly, month 1.65×, ladder rising; stop ₹77.16; charges ₹0.60)"
2020-11-09,THYROCARE,PYRAMID BUY ₹727.50 at ₹379.23 (box jump — doubling the stake with NEW capital; stop stays ₹338.83; charges ₹0.86)
2020-11-12,THYROCARE,"SELL ₹1,297.86 at stop ₹338.83 (-0.4%, charges ₹1.35) — the cash goes back to work at the next Friday screen"
2020-11-14,AMBER,"RAISE STOP ₹1,692.83 → ₹2,035.85 (new box ₹2,143.00–₹2,352.80 sealed)"
2020-11-14,APOLLO,RAISE STOP ₹9.39 → ₹10.21 (new box ₹10.74–₹11.87 sealed)
2020-11-14,ATGL,RAISE STOP ₹162.03 → ₹219.69 (new box ₹231.25–₹247.30 sealed)
2020-11-14,JUSTDIAL,RAISE STOP ₹383.80 → ₹523.11 (new box ₹568.00–₹717.65 sealed)
2020-11-14,MRF,fresh signal REFUSED — falling earnings power
2020-11-14,SAREGAMA,fresh signal REFUSED — falling earnings power
2020-11-17,AMBER,"PYRAMID BUY ₹256.75 at ₹2,340.00 (box jump — doubling the stake with NEW capital; stop stays ₹2,035.85; charges ₹0.30)"
2020-11-17,APOLLO,PYRAMID BUY ₹113.88 at ₹11.47 (box jump — doubling the stake with NEW capital; stop stays ₹10.21; charges ₹0.13)
2020-11-17,ATGL,PYRAMID BUY ₹236.94 at ₹246.25 (box jump — doubling the stake with NEW capital; stop stays ₹219.69; charges ₹0.28)
2020-11-17,JUSTDIAL,PYRAMID BUY ₹464.06 at ₹625.00 (box jump — doubling the stake with NEW capital; stop stays ₹523.11; charges ₹0.55)
2020-11-17,PIIND,"BUY ₹616.17 at ₹2,348.20 (fresh Friday signal — ACCUMULATE: 1.62× weekly, month 1.81×, ladder rising; stop ₹2,107.67; charges ₹0.73)"
2020-11-17,TRENT,"BUY ₹617.16 at ₹755.00 (fresh Friday signal — ACCUMULATE: 3.32× weekly, month 1.93×, ladder rising; stop ₹551.90; charges ₹0.73)"
2020-11-20,IMFA,fresh signal REFUSED — falling earnings power
2020-11-20,MRF,fresh signal REFUSED — falling earnings power
2020-11-23,HFCL,"BUY ₹346.56 at ₹18.20 (fresh Friday signal — BUY: 3.09× weekly, month 1.77×, ladder rising; stop ₹15.20; charges ₹0.41)"
2020-11-27,BORORENEW,RAISE STOP ₹77.16 → ₹106.40 (new box ₹112.00–₹122.00 sealed)
2020-11-27,HFCL,RAISE STOP ₹15.20 → ₹16.81 (new box ₹17.70–₹19.80 sealed)
2020-12-01,BORORENEW,PYRAMID BUY ₹645.25 at ₹127.00 (box jump — doubling the stake with NEW capital; stop stays ₹106.40; charges ₹0.76)
2020-12-01,HFCL,PYRAMID BUY ₹351.85 at ₹18.50 (box jump — doubling the stake with NEW capital; stop stays ₹16.81; charges ₹0.42)
2020-12-04,ATGL,RAISE STOP ₹219.69 → ₹295.81 (new box ₹311.95–₹365.75 sealed)
2020-12-07,ATGL,PYRAMID BUY ₹696.41 at ₹362.10 (box jump — doubling the stake with NEW capital; stop stays ₹295.81; charges ₹0.83)
2020-12-11,AMBER,"RAISE STOP ₹2,035.85 → ₹2,168.75 (new box ₹2,282.90–₹2,524.95 sealed)"
2020-12-11,BORORENEW,RAISE STOP ₹106.40 → ₹123.97 (new box ₹130.50–₹140.70 sealed)
2020-12-11,HFCL,RAISE STOP ₹16.81 → ₹19.05 (new box ₹20.05–₹23.40 sealed)
2020-12-11,TRENT,RAISE STOP ₹551.90 → ₹626.30 (new box ₹668.45–₹808.95 sealed)
2020-12-14,AMBER,"PYRAMID BUY ₹512.75 at ₹2,337.95 (box jump — doubling the stake with NEW capital; stop stays ₹2,168.75; charges ₹0.61)"
2020-12-14,BORORENEW,"PYRAMID BUY ₹1,350.16 at ₹132.95 (box jump — doubling the stake with NEW capital; stop stays ₹123.97; charges ₹1.60)"
2020-12-14,HFCL,PYRAMID BUY ₹855.35 at ₹22.50 (box jump — doubling the stake with NEW capital; stop stays ₹19.05; charges ₹1.01)
2020-12-14,TRENT,PYRAMID BUY ₹567.44 at ₹695.00 (box jump — doubling the stake with NEW capital; stop stays ₹626.30; charges ₹0.67)
2020-12-18,APOLLO,RAISE STOP ₹10.21 → ₹11.88 (new box ₹12.50–₹13.48 sealed)
2020-12-18,ATGL,RAISE STOP ₹295.81 → ₹332.60 (new box ₹350.10–₹382.65 sealed)
2020-12-18,SYNGENE,RAISE STOP ₹501.60 → ₹562.40 (new box ₹592.00–₹624.95 sealed)
2020-12-21,APOLLO,PYRAMID BUY ₹248.07 at ₹12.50 (box jump — doubling the stake with NEW capital; stop stays ₹11.88; charges ₹0.29)
2020-12-21,APOLLO,"SELL ₹470.76 at stop ₹11.88 (+0.5%, charges ₹0.49) — the cash goes back to work at the next Friday screen"
2020-12-21,ATGL,"PYRAMID BUY ₹1,382.96 at ₹359.75 (box jump — doubling the stake with NEW capital; stop stays ₹332.60; charges ₹1.64)"
2020-12-21,ATGL,"SELL ₹2,553.01 at stop ₹332.60 (+1.9%, charges ₹2.65) — the cash goes back to work at the next Friday screen"
2020-12-21,SYNGENE,PYRAMID BUY ₹292.61 at ₹610.00 (box jump — doubling the stake with NEW capital; stop stays ₹562.40; charges ₹0.35)
2020-12-22,SYNGENE,"SELL ₹538.68 at stop ₹562.40 (+0.0%, charges ₹0.56) — the cash goes back to work at the next Friday screen"
2020-12-24,ACE,fresh signal REFUSED — falling earnings power
2020-12-24,ASAHIINDIA,fresh signal REFUSED — falling earnings power
2020-12-24,ASHAPURMIN,fresh signal REFUSED — falling earnings power
2020-12-24,ASTRAL,"fresh signal NOT FUNDED — cash exhausted (ACCUMULATE: 1.83× weekly, month 1.68×, ladder rising)"
2020-12-24,AURIONPRO,fresh signal REFUSED — falling earnings power
2020-12-24,BEML,fresh signal REFUSED — falling earnings power
2020-12-24,BORORENEW,RAISE STOP ₹123.97 → ₹148.20 (new box ₹156.00–₹181.00 sealed)
2020-12-24,DATAMATICS,fresh signal REFUSED — falling earnings power
2020-12-24,ERIS,fresh signal REFUSED — falling earnings power
2020-12-24,JKCEMENT,"fresh signal NOT FUNDED — cash exhausted (ACCUMULATE: 2.08× weekly, month 1.76×, ladder rising)"
2020-12-24,KNRCON,fresh signal REFUSED — falling earnings power
2020-12-24,PCJEWELLER,"fresh signal NOT FUNDED — cash exhausted (ACCUMULATE: 1.75× weekly, month 3.02×, ladder rising)"
2020-12-24,SAIL,fresh signal REFUSED — falling earnings power
2020-12-24,SURYAROSNI,fresh signal REFUSED — falling earnings power
2020-12-24,TDPOWERSYS,"fresh signal NOT FUNDED — cash exhausted (ACCUMULATE: 1.71× weekly, month 2.20×, ladder rising)"
2020-12-28,BORORENEW,"PYRAMID BUY ₹4,770.21 at ₹235.00 (box jump — doubling the stake with NEW capital; stop stays ₹148.20; charges ₹5.65)"
2020-12-28,GRAVITA,"BUY ₹1,439.32 at ₹69.65 (fresh Friday signal — BUY: 2.45× weekly, month 4.29×, ladder rising; stop ₹46.41; charges ₹1.71)"
2020-12-28,HONAUT,"BUY ₹2,123.14 at ₹38,887.75 (fresh Friday signal — BUY: 5.49× weekly, month 1.69×, ladder rising; stop ₹29,024.49; charges ₹2.52)"
2021-01-08,HFCL,RAISE STOP ₹19.05 → ₹24.13 (new box ₹25.40–₹27.25 sealed)
2021-01-08,HONAUT,"RAISE STOP ₹29,024.49 → ₹34,722.50 (new box ₹36,550.00–₹39,200.00 sealed)"
2021-01-11,HFCL,"PYRAMID BUY ₹2,363.17 at ₹31.10 (box jump — doubling the stake with NEW capital; stop stays ₹24.13; charges ₹2.80)"
2021-01-11,HONAUT,"PYRAMID BUY ₹2,235.81 at ₹41,000.00 (box jump — doubling the stake with NEW capital; stop stays ₹34,722.50; charges ₹2.65)"
2021-01-15,BORORENEW,RAISE STOP ₹148.20 → ₹247.59 (new box ₹265.05–₹323.25 sealed)
2021-01-15,GRAVITA,RAISE STOP ₹46.41 → ₹70.89 (new box ₹75.00–₹88.70 sealed)
2021-01-18,BORORENEW,"PYRAMID BUY ₹11,157.70 at ₹275.00 (box jump — doubling the stake with NEW capital; stop stays ₹247.59; charges ₹13.22)"
2021-01-18,GRAVITA,"PYRAMID BUY ₹1,614.09 at ₹78.20 (box jump — doubling the stake with NEW capital; stop stays ₹70.89; charges ₹1.91)"
2021-01-20,BORORENEW,"SELL ₹20,058.46 at stop ₹247.59 (+9.1%, charges ₹20.81) — the cash goes back to work at the next Friday screen"
2021-01-22,AMBER,"RAISE STOP ₹2,168.75 → ₹2,347.45 (new box ₹2,471.00–₹2,773.95 sealed)"
2021-01-22,ANANTRAJ,fresh signal REFUSED — falling earnings power
2021-01-22,CEATLTD,fresh signal REFUSED — falling earnings power
2021-01-22,GODREJIND,fresh signal REFUSED — falling earnings power
2021-01-22,HCLTECH,"RAISE STOP ₹779.57 → ₹928.05 (new box ₹976.90–₹1,067.00 sealed)"
2021-01-22,HFCL,RAISE STOP ₹24.13 → ₹28.12 (new box ₹29.60–₹33.80 sealed)
2021-01-22,JBMA,fresh signal REFUSED — falling earnings power
2021-01-22,JUSTDIAL,RAISE STOP ₹523.11 → ₹622.35 (new box ₹655.50–₹766.00 sealed)
2021-01-22,LUMAXTECH,fresh signal REFUSED — falling earnings power
2021-01-22,MRF,fresh signal REFUSED — falling earnings power
2021-01-22,NIACL,fresh signal REFUSED — falling earnings power
2021-01-22,SAREGAMA,fresh signal REFUSED — falling earnings power
2021-01-22,TECHNOE,fresh signal REFUSED — falling earnings power
2021-01-22,TMPV,fresh signal REFUSED — falling earnings power
2021-01-25,AMBER,"PYRAMID BUY ₹1,095.94 at ₹2,500.00 (box jump — doubling the stake with NEW capital; stop stays ₹2,347.45; charges ₹1.30)"
2021-01-25,GABRIEL,signal SKIPPED — cash below half a slice
2021-01-25,HCLTECH,"PYRAMID BUY ₹1,049.70 at ₹997.00 (box jump — doubling the stake with NEW capital; stop stays ₹928.05; charges ₹1.24)"
2021-01-25,HFCL,"PYRAMID BUY ₹4,746.31 at ₹31.25 (box jump — doubling the stake with NEW capital; stop stays ₹28.12; charges ₹5.62)"
2021-01-25,HINDZINC,"BUY ₹4,455.05 at ₹277.40 (fresh Friday signal — ACCUMULATE: 2.31× weekly, month 2.09×, ladder rising; stop ₹248.97; charges ₹5.28)"
2021-01-25,INDIAMART,"BUY ₹4,465.60 at ₹3,990.00 (fresh Friday signal — BUY: 2.37× weekly, month 1.58×, ladder rising; stop ₹3,323.20; charges ₹5.29)"
2021-01-25,JUSTDIAL,PYRAMID BUY ₹998.07 at ₹672.50 (box jump — doubling the stake with NEW capital; stop stays ₹622.35; charges ₹1.18)
2021-01-25,JUSTDIAL,"SELL ₹1,844.28 at stop ₹622.35 (-2.5%, charges ₹1.91) — the cash goes back to work at the next Friday screen"
2021-01-25,PIIND,"SELL ₹551.83 at stop ₹2,107.67 (-10.2%, charges ₹0.57) — the cash goes back to work at the next Friday screen"
2021-01-25,TATAELXSI,"BUY ₹4,488.35 at ₹2,608.00 (fresh Friday signal — BUY: 2.94× weekly, month 2.74×, ladder rising; stop ₹1,712.61; charges ₹5.32)"
2021-01-25,WHIRLPOOL,"BUY ₹4,439.52 at ₹2,697.50 (fresh Friday signal — BUY: 1.73× weekly, month 2.10×, ladder rising; stop ₹2,244.99; charges ₹5.26)"
2021-01-28,HFCL,"SELL ₹8,527.94 at stop ₹28.12 (-1.3%, charges ₹8.85) — the cash goes back to work at the next Friday screen"
2021-01-29,CYIENT,fresh signal REFUSED — falling earnings power
2021-01-29,HCLTECH,"SELL ₹1,951.04 at stop ₹928.05 (+0.4%, charges ₹2.02) — the cash goes back to work at the next Friday screen"
2021-01-29,INDIAMART,"RAISE STOP ₹3,323.20 → ₹3,460.38 (new box ₹3,642.50–₹4,187.35 sealed)"
2021-01-29,TATAELXSI,"RAISE STOP ₹1,712.61 → ₹2,275.70 (new box ₹2,408.00–₹2,849.00 sealed)"
2021-01-29,TRENT,"SELL ₹1,021.04 at stop ₹626.30 (-13.6%, charges ₹1.06) — the cash goes back to work at the next Friday screen"
2021-02-01,GAEL,"BUY ₹5,442.74 at ₹71.47 (fresh Friday signal — ACCUMULATE: 2.70× weekly, month 3.63×, ladder rising; stop ₹62.70; charges ₹6.45)"
2021-02-01,INDIAMART,"PYRAMID BUY ₹4,392.20 at ₹3,929.07 (box jump — doubling the stake with NEW capital; stop stays ₹3,460.38; charges ₹5.20)"
2021-02-01,TATAELXSI,"PYRAMID BUY ₹4,661.37 at ₹2,711.75 (box jump — doubling the stake with NEW capital; stop stays ₹2,275.70; charges ₹5.52)"
2021-02-05,APARINDS,fresh signal REFUSED — falling earnings power
2021-02-05,BAJAJELEC,fresh signal REFUSED — falling earnings power
2021-02-05,BLUEDART,fresh signal REFUSED — falling earnings power
2021-02-05,CARBORUNIV,fresh signal REFUSED — falling earnings power
2021-02-05,CEATLTD,fresh signal REFUSED — falling earnings power
2021-02-05,CUMMINSIND,fresh signal REFUSED — falling earnings power
2021-02-05,CYIENT,fresh signal REFUSED — falling earnings power
2021-02-05,GODREJIND,fresh signal REFUSED — falling earnings power
2021-02-05,HONAUT,"RAISE STOP ₹34,722.50 → ₹35,971.61 (new box ₹37,864.85–₹41,859.75 sealed)"
2021-02-05,IEX,fresh signal REFUSED — falling earnings power
2021-02-05,IMFA,fresh signal REFUSED — falling earnings power
2021-02-05,INDIANB,fresh signal REFUSED — falling earnings power
2021-02-05,INTELLECT,fresh signal REFUSED — falling earnings power
2021-02-05,IOC,fresh signal REFUSED — falling earnings power
2021-02-05,KIRLOSBROS,"fresh signal NOT FUNDED — cash exhausted (BUY: 1.71× weekly, month 1.58×, ladder rising)"
2021-02-05,KNRCON,fresh signal REFUSED — falling earnings power
2021-02-05,MAHABANK,"fresh signal NOT FUNDED — cash exhausted (BUY: 2.17× weekly, month 3.37×, ladder rising)"
2021-02-05,MSTCLTD,"fresh signal NOT FUNDED — cash exhausted (BUY: 2.05× weekly, month 3.33×, ladder rising)"
2021-02-05,NATIONALUM,fresh signal REFUSED — falling earnings power
2021-02-05,PRSMJOHNSN,fresh signal REFUSED — falling earnings power
2021-02-05,QUESS,fresh signal REFUSED — falling earnings power
2021-02-05,RCF,"fresh signal NOT FUNDED — cash exhausted (ACCUMULATE: 1.65× weekly, month 1.89×, ladder rising)"
2021-02-05,THERMAX,fresh signal REFUSED — falling earnings power
2021-02-05,TMPV,fresh signal REFUSED — falling earnings power
2021-02-05,UCOBANK,"fresh signal NOT FUNDED — cash exhausted (ACCUMULATE: 2.15× weekly, month 1.67×, ladder rising)"
2021-02-05,UNOMINDA,fresh signal REFUSED — falling earnings power
2021-02-05,VGUARD,"fresh signal NOT FUNDED — cash exhausted (BUY: 1.94× weekly, month 2.57×, ladder rising)"
2021-02-08,HONAUT,"PYRAMID BUY ₹4,577.86 at ₹41,999.00 (box jump — doubling the stake with NEW capital; stop stays ₹35,971.61; charges ₹5.42)"
2021-02-08,ITC,"BUY ₹4,658.76 at ₹228.69 (fresh Friday signal — BUY: 2.38× weekly, month 1.68×, ladder rising; stop ₹184.60; charges ₹5.52)"
2021-02-08,UJJIVANSFB,"BUY ₹6,004.56 at ₹37.15 (fresh Friday signal — ACCUMULATE: 2.60× weekly, month 2.19×, ladder rising; stop ₹32.12; charges ₹7.11)"
2021-02-12,HINDZINC,RAISE STOP ₹248.97 → ₹279.30 (new box ₹294.00–₹306.40 sealed)
2021-02-12,INDIAMART,"RAISE STOP ₹3,460.38 → ₹4,137.25 (new box ₹4,355.00–₹4,975.00 sealed)"
2021-02-12,TATAELXSI,"RAISE STOP ₹2,275.70 → ₹2,660.00 (new box ₹2,800.00–₹3,050.00 sealed)"
2021-02-15,HINDZINC,"PYRAMID BUY ₹4,813.90 at ₹300.10 (box jump — doubling the stake with NEW capital; stop stays ₹279.30; charges ₹5.70)"
2021-02-15,INDIAMART,"PYRAMID BUY ₹10,354.97 at ₹4,634.30 (box jump — doubling the stake with NEW capital; stop stays ₹4,137.25; charges ₹12.27)"
2021-02-15,TATAELXSI,"PYRAMID BUY ₹9,795.67 at ₹2,851.00 (box jump — doubling the stake with NEW capital; stop stays ₹2,660.00; charges ₹11.61)"
2021-02-19,HONAUT,"RAISE STOP ₹35,971.61 → ₹39,140.00 (new box ₹41,200.00–₹43,231.00 sealed)"
2021-02-19,ITC,RAISE STOP ₹184.60 → ₹197.41 (new box ₹207.80–₹230.33 sealed)
2021-02-22,HONAUT,"PYRAMID BUY ₹9,804.11 at ₹45,000.00 (box jump — doubling the stake with NEW capital; stop stays ₹39,140.00; charges ₹11.62)"
2021-02-22,ITC,"PYRAMID BUY ₹4,153.63 at ₹204.14 (box jump — doubling the stake with NEW capital; stop stays ₹197.41; charges ₹4.92)"
2021-02-22,TATAELXSI,"SELL ₹18,249.07 at stop ₹2,660.00 (-3.5%, charges ₹18.93) — the cash goes back to work at the next Friday screen"
2021-02-23,GAEL,"SELL ₹4,763.93 at stop ₹62.70 (-12.3%, charges ₹4.94) — the cash goes back to work at the next Friday screen"
2021-02-26,ADANIENT,"fresh signal NOT FUNDED — cash exhausted (BUY: 1.57× weekly, month 1.75×, ladder rising)"
2021-02-26,ADANIPORTS,fresh signal REFUSED — falling earnings power
2021-02-26,AMBER,"RAISE STOP ₹2,347.45 → ₹2,909.80 (new box ₹3,062.95–₹3,315.00 sealed)"
2021-02-26,GESHIP,"fresh signal NOT FUNDED — cash exhausted (BUY: 2.93× weekly, month 1.80×, ladder rising)"
2021-02-26,GNFC,fresh signal REFUSED — falling earnings power
2021-02-26,GSFC,fresh signal REFUSED — falling earnings power
2021-02-26,IMFA,fresh signal REFUSED — falling earnings power
2021-02-26,ITC,"SELL ₹8,020.39 at stop ₹197.41 (-8.8%, charges ₹8.32) — the cash goes back to work at the next Friday screen"
2021-02-26,LUMAXTECH,fresh signal REFUSED — falling earnings power
2021-02-26,MMTC,fresh signal REFUSED — falling earnings power
2021-02-26,NATIONALUM,fresh signal REFUSED — falling earnings power
2021-02-26,NBCC,fresh signal REFUSED — falling earnings power
2021-02-26,PRAJIND,fresh signal REFUSED — falling earnings power
2021-02-26,PRICOLLTD,"fresh signal NOT FUNDED — cash exhausted (BUY: 2.39× weekly, month 5.47×, ladder rising)"
2021-02-26,SCHNEIDER,fresh signal REFUSED — falling earnings power
2021-02-26,SOUTHBANK,"fresh signal NOT FUNDED — cash exhausted (ACCUMULATE: 1.96× weekly, month 1.55×, ladder rising)"
2021-02-26,SUNDARMFIN,fresh signal REFUSED — falling earnings power
2021-02-26,TATACHEM,"fresh signal NOT FUNDED — cash exhausted (BUY: 2.55× weekly, month 2.88×, ladder rising)"
2021-02-26,VAIBHAVGBL,"fresh signal NOT FUNDED — cash exhausted (BUY: 2.74× weekly, month 2.17×, ladder rising)"
2021-02-26,ZENSARTECH,fresh signal REFUSED — falling earnings power
2021-03-01,AMBER,"PYRAMID BUY ₹2,874.92 at ₹3,281.00 (box jump — doubling the stake with NEW capital; stop stays ₹2,909.80; charges ₹3.41)"
2021-03-01,IOB,"BUY ₹10,165.60 at ₹18.90 (fresh Friday signal — ACCUMULATE: 3.52× weekly, month 9.60×, ladder rising; stop ₹13.70; charges ₹12.04)"
2021-03-01,MAHABANK,"BUY ₹10,105.30 at ₹25.20 (fresh Friday signal — ACCUMULATE: 3.28× weekly, month 6.34×, ladder rising; stop ₹18.37; charges ₹11.97)"
2021-03-01,RCF,"BUY ₹10,028.43 at ₹80.00 (fresh Friday signal — BUY: 7.15× weekly, month 3.12×, ladder rising; stop ₹50.16; charges ₹11.88)"
2021-03-02,INDIAMART,"SELL ₹18,458.60 at stop ₹4,137.25 (-3.7%, charges ₹19.15) — the cash goes back to work at the next Friday screen"
2021-03-05,ADANIPORTS,fresh signal REFUSED — falling earnings power
2021-03-05,ADANIPOWER,fresh signal REFUSED — falling earnings power
2021-03-05,BALRAMCHIN,fresh signal REFUSED — falling earnings power
2021-03-05,BLUESTARCO,fresh signal REFUSED — falling earnings power
2021-03-05,CCAVENUE,fresh signal REFUSED — falling earnings power
2021-03-05,CONCOR,fresh signal REFUSED — falling earnings power
2021-03-05,EDELWEISS,fresh signal REFUSED — falling earnings power
2021-03-05,GNFC,fresh signal REFUSED — falling earnings power
2021-03-05,GSFC,fresh signal REFUSED — falling earnings power
2021-03-05,HONAUT,"RAISE STOP ₹39,140.00 → ₹41,911.15 (new box ₹44,117.00–₹48,644.00 sealed)"
2021-03-05,JAIBALAJI,"fresh signal NOT FUNDED — cash exhausted (BUY: 2.07× weekly, month 1.67×, ladder rising)"
2021-03-05,LUMAXTECH,fresh signal REFUSED — falling earnings power
2021-03-05,MMTC,fresh signal REFUSED — falling earnings power
2021-03-05,NBCC,fresh signal REFUSED — falling earnings power
2021-03-05,POLYMED,RAISE STOP ₹420.11 → ₹642.77 (new box ₹676.60–₹749.75 sealed)
2021-03-05,POONAWALLA,fresh signal REFUSED — falling earnings power
2021-03-05,PRAJIND,fresh signal REFUSED — falling earnings power
2021-03-05,PRICOLLTD,"fresh signal NOT FUNDED — cash exhausted (BUY: 1.62× weekly, month 6.01×, ladder rising)"
2021-03-05,PTC,fresh signal REFUSED — falling earnings power
2021-03-05,SJVN,"fresh signal NOT FUNDED — cash exhausted (ACCUMULATE: 2.55× weekly, month 2.70×, ladder rising)"
2021-03-05,TATAPOWER,fresh signal REFUSED — falling earnings power
2021-03-05,TECHNOE,fresh signal REFUSED — falling earnings power
2021-03-05,THOMASCOOK,fresh signal REFUSED — falling earnings power
2021-03-05,VAIBHAVGBL,"fresh signal NOT FUNDED — cash exhausted (BUY: 1.87× weekly, month 2.48×, ladder rising)"
2021-03-08,GABRIEL,"BUY ₹6,869.76 at ₹127.30 (fresh Friday signal — BUY: 2.66× weekly, month 2.76×, ladder rising; stop ₹86.90; charges ₹8.14)"
2021-03-08,HONAUT,"PYRAMID BUY ₹20,575.96 at ₹47,248.90 (box jump — doubling the stake with NEW capital; stop stays ₹41,911.15; charges ₹24.38)"
2021-03-08,JSWENERGY,"BUY ₹12,322.91 at ₹81.85 (fresh Friday signal — BUY: 5.17× weekly, month 2.49×, ladder rising; stop ₹65.79; charges ₹14.60)"
2021-03-08,POLYMED,PYRAMID BUY ₹938.93 at ₹718.90 (box jump — doubling the stake with NEW capital; stop stays ₹642.77; charges ₹1.11)
2021-03-12,GRAVITA,RAISE STOP ₹70.89 → ₹96.13 (new box ₹102.25–₹122.65 sealed)
2021-03-12,JSWENERGY,RAISE STOP ₹65.79 → ₹76.43 (new box ₹80.45–₹92.40 sealed)
2021-03-12,RCF,RAISE STOP ₹50.16 → ₹79.16 (new box ₹84.00–₹100.15 sealed)
2021-03-15,GRAVITA,"PYRAMID BUY ₹4,451.59 at ₹107.90 (box jump — doubling the stake with NEW capital; stop stays ₹96.13; charges ₹5.27)"
2021-03-15,JSWENERGY,"PYRAMID BUY ₹12,857.19 at ₹85.50 (box jump — doubling the stake with NEW capital; stop stays ₹76.43; charges ₹15.23)"
2021-03-15,RCF,"PYRAMID BUY ₹10,742.75 at ₹85.80 (box jump — doubling the stake with NEW capital; stop stays ₹79.16; charges ₹12.73)"
2021-03-17,GRAVITA,"SELL ₹7,919.08 at stop ₹96.13 (+5.8%, charges ₹8.21) — the cash goes back to work at the next Friday screen"
2021-03-17,RCF,"SELL ₹19,790.48 at stop ₹79.16 (-4.5%, charges ₹20.53) — the cash goes back to work at the next Friday screen"
2021-03-18,UJJIVANSFB,"SELL ₹5,180.04 at stop ₹32.12 (-13.5%, charges ₹5.37) — the cash goes back to work at the next Friday screen"
2021-03-19,ADANIPOWER,fresh signal REFUSED — falling earnings power
2021-03-19,DATAMATICS,fresh signal REFUSED — falling earnings power
2021-03-19,EDELWEISS,fresh signal REFUSED — falling earnings power
2021-03-19,FSL,fresh signal REFUSED — falling earnings power
2021-03-19,GABRIEL,RAISE STOP ₹86.90 → ₹86.92 (new box ₹98.00–₹134.95 sealed)
2021-03-19,GICRE,fresh signal REFUSED — falling earnings power
2021-03-19,HINDZINC,"SELL ₹8,945.91 at stop ₹279.30 (-3.3%, charges ₹9.28) — the cash goes back to work at the next Friday screen"
2021-03-19,IEX,fresh signal REFUSED — falling earnings power
2021-03-19,MAHABANK,"SELL ₹7,350.09 at stop ₹18.37 (-27.1%, charges ₹7.62) — the cash goes back to work at the next Friday screen"
2021-03-19,NIACL,fresh signal REFUSED — falling earnings power
2021-03-22,DEEPAKFERT,"BUY ₹14,608.23 at ₹237.00 (fresh Friday signal — BUY: 2.43× weekly, month 1.82×, ladder rising; stop ₹184.78; charges ₹17.31)"
2021-03-22,GABRIEL,"PYRAMID BUY ₹5,966.86 at ₹110.70 (box jump — doubling the stake with NEW capital; stop stays ₹86.92; charges ₹7.07)"
2021-03-22,HONAUT,"SELL ₹36,443.53 at stop ₹41,911.15 (-7.1%, charges ₹37.80) — the cash goes back to work at the next Friday screen"
2021-03-22,KEI,"BUY ₹14,528.90 at ₹522.00 (fresh Friday signal — BUY: 5.22× weekly, month 1.54×, ladder rising; stop ₹436.67; charges ₹17.21)"
2021-03-22,WELSPUNLIV,"BUY ₹14,602.79 at ₹81.45 (fresh Friday signal — BUY: 3.57× weekly, month 2.45×, ladder rising; stop ₹67.45; charges ₹17.30)"
2021-03-24,WHIRLPOOL,"SELL ₹3,686.58 at stop ₹2,244.99 (-16.8%, charges ₹3.82) — the cash goes back to work at the next Friday screen"
2021-03-26,ADANIPORTS,fresh signal REFUSED — falling earnings power
2021-03-26,ADANIPOWER,fresh signal REFUSED — falling earnings power
2021-03-26,DEEPAKFERT,RAISE STOP ₹184.78 → ₹209.52 (new box ₹220.55–₹249.45 sealed)
2021-03-26,HCG,fresh signal REFUSED — falling earnings power
2021-03-26,KEI,RAISE STOP ₹436.67 → ₹471.20 (new box ₹496.00–₹558.00 sealed)
2021-03-26,POLYMED,RAISE STOP ₹642.77 → ₹719.96 (new box ₹765.55–₹917.50 sealed)
2021-03-26,TIMETECHNO,fresh signal REFUSED — falling earnings power
2021-03-26,WELSPUNLIV,RAISE STOP ₹67.45 → ₹68.17 (new box ₹72.65–₹87.60 sealed)
2021-03-30,DEEPAKFERT,"PYRAMID BUY ₹13,738.24 at ₹223.15 (box jump — doubling the stake with NEW capital; stop stays ₹209.52; charges ₹16.28)"
2021-03-30,KEI,"PYRAMID BUY ₹14,461.64 at ₹520.20 (box jump — doubling the stake with NEW capital; stop stays ₹471.20; charges ₹17.13)"
2021-03-30,KPITTECH,"BUY ₹18,870.07 at ₹182.00 (fresh Friday signal — BUY: 1.71× weekly, month 2.75×, ladder rising; stop ₹136.62; charges ₹22.36)"
2021-03-30,POLYMED,"PYRAMID BUY ₹2,128.81 at ₹815.45 (box jump — doubling the stake with NEW capital; stop stays ₹719.96; charges ₹2.52)"
2021-03-30,WELSPUNLIV,"PYRAMID BUY ₹15,042.13 at ₹84.00 (box jump — doubling the stake with NEW capital; stop stays ₹68.17; charges ₹17.82)"
2021-04-01,ASAHIINDIA,fresh signal REFUSED — falling earnings power
2021-04-01,GICRE,"fresh signal NOT FUNDED — cash exhausted (BUY: 1.92× weekly, month 3.20×, ladder rising)"
2021-04-01,INTELLECT,"fresh signal NOT FUNDED — cash exhausted (BUY: 1.84× weekly, month 5.09×, ladder rising)"
2021-04-01,IOB,RAISE STOP ₹13.70 → ₹14.82 (new box ₹15.60–₹18.00 sealed)
2021-04-01,SWSOLAR,fresh signal REFUSED — falling earnings power
2021-04-01,TAX,"FY2021 settled: ₹0.00 paid (STCG ₹0.00 @20%, LTCG ₹0.00 @12.5%; losses carried forward ST ₹9,480.17 / LT ₹0.00)"
2021-04-05,AUBANK,"BUY ₹19,553.48 at ₹631.00 (fresh Friday signal — ACCUMULATE: 3.80× weekly, month 2.02×, ladder rising; stop ₹533.06; charges ₹23.17)"
2021-04-05,IOB,"PYRAMID BUY ₹9,052.24 at ₹16.85 (box jump — doubling the stake with NEW capital; stop stays ₹14.82; charges ₹10.73)"
2021-04-09,AMBER,"RAISE STOP ₹2,909.80 → ₹2,977.30 (new box ₹3,134.00–₹3,389.40 sealed)"
2021-04-12,AMBER,"PYRAMID BUY ₹5,630.84 at ₹3,215.00 (box jump — doubling the stake with NEW capital; stop stays ₹2,977.30; charges ₹6.67)"
2021-04-12,AUBANK,"SELL ₹16,481.84 at stop ₹533.06 (-15.5%, charges ₹17.10) — the cash goes back to work at the next Friday screen"
2021-04-16,BALRAMCHIN,fresh signal REFUSED — falling earnings power
2021-04-16,JSWENERGY,RAISE STOP ₹76.43 → ₹81.99 (new box ₹86.70–₹102.40 sealed)
2021-04-16,KPITTECH,RAISE STOP ₹136.62 → ₹171.05 (new box ₹180.05–₹204.70 sealed)
2021-04-16,TIMETECHNO,fresh signal REFUSED — falling earnings power
2021-04-19,JSWENERGY,"PYRAMID BUY ₹28,614.72 at ₹95.20 (box jump — doubling the stake with NEW capital; stop stays ₹81.99; charges ₹33.90)"
2021-04-19,KPITTECH,"PYRAMID BUY ₹19,650.29 at ₹189.75 (box jump — doubling the stake with NEW capital; stop stays ₹171.05; charges ₹23.28)"
2021-04-19,KPRMILL,"BUY ₹23,634.08 at ₹236.00 (fresh Friday signal — BUY: 2.36× weekly, month 1.58×, ladder rising; stop ₹192.07; charges ₹28.00)"
2021-04-23,KPRMILL,RAISE STOP ₹192.07 → ₹221.37 (new box ₹233.02–₹255.60 sealed)
2021-04-26,KPRMILL,"PYRAMID BUY ₹24,365.27 at ₹243.59 (box jump — doubling the stake with NEW capital; stop stays ₹221.37; charges ₹28.87)"
2021-04-28,IOB,"SELL ₹15,897.43 at stop ₹14.82 (-17.1%, charges ₹16.49) — the cash goes back to work at the next Friday screen"
2021-04-30,DCMSHRIRAM,fresh signal REFUSED — falling earnings power
2021-04-30,ELECON,fresh signal REFUSED — falling earnings power
2021-04-30,ELECTCAST,fresh signal REFUSED — falling earnings power
2021-04-30,GALLANTT,"fresh signal NOT FUNDED — cash exhausted (ACCUMULATE: 2.45× weekly, month 2.99×, ladder rising)"
2021-04-30,JAYNECOIND,fresh signal REFUSED — falling earnings power
2021-04-30,JSWSTEEL,"fresh signal NOT FUNDED — cash exhausted (BUY: 2.34× weekly, month 2.91×, ladder rising)"
2021-04-30,PRAJIND,"fresh signal NOT FUNDED — cash exhausted (ACCUMULATE: 1.64× weekly, month 1.93×, ladder rising)"
2021-04-30,RAIN,"fresh signal NOT FUNDED — cash exhausted (BUY: 2.85× weekly, month 2.94×, ladder rising)"
2021-04-30,SAIL,"fresh signal NOT FUNDED — cash exhausted (BUY: 2.14× weekly, month 2.06×, ladder rising)"
2021-04-30,SHAREINDIA,fresh signal REFUSED — falling earnings power
2021-04-30,SPLPETRO,"fresh signal NOT FUNDED — cash exhausted (BUY: 2.40× weekly, month 3.32×, ladder rising)"
2021-04-30,USHAMART,fresh signal REFUSED — falling earnings power
2021-04-30,WOCKPHARMA,fresh signal REFUSED — falling earnings power
2021-04-30,ZYDUSLIFE,"fresh signal NOT FUNDED — cash exhausted (ACCUMULATE: 3.01× weekly, month 2.95×, ladder rising)"
2021-05-03,MARKSANS,"BUY ₹15,897.43 at ₹70.95 (fresh Friday signal — ACCUMULATE: 3.13× weekly, month 3.97×, ladder rising; stop ₹64.12; charges ₹18.84)"
2021-05-07,KEI,RAISE STOP ₹471.20 → ₹485.02 (new box ₹510.55–₹532.45 sealed)
2021-05-10,KEI,"PYRAMID BUY ₹29,367.36 at ₹528.50 (box jump — doubling the stake with NEW capital; stop stays ₹485.02; charges ₹34.80)"
2021-05-11,AMBER,"SELL ₹10,412.07 at stop ₹2,977.30 (-1.8%, charges ₹10.80) — the cash goes back to work at the next Friday screen"
2021-05-14,KPRMILL,RAISE STOP ₹221.37 → ₹268.28 (new box ₹282.40–₹326.25 sealed)
2021-05-14,POLYMED,"RAISE STOP ₹719.96 → ₹902.50 (new box ₹950.00–₹1,085.15 sealed)"
2021-05-17,KPRMILL,"PYRAMID BUY ₹58,780.30 at ₹294.00 (box jump — doubling the stake with NEW capital; stop stays ₹268.28; charges ₹69.64)"
2021-05-17,POLYMED,"PYRAMID BUY ₹5,240.01 at ₹1,004.20 (box jump — doubling the stake with NEW capital; stop stays ₹902.50; charges ₹6.21)"
2021-05-21,DEEPAKFERT,RAISE STOP ₹209.52 → ₹264.10 (new box ₹278.00–₹297.65 sealed)
2021-05-21,MARKSANS,RAISE STOP ₹64.12 → ₹68.02 (new box ₹71.60–₹81.95 sealed)
2021-05-24,DEEPAKFERT,"PYRAMID BUY ₹36,917.15 at ₹300.00 (box jump — doubling the stake with NEW capital; stop stays ₹264.10; charges ₹43.74)"
2021-05-24,MARKSANS,"PYRAMID BUY ₹16,773.79 at ₹74.95 (box jump — doubling the stake with NEW capital; stop stays ₹68.02; charges ₹19.87)"
2021-05-28,KEI,RAISE STOP ₹485.02 → ₹558.60 (new box ₹588.00–₹638.80 sealed)
2021-05-31,KEI,"PYRAMID BUY ₹69,307.02 at ₹624.00 (box jump — doubling the stake with NEW capital; stop stays ₹558.60; charges ₹82.12)"
2021-06-04,DEEPAKFERT,RAISE STOP ₹264.10 → ₹269.80 (new box ₹284.00–₹314.00 sealed)
2021-06-04,JSWENERGY,RAISE STOP ₹81.99 → ₹108.49 (new box ₹114.20–₹119.50 sealed)
2021-06-04,KPITTECH,RAISE STOP ₹171.05 → ₹214.70 (new box ₹226.00–₹250.60 sealed)
2021-06-04,POLYMED,"RAISE STOP ₹902.50 → ₹950.00 (new box ₹1,000.00–₹1,165.00 sealed)"
2021-06-04,WELSPUNLIV,RAISE STOP ₹68.17 → ₹80.48 (new box ₹86.00–₹104.40 sealed)
2021-06-07,DEEPAKFERT,"PYRAMID BUY ₹73,052.66 at ₹297.00 (box jump — doubling the stake with NEW capital; stop stays ₹269.80; charges ₹86.55)"
2021-06-07,JSWENERGY,"PYRAMID BUY ₹81,948.21 at ₹136.40 (box jump — doubling the stake with NEW capital; stop stays ₹108.49; charges ₹97.09)"
2021-06-07,KPITTECH,"PYRAMID BUY ₹50,279.09 at ₹242.90 (box jump — doubling the stake with NEW capital; stop stays ₹214.70; charges ₹59.57)"
2021-06-07,POLYMED,"PYRAMID BUY ₹10,513.96 at ₹1,008.05 (box jump — doubling the stake with NEW capital; stop stays ₹950.00; charges ₹12.46)"
2021-06-07,WELSPUNLIV,"PYRAMID BUY ₹33,252.04 at ₹92.90 (box jump — doubling the stake with NEW capital; stop stays ₹80.48; charges ₹39.40)"
2021-06-11,JSWENERGY,RAISE STOP ₹108.49 → ₹126.83 (new box ₹133.50–₹147.80 sealed)
2021-06-14,JSWENERGY,PYRAMID BUY ₹1.88 lakh at ₹156.95 (box jump — doubling the stake with NEW capital; stop stays ₹126.83; charges ₹223.31)
2021-06-14,POLYMED,"SELL ₹19,784.74 at stop ₹950.00 (+2.0%, charges ₹20.52) — the cash goes back to work at the next Friday screen"
2021-06-18,KEI,RAISE STOP ₹558.60 → ₹608.00 (new box ₹640.00–₹718.90 sealed)
2021-06-21,KEI,PYRAMID BUY ₹1.51 lakh at ₹682.20 (box jump — doubling the stake with NEW capital; stop stays ₹608.00; charges ₹179.44)
2021-06-25,JSWENERGY,RAISE STOP ₹126.83 → ₹138.04 (new box ₹145.30–₹168.30 sealed)
2021-06-25,MARKSANS,RAISE STOP ₹68.02 → ₹76.87 (new box ₹81.65–₹97.60 sealed)
2021-06-28,JSWENERGY,PYRAMID BUY ₹3.70 lakh at ₹154.10 (box jump — doubling the stake with NEW capital; stop stays ₹138.04; charges ₹438.25)
2021-06-28,MARKSANS,"PYRAMID BUY ₹39,141.75 at ₹87.50 (box jump — doubling the stake with NEW capital; stop stays ₹76.87; charges ₹46.38)"
2021-07-02,DEEPAKFERT,RAISE STOP ₹269.80 → ₹364.65 (new box ₹390.00–₹474.50 sealed)
2021-07-05,DEEPAKFERT,PYRAMID BUY ₹1.94 lakh at ₹395.00 (box jump — doubling the stake with NEW capital; stop stays ₹364.65; charges ₹230.09)
2021-07-09,JSWENERGY,RAISE STOP ₹138.04 → ₹154.47 (new box ₹162.60–₹177.00 sealed)
2021-07-12,JSWENERGY,PYRAMID BUY ₹8.06 lakh at ₹168.00 (box jump — doubling the stake with NEW capital; stop stays ₹154.47; charges ₹955.00)
2021-07-16,KPITTECH,RAISE STOP ₹214.70 → ₹232.94 (new box ₹245.20–₹274.00 sealed)
2021-07-16,KPRMILL,RAISE STOP ₹268.28 → ₹333.07 (new box ₹350.60–₹372.95 sealed)
2021-07-16,WELSPUNLIV,RAISE STOP ₹80.48 → ₹97.56 (new box ₹102.70–₹109.70 sealed)
2021-07-19,KPITTECH,PYRAMID BUY ₹1.10 lakh at ₹267.05 (box jump — doubling the stake with NEW capital; stop stays ₹232.94; charges ₹130.91)
2021-07-19,KPRMILL,PYRAMID BUY ₹1.49 lakh at ₹372.00 (box jump — doubling the stake with NEW capital; stop stays ₹333.07; charges ₹176.14)
2021-07-19,WELSPUNLIV,"PYRAMID BUY ₹89,394.65 at ₹124.95 (box jump — doubling the stake with NEW capital; stop stays ₹97.56; charges ₹105.92)"
2021-07-30,WELSPUNLIV,RAISE STOP ₹97.56 → ₹117.99 (new box ₹124.20–₹134.50 sealed)
2021-08-02,WELSPUNLIV,PYRAMID BUY ₹1.93 lakh at ₹134.75 (box jump — doubling the stake with NEW capital; stop stays ₹117.99; charges ₹228.31)
2021-08-06,JSWENERGY,RAISE STOP ₹154.47 → ₹228.00 (new box ₹240.00–₹258.30 sealed)
2021-08-06,KPITTECH,RAISE STOP ₹232.94 → ₹266.76 (new box ₹280.80–₹315.65 sealed)
2021-08-06,KPRMILL,RAISE STOP ₹333.07 → ₹352.48 (new box ₹371.03–₹417.00 sealed)
2021-08-06,MARKSANS,RAISE STOP ₹76.87 → ₹77.14 (new box ₹81.20–₹83.55 sealed)
2021-08-06,WELSPUNLIV,RAISE STOP ₹117.99 → ₹124.64 (new box ₹131.20–₹145.40 sealed)
2021-08-09,JSWENERGY,"PYRAMID BUY ₹24.26 lakh at ₹253.00 (box jump — doubling the stake with NEW capital; stop stays ₹228.00; charges ₹2,874.68)"
2021-08-09,KPITTECH,PYRAMID BUY ₹2.58 lakh at ₹312.45 (box jump — doubling the stake with NEW capital; stop stays ₹266.76; charges ₹306.15)
2021-08-09,KPRMILL,PYRAMID BUY ₹3.19 lakh at ₹399.60 (box jump — doubling the stake with NEW capital; stop stays ₹352.48; charges ₹378.19)
2021-08-09,MARKSANS,"PYRAMID BUY ₹75,107.64 at ₹84.00 (box jump — doubling the stake with NEW capital; stop stays ₹77.14; charges ₹88.99)"
2021-08-09,WELSPUNLIV,PYRAMID BUY ₹3.88 lakh at ₹135.90 (box jump — doubling the stake with NEW capital; stop stays ₹124.64; charges ₹460.25)
2021-08-10,MARKSANS,"SELL ₹1.38 lakh at stop ₹77.14 (-6.1%, charges ₹142.86) — the cash goes back to work at the next Friday screen"
2021-08-10,WELSPUNLIV,"SELL ₹7.11 lakh at stop ₹124.64 (-2.8%, charges ₹737.91) — the cash goes back to work at the next Friday screen"
2021-08-11,JSWENERGY,"SELL ₹43.66 lakh at stop ₹228.00 (+11.4%, charges ₹4,528.74) — the cash goes back to work at the next Friday screen"
2021-08-11,KPRMILL,"SELL ₹5.62 lakh at stop ₹352.48 (-1.9%, charges ₹583.16) — the cash goes back to work at the next Friday screen"
2021-08-13,DYNAMATECH,fresh signal REFUSED — falling earnings power
2021-08-13,GABRIEL,RAISE STOP ₹86.92 → ₹118.77 (new box ₹125.05–₹146.00 sealed)
2021-08-13,KEI,RAISE STOP ₹608.00 → ₹663.29 (new box ₹698.20–₹762.00 sealed)
2021-08-13,MAHSCOOTER,fresh signal REFUSED — falling earnings power
2021-08-13,VIPIND,fresh signal REFUSED — falling earnings power
2021-08-16,GABRIEL,"PYRAMID BUY ₹16,085.36 at ₹149.30 (box jump — doubling the stake with NEW capital; stop stays ₹118.77; charges ₹19.06)"
2021-08-16,KEI,PYRAMID BUY ₹3.31 lakh at ₹744.95 (box jump — doubling the stake with NEW capital; stop stays ₹663.29; charges ₹391.67)
2021-08-16,TATAINVEST,"BUY ₹7.51 lakh at ₹130.81 (fresh Friday signal — BUY: 8.45× weekly, month 4.82×, ladder rising; stop ₹103.11; charges ₹889.53)"
2021-08-20,ASTERDM,fresh signal REFUSED — falling earnings power
2021-08-20,DEEPAKFERT,RAISE STOP ₹364.65 → ₹380.00 (new box ₹406.00–₹492.65 sealed)
2021-08-20,TATAINVEST,RAISE STOP ₹103.11 → ₹113.90 (new box ₹119.89–₹138.50 sealed)
2021-08-20,VIPIND,fresh signal REFUSED — falling earnings power
2021-08-23,DEEPAKFERT,PYRAMID BUY ₹3.94 lakh at ₹401.00 (box jump — doubling the stake with NEW capital; stop stays ₹380.00; charges ₹466.90)
2021-08-23,GRAVITA,"BUY ₹8.40 lakh at ₹188.60 (fresh Friday signal — BUY: 2.16× weekly, month 1.88×, ladder rising; stop ₹151.95; charges ₹995.66)"
2021-08-23,TATAINVEST,PYRAMID BUY ₹7.08 lakh at ₹123.50 (box jump — doubling the stake with NEW capital; stop stays ₹113.90; charges ₹838.86)
2021-08-27,ASTERDM,fresh signal REFUSED — falling earnings power
2021-08-27,DYNAMATECH,fresh signal REFUSED — falling earnings power
2021-08-27,GABRIEL,RAISE STOP ₹118.77 → ₹124.06 (new box ₹133.00–₹162.80 sealed)
2021-08-27,GRAVITA,RAISE STOP ₹151.95 → ₹164.49 (new box ₹177.00–₹218.70 sealed)
2021-08-27,KPITTECH,RAISE STOP ₹266.76 → ₹278.89 (new box ₹303.45–₹385.30 sealed)
2021-08-27,POWERINDIA,fresh signal REFUSED — falling earnings power
2021-08-27,SAFARI,fresh signal REFUSED — falling earnings power
2021-08-27,SWANCORP,fresh signal REFUSED — falling earnings power
2021-08-27,SWSOLAR,fresh signal REFUSED — falling earnings power
2021-08-30,GABRIEL,"PYRAMID BUY ₹29,653.60 at ₹137.70 (box jump — doubling the stake with NEW capital; stop stays ₹124.06; charges ₹35.13)"
2021-08-30,GRAVITA,"PYRAMID BUY ₹8.63 lakh at ₹194.00 (box jump — doubling the stake with NEW capital; stop stays ₹164.49; charges ₹1,022.95)"
2021-08-30,KPITTECH,PYRAMID BUY ₹5.61 lakh at ₹339.50 (box jump — doubling the stake with NEW capital; stop stays ₹278.89; charges ₹664.92)
2021-09-03,ASTERDM,fresh signal REFUSED — falling earnings power
2021-09-03,FIEMIND,fresh signal REFUSED — falling earnings power
2021-09-03,POWERINDIA,fresh signal REFUSED — falling earnings power
2021-09-03,PRESTIGE,fresh signal REFUSED — falling earnings power
2021-09-03,SAFARI,fresh signal REFUSED — falling earnings power
2021-09-06,HAL,"BUY ₹10.09 lakh at ₹705.00 (fresh Friday signal — BUY: 3.46× weekly, month 2.49×, ladder rising; stop ₹500.63; charges ₹1,195.66)"
2021-09-06,NHPC,"BUY ₹10.11 lakh at ₹27.90 (fresh Friday signal — BUY: 5.07× weekly, month 1.59×, ladder rising; stop ₹24.13; charges ₹1,198.16)"
2021-09-06,TDPOWERSYS,"BUY ₹10.06 lakh at ₹32.80 (fresh Friday signal — BUY: 2.60× weekly, month 4.52×, ladder rising; stop ₹25.56; charges ₹1,191.38)"
2021-09-09,DYNAMATECH,fresh signal REFUSED — falling earnings power
2021-09-09,HAL,RAISE STOP ₹500.63 → ₹636.29 (new box ₹669.77–₹728.50 sealed)
2021-09-09,IRCTC,"fresh signal NOT FUNDED — cash exhausted (BUY: 4.19× weekly, month 1.76×, ladder rising)"
2021-09-09,KEI,RAISE STOP ₹663.29 → ₹718.20 (new box ₹756.00–₹792.95 sealed)
2021-09-09,LINDEINDIA,fresh signal REFUSED — falling earnings power
2021-09-09,PRESTIGE,fresh signal REFUSED — falling earnings power
2021-09-09,SWSOLAR,fresh signal REFUSED — falling earnings power
2021-09-09,TATAINVEST,RAISE STOP ₹113.90 → ₹118.32 (new box ₹124.55–₹129.45 sealed)
2021-09-13,HAL,"PYRAMID BUY ₹9.82 lakh at ₹687.02 (box jump — doubling the stake with NEW capital; stop stays ₹636.29; charges ₹1,163.80)"
2021-09-13,KEI,PYRAMID BUY ₹7.07 lakh at ₹796.70 (box jump — doubling the stake with NEW capital; stop stays ₹718.20; charges ₹837.26)
2021-09-13,NEOGEN,"BUY ₹11.90 lakh at ₹1,165.00 (fresh Friday signal — BUY: 10.32× weekly, month 3.05×, ladder rising; stop ₹841.94; charges ₹1,410.31)"
2021-09-13,TATAINVEST,"PYRAMID BUY ₹14.75 lakh at ₹128.69 (box jump — doubling the stake with NEW capital; stop stays ₹118.32; charges ₹1,747.13)"
2021-09-17,DEEPAKFERT,RAISE STOP ₹380.00 → ₹385.70 (new box ₹406.00–₹433.80 sealed)
2021-09-17,KEI,RAISE STOP ₹718.20 → ₹737.39 (new box ₹776.20–₹841.00 sealed)
2021-09-17,NHPC,RAISE STOP ₹24.13 → ₹25.55 (new box ₹26.90–₹28.40 sealed)
2021-09-17,TDPOWERSYS,RAISE STOP ₹25.56 → ₹29.75 (new box ₹31.32–₹36.48 sealed)
2021-09-20,DEEPAKFERT,"PYRAMID BUY ₹8.45 lakh at ₹430.00 (box jump — doubling the stake with NEW capital; stop stays ₹385.70; charges ₹1,000.73)"
2021-09-20,KEI,"PYRAMID BUY ₹15.05 lakh at ₹849.00 (box jump — doubling the stake with NEW capital; stop stays ₹737.39; charges ₹1,783.38)"
2021-09-20,NHPC,"PYRAMID BUY ₹10.01 lakh at ₹27.65 (box jump — doubling the stake with NEW capital; stop stays ₹25.55; charges ₹1,186.02)"
2021-09-20,TDPOWERSYS,"PYRAMID BUY ₹9.74 lakh at ₹31.80 (box jump — doubling the stake with NEW capital; stop stays ₹29.75; charges ₹1,153.69)"
2021-09-24,NEOGEN,"RAISE STOP ₹841.94 → ₹1,035.55 (new box ₹1,090.05–₹1,239.90 sealed)"
2021-09-24,TATAINVEST,RAISE STOP ₹118.32 → ₹118.77 (new box ₹125.03–₹132.00 sealed)
2021-09-27,NEOGEN,"PYRAMID BUY ₹12.81 lakh at ₹1,255.00 (box jump — doubling the stake with NEW capital; stop stays ₹1,035.55; charges ₹1,517.46)"
2021-09-27,TATAINVEST,"PYRAMID BUY ₹29.98 lakh at ₹130.90 (box jump — doubling the stake with NEW capital; stop stays ₹118.77; charges ₹3,552.29)"
2021-10-01,NEOGEN,"RAISE STOP ₹1,035.55 → ₹1,142.85 (new box ₹1,203.00–₹1,379.90 sealed)"
2021-10-04,NEOGEN,"PYRAMID BUY ₹25.60 lakh at ₹1,255.10 (box jump — doubling the stake with NEW capital; stop stays ₹1,142.85; charges ₹3,033.36)"
2021-10-08,KEI,RAISE STOP ₹737.39 → ₹853.10 (new box ₹898.00–₹997.70 sealed)
2021-10-11,KEI,"PYRAMID BUY ₹34.86 lakh at ₹983.80 (box jump — doubling the stake with NEW capital; stop stays ₹853.10; charges ₹4,130.62)"
2021-10-14,HAL,RAISE STOP ₹636.29 → ₹636.50 (new box ₹670.00–₹705.50 sealed)
2021-10-14,TATAINVEST,RAISE STOP ₹118.77 → ₹134.91 (new box ₹142.01–₹150.90 sealed)
2021-10-14,TDPOWERSYS,RAISE STOP ₹29.75 → ₹30.53 (new box ₹32.13–₹35.00 sealed)
2021-10-18,HAL,"PYRAMID BUY ₹21.08 lakh at ₹737.50 (box jump — doubling the stake with NEW capital; stop stays ₹636.50; charges ₹2,497.12)"
2021-10-18,TATAINVEST,"PYRAMID BUY ₹76.96 lakh at ₹168.10 (box jump — doubling the stake with NEW capital; stop stays ₹134.91; charges ₹9,118.21)"
2021-10-18,TDPOWERSYS,"PYRAMID BUY ₹21.32 lakh at ₹34.84 (box jump — doubling the stake with NEW capital; stop stays ₹30.53; charges ₹2,526.47)"
2021-10-22,IRB,fresh signal REFUSED — falling earnings power
2021-10-22,KEI,"SELL ₹60.36 lakh at stop ₹853.10 (-4.1%, charges ₹6,261.56) — the cash goes back to work at the next Friday screen"
2021-10-22,NHPC,RAISE STOP ₹25.55 → ₹27.60 (new box ₹29.05–₹31.00 sealed)
2021-10-22,SJVN,fresh signal REFUSED — falling earnings power
2021-10-22,TDPOWERSYS,"SELL ₹37.31 lakh at stop ₹30.53 (-9.1%, charges ₹3,870.23) — the cash goes back to work at the next Friday screen"
2021-10-22,UNIONBANK,fresh signal REFUSED — falling earnings power
2021-10-25,LTM,"BUY ₹41.55 lakh at ₹6,555.00 (fresh Friday signal — BUY: 4.63× weekly, month 1.86×, ladder rising; stop ₹5,353.77; charges ₹4,923.51)"
2021-10-25,NEOGEN,"SELL ₹46.55 lakh at stop ₹1,142.85 (-7.3%, charges ₹4,828.46) — the cash goes back to work at the next Friday screen"
2021-10-25,NHPC,"PYRAMID BUY ₹23.81 lakh at ₹32.90 (box jump — doubling the stake with NEW capital; stop stays ₹27.60; charges ₹2,820.76)"
2021-10-28,HAL,"SELL ₹36.32 lakh at stop ₹636.50 (-11.2%, charges ₹3,767.48) — the cash goes back to work at the next Friday screen"
2021-10-29,ARVIND,fresh signal REFUSED — falling earnings power
2021-10-29,JAYNECOIND,fresh signal REFUSED — falling earnings power
2021-10-29,LTM,"RAISE STOP ₹5,353.77 → ₹5,950.99 (new box ₹6,264.20–₹7,155.00 sealed)"
2021-10-29,TATAINVEST,RAISE STOP ₹134.91 → ₹143.65 (new box ₹151.21–₹173.39 sealed)
2021-10-29,TTML,fresh signal REFUSED — falling earnings power
2021-10-29,UNITDSPR,fresh signal REFUSED — falling earnings power
2021-10-29,VTL,fresh signal REFUSED — falling earnings power
2021-11-01,LTM,"PYRAMID BUY ₹42.55 lakh at ₹6,720.00 (box jump — doubling the stake with NEW capital; stop stays ₹5,950.99; charges ₹5,041.46)"
2021-11-01,PERSISTENT,"BUY ₹59.07 lakh at ₹1,977.15 (fresh Friday signal — ACCUMULATE: 1.71× weekly, month 2.09×, ladder rising; stop ₹1,728.75; charges ₹6,998.60)"
2021-11-01,TATAINVEST,"PYRAMID BUY ₹1.35 crore at ₹148.00 (box jump — doubling the stake with NEW capital; stop stays ₹143.65; charges ₹16,046.34)"
2021-11-04,ABFRL,fresh signal REFUSED — falling earnings power
2021-11-04,OBEROIRLTY,fresh signal REFUSED — falling earnings power
2021-11-04,TTML,fresh signal REFUSED — falling earnings power
2021-11-11,DEEPAKFERT,"SELL ₹15.13 lakh at stop ₹385.70 (-3.5%, charges ₹1,569.19) — the cash goes back to work at the next Friday screen"
2021-11-12,ASTRAMICRO,fresh signal REFUSED — falling earnings power
2021-11-12,DBREALTY,fresh signal REFUSED — falling earnings power
2021-11-12,GRAVITA,RAISE STOP ₹164.49 → ₹197.03 (new box ₹207.40–₹234.00 sealed)
2021-11-12,JBMA,fresh signal REFUSED — falling earnings power
2021-11-12,NHPC,RAISE STOP ₹27.60 → ₹28.69 (new box ₹30.20–₹32.25 sealed)
2021-11-12,TTML,fresh signal REFUSED — falling earnings power
2021-11-12,TVSMOTOR,fresh signal REFUSED — falling earnings power
2021-11-12,UNIONBANK,fresh signal REFUSED — falling earnings power
2021-11-15,GOKULAGRO,"BUY ₹67.72 lakh at ₹31.05 (fresh Friday signal — BUY: 2.63× weekly, month 1.60×, ladder rising; stop ₹24.87; charges ₹8,023.99)"
2021-11-15,GRAVITA,"PYRAMID BUY ₹19.55 lakh at ₹219.80 (box jump — doubling the stake with NEW capital; stop stays ₹197.03; charges ₹2,316.61)"
2021-11-15,NHPC,"PYRAMID BUY ₹46.72 lakh at ₹32.30 (box jump — doubling the stake with NEW capital; stop stays ₹28.69; charges ₹5,535.35)"
2021-11-15,SFL,signal SKIPPED — cash below half a slice
2021-11-18,NHPC,RAISE STOP ₹28.69 → ₹30.11 (new box ₹31.70–₹33.20 sealed)
2021-11-22,GRAVITA,"SELL ₹35.00 lakh at stop ₹197.03 (-4.1%, charges ₹3,630.21) — the cash goes back to work at the next Friday screen"
2021-11-22,NHPC,"PYRAMID BUY ₹95.12 lakh at ₹32.90 (box jump — doubling the stake with NEW capital; stop stays ₹30.11; charges ₹11,269.67)"
2021-11-26,GLAXO,fresh signal REFUSED — falling earnings power
2021-11-26,GOKULAGRO,RAISE STOP ₹24.87 → ₹26.03 (new box ₹28.51–₹36.79 sealed)
2021-11-26,KPITTECH,RAISE STOP ₹278.89 → ₹398.63 (new box ₹422.00–₹499.90 sealed)
2021-11-26,LTM,"RAISE STOP ₹5,950.99 → ₹6,270.00 (new box ₹6,600.00–₹7,564.95 sealed)"
2021-11-26,OPTIEMUS,fresh signal REFUSED — falling earnings power
2021-11-26,PGIL,fresh signal REFUSED — falling earnings power
2021-11-26,TATAINVEST,"SELL ₹2.62 crore at stop ₹143.65 (-3.2%, charges ₹27,226.67) — the cash goes back to work at the next Friday screen"
2021-11-26,TTML,fresh signal REFUSED — falling earnings power
2021-11-29,BSOFT,"BUY ₹90.42 lakh at ₹465.20 (fresh Friday signal — BUY: 3.61× weekly, month 2.59×, ladder rising; stop ₹375.44; charges ₹10,713.28)"
2021-11-29,ESCORTS,"BUY ₹90.58 lakh at ₹1,875.00 (fresh Friday signal — BUY: 1.78× weekly, month 2.18×, ladder rising; stop ₹1,369.04; charges ₹10,732.60)"
2021-11-29,GOKULAGRO,"PYRAMID BUY ₹75.55 lakh at ₹34.68 (box jump — doubling the stake with NEW capital; stop stays ₹26.03; charges ₹8,951.32)"
2021-11-29,KPITTECH,"PYRAMID BUY ₹15.03 lakh at ₹455.00 (box jump — doubling the stake with NEW capital; stop stays ₹398.63; charges ₹1,781.21)"
2021-11-29,LTM,"PYRAMID BUY ₹82.65 lakh at ₹6,530.00 (box jump — doubling the stake with NEW capital; stop stays ₹6,270.00; charges ₹9,792.03)"
2021-11-29,NHPC,"SELL ₹1.74 crore at stop ₹30.11 (-6.2%, charges ₹18,030.20) — the cash goes back to work at the next Friday screen"
2021-12-03,BSOFT,RAISE STOP ₹375.44 → ₹424.65 (new box ₹447.00–₹513.95 sealed)
2021-12-03,GLAXO,fresh signal REFUSED — falling earnings power
2021-12-03,SFL,"fresh signal NOT FUNDED — cash exhausted (BUY: 2.40× weekly, month 2.05×, ladder rising)"
2021-12-03,SOLARINDS,"fresh signal NOT FUNDED — cash exhausted (ACCUMULATE: 1.55× weekly, month 2.23×, ladder rising)"
2021-12-03,TTML,fresh signal REFUSED — falling earnings power
2021-12-06,BSE,"BUY ₹98.60 lakh at ₹209.99 (fresh Friday signal — BUY: 4.20× weekly, month 1.77×, ladder rising; stop ₹158.85; charges ₹11,682.26)"
2021-12-06,BSOFT,"PYRAMID BUY ₹94.16 lakh at ₹485.00 (box jump — doubling the stake with NEW capital; stop stays ₹424.65; charges ₹11,156.03)"
2021-12-06,CHAMBLFERT,"BUY ₹98.37 lakh at ₹407.45 (fresh Friday signal — ACCUMULATE: 3.11× weekly, month 1.86×, ladder rising; stop ₹274.46; charges ₹11,655.20)"
2021-12-06,PGEL,"BUY ₹98.03 lakh at ₹61.77 (fresh Friday signal — BUY: 2.46× weekly, month 1.72×, ladder rising; stop ₹37.43; charges ₹11,614.67)"
2021-12-10,ESCORTS,"RAISE STOP ₹1,369.04 → ₹1,739.73 (new box ₹1,831.30–₹1,889.75 sealed)"
2021-12-10,KPITTECH,RAISE STOP ₹398.63 → ₹458.85 (new box ₹483.00–₹531.00 sealed)
2021-12-10,PERSISTENT,"RAISE STOP ₹1,728.75 → ₹1,961.89 (new box ₹2,065.15–₹2,217.40 sealed)"
2021-12-13,ESCORTS,"PYRAMID BUY ₹90.19 lakh at ₹1,869.00 (box jump — doubling the stake with NEW capital; stop stays ₹1,739.73; charges ₹10,685.58)"
2021-12-13,KPITTECH,"PYRAMID BUY ₹33.35 lakh at ₹505.00 (box jump — doubling the stake with NEW capital; stop stays ₹458.85; charges ₹3,951.55)"
2021-12-13,PERSISTENT,"PYRAMID BUY ₹65.05 lakh at ₹2,180.00 (box jump — doubling the stake with NEW capital; stop stays ₹1,961.89; charges ₹7,707.50)"
2021-12-20,KPITTECH,"SELL ₹60.51 lakh at stop ₹458.85 (+3.5%, charges ₹6,276.55) — the cash goes back to work at the next Friday screen"
2021-12-24,BSE,RAISE STOP ₹158.85 → ₹181.60 (new box ₹200.56–₹263.74 sealed)
2021-12-24,KITEX,fresh signal REFUSED — falling earnings power
2021-12-24,PERSISTENT,"RAISE STOP ₹1,961.89 → ₹2,067.34 (new box ₹2,176.15–₹2,376.05 sealed)"
2021-12-24,PGEL,RAISE STOP ₹37.43 → ₹56.96 (new box ₹60.98–₹74.39 sealed)
2021-12-24,SWANCORP,fresh signal REFUSED — falling earnings power
2021-12-27,BSE,"PYRAMID BUY ₹96.40 lakh at ₹205.56 (box jump — doubling the stake with NEW capital; stop stays ₹181.60; charges ₹11,421.78)"
2021-12-27,PERSISTENT,"PYRAMID BUY ₹1.38 crore at ₹2,311.50 (box jump — doubling the stake with NEW capital; stop stays ₹2,067.34; charges ₹16,335.16)"
2021-12-27,PGEL,"PYRAMID BUY ₹1.13 crore at ₹71.00 (box jump — doubling the stake with NEW capital; stop stays ₹56.96; charges ₹13,335.46)"
2021-12-27,UNOMINDA,"BUY ₹83.12 lakh at ₹590.00 (fresh Friday signal — BUY: 3.66× weekly, month 2.64×, ladder rising; stop ₹464.60; charges ₹9,848.06)"
2021-12-31,GABRIEL,RAISE STOP ₹124.06 → ₹125.40 (new box ₹132.00–₹146.30 sealed)
2021-12-31,UNOMINDA,RAISE STOP ₹464.60 → ₹544.21 (new box ₹572.85–₹627.20 sealed)
2022-01-03,GABRIEL,"PYRAMID BUY ₹60,262.09 at ₹140.00 (box jump — doubling the stake with NEW capital; stop stays ₹125.40; charges ₹71.40)"
2022-01-03,UNOMINDA,"PYRAMID BUY ₹86.53 lakh at ₹614.92 (box jump — doubling the stake with NEW capital; stop stays ₹544.21; charges ₹10,251.93)"
2022-01-07,KITEX,fresh signal REFUSED — falling earnings power
2022-01-07,PGEL,RAISE STOP ₹56.96 → ₹72.44 (new box ₹76.25–₹86.20 sealed)
2022-01-07,POONAWALLA,fresh signal REFUSED — falling earnings power
2022-01-07,SUZLON,"fresh signal NOT FUNDED — cash exhausted (BUY: 2.86× weekly, month 2.01×, ladder rising)"
2022-01-07,SWANCORP,fresh signal REFUSED — falling earnings power
2022-01-07,UNOMINDA,"SELL ₹1.53 crore at stop ₹544.21 (-9.7%, charges ₹15,860.79) — the cash goes back to work at the next Friday screen"
2022-01-07,VARROC,fresh signal REFUSED — falling earnings power
2022-01-07,VTL,fresh signal REFUSED — falling earnings power
2022-01-10,AFFLE,"BUY ₹1.53 crore at ₹1,307.00 (fresh Friday signal — BUY: 4.57× weekly, month 1.57×, ladder rising; stop ₹955.80; charges ₹18,116.43)"
2022-01-10,PGEL,"PYRAMID BUY ₹2.68 crore at ₹84.50 (box jump — doubling the stake with NEW capital; stop stays ₹72.44; charges ₹31,723.35)"
2022-01-14,AFFLE,"RAISE STOP ₹955.80 → ₹1,206.50 (new box ₹1,270.00–₹1,368.80 sealed)"
2022-01-17,AFFLE,"PYRAMID BUY ₹1.74 crore at ₹1,493.00 (box jump — doubling the stake with NEW capital; stop stays ₹1,206.50; charges ₹20,670.07)"
2022-01-21,ESCORTS,"RAISE STOP ₹1,739.73 → ₹1,754.65 (new box ₹1,847.00–₹1,918.90 sealed)"
2022-01-21,GOKULAGRO,RAISE STOP ₹26.03 → ₹35.00 (new box ₹36.84–₹41.76 sealed)
2022-01-24,ESCORTS,"PYRAMID BUY ₹1.80 crore at ₹1,869.70 (box jump — doubling the stake with NEW capital; stop stays ₹1,754.65; charges ₹21,366.50)"
2022-01-24,GOKULAGRO,"PYRAMID BUY ₹1.65 crore at ₹37.98 (box jump — doubling the stake with NEW capital; stop stays ₹35.00; charges ₹19,597.85)"
2022-01-24,LTM,"SELL ₹1.58 crore at stop ₹6,270.00 (-4.8%, charges ₹16,436.21) — the cash goes back to work at the next Friday screen"
2022-01-24,PERSISTENT,"SELL ₹2.46 crore at stop ₹2,067.34 (-5.8%, charges ₹25,539.71) — the cash goes back to work at the next Friday screen"
2022-01-24,PGEL,"SELL ₹4.58 crore at stop ₹72.44 (-4.0%, charges ₹47,541.76) — the cash goes back to work at the next Friday screen"
2022-01-25,AFFLE,"SELL ₹2.82 crore at stop ₹1,206.50 (-13.8%, charges ₹29,200.08) — the cash goes back to work at the next Friday screen"
2022-01-25,GOKULAGRO,"SELL ₹3.04 crore at stop ₹35.00 (-1.2%, charges ₹31,570.64) — the cash goes back to work at the next Friday screen"
2022-01-28,POWERINDIA,fresh signal REFUSED — falling earnings power
2022-01-31,SHARDACROP,"BUY ₹2.30 crore at ₹586.70 (fresh Friday signal — BUY: 19.48× weekly, month 6.26×, ladder rising; stop ₹342.00; charges ₹27,238.76)"
2022-02-04,ABB,fresh signal REFUSED — falling earnings power
2022-02-04,ASHAPURMIN,fresh signal REFUSED — falling earnings power
2022-02-04,SHARDACROP,RAISE STOP ₹342.00 → ₹545.30 (new box ₹574.00–₹620.00 sealed)
2022-02-04,TEXRAIL,fresh signal REFUSED — falling earnings power
2022-02-07,CCL,"BUY ₹2.58 crore at ₹503.55 (fresh Friday signal — BUY: 4.07× weekly, month 1.58×, ladder rising; stop ₹408.60; charges ₹30,603.73)"
2022-02-07,SHARDACROP,"PYRAMID BUY ₹2.58 crore at ₹660.10 (box jump — doubling the stake with NEW capital; stop stays ₹545.30; charges ₹30,610.20)"
2022-02-11,CCL,RAISE STOP ₹408.60 → ₹441.75 (new box ₹465.00–₹514.95 sealed)
2022-02-11,CHAMBLFERT,RAISE STOP ₹274.46 → ₹353.85 (new box ₹384.10–₹484.95 sealed)
2022-02-11,CREDITACC,fresh signal REFUSED — falling earnings power
2022-02-11,OPTIEMUS,fresh signal REFUSED — falling earnings power
2022-02-11,SHARDACROP,"SELL ₹4.26 crore at stop ₹545.30 (-12.5%, charges ₹44,204.49) — the cash goes back to work at the next Friday screen"
2022-02-14,BSOFT,"SELL ₹1.65 crore at stop ₹424.65 (-10.6%, charges ₹17,075.51) — the cash goes back to work at the next Friday screen"
2022-02-14,CCL,"PYRAMID BUY ₹2.38 crore at ₹465.00 (box jump — doubling the stake with NEW capital; stop stays ₹441.75; charges ₹28,227.34)"
2022-02-14,CHAMBLFERT,"PYRAMID BUY ₹92.70 lakh at ₹384.40 (box jump — doubling the stake with NEW capital; stop stays ₹353.85; charges ₹10,982.82)"
2022-02-14,GABRIEL,"SELL ₹1.08 lakh at stop ₹125.40 (-9.1%, charges ₹111.80) — the cash goes back to work at the next Friday screen"
2022-02-14,GNFC,"BUY ₹2.78 crore at ₹553.00 (fresh Friday signal — BUY: 7.50× weekly, month 2.65×, ladder rising; stop ₹414.87; charges ₹32,939.25)"
2022-02-18,GMDCLTD,fresh signal REFUSED — falling earnings power
2022-02-18,GNFC,RAISE STOP ₹414.87 → ₹497.80 (new box ₹524.00–₹577.90 sealed)
2022-02-21,ADANIPOWER,"BUY ₹3.05 crore at ₹26.40 (fresh Friday signal — BUY: 8.22× weekly, month 2.70×, ladder rising; stop ₹18.02; charges ₹36,112.19)"
2022-02-21,CGCL,"BUY ₹3.02 crore at ₹567.08 (fresh Friday signal — ACCUMULATE: 4.97× weekly, month 2.06×, ladder rising; stop ₹507.72; charges ₹35,784.11)"
2022-02-21,GNFC,"PYRAMID BUY ₹2.75 crore at ₹548.00 (box jump — doubling the stake with NEW capital; stop stays ₹497.80; charges ₹32,602.75)"
2022-02-24,CCL,"SELL ₹4.52 crore at stop ₹441.75 (-8.8%, charges ₹46,877.89) — the cash goes back to work at the next Friday screen"
2022-02-24,CHAMBLFERT,"SELL ₹1.70 crore at stop ₹353.85 (-10.6%, charges ₹17,673.56) — the cash goes back to work at the next Friday screen"
2022-02-25,ESCORTS,"SELL ₹3.38 crore at stop ₹1,754.65 (-6.2%, charges ₹35,053.11) — the cash goes back to work at the next Friday screen"
2022-03-04,ADANIPOWER,RAISE STOP ₹18.02 → ₹20.00 (new box ₹21.74–₹27.54 sealed)
2022-03-04,GMDCLTD,fresh signal REFUSED — falling earnings power
2022-03-04,POWERINDIA,fresh signal REFUSED — falling earnings power
2022-03-07,ADANIPOWER,"PYRAMID BUY ₹2.68 crore at ₹23.20 (box jump — doubling the stake with NEW capital; stop stays ₹20.00; charges ₹31,697.35)"
2022-03-11,GMDCLTD,fresh signal REFUSED — falling earnings power
2022-03-17,LINDEINDIA,fresh signal REFUSED — falling earnings power
2022-03-17,RHIM,fresh signal REFUSED — falling earnings power
2022-03-25,CHALET,fresh signal REFUSED — falling earnings power
2022-03-25,LINDEINDIA,fresh signal REFUSED — falling earnings power
2022-04-01,TAX,"FY2022 settled: ₹0.00 paid (STCG ₹0.00 @20%, LTCG ₹0.00 @12.5%; losses carried forward ST ₹3.05 crore / LT ₹0.00)"
2022-04-04,RCF,"BUY ₹4.09 crore at ₹96.40 (fresh Friday signal — BUY: 8.32× weekly, month 2.52×, ladder rising; stop ₹74.19; charges ₹48,420.22)"
2022-04-04,SPLPETRO,"BUY ₹4.11 crore at ₹475.00 (fresh Friday signal — BUY: 4.41× weekly, month 2.84×, ladder rising; stop ₹398.29; charges ₹48,657.80)"
2022-04-08,CHENNPETRO,fresh signal REFUSED — falling earnings power
2022-04-08,SPLPETRO,RAISE STOP ₹398.29 → ₹424.27 (new box ₹446.60–₹512.50 sealed)
2022-04-11,BLS,"BUY ₹4.58 crore at ₹82.50 (fresh Friday signal — BUY: 8.78× weekly, month 1.73×, ladder rising; stop ₹54.82; charges ₹54,300.09)"
2022-04-11,MINDACORP,"BUY ₹3.50 crore at ₹230.05 (fresh Friday signal — BUY: 2.10× weekly, month 1.60×, ladder rising; stop ₹186.63; charges ₹41,497.95)"
2022-04-11,SPLPETRO,"PYRAMID BUY ₹3.98 crore at ₹460.65 (box jump — doubling the stake with NEW capital; stop stays ₹424.27; charges ₹47,131.91)"
2022-04-22,ADANIPOWER,RAISE STOP ₹20.00 → ₹40.22 (new box ₹42.80–₹51.39 sealed)
2022-04-22,BLS,RAISE STOP ₹54.82 → ₹75.36 (new box ₹79.33–₹86.00 sealed)
2022-04-22,GNFC,RAISE STOP ₹497.80 → ₹792.16 (new box ₹833.85–₹912.00 sealed)
2022-04-22,RCF,RAISE STOP ₹74.19 → ₹93.15 (new box ₹98.05–₹109.00 sealed)
2022-04-25,ADANIPOWER,PYRAMID BUY ₹12.14 crore at ₹52.68 (box jump — doubling the stake with NEW capital; stop stays ₹40.22; charges ₹1.44 lakh)
2022-04-25,BLS,"PYRAMID BUY ₹4.57 crore at ₹82.42 (box jump — doubling the stake with NEW capital; stop stays ₹75.36; charges ₹54,186.45)"
2022-04-25,GNFC,PYRAMID BUY ₹8.50 crore at ₹846.40 (box jump — doubling the stake with NEW capital; stop stays ₹792.16; charges ₹1.01 lakh)
2022-04-25,RCF,"PYRAMID BUY ₹4.41 crore at ₹104.20 (box jump — doubling the stake with NEW capital; stop stays ₹93.15; charges ₹52,276.03)"
2022-04-29,BSE,RAISE STOP ₹181.60 → ₹255.87 (new box ₹270.67–₹320.00 sealed)
2022-05-02,BSE,"PYRAMID BUY ₹2.78 crore at ₹296.70 (box jump — doubling the stake with NEW capital; stop stays ₹255.87; charges ₹32,952.97)"
2022-05-04,RCF,"SELL ₹7.88 crore at stop ₹93.15 (-7.1%, charges ₹81,694.39) — the cash goes back to work at the next Friday screen"
2022-05-06,CHENNPETRO,fresh signal REFUSED — falling earnings power
2022-05-06,GNFC,"SELL ₹15.88 crore at stop ₹792.16 (+13.4%, charges ₹1.65 lakh) — the cash goes back to work at the next Friday screen"
2022-05-06,TARC,fresh signal REFUSED — falling earnings power
2022-05-09,MRPL,"BUY ₹7.88 crore at ₹78.00 (fresh Friday signal — BUY: 2.47× weekly, month 7.89×, ladder rising; stop ₹58.41; charges ₹93,363.96)"
2022-05-10,BSE,"SELL ₹4.79 crore at stop ₹255.87 (+1.5%, charges ₹49,678.79) — the cash goes back to work at the next Friday screen"
2022-05-11,MINDACORP,"SELL ₹2.84 crore at stop ₹186.63 (-18.9%, charges ₹29,408.50) — the cash goes back to work at the next Friday screen"
2022-05-16,VBL,"BUY ₹7.60 crore at ₹146.67 (fresh Friday signal — ACCUMULATE: 1.77× weekly, month 2.79×, ladder rising; stop ₹130.85; charges ₹90,044.11)"
2022-05-20,COROMANDEL,fresh signal REFUSED — falling earnings power
2022-05-20,MRPL,RAISE STOP ₹58.41 → ₹60.81 (new box ₹66.30–₹84.60 sealed)
2022-05-23,ACC,"BUY ₹9.35 crore at ₹2,260.00 (fresh Friday signal — ACCUMULATE: 2.13× weekly, month 1.55×, ladder rising; stop ₹1,994.10; charges ₹1.11 lakh)"
2022-05-23,MRPL,PYRAMID BUY ₹9.57 crore at ₹94.80 (box jump — doubling the stake with NEW capital; stop stays ₹60.81; charges ₹1.13 lakh)
2022-05-24,SPLPETRO,"SELL ₹7.32 crore at stop ₹424.27 (-9.3%, charges ₹75,885.86) — the cash goes back to work at the next Friday screen"
2022-05-27,COROMANDEL,fresh signal REFUSED — falling earnings power
2022-06-03,MRPL,RAISE STOP ₹60.81 → ₹69.61 (new box ₹75.65–₹95.80 sealed)
2022-06-06,MRPL,PYRAMID BUY ₹17.82 crore at ₹88.35 (box jump — doubling the stake with NEW capital; stop stays ₹69.61; charges ₹2.11 lakh)
2022-06-10,CHENNPETRO,fresh signal REFUSED — falling earnings power
2022-06-10,VBL,RAISE STOP ₹130.85 → ₹136.81 (new box ₹144.01–₹155.59 sealed)
2022-06-13,ELECON,"BUY ₹12.15 crore at ₹122.47 (fresh Friday signal — BUY: 4.00× weekly, month 1.65×, ladder rising; stop ₹85.59; charges ₹1.44 lakh)"
2022-06-13,VBL,"PYRAMID BUY ₹7.75 crore at ₹149.70 (box jump — doubling the stake with NEW capital; stop stays ₹136.81; charges ₹91,797.47)"
2022-06-17,BLS,RAISE STOP ₹75.36 → ₹83.17 (new box ₹87.55–₹95.00 sealed)
2022-06-17,ELECON,RAISE STOP ₹85.59 → ₹111.01 (new box ₹116.85–₹134.95 sealed)
2022-06-20,BLS,PYRAMID BUY ₹11.77 crore at ₹106.12 (box jump — doubling the stake with NEW capital; stop stays ₹83.17; charges ₹1.39 lakh)
2022-06-20,ELECON,PYRAMID BUY ₹13.01 crore at ₹131.25 (box jump — doubling the stake with NEW capital; stop stays ₹111.01; charges ₹1.54 lakh)
2022-06-24,ADANIPOWER,RAISE STOP ₹40.22 → ₹43.79 (new box ₹47.66–₹60.56 sealed)
2022-06-24,VBL,RAISE STOP ₹136.81 → ₹136.99 (new box ₹144.20–₹161.12 sealed)
2022-06-27,ADANIPOWER,PYRAMID BUY ₹24.97 crore at ₹54.19 (box jump — doubling the stake with NEW capital; stop stays ₹43.79; charges ₹2.96 lakh)
2022-06-27,VBL,PYRAMID BUY ₹16.14 crore at ₹155.98 (box jump — doubling the stake with NEW capital; stop stays ₹136.99; charges ₹1.91 lakh)
2022-07-01,BLS,RAISE STOP ₹83.17 → ₹90.53 (new box ₹95.30–₹109.33 sealed)
2022-07-04,BLS,PYRAMID BUY ₹21.61 crore at ₹97.47 (box jump — doubling the stake with NEW capital; stop stays ₹90.53; charges ₹2.56 lakh)
2022-07-06,MRPL,"SELL ₹28.03 crore at stop ₹69.61 (-20.3%, charges ₹2.91 lakh) — the cash goes back to work at the next Friday screen"
2022-07-08,ELECON,RAISE STOP ₹111.01 → ₹120.65 (new box ₹127.00–₹144.95 sealed)
2022-07-08,VOLTAMP,fresh signal REFUSED — falling earnings power
2022-07-11,ELECON,PYRAMID BUY ₹29.11 crore at ₹147.00 (box jump — doubling the stake with NEW capital; stop stays ₹120.65; charges ₹3.45 lakh)
2022-07-15,ACC,"RAISE STOP ₹1,994.10 → ₹2,030.05 (new box ₹2,136.90–₹2,201.10 sealed)"
2022-07-15,KEC,fresh signal REFUSED — falling earnings power
2022-07-18,ACC,"PYRAMID BUY ₹8.93 crore at ₹2,160.95 (box jump — doubling the stake with NEW capital; stop stays ₹2,030.05; charges ₹1.06 lakh)"
2022-07-22,ANANTRAJ,"fresh signal NOT FUNDED — cash exhausted (BUY: 4.06× weekly, month 1.87×, ladder rising)"
2022-07-22,CRAFTSMAN,fresh signal REFUSED — falling earnings power
2022-07-22,ELECON,RAISE STOP ₹120.65 → ₹142.64 (new box ₹150.15–₹162.50 sealed)
2022-07-25,ELECON,PYRAMID BUY ₹65.70 crore at ₹165.95 (box jump — doubling the stake with NEW capital; stop stays ₹142.64; charges ₹7.78 lakh)
2022-07-25,TIINDIA,"BUY ₹29.75 crore at ₹2,135.00 (fresh Friday signal — BUY: 4.17× weekly, month 2.43×, ladder rising; stop ₹1,862.00; charges ₹3.52 lakh)"
2022-07-29,VBL,RAISE STOP ₹136.99 → ₹162.49 (new box ₹171.04–₹182.12 sealed)
2022-08-01,VBL,PYRAMID BUY ₹36.88 crore at ₹178.36 (box jump — doubling the stake with NEW capital; stop stays ₹162.49; charges ₹4.37 lakh)
2022-08-05,ACC,"RAISE STOP ₹2,030.05 → ₹2,053.90 (new box ₹2,162.00–₹2,213.00 sealed)"
2022-08-05,BLS,RAISE STOP ₹90.53 → ₹110.67 (new box ₹116.50–₹128.95 sealed)
2022-08-05,TIINDIA,"RAISE STOP ₹1,862.00 → ₹1,867.30 (new box ₹1,981.00–₹2,360.00 sealed)"
2022-08-08,ACC,"PYRAMID BUY ₹18.66 crore at ₹2,260.00 (box jump — doubling the stake with NEW capital; stop stays ₹2,053.90; charges ₹2.21 lakh)"
2022-08-08,BLS,PYRAMID BUY ₹52.40 crore at ₹118.25 (box jump — doubling the stake with NEW capital; stop stays ₹110.67; charges ₹6.21 lakh)
2022-08-08,TIINDIA,"PYRAMID BUY ₹31.62 crore at ₹2,272.15 (box jump — doubling the stake with NEW capital; stop stays ₹1,867.30; charges ₹3.75 lakh)"
2022-08-12,ACC,"RAISE STOP ₹2,053.90 → ₹2,085.11 (new box ₹2,194.85–₹2,262.60 sealed)"
2022-08-12,ADANIPOWER,RAISE STOP ₹43.79 → ₹61.19 (new box ₹64.41–₹70.80 sealed)
2022-08-12,ELECON,RAISE STOP ₹142.64 → ₹156.67 (new box ₹165.97–₹196.97 sealed)
2022-08-12,VBL,RAISE STOP ₹162.49 → ₹188.52 (new box ₹198.44–₹209.56 sealed)
2022-08-16,ACC,"PYRAMID BUY ₹37.10 crore at ₹2,248.00 (box jump — doubling the stake with NEW capital; stop stays ₹2,085.11; charges ₹4.40 lakh)"
2022-08-16,ADANIPOWER,PYRAMID BUY ₹64.28 crore at ₹69.80 (box jump — doubling the stake with NEW capital; stop stays ₹61.19; charges ₹7.62 lakh)
2022-08-16,ELECON,PYRAMID BUY ₹135.31 crore at ₹171.00 (box jump — doubling the stake with NEW capital; stop stays ₹156.67; charges ₹16.03 lakh)
2022-08-16,VBL,PYRAMID BUY ₹85.14 crore at ₹206.00 (box jump — doubling the stake with NEW capital; stop stays ₹188.52; charges ₹10.09 lakh)
2022-08-22,VBL,"SELL ₹155.58 crore at stop ₹188.52 (+1.6%, charges ₹16.14 lakh) — the cash goes back to work at the next Friday screen"
2022-08-23,BLS,"SELL ₹97.92 crore at stop ₹110.67 (+3.4%, charges ₹10.16 lakh) — the cash goes back to work at the next Friday screen"
2022-08-26,ABB,fresh signal REFUSED — falling earnings power
2022-08-26,ACC,"RAISE STOP ₹2,085.11 → ₹2,151.37 (new box ₹2,264.60–₹2,367.75 sealed)"
2022-08-26,CEMPRO,fresh signal REFUSED — falling earnings power
2022-08-26,CUB,"fresh signal NOT FUNDED — cash exhausted (BUY: 1.55× weekly, month 1.65×, ladder rising)"
2022-08-26,DEEPAKFERT,"fresh signal NOT FUNDED — cash exhausted (BUY: 1.52× weekly, month 1.76×, ladder rising)"
2022-08-26,GESHIP,fresh signal REFUSED — falling earnings power
2022-08-26,HERITGFOOD,fresh signal REFUSED — falling earnings power
2022-08-26,KIRLOSENG,fresh signal REFUSED — falling earnings power
2022-08-26,MAZDOCK,fresh signal REFUSED — falling earnings power
2022-08-26,RBLBANK,fresh signal REFUSED — falling earnings power
2022-08-26,SOUTHBANK,fresh signal REFUSED — falling earnings power
2022-08-26,TARIL,fresh signal REFUSED — falling earnings power
2022-08-26,TEJASNET,fresh signal REFUSED — falling earnings power
2022-08-29,ACC,"PYRAMID BUY ₹75.00 crore at ₹2,274.00 (box jump — doubling the stake with NEW capital; stop stays ₹2,151.37; charges ₹8.89 lakh)"
2022-08-29,HOMEFIRST,"BUY ₹90.18 crore at ₹944.95 (fresh Friday signal — ACCUMULATE: 3.67× weekly, month 2.49×, ladder rising; stop ₹849.35; charges ₹10.69 lakh)"
2022-08-29,KALYANKJIL,"BUY ₹90.29 crore at ₹78.10 (fresh Friday signal — BUY: 9.54× weekly, month 2.93×, ladder rising; stop ₹65.55; charges ₹10.70 lakh)"
2022-08-29,SIEMENS,"BUY ₹73.03 crore at ₹1,688.21 (fresh Friday signal — ACCUMULATE: 1.59× weekly, month 1.62×, ladder rising; stop ₹1,573.13; charges ₹8.65 lakh)"
2022-09-02,ADANIPOWER,RAISE STOP ₹61.19 → ₹66.80 (new box ₹71.35–₹86.50 sealed)
2022-09-02,KALYANKJIL,RAISE STOP ₹65.55 → ₹73.15 (new box ₹77.00–₹82.85 sealed)
2022-09-05,ADANIPOWER,PYRAMID BUY ₹148.60 crore at ₹80.73 (box jump — doubling the stake with NEW capital; stop stays ₹66.80; charges ₹17.61 lakh)
2022-09-05,KALYANKJIL,PYRAMID BUY ₹97.74 crore at ₹84.65 (box jump — doubling the stake with NEW capital; stop stays ₹73.15; charges ₹11.58 lakh)
2022-09-14,HOMEFIRST,"SELL ₹80.88 crore at stop ₹849.35 (-10.1%, charges ₹8.39 lakh) — the cash goes back to work at the next Friday screen"
2022-09-16,ADANIPORTS,fresh signal REFUSED — falling earnings power
2022-09-16,AMBUJACEM,"fresh signal NOT FUNDED — cash exhausted (BUY: 5.45× weekly, month 4.11×, ladder rising)"
2022-09-16,AURIONPRO,"fresh signal NOT FUNDED — cash exhausted (BUY: 8.08× weekly, month 2.36×, ladder rising)"
2022-09-16,AXISCADES,"fresh signal NOT FUNDED — cash exhausted (BUY: 6.08× weekly, month 1.58×, ladder rising)"
2022-09-16,BAJAJHLDNG,"fresh signal NOT FUNDED — cash exhausted (BUY: 4.61× weekly, month 2.33×, ladder rising)"
2022-09-16,CCL,"fresh signal NOT FUNDED — cash exhausted (BUY: 2.65× weekly, month 1.67×, ladder rising)"
2022-09-16,CEATLTD,fresh signal REFUSED — falling earnings power
2022-09-16,DALBHARAT,fresh signal REFUSED — falling earnings power
2022-09-16,DCBBANK,fresh signal REFUSED — falling earnings power
2022-09-16,GRSE,fresh signal REFUSED — falling earnings power
2022-09-16,JKLAKSHMI,fresh signal REFUSED — falling earnings power
2022-09-16,JKTYRE,fresh signal REFUSED — falling earnings power
2022-09-16,JSWDULUX,"fresh signal NOT FUNDED — cash exhausted (BUY: 5.10× weekly, month 1.98×, ladder rising)"
2022-09-16,KALYANKJIL,RAISE STOP ₹73.15 → ₹76.00 (new box ₹80.00–₹85.80 sealed)
2022-09-16,KARURVYSYA,"fresh signal NOT FUNDED — cash exhausted (BUY: 2.95× weekly, month 1.88×, ladder rising)"
2022-09-16,LTFOODS,"fresh signal NOT FUNDED — cash exhausted (BUY: 6.13× weekly, month 2.43×, ladder rising)"
2022-09-16,LXCHEM,"fresh signal NOT FUNDED — cash exhausted (BUY: 3.27× weekly, month 1.94×, ladder rising)"
2022-09-16,MAZDOCK,fresh signal REFUSED — falling earnings power
2022-09-16,NHPC,fresh signal REFUSED — falling earnings power
2022-09-16,POWERMECH,"fresh signal NOT FUNDED — cash exhausted (BUY: 1.56× weekly, month 3.06×, ladder rising)"
2022-09-16,REFEX,"fresh signal NOT FUNDED — cash exhausted (BUY: 8.93× weekly, month 3.32×, ladder rising)"
2022-09-16,SIEMENS,"RAISE STOP ₹1,573.13 → ₹1,618.44 (new box ₹1,703.62–₹1,752.19 sealed)"
2022-09-16,SKIPPER,"fresh signal NOT FUNDED — cash exhausted (ACCUMULATE: 1.82× weekly, month 2.14×, ladder rising)"
2022-09-16,SOUTHBANK,fresh signal REFUSED — falling earnings power
2022-09-16,STLTECH,fresh signal REFUSED — falling earnings power
2022-09-16,TARIL,fresh signal REFUSED — falling earnings power
2022-09-16,UJJIVANSFB,fresh signal REFUSED — falling earnings power
2022-09-19,KALYANKJIL,PYRAMID BUY ₹219.49 crore at ₹95.10 (box jump — doubling the stake with NEW capital; stop stays ₹76.00; charges ₹26.01 lakh)
2022-09-19,MAHSCOOTER,"BUY ₹80.88 crore at ₹5,103.50 (fresh Friday signal — BUY: 10.17× weekly, month 2.61×, ladder rising; stop ₹3,847.79; charges ₹9.58 lakh)"
2022-09-19,SIEMENS,"PYRAMID BUY ₹75.05 crore at ₹1,737.02 (box jump — doubling the stake with NEW capital; stop stays ₹1,618.44; charges ₹8.89 lakh)"
2022-09-23,TIINDIA,"RAISE STOP ₹1,867.30 → ₹2,360.75 (new box ₹2,485.00–₹2,823.00 sealed)"
2022-09-26,SIEMENS,"SELL ₹139.62 crore at stop ₹1,618.44 (-5.5%, charges ₹14.48 lakh) — the cash goes back to work at the next Friday screen"
2022-09-26,TIINDIA,"PYRAMID BUY ₹76.16 crore at ₹2,737.75 (box jump — doubling the stake with NEW capital; stop stays ₹2,360.75; charges ₹9.02 lakh)"
2022-09-30,ACC,"RAISE STOP ₹2,151.37 → ₹2,171.53 (new box ₹2,313.10–₹2,785.00 sealed)"
2022-09-30,APOLLO,"fresh signal NOT FUNDED — cash exhausted (BUY: 2.88× weekly, month 2.70×, ladder rising)"
2022-09-30,AURIONPRO,"fresh signal NOT FUNDED — cash exhausted (BUY: 1.97× weekly, month 3.18×, ladder rising)"
2022-09-30,COCHINSHIP,fresh signal REFUSED — falling earnings power
2022-09-30,JSWDULUX,"fresh signal NOT FUNDED — cash exhausted (ACCUMULATE: 1.92× weekly, month 2.73×, ladder rising)"
2022-09-30,KALYANKJIL,RAISE STOP ₹76.00 → ₹81.12 (new box ₹85.80–₹101.40 sealed)
2022-09-30,MAHSCOOTER,"RAISE STOP ₹3,847.79 → ₹4,617.00 (new box ₹4,860.00–₹5,529.00 sealed)"
2022-09-30,MAZDOCK,fresh signal REFUSED — falling earnings power
2022-09-30,SCHNEIDER,"fresh signal NOT FUNDED — cash exhausted (BUY: 2.05× weekly, month 3.46×, ladder rising)"
2022-09-30,SKIPPER,"fresh signal NOT FUNDED — cash exhausted (ACCUMULATE: 1.73× weekly, month 2.58×, ladder rising)"
2022-09-30,STARCEMENT,fresh signal REFUSED — falling earnings power
2022-09-30,TARIL,fresh signal REFUSED — falling earnings power
2022-09-30,TRITURBINE,fresh signal REFUSED — falling earnings power
2022-09-30,WESTLIFE,"fresh signal NOT FUNDED — cash exhausted (ACCUMULATE: 2.19× weekly, month 1.94×, ladder rising)"
2022-10-03,ACC,"PYRAMID BUY ₹159.53 crore at ₹2,419.80 (box jump — doubling the stake with NEW capital; stop stays ₹2,171.53; charges ₹18.90 lakh)"
2022-10-03,KALYANKJIL,PYRAMID BUY ₹447.02 crore at ₹96.90 (box jump — doubling the stake with NEW capital; stop stays ₹81.12; charges ₹52.96 lakh)
2022-10-03,MAHSCOOTER,"PYRAMID BUY ₹79.11 crore at ₹4,998.05 (box jump — doubling the stake with NEW capital; stop stays ₹4,617.00; charges ₹9.37 lakh)"
2022-10-03,TSFINV,"BUY ₹139.62 crore at ₹103.50 (fresh Friday signal — BUY: 7.17× weekly, month 4.00×, ladder rising; stop ₹79.04; charges ₹16.54 lakh)"
2022-10-07,TSFINV,RAISE STOP ₹79.04 → ₹92.20 (new box ₹97.05–₹107.30 sealed)
2022-10-10,TSFINV,PYRAMID BUY ₹134.00 crore at ₹99.45 (box jump — doubling the stake with NEW capital; stop stays ₹92.20; charges ₹15.88 lakh)
2022-10-11,TSFINV,"SELL ₹248.06 crore at stop ₹92.20 (-9.1%, charges ₹25.73 lakh) — the cash goes back to work at the next Friday screen"
2022-10-14,ADANIPOWER,"SELL ₹245.51 crore at stop ₹66.80 (-3.8%, charges ₹25.47 lakh) — the cash goes back to work at the next Friday screen"
2022-10-14,STARCEMENT,fresh signal REFUSED — falling earnings power
2022-10-17,APOLLO,"BUY ₹232.62 crore at ₹24.00 (fresh Friday signal — BUY: 6.98× weekly, month 4.78×, ladder rising; stop ₹14.17; charges ₹27.56 lakh)"
2022-10-21,ANANTRAJ,"fresh signal NOT FUNDED — cash exhausted (BUY: 2.19× weekly, month 3.33×, ladder rising)"
2022-10-21,ERIS,"fresh signal NOT FUNDED — cash exhausted (ACCUMULATE: 1.52× weekly, month 1.59×, ladder rising)"
2022-10-21,KALYANKJIL,RAISE STOP ₹81.12 → ₹89.78 (new box ₹94.50–₹104.65 sealed)
2022-10-21,KPITTECH,fresh signal REFUSED — falling earnings power
2022-10-21,MIDHANI,"fresh signal NOT FUNDED — cash exhausted (ACCUMULATE: 2.24× weekly, month 3.54×, ladder rising)"
2022-10-21,SOUTHBANK,fresh signal REFUSED — falling earnings power
2022-10-24,GODFRYPHLP,"BUY ₹260.95 crore at ₹483.67 (fresh Friday signal — BUY: 4.48× weekly, month 3.07×, ladder rising; stop ₹403.15; charges ₹30.92 lakh)"
2022-10-24,KALYANKJIL,PYRAMID BUY ₹939.15 crore at ₹101.85 (box jump — doubling the stake with NEW capital; stop stays ₹89.78; charges ₹1.11 crore)
2022-10-28,APOLLO,RAISE STOP ₹14.17 → ₹19.45 (new box ₹20.68–₹24.78 sealed)
2022-10-28,KALYANKJIL,RAISE STOP ₹89.78 → ₹94.53 (new box ₹99.50–₹108.70 sealed)
2022-10-28,TIINDIA,"RAISE STOP ₹2,360.75 → ₹2,465.49 (new box ₹2,595.25–₹2,881.90 sealed)"
2022-10-31,APOLLO,PYRAMID BUY ₹210.12 crore at ₹21.70 (box jump — doubling the stake with NEW capital; stop stays ₹19.45; charges ₹24.90 lakh)
2022-10-31,KALYANKJIL,"PYRAMID BUY ₹1,948.14 crore at ₹105.70 (box jump — doubling the stake with NEW capital; stop stays ₹94.53; charges ₹2.31 crore)"
2022-10-31,TIINDIA,"PYRAMID BUY ₹148.74 crore at ₹2,675.00 (box jump — doubling the stake with NEW capital; stop stays ₹2,465.49; charges ₹17.62 lakh)"
2022-11-04,ELECON,RAISE STOP ₹156.67 → ₹164.33 (new box ₹172.97–₹189.50 sealed)
2022-11-07,ELECON,PYRAMID BUY ₹317.68 crore at ₹200.85 (box jump — doubling the stake with NEW capital; stop stays ₹164.33; charges ₹37.64 lakh)
2022-11-11,CGCL,RAISE STOP ₹507.72 → ₹661.39 (new box ₹696.20–₹731.76 sealed)
2022-11-14,CGCL,"PYRAMID BUY ₹3.70 crore at ₹696.24 (box jump — doubling the stake with NEW capital; stop stays ₹661.39; charges ₹43,882.71)"
2022-11-18,ACC,"RAISE STOP ₹2,171.53 → ₹2,259.81 (new box ₹2,378.75–₹2,514.95 sealed)"
2022-11-18,ELECON,RAISE STOP ₹164.33 → ₹202.49 (new box ₹213.15–₹229.40 sealed)
2022-11-18,GODFRYPHLP,RAISE STOP ₹403.15 → ₹497.48 (new box ₹523.67–₹560.00 sealed)
2022-11-21,ACC,"PYRAMID BUY ₹323.21 crore at ₹2,452.70 (box jump — doubling the stake with NEW capital; stop stays ₹2,259.81; charges ₹38.29 lakh)"
2022-11-21,ELECON,PYRAMID BUY ₹674.81 crore at ₹213.45 (box jump — doubling the stake with NEW capital; stop stays ₹202.49; charges ₹79.95 lakh)
2022-11-21,GODFRYPHLP,PYRAMID BUY ₹330.52 crore at ₹613.33 (box jump — doubling the stake with NEW capital; stop stays ₹497.48; charges ₹39.16 lakh)
2022-11-22,KALYANKJIL,"SELL ₹3,478.86 crore at stop ₹94.53 (-6.8%, charges ₹3.61 crore) — the cash goes back to work at the next Friday screen"
2022-11-25,CENTRALBK,"fresh signal NOT FUNDED — cash exhausted (BUY: 5.84× weekly, month 5.38×, ladder rising)"
2022-11-25,DYNAMATECH,"fresh signal NOT FUNDED — cash exhausted (BUY: 4.26× weekly, month 2.63×, ladder rising)"
2022-11-25,ENGINERSIN,fresh signal REFUSED — falling earnings power
2022-11-25,HUDCO,"fresh signal NOT FUNDED — cash exhausted (BUY: 3.78× weekly, month 11.14×, ladder rising)"
2022-11-25,IDBI,"fresh signal NOT FUNDED — cash exhausted (ACCUMULATE: 2.08× weekly, month 1.50×, ladder rising)"
2022-11-25,IFCI,fresh signal REFUSED — falling earnings power
2022-11-25,IRCON,"fresh signal NOT FUNDED — cash exhausted (ACCUMULATE: 4.15× weekly, month 13.60×, ladder rising)"
2022-11-25,KIRLOSBROS,fresh signal REFUSED — falling earnings power
2022-11-25,MAZDOCK,fresh signal REFUSED — falling earnings power
2022-11-25,NBCC,fresh signal REFUSED — falling earnings power
2022-11-25,PNB,"fresh signal NOT FUNDED — cash exhausted (BUY: 3.01× weekly, month 2.82×, ladder rising)"
2022-11-25,RAILTEL,"fresh signal NOT FUNDED — cash exhausted (ACCUMULATE: 3.04× weekly, month 5.91×, ladder rising)"
2022-11-25,RVNL,"fresh signal NOT FUNDED — cash exhausted (BUY: 2.80× weekly, month 14.14×, ladder rising)"
2022-11-25,SJVN,fresh signal REFUSED — falling earnings power
2022-11-25,SWANCORP,fresh signal REFUSED — falling earnings power
2022-11-25,TEXRAIL,"fresh signal NOT FUNDED — cash exhausted (BUY: 2.24× weekly, month 1.66×, ladder rising)"
2022-11-25,UJJIVANSFB,fresh signal REFUSED — falling earnings power
2022-11-28,IOB,"BUY ₹716.88 crore at ₹23.00 (fresh Friday signal — BUY: 7.22× weekly, month 5.74×, ladder rising; stop ₹18.76; charges ₹84.94 lakh)"
2022-11-28,IRFC,"BUY ₹714.38 crore at ₹32.00 (fresh Friday signal — BUY: 9.02× weekly, month 13.28×, ladder rising; stop ₹23.09; charges ₹84.64 lakh)"
2022-11-28,MAHABANK,"BUY ₹717.75 crore at ₹27.60 (fresh Friday signal — BUY: 8.71× weekly, month 8.20×, ladder rising; stop ₹21.47; charges ₹85.04 lakh)"
2022-11-28,SKIPPER,"BUY ₹614.20 crore at ₹89.34 (fresh Friday signal — BUY: 6.40× weekly, month 2.23×, ladder rising; stop ₹65.34; charges ₹72.77 lakh)"
2022-11-28,UCOBANK,"BUY ₹715.65 crore at ₹21.05 (fresh Friday signal — BUY: 13.59× weekly, month 16.04×, ladder rising; stop ₹13.59; charges ₹84.79 lakh)"
2022-12-02,GODFRYPHLP,RAISE STOP ₹497.48 → ₹547.85 (new box ₹576.68–₹638.33 sealed)
2022-12-02,IOB,RAISE STOP ₹18.76 → ₹20.76 (new box ₹21.85–₹24.85 sealed)
2022-12-05,GODFRYPHLP,PYRAMID BUY ₹657.05 crore at ₹610.00 (box jump — doubling the stake with NEW capital; stop stays ₹547.85; charges ₹77.85 lakh)
2022-12-05,IOB,PYRAMID BUY ₹716.03 crore at ₹23.00 (box jump — doubling the stake with NEW capital; stop stays ₹20.76; charges ₹84.84 lakh)
2022-12-09,APOLLO,RAISE STOP ₹19.45 → ₹24.42 (new box ₹25.70–₹28.40 sealed)
2022-12-09,UCOBANK,RAISE STOP ₹13.59 → ₹18.29 (new box ₹19.25–₹22.45 sealed)
2022-12-12,APOLLO,PYRAMID BUY ₹499.35 crore at ₹25.80 (box jump — doubling the stake with NEW capital; stop stays ₹24.42; charges ₹59.16 lakh)
2022-12-12,UCOBANK,PYRAMID BUY ₹801.39 crore at ₹23.60 (box jump — doubling the stake with NEW capital; stop stays ₹18.29; charges ₹94.95 lakh)
2022-12-16,ACC,"RAISE STOP ₹2,259.81 → ₹2,465.15 (new box ₹2,594.90–₹2,656.85 sealed)"
2022-12-16,IRFC,RAISE STOP ₹23.09 → ₹28.20 (new box ₹30.25–₹37.10 sealed)
2022-12-16,SKIPPER,RAISE STOP ₹65.34 → ₹109.70 (new box ₹115.48–₹129.94 sealed)
2022-12-19,ACC,"PYRAMID BUY ₹688.24 crore at ₹2,612.95 (box jump — doubling the stake with NEW capital; stop stays ₹2,465.15; charges ₹81.54 lakh)"
2022-12-19,IRFC,PYRAMID BUY ₹720.22 crore at ₹32.30 (box jump — doubling the stake with NEW capital; stop stays ₹28.20; charges ₹85.33 lakh)
2022-12-19,SKIPPER,PYRAMID BUY ₹834.51 crore at ₹121.53 (box jump — doubling the stake with NEW capital; stop stays ₹109.70; charges ₹98.87 lakh)
2022-12-21,ELECON,"SELL ₹1,278.24 crore at stop ₹202.49 (+2.7%, charges ₹1.33 crore) — the cash goes back to work at the next Friday screen"
2022-12-22,MAHSCOOTER,"SELL ₹145.93 crore at stop ₹4,617.00 (-8.6%, charges ₹15.14 lakh) — the cash goes back to work at the next Friday screen"
2022-12-23,ACC,"SELL ₹1,296.51 crore at stop ₹2,465.15 (-1.6%, charges ₹1.34 crore) — the cash goes back to work at the next Friday screen"
2022-12-23,IRFC,"SELL ₹1,255.55 crore at stop ₹28.20 (-12.3%, charges ₹1.30 crore) — the cash goes back to work at the next Friday screen"
2022-12-23,PNBHOUSING,fresh signal REFUSED — falling earnings power
2022-12-23,TIINDIA,"RAISE STOP ₹2,465.49 → ₹2,598.35 (new box ₹2,735.10–₹3,039.90 sealed)"
2022-12-26,APOLLO,"SELL ₹943.74 crore at stop ₹24.42 (+0.4%, charges ₹97.89 lakh) — the cash goes back to work at the next Friday screen"
2022-12-26,GODFRYPHLP,"SELL ₹1,178.30 crore at stop ₹547.85 (-5.4%, charges ₹1.22 crore) — the cash goes back to work at the next Friday screen"
2022-12-26,TIINDIA,"PYRAMID BUY ₹308.76 crore at ₹2,778.00 (box jump — doubling the stake with NEW capital; stop stays ₹2,598.35; charges ₹36.58 lakh)"
2022-12-30,FACT,fresh signal REFUSED — falling earnings power
2022-12-30,IOB,RAISE STOP ₹20.76 → ₹21.23 (new box ₹24.80–₹36.70 sealed)
2022-12-30,JINDALSAW,"fresh signal NOT FUNDED — cash exhausted (ACCUMULATE: 1.94× weekly, month 2.35×, ladder rising)"
2022-12-30,MAHABANK,RAISE STOP ₹21.47 → ₹22.08 (new box ₹25.35–₹36.25 sealed)
2022-12-30,NFL,fresh signal REFUSED — falling earnings power
2022-12-30,PNBHOUSING,fresh signal REFUSED — falling earnings power
2022-12-30,UCOBANK,RAISE STOP ₹18.29 → ₹23.46 (new box ₹26.85–₹38.15 sealed)
2023-01-02,GICRE,"BUY ₹1,828.77 crore at ₹179.20 (fresh Friday signal — ACCUMULATE: 2.52× weekly, month 11.13×, ladder rising; stop ₹137.57; charges ₹2.17 crore)"
2023-01-02,GSFC,signal SKIPPED — cash below half a slice
2023-01-02,IOB,"PYRAMID BUY ₹2,016.15 crore at ₹32.40 (box jump — doubling the stake with NEW capital; stop stays ₹21.23; charges ₹2.39 crore)"
2023-01-02,JSL,signal SKIPPED — cash below half a slice
2023-01-02,LLOYDSENGG,"BUY ₹1,837.32 crore at ₹15.63 (fresh Friday signal — ACCUMULATE: 2.36× weekly, month 2.74×, ladder rising; stop ₹10.86; charges ₹2.18 crore)"
2023-01-02,MAHABANK,PYRAMID BUY ₹801.31 crore at ₹30.85 (box jump — doubling the stake with NEW capital; stop stays ₹22.08; charges ₹94.94 lakh)
2023-01-02,UCOBANK,"PYRAMID BUY ₹2,158.41 crore at ₹31.80 (box jump — doubling the stake with NEW capital; stop stays ₹23.46; charges ₹2.56 crore)"
2023-01-02,YESBANK,"BUY ₹1,822.01 crore at ₹20.85 (fresh Friday signal — ACCUMULATE: 2.89× weekly, month 3.19×, ladder rising; stop ₹15.00; charges ₹2.16 crore)"
2023-01-06,CGCL,RAISE STOP ₹661.39 → ₹666.82 (new box ₹701.92–₹764.26 sealed)
2023-01-09,CGCL,"PYRAMID BUY ₹7.59 crore at ₹714.12 (box jump — doubling the stake with NEW capital; stop stays ₹666.82; charges ₹89,965.69)"
2023-01-11,TIINDIA,"SELL ₹576.64 crore at stop ₹2,598.35 (-2.9%, charges ₹59.82 lakh) — the cash goes back to work at the next Friday screen"
2023-01-13,CIEINDIA,fresh signal REFUSED — falling earnings power
2023-01-13,GICRE,RAISE STOP ₹137.57 → ₹167.72 (new box ₹176.55–₹204.00 sealed)
2023-01-13,JINDALSAW,"fresh signal NOT FUNDED — cash exhausted (BUY: 1.56× weekly, month 2.82×, ladder rising)"
2023-01-13,MOIL,fresh signal REFUSED — falling earnings power
2023-01-13,PNBHOUSING,fresh signal REFUSED — falling earnings power
2023-01-13,PNCINFRA,fresh signal REFUSED — falling earnings power
2023-01-13,USHAMART,"fresh signal NOT FUNDED — cash exhausted (ACCUMULATE: 1.51× weekly, month 3.38×, ladder rising)"
2023-01-16,ANUP,"BUY ₹1,186.80 crore at ₹476.12 (fresh Friday signal — ACCUMULATE: 4.79× weekly, month 1.56×, ladder rising; stop ₹364.75; charges ₹1.41 crore)"
2023-01-16,GICRE,"PYRAMID BUY ₹1,906.62 crore at ₹187.05 (box jump — doubling the stake with NEW capital; stop stays ₹167.72; charges ₹2.26 crore)"
2023-01-25,SKIPPER,"SELL ₹1,504.05 crore at stop ₹109.70 (+4.1%, charges ₹1.56 crore) — the cash goes back to work at the next Friday screen"
2023-02-01,GICRE,"SELL ₹3,413.61 crore at stop ₹167.72 (-8.4%, charges ₹3.54 crore) — the cash goes back to work at the next Friday screen"
2023-02-03,ANUP,RAISE STOP ₹364.75 → ₹466.90 (new box ₹491.48–₹544.50 sealed)
2023-02-03,CIEINDIA,fresh signal REFUSED — falling earnings power
2023-02-03,LLOYDSENGG,RAISE STOP ₹10.86 → ₹19.27 (new box ₹20.44–₹24.34 sealed)
2023-02-03,PNCINFRA,fresh signal REFUSED — falling earnings power
2023-02-06,ANUP,"PYRAMID BUY ₹1,399.44 crore at ₹562.10 (box jump — doubling the stake with NEW capital; stop stays ₹466.90; charges ₹1.66 crore)"
2023-02-06,JINDALSAW,"BUY ₹2,237.53 crore at ₹65.22 (fresh Friday signal — BUY: 2.71× weekly, month 3.60×, ladder rising; stop ₹51.25; charges ₹2.65 crore)"
2023-02-06,LLOYDSENGG,"PYRAMID BUY ₹2,467.56 crore at ₹21.02 (box jump — doubling the stake with NEW capital; stop stays ₹19.27; charges ₹2.92 crore)"
2023-02-07,LLOYDSENGG,"SELL ₹4,517.37 crore at stop ₹19.27 (+5.2%, charges ₹4.69 crore) — the cash goes back to work at the next Friday screen"
2023-02-10,ANUP,RAISE STOP ₹466.90 → ₹518.77 (new box ₹546.08–₹579.48 sealed)
2023-02-10,YESBANK,RAISE STOP ₹15.00 → ₹15.34 (new box ₹16.15–₹17.60 sealed)
2023-02-13,ANUP,"PYRAMID BUY ₹2,836.54 crore at ₹570.00 (box jump — doubling the stake with NEW capital; stop stays ₹518.77; charges ₹3.36 crore)"
2023-02-13,YESBANK,"PYRAMID BUY ₹1,488.17 crore at ₹17.05 (box jump — doubling the stake with NEW capital; stop stays ₹15.34; charges ₹1.76 crore)"
2023-02-17,ANUP,RAISE STOP ₹518.77 → ₹527.27 (new box ₹555.02–₹601.42 sealed)
2023-02-17,ZENSARTECH,fresh signal REFUSED — falling earnings power
2023-02-20,ANUP,"PYRAMID BUY ₹5,595.37 crore at ₹562.52 (box jump — doubling the stake with NEW capital; stop stays ₹527.27; charges ₹6.63 crore)"
2023-02-24,CYIENT,"fresh signal NOT FUNDED — cash exhausted (BUY: 1.52× weekly, month 1.64×, ladder rising)"
2023-02-24,PGEL,"fresh signal NOT FUNDED — cash exhausted (BUY: 2.05× weekly, month 1.77×, ladder rising)"
2023-02-24,RATNAMANI,fresh signal REFUSED — falling earnings power
2023-02-24,ZENSARTECH,fresh signal REFUSED — falling earnings power
2023-02-27,CERA,"BUY ₹3,160.08 crore at ₹6,150.00 (fresh Friday signal — BUY: 5.94× weekly, month 1.75×, ladder rising; stop ₹5,579.40; charges ₹3.74 crore)"
2023-02-27,SONATSOFTW,"BUY ₹3,160.45 crore at ₹360.00 (fresh Friday signal — BUY: 9.70× weekly, month 3.34×, ladder rising; stop ₹282.62; charges ₹3.74 crore)"
2023-03-03,CERA,"RAISE STOP ₹5,579.40 → ₹5,714.25 (new box ₹6,015.00–₹6,788.00 sealed)"
2023-03-03,IOB,RAISE STOP ₹21.23 → ₹22.18 (new box ₹23.35–₹25.35 sealed)
2023-03-03,JINDALSAW,RAISE STOP ₹51.25 → ₹67.92 (new box ₹71.50–₹79.22 sealed)
2023-03-03,SONATSOFTW,RAISE STOP ₹282.62 → ₹325.85 (new box ₹343.00–₹376.50 sealed)
2023-03-06,CERA,"PYRAMID BUY ₹3,251.02 crore at ₹6,334.50 (box jump — doubling the stake with NEW capital; stop stays ₹5,714.25; charges ₹3.85 crore)"
2023-03-06,IOB,"PYRAMID BUY ₹3,246.32 crore at ₹26.10 (box jump — doubling the stake with NEW capital; stop stays ₹22.18; charges ₹3.85 crore)"
2023-03-06,JINDALSAW,"PYRAMID BUY ₹2,534.69 crore at ₹73.97 (box jump — doubling the stake with NEW capital; stop stays ₹67.92; charges ₹3.00 crore)"
2023-03-06,SONATSOFTW,"PYRAMID BUY ₹3,514.03 crore at ₹400.75 (box jump — doubling the stake with NEW capital; stop stays ₹325.85; charges ₹4.16 crore)"
2023-03-08,CGCL,"SELL ₹14.16 crore at stop ₹666.82 (-0.9%, charges ₹1.47 lakh) — the cash goes back to work at the next Friday screen"
2023-03-10,ANUP,"SELL ₹10,472.32 crore at stop ₹527.27 (-4.7%, charges ₹10.86 crore) — the cash goes back to work at the next Friday screen"
2023-03-13,YESBANK,"SELL ₹2,673.48 crore at stop ₹15.34 (-19.1%, charges ₹2.77 crore) — the cash goes back to work at the next Friday screen"
2023-03-17,NCC,fresh signal REFUSED — falling earnings power
2023-03-17,POLICYBZR,fresh signal REFUSED — falling earnings power
2023-03-17,PRIVISCL,fresh signal REFUSED — falling earnings power
2023-03-17,SONATSOFTW,RAISE STOP ₹325.85 → ₹357.20 (new box ₹376.00–₹416.32 sealed)
2023-03-20,ANURAS,"BUY ₹4,974.43 crore at ₹755.90 (fresh Friday signal — ACCUMULATE: 3.74× weekly, month 2.60×, ladder rising; stop ₹691.46; charges ₹5.89 crore)"
2023-03-20,IOB,"SELL ₹5,508.52 crore at stop ₹22.18 (-17.5%, charges ₹5.71 crore) — the cash goes back to work at the next Friday screen"
2023-03-20,SONATSOFTW,"PYRAMID BUY ₹6,966.93 crore at ₹397.50 (box jump — doubling the stake with NEW capital; stop stays ₹357.20; charges ₹8.25 crore)"
2023-03-24,CERA,"RAISE STOP ₹5,714.25 → ₹5,852.00 (new box ₹6,160.00–₹6,488.95 sealed)"
2023-03-24,MAHABANK,RAISE STOP ₹22.08 → ₹22.36 (new box ₹23.80–₹28.60 sealed)
2023-03-24,SONATSOFTW,RAISE STOP ₹357.20 → ₹371.45 (new box ₹391.00–₹427.80 sealed)
2023-03-27,CERA,"PYRAMID BUY ₹6,452.39 crore at ₹6,289.85 (box jump — doubling the stake with NEW capital; stop stays ₹5,852.00; charges ₹7.64 crore)"
2023-03-27,JINDALSAW,"SELL ₹4,646.87 crore at stop ₹67.92 (-2.4%, charges ₹4.82 crore) — the cash goes back to work at the next Friday screen"
2023-03-27,KSB,"BUY ₹7,015.49 crore at ₹417.98 (fresh Friday signal — ACCUMULATE: 1.90× weekly, month 2.85×, ladder rising; stop ₹372.21; charges ₹8.31 crore)"
2023-03-27,MAHABANK,"PYRAMID BUY ₹1,266.81 crore at ₹24.40 (box jump — doubling the stake with NEW capital; stop stays ₹22.36; charges ₹1.50 crore)"
2023-03-27,SONATSOFTW,"PYRAMID BUY ₹14,493.14 crore at ₹413.70 (box jump — doubling the stake with NEW capital; stop stays ₹371.45; charges ₹17.17 crore)"
2023-03-27,TDPOWERSYS,"BUY ₹7,002.31 crore at ₹84.62 (fresh Friday signal — BUY: 1.62× weekly, month 2.13×, ladder rising; stop ₹64.12; charges ₹8.30 crore)"
2023-03-27,UCOBANK,"SELL ₹3,179.48 crore at stop ₹23.46 (-13.3%, charges ₹3.30 crore) — the cash goes back to work at the next Friday screen"
2023-03-29,SONATSOFTW,"SELL ₹25,983.62 crore at stop ₹371.45 (-7.4%, charges ₹26.95 crore) — the cash goes back to work at the next Friday screen"
2023-04-03,HAL,"BUY ₹6,962.66 crore at ₹1,380.00 (fresh Friday signal — ACCUMULATE: 1.57× weekly, month 2.04×, ladder rising; stop ₹1,171.71; charges ₹8.25 crore)"
2023-04-03,TAX,"FY2023 settled: ₹0.00 paid (STCG ₹0.00 @20%, LTCG ₹0.00 @12.5%; losses carried forward ST ₹5,621.45 crore / LT ₹0.00)"
2023-04-06,CERA,"RAISE STOP ₹5,852.00 → ₹6,037.30 (new box ₹6,355.05–₹6,630.00 sealed)"
2023-04-06,JBMA,fresh signal REFUSED — falling earnings power
2023-04-06,TDPOWERSYS,RAISE STOP ₹64.12 → ₹73.22 (new box ₹77.08–₹87.42 sealed)
2023-04-06,VIJAYA,fresh signal REFUSED — falling earnings power
2023-04-10,CERA,"PYRAMID BUY ₹13,405.95 crore at ₹6,538.00 (box jump — doubling the stake with NEW capital; stop stays ₹6,037.30; charges ₹15.88 crore)"
2023-04-10,KIRLOSBROS,"BUY ₹8,956.47 crore at ₹425.00 (fresh Friday signal — BUY: 1.86× weekly, month 2.34×, ladder rising; stop ₹357.44; charges ₹10.61 crore)"
2023-04-10,TDPOWERSYS,"PYRAMID BUY ₹6,566.31 crore at ₹79.45 (box jump — doubling the stake with NEW capital; stop stays ₹73.22; charges ₹7.78 crore)"
2023-04-13,MEDPLUS,fresh signal REFUSED — falling earnings power
2023-04-13,NEOGEN,fresh signal REFUSED — falling earnings power
2023-04-13,TORNTPOWER,fresh signal REFUSED — falling earnings power
2023-04-21,ALIVUS,fresh signal REFUSED — falling earnings power
2023-04-21,JBMA,fresh signal REFUSED — falling earnings power
2023-04-21,KIRLOSBROS,RAISE STOP ₹357.44 → ₹403.85 (new box ₹425.10–₹450.00 sealed)
2023-04-21,TITAGARH,fresh signal REFUSED — falling earnings power
2023-04-24,KIRLOSBROS,"PYRAMID BUY ₹9,100.57 crore at ₹432.35 (box jump — doubling the stake with NEW capital; stop stays ₹403.85; charges ₹10.78 crore)"
2023-04-24,MARKSANS,"BUY ₹8,321.91 crore at ₹78.00 (fresh Friday signal — ACCUMULATE: 1.64× weekly, month 1.51×, ladder rising; stop ₹71.87; charges ₹9.86 crore)"
2023-04-24,ZFCVINDIA,"BUY ₹10,122.14 crore at ₹1,697.50 (fresh Friday signal — ACCUMULATE: 7.38× weekly, month 1.55×, ladder rising; stop ₹1,561.17; charges ₹11.99 crore)"
2023-04-26,CERA,"SELL ₹24,718.26 crore at stop ₹6,037.30 (-5.7%, charges ₹25.64 crore) — the cash goes back to work at the next Friday screen"
2023-04-26,KIRLOSBROS,"SELL ₹16,973.66 crore at stop ₹403.85 (-5.8%, charges ₹17.61 crore) — the cash goes back to work at the next Friday screen"
2023-04-28,ALIVUS,fresh signal REFUSED — falling earnings power
2023-04-28,ANURAS,"RAISE STOP ₹691.46 → ₹946.20 (new box ₹996.00–₹1,069.75 sealed)"
2023-04-28,ARVIND,fresh signal REFUSED — falling earnings power
2023-04-28,GLENMARK,fresh signal REFUSED — falling earnings power
2023-04-28,IRFC,fresh signal REFUSED — falling earnings power
2023-04-28,KSB,RAISE STOP ₹372.21 → ₹407.74 (new box ₹429.20–₹459.97 sealed)
2023-05-02,ANURAS,"PYRAMID BUY ₹7,486.66 crore at ₹1,139.00 (box jump — doubling the stake with NEW capital; stop stays ₹946.20; charges ₹8.87 crore)"
2023-05-02,ASHAPURMIN,"BUY ₹11,593.23 crore at ₹143.10 (fresh Friday signal — BUY: 2.05× weekly, month 2.10×, ladder rising; stop ₹123.50; charges ₹13.74 crore)"
2023-05-02,ICICIBANK,"BUY ₹11,589.02 crore at ₹924.00 (fresh Friday signal — BUY: 1.78× weekly, month 2.24×, ladder rising; stop ₹838.28; charges ₹13.73 crore)"
2023-05-02,KSB,"PYRAMID BUY ₹7,600.98 crore at ₹453.40 (box jump — doubling the stake with NEW capital; stop stays ₹407.74; charges ₹9.01 crore)"
2023-05-02,REFEX,"BUY ₹11,636.24 crore at ₹65.32 (fresh Friday signal — BUY: 4.73× weekly, month 1.57×, ladder rising; stop ₹54.53; charges ₹13.79 crore)"
2023-05-05,AARTIDRUGS,fresh signal REFUSED — falling earnings power
2023-05-05,AHLUCONT,"fresh signal NOT FUNDED — cash exhausted (ACCUMULATE: 2.42× weekly, month 1.84×, ladder rising)"
2023-05-05,ARVIND,fresh signal REFUSED — falling earnings power
2023-05-05,ENGINERSIN,fresh signal REFUSED — falling earnings power
2023-05-05,IRFC,fresh signal REFUSED — falling earnings power
2023-05-05,MAHABANK,RAISE STOP ₹22.36 → ₹27.79 (new box ₹29.25–₹30.90 sealed)
2023-05-05,NEWGEN,fresh signal REFUSED — falling earnings power
2023-05-05,SYNGENE,"fresh signal NOT FUNDED — cash exhausted (BUY: 1.76× weekly, month 1.78×, ladder rising)"
2023-05-08,HEG,"BUY ₹6,873.42 crore at ₹234.38 (fresh Friday signal — BUY: 2.69× weekly, month 1.85×, ladder rising; stop ₹201.01; charges ₹8.14 crore)"
2023-05-08,MAHABANK,"PYRAMID BUY ₹3,175.52 crore at ₹30.60 (box jump — doubling the stake with NEW capital; stop stays ₹27.79; charges ₹3.76 crore)"
2023-05-12,ANURAS,"RAISE STOP ₹946.20 → ₹1,007.67 (new box ₹1,060.70–₹1,224.20 sealed)"
2023-05-12,ASHAPURMIN,RAISE STOP ₹123.50 → ₹125.16 (new box ₹131.75–₹147.40 sealed)
2023-05-12,HAL,"RAISE STOP ₹1,171.71 → ₹1,370.80 (new box ₹1,442.95–₹1,525.00 sealed)"
2023-05-12,REFEX,RAISE STOP ₹54.53 → ₹58.14 (new box ₹61.20–₹69.68 sealed)
2023-05-15,ANURAS,"PYRAMID BUY ₹15,369.11 crore at ₹1,169.80 (box jump — doubling the stake with NEW capital; stop stays ₹1,007.67; charges ₹18.21 crore)"
2023-05-15,ASHAPURMIN,"PYRAMID BUY ₹11,725.15 crore at ₹144.90 (box jump — doubling the stake with NEW capital; stop stays ₹125.16; charges ₹13.89 crore)"
2023-05-15,HAL,"PYRAMID BUY ₹7,526.26 crore at ₹1,493.47 (box jump — doubling the stake with NEW capital; stop stays ₹1,370.80; charges ₹8.92 crore)"
2023-05-15,REFEX,"PYRAMID BUY ₹12,962.28 crore at ₹72.85 (box jump — doubling the stake with NEW capital; stop stays ₹58.14; charges ₹15.36 crore)"
2023-05-22,MARKSANS,"SELL ₹7,650.87 crore at stop ₹71.87 (-7.9%, charges ₹7.94 crore) — the cash goes back to work at the next Friday screen"
2023-05-26,ASHAPURMIN,RAISE STOP ₹125.16 → ₹134.24 (new box ₹141.30–₹152.55 sealed)
2023-05-26,TDPOWERSYS,RAISE STOP ₹73.22 → ₹89.54 (new box ₹94.25–₹103.75 sealed)
2023-05-29,ASHAPURMIN,"PYRAMID BUY ₹21,010.27 crore at ₹129.90 (box jump — doubling the stake with NEW capital; stop stays ₹134.24; charges ₹24.89 crore)"
2023-05-29,ASHAPURMIN,"SELL ₹43,353.77 crore at stop ₹134.24 (-2.0%, charges ₹44.97 crore) — the cash goes back to work at the next Friday screen"
2023-05-29,TDPOWERSYS,"PYRAMID BUY ₹16,850.02 crore at ₹102.00 (box jump — doubling the stake with NEW capital; stop stays ₹89.54; charges ₹19.96 crore)"
2023-06-02,AHLUCONT,"fresh signal NOT FUNDED — cash exhausted (ACCUMULATE: 5.12× weekly, month 2.35×, ladder rising)"
2023-06-02,AIAENG,"fresh signal NOT FUNDED — cash exhausted (BUY: 4.10× weekly, month 1.62×, ladder rising)"
2023-06-02,BECTORFOOD,"fresh signal NOT FUNDED — cash exhausted (BUY: 4.21× weekly, month 2.46×, ladder rising)"
2023-06-02,CHOICEIN,fresh signal REFUSED — falling earnings power
2023-06-02,CYIENT,fresh signal REFUSED — falling earnings power
2023-06-02,ELECTCAST,fresh signal REFUSED — falling earnings power
2023-06-02,GRAPHITE,fresh signal REFUSED — falling earnings power
2023-06-02,GRWRHITECH,fresh signal REFUSED — falling earnings power
2023-06-02,HAL,"RAISE STOP ₹1,370.80 → ₹1,415.36 (new box ₹1,489.85–₹1,584.40 sealed)"
2023-06-02,HERITGFOOD,fresh signal REFUSED — falling earnings power
2023-06-02,HUDCO,fresh signal REFUSED — falling earnings power
2023-06-02,ICICIBANK,RAISE STOP ₹838.28 → ₹886.30 (new box ₹932.95–₹958.85 sealed)
2023-06-02,INOXWIND,fresh signal REFUSED — falling earnings power
2023-06-02,JINDALSAW,fresh signal REFUSED — falling earnings power
2023-06-02,LODHA,fresh signal REFUSED — falling earnings power
2023-06-02,MTARTECH,fresh signal REFUSED — falling earnings power
2023-06-02,NBCC,"fresh signal NOT FUNDED — cash exhausted (BUY: 1.88× weekly, month 1.83×, ladder rising)"
2023-06-02,OLECTRA,"fresh signal NOT FUNDED — cash exhausted (BUY: 1.63× weekly, month 2.30×, ladder rising)"
2023-06-02,PFC,"fresh signal NOT FUNDED — cash exhausted (BUY: 1.58× weekly, month 1.63×, ladder rising)"
2023-06-02,PGEL,"fresh signal NOT FUNDED — cash exhausted (BUY: 4.51× weekly, month 1.60×, ladder rising)"
2023-06-02,REFEX,RAISE STOP ₹58.14 → ₹87.60 (new box ₹94.80–₹118.80 sealed)
2023-06-02,SCHNEIDER,"fresh signal NOT FUNDED — cash exhausted (BUY: 2.42× weekly, month 1.93×, ladder rising)"
2023-06-02,SMLMAH,"fresh signal NOT FUNDED — cash exhausted (BUY: 4.37× weekly, month 2.16×, ladder rising)"
2023-06-02,STARCEMENT,fresh signal REFUSED — falling earnings power
2023-06-02,SUZLON,fresh signal REFUSED — falling earnings power
2023-06-02,TEGA,"fresh signal NOT FUNDED — cash exhausted (BUY: 3.35× weekly, month 2.33×, ladder rising)"
2023-06-02,THANGAMAYL,"fresh signal NOT FUNDED — cash exhausted (BUY: 2.33× weekly, month 4.46×, ladder rising)"
2023-06-02,TIPSMUSIC,fresh signal REFUSED — falling earnings power
2023-06-02,UJJIVANSFB,fresh signal REFUSED — falling earnings power
2023-06-05,EPL,"BUY ₹22,370.66 crore at ₹201.90 (fresh Friday signal — ACCUMULATE: 6.59× weekly, month 6.26×, ladder rising; stop ₹170.76; charges ₹26.51 crore)"
2023-06-05,FORCEMOT,"BUY ₹28,633.98 crore at ₹1,951.00 (fresh Friday signal — BUY: 23.21× weekly, month 3.12×, ladder rising; stop ₹1,289.01; charges ₹33.93 crore)"
2023-06-05,HAL,"PYRAMID BUY ₹16,034.78 crore at ₹1,591.88 (box jump — doubling the stake with NEW capital; stop stays ₹1,415.36; charges ₹19.00 crore)"
2023-06-05,ICICIBANK,"PYRAMID BUY ₹11,813.31 crore at ₹943.00 (box jump — doubling the stake with NEW capital; stop stays ₹886.30; charges ₹14.00 crore)"
2023-06-05,REFEX,"PYRAMID BUY ₹37,428.74 crore at ₹105.24 (box jump — doubling the stake with NEW capital; stop stays ₹87.60; charges ₹44.35 crore)"
2023-06-09,HEG,RAISE STOP ₹201.01 → ₹211.53 (new box ₹222.66–₹254.00 sealed)
2023-06-12,HEG,"PYRAMID BUY ₹8,001.78 crore at ₹273.18 (box jump — doubling the stake with NEW capital; stop stays ₹211.53; charges ₹9.48 crore)"
2023-06-15,MAHABANK,"SELL ₹5,758.43 crore at stop ₹27.79 (-3.2%, charges ₹5.97 crore) — the cash goes back to work at the next Friday screen"
2023-06-16,FORCEMOT,"RAISE STOP ₹1,289.01 → ₹1,995.52 (new box ₹2,100.55–₹2,265.00 sealed)"
2023-06-16,HAL,"RAISE STOP ₹1,415.36 → ₹1,723.32 (new box ₹1,814.03–₹1,900.00 sealed)"
2023-06-16,ZFCVINDIA,"RAISE STOP ₹1,561.17 → ₹1,773.33 (new box ₹1,866.67–₹1,950.00 sealed)"
2023-06-19,FORCEMOT,"PYRAMID BUY ₹32,660.65 crore at ₹2,228.00 (box jump — doubling the stake with NEW capital; stop stays ₹1,995.52; charges ₹38.70 crore)"
2023-06-19,HAL,"PYRAMID BUY ₹39,250.92 crore at ₹1,949.50 (box jump — doubling the stake with NEW capital; stop stays ₹1,723.32; charges ₹46.51 crore)"
2023-06-19,ZFCVINDIA,"PYRAMID BUY ₹11,990.23 crore at ₹2,013.17 (box jump — doubling the stake with NEW capital; stop stays ₹1,773.33; charges ₹14.21 crore)"
2023-06-23,ZFCVINDIA,"RAISE STOP ₹1,773.33 → ₹1,860.58 (new box ₹1,958.50–₹2,044.33 sealed)"
2023-06-26,ZFCVINDIA,"PYRAMID BUY ₹24,325.37 crore at ₹2,043.33 (box jump — doubling the stake with NEW capital; stop stays ₹1,860.58; charges ₹28.82 crore)"
2023-06-30,EPL,RAISE STOP ₹170.76 → ₹189.81 (new box ₹199.80–₹216.00 sealed)
2023-06-30,HEG,RAISE STOP ₹211.53 → ₹294.79 (new box ₹310.30–₹349.40 sealed)
2023-06-30,TDPOWERSYS,RAISE STOP ₹89.54 → ₹101.58 (new box ₹106.92–₹120.25 sealed)
2023-07-03,ANURAS,"SELL ₹26,434.90 crore at stop ₹1,007.67 (-4.8%, charges ₹27.42 crore) — the cash goes back to work at the next Friday screen"
2023-07-03,EPL,"PYRAMID BUY ₹23,793.92 crore at ₹215.00 (box jump — doubling the stake with NEW capital; stop stays ₹189.81; charges ₹28.19 crore)"
2023-07-03,HEG,"PYRAMID BUY ₹19,144.53 crore at ₹326.99 (box jump — doubling the stake with NEW capital; stop stays ₹294.79; charges ₹22.68 crore)"
2023-07-03,TDPOWERSYS,"PYRAMID BUY ₹40,911.39 crore at ₹123.90 (box jump — doubling the stake with NEW capital; stop stays ₹101.58; charges ₹48.47 crore)"
2023-07-07,ABREL,"fresh signal NOT FUNDED — cash exhausted (BUY: 2.76× weekly, month 2.33×, ladder rising)"
2023-07-07,ADVENZYMES,fresh signal REFUSED — falling earnings power
2023-07-07,ASTERDM,fresh signal REFUSED — falling earnings power
2023-07-07,BBTC,fresh signal REFUSED — falling earnings power
2023-07-07,BSE,fresh signal REFUSED — falling earnings power
2023-07-07,DEEPAKFERT,"fresh signal NOT FUNDED — cash exhausted (BUY: 2.26× weekly, month 1.83×, ladder rising)"
2023-07-07,ENDURANCE,"fresh signal NOT FUNDED — cash exhausted (BUY: 2.65× weekly, month 1.93×, ladder rising)"
2023-07-07,EPL,RAISE STOP ₹189.81 → ₹200.50 (new box ₹211.05–₹223.00 sealed)
2023-07-07,FACT,"fresh signal NOT FUNDED — cash exhausted (BUY: 1.67× weekly, month 3.35×, ladder rising)"
2023-07-07,HCC,fresh signal REFUSED — falling earnings power
2023-07-07,HEROMOTOCO,"fresh signal NOT FUNDED — cash exhausted (BUY: 2.73× weekly, month 1.88×, ladder rising)"
2023-07-07,IDFCFIRSTB,"fresh signal NOT FUNDED — cash exhausted (ACCUMULATE: 1.82× weekly, month 1.56×, ladder rising)"
2023-07-07,INOXWIND,fresh signal REFUSED — falling earnings power
2023-07-07,JAMNAAUTO,fresh signal REFUSED — falling earnings power
2023-07-07,KALYANKJIL,"fresh signal NOT FUNDED — cash exhausted (BUY: 3.19× weekly, month 2.65×, ladder rising)"
2023-07-07,KTKBANK,"fresh signal NOT FUNDED — cash exhausted (BUY: 3.28× weekly, month 1.95×, ladder rising)"
2023-07-07,LATENTVIEW,fresh signal REFUSED — falling earnings power
2023-07-07,LTF,fresh signal REFUSED — falling earnings power
2023-07-07,MIDHANI,fresh signal REFUSED — falling earnings power
2023-07-07,MINDACORP,"fresh signal NOT FUNDED — cash exhausted (ACCUMULATE: 2.80× weekly, month 2.30×, ladder rising)"
2023-07-07,MOIL,fresh signal REFUSED — falling earnings power
2023-07-07,MRPL,fresh signal REFUSED — falling earnings power
2023-07-07,OLECTRA,"fresh signal NOT FUNDED — cash exhausted (BUY: 3.49× weekly, month 4.34×, ladder rising)"
2023-07-07,PURVA,fresh signal REFUSED — falling earnings power
2023-07-07,RADICO,fresh signal REFUSED — falling earnings power
2023-07-07,RALLIS,fresh signal REFUSED — falling earnings power
2023-07-07,RPOWER,fresh signal REFUSED — falling earnings power
2023-07-07,RTNPOWER,fresh signal REFUSED — falling earnings power
2023-07-07,SANSERA,"fresh signal NOT FUNDED — cash exhausted (BUY: 2.31× weekly, month 3.61×, ladder rising)"
2023-07-07,SJVN,"fresh signal NOT FUNDED — cash exhausted (BUY: 3.63× weekly, month 3.59×, ladder rising)"
2023-07-07,SPARC,"fresh signal NOT FUNDED — cash exhausted (BUY: 1.59× weekly, month 1.92×, ladder rising)"
2023-07-07,STAR,"fresh signal NOT FUNDED — cash exhausted (BUY: 3.23× weekly, month 2.75×, ladder rising)"
2023-07-07,SUZLON,fresh signal REFUSED — falling earnings power
2023-07-07,THANGAMAYL,"fresh signal NOT FUNDED — cash exhausted (BUY: 2.25× weekly, month 1.87×, ladder rising)"
2023-07-07,THYROCARE,fresh signal REFUSED — falling earnings power
2023-07-07,TIMETECHNO,"fresh signal NOT FUNDED — cash exhausted (BUY: 2.21× weekly, month 3.37×, ladder rising)"
2023-07-07,VGUARD,fresh signal REFUSED — falling earnings power
2023-07-07,WELENT,fresh signal REFUSED — falling earnings power
2023-07-07,WOCKPHARMA,fresh signal REFUSED — falling earnings power
2023-07-07,ZFCVINDIA,"RAISE STOP ₹1,860.58 → ₹1,882.66 (new box ₹1,981.75–₹2,099.83 sealed)"
2023-07-10,CEATLTD,"BUY ₹32,193.33 crore at ₹2,408.00 (fresh Friday signal — BUY: 4.55× weekly, month 2.41×, ladder rising; stop ₹1,892.78; charges ₹38.14 crore)"
2023-07-10,EPL,"PYRAMID BUY ₹47,968.88 crore at ₹216.85 (box jump — doubling the stake with NEW capital; stop stays ₹200.50; charges ₹56.83 crore)"
2023-07-10,ZFCVINDIA,"PYRAMID BUY ₹47,775.60 crore at ₹2,007.77 (box jump — doubling the stake with NEW capital; stop stays ₹1,882.66; charges ₹56.61 crore)"
2023-07-12,KSB,"SELL ₹13,648.77 crore at stop ₹407.74 (-6.4%, charges ₹14.16 crore) — the cash goes back to work at the next Friday screen"
2023-07-14,FORCEMOT,"RAISE STOP ₹1,995.52 → ₹2,337.00 (new box ₹2,460.00–₹2,796.60 sealed)"
2023-07-14,TDPOWERSYS,RAISE STOP ₹101.58 → ₹110.20 (new box ₹116.00–₹124.70 sealed)
2023-07-17,FORCEMOT,"PYRAMID BUY ₹81,280.95 crore at ₹2,774.00 (box jump — doubling the stake with NEW capital; stop stays ₹2,337.00; charges ₹96.30 crore)"
2023-07-17,TDPOWERSYS,"PYRAMID BUY ₹82,203.30 crore at ₹124.55 (box jump — doubling the stake with NEW capital; stop stays ₹110.20; charges ₹97.40 crore)"
2023-07-21,ICICIBANK,RAISE STOP ₹886.30 → ₹894.19 (new box ₹941.25–₹964.75 sealed)
2023-07-21,TDPOWERSYS,RAISE STOP ₹110.20 → ₹112.05 (new box ₹117.95–₹127.90 sealed)
2023-07-24,ICICIBANK,"PYRAMID BUY ₹25,163.85 crore at ₹1,004.95 (box jump — doubling the stake with NEW capital; stop stays ₹894.19; charges ₹29.81 crore)"
2023-07-24,TDPOWERSYS,PYRAMID BUY ₹1.68 lakh crore at ₹127.42 (box jump — doubling the stake with NEW capital; stop stays ₹112.05; charges ₹199.17 crore)
2023-07-28,CEATLTD,"RAISE STOP ₹1,892.78 → ₹2,244.85 (new box ₹2,363.00–₹2,642.00 sealed)"
2023-07-28,HEG,RAISE STOP ₹294.79 → ₹300.49 (new box ₹316.30–₹332.83 sealed)
2023-07-28,REFEX,RAISE STOP ₹87.60 → ₹121.69 (new box ₹128.10–₹147.80 sealed)
2023-07-31,CEATLTD,"PYRAMID BUY ₹32,744.08 crore at ₹2,452.10 (box jump — doubling the stake with NEW capital; stop stays ₹2,244.85; charges ₹38.80 crore)"
2023-07-31,HEG,"PYRAMID BUY ₹39,664.85 crore at ₹338.94 (box jump — doubling the stake with NEW capital; stop stays ₹300.49; charges ₹47.00 crore)"
2023-07-31,REFEX,PYRAMID BUY ₹1.20 lakh crore at ₹169.00 (box jump — doubling the stake with NEW capital; stop stays ₹121.69; charges ₹142.34 crore)
2023-08-11,ANANDRATHI,"fresh signal NOT FUNDED — cash exhausted (BUY: 1.72× weekly, month 1.98×, ladder rising)"
2023-08-11,ASHAPURMIN,"fresh signal NOT FUNDED — cash exhausted (BUY: 2.35× weekly, month 3.14×, ladder rising)"
2023-08-11,BBOX,fresh signal REFUSED — falling earnings power
2023-08-11,DBREALTY,fresh signal REFUSED — falling earnings power
2023-08-11,DRREDDY,"fresh signal NOT FUNDED — cash exhausted (BUY: 2.01× weekly, month 1.50×, ladder rising)"
2023-08-11,EPL,"SELL ₹88,559.86 crore at stop ₹200.50 (-5.7%, charges ₹91.86 crore) — the cash goes back to work at the next Friday screen"
2023-08-11,FIVESTAR,"fresh signal NOT FUNDED — cash exhausted (BUY: 1.89× weekly, month 1.60×, ladder rising)"
2023-08-11,GLAND,fresh signal REFUSED — falling earnings power
2023-08-11,HAL,"RAISE STOP ₹1,723.32 → ₹1,758.24 (new box ₹1,850.78–₹1,999.45 sealed)"
2023-08-11,HINDCOPPER,fresh signal REFUSED — falling earnings power
2023-08-11,IRCON,"fresh signal NOT FUNDED — cash exhausted (BUY: 1.74× weekly, month 2.16×, ladder rising)"
2023-08-11,JSWENERGY,fresh signal REFUSED — falling earnings power
2023-08-11,MAHABANK,"fresh signal NOT FUNDED — cash exhausted (BUY: 2.39× weekly, month 2.12×, ladder rising)"
2023-08-11,MAPMYINDIA,fresh signal REFUSED — falling earnings power
2023-08-11,MMTC,fresh signal REFUSED — falling earnings power
2023-08-11,MOIL,fresh signal REFUSED — falling earnings power
2023-08-11,PFC,"fresh signal NOT FUNDED — cash exhausted (BUY: 1.66× weekly, month 1.54×, ladder rising)"
2023-08-11,PGIL,"fresh signal NOT FUNDED — cash exhausted (BUY: 2.07× weekly, month 2.21×, ladder rising)"
2023-08-11,PRAJIND,"fresh signal NOT FUNDED — cash exhausted (BUY: 2.21× weekly, month 1.99×, ladder rising)"
2023-08-11,RECLTD,"fresh signal NOT FUNDED — cash exhausted (BUY: 3.13× weekly, month 2.68×, ladder rising)"
2023-08-11,REFEX,"SELL ₹1.73 lakh crore at stop ₹121.69 (-5.0%, charges ₹179.18 crore) — the cash goes back to work at the next Friday screen"
2023-08-11,RTNINDIA,fresh signal REFUSED — falling earnings power
2023-08-11,SHYAMMETL,fresh signal REFUSED — falling earnings power
2023-08-11,SUPREMEIND,fresh signal REFUSED — falling earnings power
2023-08-11,TARC,"fresh signal NOT FUNDED — cash exhausted (BUY: 1.60× weekly, month 1.77×, ladder rising)"
2023-08-11,TI,fresh signal REFUSED — falling earnings power
2023-08-11,TMB,"fresh signal NOT FUNDED — cash exhausted (BUY: 1.83× weekly, month 1.75×, ladder rising)"
2023-08-11,VGUARD,fresh signal REFUSED — falling earnings power
2023-08-11,ZEEL,fresh signal REFUSED — falling earnings power
2023-08-11,ZFCVINDIA,"RAISE STOP ₹1,882.66 → ₹2,046.36 (new box ₹2,154.06–₹2,358.33 sealed)"
2023-08-14,CEATLTD,"SELL ₹59,855.53 crore at stop ₹2,244.85 (-7.6%, charges ₹62.09 crore) — the cash goes back to work at the next Friday screen"
2023-08-14,HAL,"PYRAMID BUY ₹76,158.42 crore at ₹1,892.42 (box jump — doubling the stake with NEW capital; stop stays ₹1,758.24; charges ₹90.23 crore)"
2023-08-14,RATEGAIN,"BUY ₹1.35 lakh crore at ₹547.00 (fresh Friday signal — BUY: 5.36× weekly, month 1.91×, ladder rising; stop ₹422.99; charges ₹159.73 crore)"
2023-08-14,VARROC,"BUY ₹1.35 lakh crore at ₹385.40 (fresh Friday signal — BUY: 6.86× weekly, month 2.37×, ladder rising; stop ₹304.00; charges ₹160.10 crore)"
2023-08-14,ZFCVINDIA,"PYRAMID BUY ₹1.06 lakh crore at ₹2,230.00 (box jump — doubling the stake with NEW capital; stop stays ₹2,046.36; charges ₹125.67 crore)"
2023-08-18,ICICIBANK,RAISE STOP ₹894.19 → ₹898.70 (new box ₹946.00–₹986.60 sealed)
2023-08-18,RATEGAIN,RAISE STOP ₹422.99 → ₹489.44 (new box ₹515.20–₹577.70 sealed)
2023-08-18,VARROC,RAISE STOP ₹304.00 → ₹347.89 (new box ₹366.20–₹401.95 sealed)
2023-08-21,ICICIBANK,"PYRAMID BUY ₹47,582.66 crore at ₹950.70 (box jump — doubling the stake with NEW capital; stop stays ₹898.70; charges ₹56.38 crore)"
2023-08-21,RATEGAIN,PYRAMID BUY ₹1.41 lakh crore at ₹572.80 (box jump — doubling the stake with NEW capital; stop stays ₹489.44; charges ₹167.07 crore)
2023-08-21,VARROC,PYRAMID BUY ₹1.35 lakh crore at ₹384.80 (box jump — doubling the stake with NEW capital; stop stays ₹347.89; charges ₹159.66 crore)
2023-08-25,FORCEMOT,"RAISE STOP ₹2,337.00 → ₹3,158.80 (new box ₹3,325.05–₹3,663.00 sealed)"
2023-08-25,RATEGAIN,RAISE STOP ₹489.44 → ₹520.60 (new box ₹548.00–₹605.00 sealed)
2023-08-28,FORCEMOT,"PYRAMID BUY ₹2.05 lakh crore at ₹3,500.00 (box jump — doubling the stake with NEW capital; stop stays ₹3,158.80; charges ₹242.87 crore)"
2023-08-28,RATEGAIN,PYRAMID BUY ₹2.84 lakh crore at ₹577.50 (box jump — doubling the stake with NEW capital; stop stays ₹520.60; charges ₹336.68 crore)
2023-09-01,HAL,"RAISE STOP ₹1,758.24 → ₹1,840.70 (new box ₹1,937.58–₹2,067.50 sealed)"
2023-09-01,HEG,RAISE STOP ₹300.49 → ₹324.38 (new box ₹341.45–₹365.36 sealed)
2023-09-04,HAL,"PYRAMID BUY ₹1.59 lakh crore at ₹1,982.17 (box jump — doubling the stake with NEW capital; stop stays ₹1,840.70; charges ₹188.92 crore)"
2023-09-04,HEG,"PYRAMID BUY ₹82,141.12 crore at ₹351.16 (box jump — doubling the stake with NEW capital; stop stays ₹324.38; charges ₹97.32 crore)"
2023-09-15,VARROC,RAISE STOP ₹347.89 → ₹383.80 (new box ₹404.00–₹468.00 sealed)
2023-09-15,ZFCVINDIA,"RAISE STOP ₹2,046.36 → ₹2,402.91 (new box ₹2,529.38–₹2,794.33 sealed)"
2023-09-18,VARROC,PYRAMID BUY ₹3.15 lakh crore at ₹450.55 (box jump — doubling the stake with NEW capital; stop stays ₹383.80; charges ₹373.66 crore)
2023-09-18,ZFCVINDIA,"PYRAMID BUY ₹2.45 lakh crore at ₹2,576.83 (box jump — doubling the stake with NEW capital; stop stays ₹2,402.91; charges ₹290.25 crore)"
2023-09-22,FORCEMOT,"RAISE STOP ₹3,158.80 → ₹3,341.72 (new box ₹3,517.60–₹4,001.85 sealed)"
2023-09-25,FORCEMOT,"PYRAMID BUY ₹4.39 lakh crore at ₹3,749.00 (box jump — doubling the stake with NEW capital; stop stays ₹3,341.72; charges ₹519.99 crore)"
2023-09-29,VARROC,RAISE STOP ₹383.80 → ₹450.92 (new box ₹474.65–₹515.20 sealed)
2023-10-03,VARROC,PYRAMID BUY ₹6.83 lakh crore at ₹487.95 (box jump — doubling the stake with NEW capital; stop stays ₹450.92; charges ₹808.89 crore)
2023-10-13,FORCEMOT,"RAISE STOP ₹3,341.72 → ₹3,709.99 (new box ₹3,905.25–₹4,173.00 sealed)"
2023-10-13,HEG,RAISE STOP ₹324.38 → ₹328.78 (new box ₹346.08–₹364.80 sealed)
2023-10-16,FORCEMOT,"PYRAMID BUY ₹9.20 lakh crore at ₹3,930.00 (box jump — doubling the stake with NEW capital; stop stays ₹3,709.99; charges ₹1,089.55 crore)"
2023-10-16,HEG,PYRAMID BUY ₹1.70 lakh crore at ₹363.94 (box jump — doubling the stake with NEW capital; stop stays ₹328.78; charges ₹201.61 crore)
2023-10-20,ANGELONE,"fresh signal NOT FUNDED — cash exhausted (BUY: 2.23× weekly, month 2.19×, ladder rising)"
2023-10-20,ASTRAMICRO,"fresh signal NOT FUNDED — cash exhausted (BUY: 2.56× weekly, month 1.53×, ladder rising)"
2023-10-20,CUPID,"fresh signal NOT FUNDED — cash exhausted (BUY: 2.81× weekly, month 4.28×, ladder rising)"
2023-10-20,FORCEMOT,"SELL ₹17.33 lakh crore at stop ₹3,709.99 (+1.8%, charges ₹1,798.04 crore) — the cash goes back to work at the next Friday screen"
2023-10-20,ITI,fresh signal REFUSED — falling earnings power
2023-10-20,MAHSCOOTER,"fresh signal NOT FUNDED — cash exhausted (BUY: 2.31× weekly, month 2.71×, ladder rising)"
2023-10-20,MCX,fresh signal REFUSED — falling earnings power
2023-10-20,MRPL,fresh signal REFUSED — falling earnings power
2023-10-20,OIL,"fresh signal NOT FUNDED — cash exhausted (BUY: 1.95× weekly, month 2.32×, ladder rising)"
2023-10-20,PCBL,fresh signal REFUSED — falling earnings power
2023-10-20,PURVA,fresh signal REFUSED — falling earnings power
2023-10-20,TARC,"fresh signal NOT FUNDED — cash exhausted (BUY: 2.91× weekly, month 1.73×, ladder rising)"
2023-10-20,TIPSMUSIC,fresh signal REFUSED — falling earnings power
2023-10-20,VIYASH,fresh signal REFUSED — falling earnings power
2023-10-20,ZFCVINDIA,"RAISE STOP ₹2,402.91 → ₹2,473.96 (new box ₹2,604.17–₹2,748.85 sealed)"
2023-10-23,APOLLO,"BUY ₹5.67 lakh crore at ₹76.15 (fresh Friday signal — BUY: 3.56× weekly, month 3.24×, ladder rising; stop ₹59.94; charges ₹671.61 crore)"
2023-10-23,CRISIL,"BUY ₹5.55 lakh crore at ₹4,199.70 (fresh Friday signal — BUY: 3.22× weekly, month 2.05×, ladder rising; stop ₹3,639.83; charges ₹658.14 crore)"
2023-10-23,HEG,"SELL ₹3.07 lakh crore at stop ₹328.78 (-5.6%, charges ₹318.39 crore) — the cash goes back to work at the next Friday screen"
2023-10-23,NBCC,"BUY ₹5.61 lakh crore at ₹45.87 (fresh Friday signal — BUY: 3.53× weekly, month 3.62×, ladder rising; stop ₹33.69; charges ₹664.39 crore)"
2023-10-23,ZFCVINDIA,"PYRAMID BUY ₹5.02 lakh crore at ₹2,642.07 (box jump — doubling the stake with NEW capital; stop stays ₹2,473.96; charges ₹594.85 crore)"
2023-10-25,HAL,"SELL ₹2.96 lakh crore at stop ₹1,840.70 (-3.0%, charges ₹306.68 crore) — the cash goes back to work at the next Friday screen"
2023-10-25,VARROC,"SELL ₹12.60 lakh crore at stop ₹450.92 (-0.4%, charges ₹1,306.73 crore) — the cash goes back to work at the next Friday screen"
2023-10-27,PRESTIGE,fresh signal REFUSED — falling earnings power
2023-10-30,ANGELONE,"BUY ₹5.65 lakh crore at ₹253.50 (fresh Friday signal — BUY: 1.84× weekly, month 2.75×, ladder rising; stop ₹194.37; charges ₹669.10 crore)"
2023-10-30,CUPID,"BUY ₹5.64 lakh crore at ₹6.05 (fresh Friday signal — BUY: 1.86× weekly, month 5.68×, ladder rising; stop ₹3.66; charges ₹668.07 crore)"
2023-10-30,SHAREINDIA,"BUY ₹5.64 lakh crore at ₹300.00 (fresh Friday signal — BUY: 3.44× weekly, month 2.62×, ladder rising; stop ₹261.25; charges ₹668.65 crore)"
2023-11-03,APOLLO,RAISE STOP ₹59.94 → ₹60.83 (new box ₹65.25–₹80.00 sealed)
2023-11-03,NBCC,RAISE STOP ₹33.69 → ₹37.78 (new box ₹40.50–₹49.57 sealed)
2023-11-03,RATEGAIN,RAISE STOP ₹520.60 → ₹549.53 (new box ₹578.45–₹650.00 sealed)
2023-11-06,APOLLO,PYRAMID BUY ₹7.13 lakh crore at ₹95.90 (box jump — doubling the stake with NEW capital; stop stays ₹60.83; charges ₹844.79 crore)
2023-11-06,NBCC,PYRAMID BUY ₹5.51 lakh crore at ₹45.10 (box jump — doubling the stake with NEW capital; stop stays ₹37.78; charges ₹652.51 crore)
2023-11-06,RATEGAIN,PYRAMID BUY ₹6.89 lakh crore at ₹701.00 (box jump — doubling the stake with NEW capital; stop stays ₹549.53; charges ₹816.87 crore)
2023-11-10,ANGELONE,RAISE STOP ₹194.37 → ₹236.87 (new box ₹249.34–₹289.79 sealed)
2023-11-10,APOLLO,RAISE STOP ₹60.83 → ₹88.83 (new box ₹93.50–₹105.35 sealed)
2023-11-10,TDPOWERSYS,RAISE STOP ₹112.05 → ₹113.41 (new box ₹119.38–₹124.72 sealed)
2023-11-13,ANGELONE,PYRAMID BUY ₹6.08 lakh crore at ₹273.19 (box jump — doubling the stake with NEW capital; stop stays ₹236.87; charges ₹720.23 crore)
2023-11-13,APOLLO,"PYRAMID BUY ₹18.26 lakh crore at ₹122.90 (box jump — doubling the stake with NEW capital; stop stays ₹88.83; charges ₹2,163.99 crore)"
2023-11-13,TDPOWERSYS,PYRAMID BUY ₹3.58 lakh crore at ₹135.78 (box jump — doubling the stake with NEW capital; stop stays ₹113.41; charges ₹424.19 crore)
2023-11-17,APOLLO,RAISE STOP ₹88.83 → ₹105.78 (new box ₹111.35–₹123.80 sealed)
2023-11-17,CRISIL,"RAISE STOP ₹3,639.83 → ₹3,861.80 (new box ₹4,065.05–₹4,454.95 sealed)"
2023-11-17,RATEGAIN,RAISE STOP ₹549.53 → ₹619.50 (new box ₹652.10–₹719.70 sealed)
2023-11-17,SHAREINDIA,RAISE STOP ₹261.25 → ₹280.63 (new box ₹295.40–₹325.89 sealed)
2023-11-17,TDPOWERSYS,RAISE STOP ₹113.41 → ₹124.59 (new box ₹131.15–₹140.00 sealed)
2023-11-20,APOLLO,"PYRAMID BUY ₹47.07 lakh crore at ₹158.45 (box jump — doubling the stake with NEW capital; stop stays ₹105.78; charges ₹5,576.59 crore)"
2023-11-20,CRISIL,"PYRAMID BUY ₹5.60 lakh crore at ₹4,242.00 (box jump — doubling the stake with NEW capital; stop stays ₹3,861.80; charges ₹663.98 crore)"
2023-11-20,RATEGAIN,"PYRAMID BUY ₹14.19 lakh crore at ₹722.00 (box jump — doubling the stake with NEW capital; stop stays ₹619.50; charges ₹1,681.68 crore)"
2023-11-20,SHAREINDIA,PYRAMID BUY ₹6.69 lakh crore at ₹356.00 (box jump — doubling the stake with NEW capital; stop stays ₹280.63; charges ₹792.52 crore)
2023-11-20,TDPOWERSYS,PYRAMID BUY ₹7.13 lakh crore at ₹135.32 (box jump — doubling the stake with NEW capital; stop stays ₹124.59; charges ₹845.07 crore)
2023-11-24,ANGELONE,RAISE STOP ₹236.87 → ₹274.55 (new box ₹289.00–₹309.00 sealed)
2023-11-24,CUPID,RAISE STOP ₹3.66 → ₹7.93 (new box ₹8.35–₹9.23 sealed)
2023-11-24,SHAREINDIA,RAISE STOP ₹280.63 → ₹321.67 (new box ₹338.60–₹369.40 sealed)
2023-11-28,ANGELONE,"PYRAMID BUY ₹13.64 lakh crore at ₹306.80 (box jump — doubling the stake with NEW capital; stop stays ₹274.55; charges ₹1,616.68 crore)"
2023-11-28,CUPID,PYRAMID BUY ₹8.21 lakh crore at ₹8.82 (box jump — doubling the stake with NEW capital; stop stays ₹7.93; charges ₹973.09 crore)
2023-11-28,SHAREINDIA,"PYRAMID BUY ₹12.87 lakh crore at ₹342.61 (box jump — doubling the stake with NEW capital; stop stays ₹321.67; charges ₹1,524.53 crore)"
2023-12-15,ANGELONE,RAISE STOP ₹274.55 → ₹279.31 (new box ₹294.01–₹324.50 sealed)
2023-12-15,SHAREINDIA,RAISE STOP ₹321.67 → ₹328.89 (new box ₹346.20–₹360.34 sealed)
2023-12-18,ANGELONE,"PYRAMID BUY ₹28.87 lakh crore at ₹324.80 (box jump — doubling the stake with NEW capital; stop stays ₹279.31; charges ₹3,421.03 crore)"
2023-12-18,SHAREINDIA,"PYRAMID BUY ₹27.60 lakh crore at ₹367.60 (box jump — doubling the stake with NEW capital; stop stays ₹328.89; charges ₹3,269.51 crore)"
2023-12-22,CUPID,RAISE STOP ₹7.93 → ₹8.10 (new box ₹8.53–₹9.90 sealed)
2023-12-26,CUPID,"PYRAMID BUY ₹17.49 lakh crore at ₹9.40 (box jump — doubling the stake with NEW capital; stop stays ₹8.10; charges ₹2,072.24 crore)"
2023-12-29,ANGELONE,RAISE STOP ₹279.31 → ₹296.88 (new box ₹312.50–₹338.50 sealed)
2023-12-29,ICICIBANK,"RAISE STOP ₹898.70 → ₹939.74 (new box ₹989.20–₹1,043.70 sealed)"
2023-12-29,NBCC,RAISE STOP ₹37.78 → ₹45.65 (new box ₹48.33–₹57.27 sealed)
2023-12-29,SHAREINDIA,RAISE STOP ₹328.89 → ₹330.37 (new box ₹347.76–₹372.60 sealed)
2024-01-01,ANGELONE,"PYRAMID BUY ₹61.91 lakh crore at ₹348.40 (box jump — doubling the stake with NEW capital; stop stays ₹296.88; charges ₹7,334.86 crore)"
2024-01-01,ICICIBANK,"PYRAMID BUY ₹99,195.62 crore at ₹991.55 (box jump — doubling the stake with NEW capital; stop stays ₹939.74; charges ₹117.53 crore)"
2024-01-01,NBCC,"PYRAMID BUY ₹13.33 lakh crore at ₹54.63 (box jump — doubling the stake with NEW capital; stop stays ₹45.65; charges ₹1,579.95 crore)"
2024-01-01,SHAREINDIA,"PYRAMID BUY ₹56.07 lakh crore at ₹373.70 (box jump — doubling the stake with NEW capital; stop stays ₹330.37; charges ₹6,643.60 crore)"
2024-01-12,RATEGAIN,RAISE STOP ₹619.50 → ₹669.56 (new box ₹704.80–₹772.95 sealed)
2024-01-15,RATEGAIN,"PYRAMID BUY ₹28.75 lakh crore at ₹731.75 (box jump — doubling the stake with NEW capital; stop stays ₹669.56; charges ₹3,406.75 crore)"
2024-01-19,APOLLO,RAISE STOP ₹105.78 → ₹112.10 (new box ₹118.00–₹137.00 sealed)
2024-01-23,ANGELONE,"SELL ₹1.05 crore crore at stop ₹296.88 (-9.1%, charges ₹10,926.20 crore) — the cash goes back to work at the next Friday screen"
2024-01-23,APOLLO,"PYRAMID BUY ₹71.61 lakh crore at ₹120.60 (box jump — doubling the stake with NEW capital; stop stays ₹112.10; charges ₹8,483.92 crore)"
2024-01-24,CRISIL,"SELL ₹10.19 lakh crore at stop ₹3,861.80 (-8.5%, charges ₹1,056.70 crore) — the cash goes back to work at the next Friday screen"
2024-01-25,BAJAJ-AUTO,fresh signal REFUSED — falling earnings power
2024-01-25,CCAVENUE,fresh signal REFUSED — falling earnings power
2024-01-25,CHALET,"fresh signal NOT FUNDED — cash exhausted (ACCUMULATE: 1.83× weekly, month 1.60×, ladder rising)"
2024-01-25,EIHOTEL,"fresh signal NOT FUNDED — cash exhausted (BUY: 2.29× weekly, month 1.66×, ladder rising)"
2024-01-25,HFCL,fresh signal REFUSED — falling earnings power
2024-01-25,HONAUT,fresh signal REFUSED — falling earnings power
2024-01-25,IFCI,"fresh signal NOT FUNDED — cash exhausted (BUY: 3.30× weekly, month 2.14×, ladder rising)"
2024-01-25,IRCON,"fresh signal NOT FUNDED — cash exhausted (BUY: 3.17× weekly, month 2.33×, ladder rising)"
2024-01-25,LEMONTREE,"fresh signal NOT FUNDED — cash exhausted (ACCUMULATE: 2.48× weekly, month 2.01×, ladder rising)"
2024-01-25,MOTHERSON,"fresh signal NOT FUNDED — cash exhausted (BUY: 2.09× weekly, month 1.94×, ladder rising)"
2024-01-25,NATIONALUM,fresh signal REFUSED — falling earnings power
2024-01-25,NBCC,RAISE STOP ₹45.65 → ₹53.58 (new box ₹56.40–₹62.90 sealed)
2024-01-25,NFL,"fresh signal NOT FUNDED — cash exhausted (BUY: 2.02× weekly, month 3.45×, ladder rising)"
2024-01-25,NHPC,"fresh signal NOT FUNDED — cash exhausted (BUY: 4.71× weekly, month 3.70×, ladder rising)"
2024-01-25,PTC,fresh signal REFUSED — falling earnings power
2024-01-25,PURVA,fresh signal REFUSED — falling earnings power
2024-01-25,RAILTEL,fresh signal REFUSED — falling earnings power
2024-01-25,RVNL,"fresh signal NOT FUNDED — cash exhausted (BUY: 2.06× weekly, month 1.82×, ladder rising)"
2024-01-25,SCI,fresh signal REFUSED — falling earnings power
2024-01-25,SWSOLAR,fresh signal REFUSED — falling earnings power
2024-01-25,WEBELSOLAR,"fresh signal NOT FUNDED — cash exhausted (BUY: 3.92× weekly, month 1.78×, ladder rising)"
2024-01-29,IDBI,"BUY ₹57.25 lakh crore at ₹84.30 (fresh Friday signal — BUY: 8.31× weekly, month 1.96×, ladder rising; stop ₹60.23; charges ₹6,783.50 crore)"
2024-01-29,NBCC,"PYRAMID BUY ₹38.05 lakh crore at ₹78.00 (box jump — doubling the stake with NEW capital; stop stays ₹53.58; charges ₹4,508.72 crore)"
2024-01-29,RITES,"BUY ₹61.11 lakh crore at ₹342.50 (fresh Friday signal — BUY: 11.32× weekly, month 2.99×, ladder rising; stop ₹240.21; charges ₹7,240.71 crore)"
2024-02-02,CUPID,RAISE STOP ₹8.10 → ₹16.11 (new box ₹17.05–₹20.20 sealed)
2024-02-02,ZFCVINDIA,"SELL ₹9.39 lakh crore at stop ₹2,473.96 (-0.7%, charges ₹973.71 crore) — the cash goes back to work at the next Friday screen"
2024-02-05,CUPID,"PYRAMID BUY ₹63.63 lakh crore at ₹17.11 (box jump — doubling the stake with NEW capital; stop stays ₹16.11; charges ₹7,539.51 crore)"
2024-02-13,APOLLO,"SELL ₹1.33 crore crore at stop ₹112.10 (-11.0%, charges ₹13,785.72 crore) — the cash goes back to work at the next Friday screen"
2024-02-16,ADVENZYMES,fresh signal REFUSED — falling earnings power
2024-02-16,AEGISLOG,fresh signal REFUSED — falling earnings power
2024-02-16,AHLUCONT,"fresh signal NOT FUNDED — cash exhausted (BUY: 3.04× weekly, month 1.63×, ladder rising)"
2024-02-16,BORORENEW,"fresh signal NOT FUNDED — cash exhausted (ACCUMULATE: 2.03× weekly, month 6.96×, ladder rising)"
2024-02-16,BOSCHLTD,"fresh signal NOT FUNDED — cash exhausted (BUY: 3.40× weekly, month 1.59×, ladder rising)"
2024-02-16,COALINDIA,"fresh signal NOT FUNDED — cash exhausted (BUY: 1.60× weekly, month 1.90×, ladder rising)"
2024-02-16,GICRE,"fresh signal NOT FUNDED — cash exhausted (ACCUMULATE: 2.01× weekly, month 3.98×, ladder rising)"
2024-02-16,GODFRYPHLP,"fresh signal NOT FUNDED — cash exhausted (ACCUMULATE: 2.18× weekly, month 2.13×, ladder rising)"
2024-02-16,GPPL,"fresh signal NOT FUNDED — cash exhausted (BUY: 3.43× weekly, month 3.53×, ladder rising)"
2024-02-16,IDBI,RAISE STOP ₹60.23 → ₹72.11 (new box ₹78.25–₹98.70 sealed)
2024-02-16,IOC,fresh signal REFUSED — falling earnings power
2024-02-16,MRF,fresh signal REFUSED — falling earnings power
2024-02-16,MRPL,fresh signal REFUSED — falling earnings power
2024-02-16,NATIONALUM,fresh signal REFUSED — falling earnings power
2024-02-16,NBCC,RAISE STOP ₹53.58 → ₹69.28 (new box ₹80.50–₹117.90 sealed)
2024-02-16,NLCINDIA,"fresh signal NOT FUNDED — cash exhausted (ACCUMULATE: 1.66× weekly, month 2.58×, ladder rising)"
2024-02-16,NMDC,fresh signal REFUSED — falling earnings power
2024-02-16,OIL,"fresh signal NOT FUNDED — cash exhausted (BUY: 2.69× weekly, month 3.26×, ladder rising)"
2024-02-16,ONGC,fresh signal REFUSED — falling earnings power
2024-02-16,RATEGAIN,RAISE STOP ₹669.56 → ₹720.34 (new box ₹761.75–₹899.80 sealed)
2024-02-16,RITES,RAISE STOP ₹240.21 → ₹314.37 (new box ₹336.55–₹410.50 sealed)
2024-02-16,SAREGAMA,fresh signal REFUSED — falling earnings power
2024-02-16,SHAREINDIA,RAISE STOP ₹330.37 → ₹357.20 (new box ₹376.00–₹391.23 sealed)
2024-02-16,SUNDARMFIN,"fresh signal NOT FUNDED — cash exhausted (ACCUMULATE: 3.11× weekly, month 1.60×, ladder rising)"
2024-02-16,SUPRIYA,fresh signal REFUSED — falling earnings power
2024-02-16,WIPRO,fresh signal REFUSED — falling earnings power
2024-02-19,IDBI,"PYRAMID BUY ₹62.04 lakh crore at ₹91.45 (box jump — doubling the stake with NEW capital; stop stays ₹72.11; charges ₹7,350.13 crore)"
2024-02-19,NBCC,"PYRAMID BUY ₹88.74 lakh crore at ₹91.00 (box jump — doubling the stake with NEW capital; stop stays ₹69.28; charges ₹10,514.11 crore)"
2024-02-19,PRUDENT,"BUY ₹1.13 crore crore at ₹1,332.00 (fresh Friday signal — BUY: 19.33× weekly, month 4.96×, ladder rising; stop ₹1,008.17; charges ₹13,341.74 crore)"
2024-02-19,RAIN,signal SKIPPED — cash below half a slice
2024-02-19,RATEGAIN,"PYRAMID BUY ₹68.65 lakh crore at ₹874.00 (box jump — doubling the stake with NEW capital; stop stays ₹720.34; charges ₹8,133.21 crore)"
2024-02-19,RITES,"PYRAMID BUY ₹67.74 lakh crore at ₹380.10 (box jump — doubling the stake with NEW capital; stop stays ₹314.37; charges ₹8,026.09 crore)"
2024-02-19,SHAREINDIA,"PYRAMID BUY ₹1.16 crore crore at ₹386.39 (box jump — doubling the stake with NEW capital; stop stays ₹357.20; charges ₹13,730.26 crore)"
2024-02-23,CUPID,RAISE STOP ₹16.11 → ₹17.77 (new box ₹18.71–₹21.83 sealed)
2024-02-23,PRUDENT,"RAISE STOP ₹1,008.17 → ₹1,176.05 (new box ₹1,238.00–₹1,444.50 sealed)"
2024-02-26,CUPID,"PYRAMID BUY ₹1.82 crore crore at ₹24.50 (box jump — doubling the stake with NEW capital; stop stays ₹17.77; charges ₹21,580.91 crore)"
2024-02-26,PRUDENT,"PYRAMID BUY ₹1.17 crore crore at ₹1,382.05 (box jump — doubling the stake with NEW capital; stop stays ₹1,176.05; charges ₹13,826.65 crore)"
2024-03-01,RATEGAIN,RAISE STOP ₹720.34 → ₹730.99 (new box ₹775.00–₹921.70 sealed)
2024-03-04,RATEGAIN,"PYRAMID BUY ₹1.29 crore crore at ₹821.50 (box jump — doubling the stake with NEW capital; stop stays ₹730.99; charges ₹15,280.26 crore)"
2024-03-06,SHAREINDIA,"SELL ₹2.14 crore crore at stop ₹357.20 (-4.6%, charges ₹22,189.06 crore) — the cash goes back to work at the next Friday screen"
2024-03-07,BOSCHLTD,"fresh signal NOT FUNDED — cash exhausted (BUY: 1.81× weekly, month 2.03×, ladder rising)"
2024-03-07,GRAPHITE,fresh signal REFUSED — falling earnings power
2024-03-07,ICICIBANK,"RAISE STOP ₹939.74 → ₹986.58 (new box ₹1,038.50–₹1,070.00 sealed)"
2024-03-07,VGUARD,fresh signal REFUSED — falling earnings power
2024-03-11,BHEL,"BUY ₹95.23 lakh crore at ₹259.10 (fresh Friday signal — BUY: 3.01× weekly, month 1.67×, ladder rising; stop ₹188.78; charges ₹11,283.55 crore)"
2024-03-11,ICICIBANK,"PYRAMID BUY ₹2.18 lakh crore at ₹1,087.95 (box jump — doubling the stake with NEW capital; stop stays ₹986.58; charges ₹257.76 crore)"
2024-03-11,SOLARINDS,"BUY ₹1.48 crore crore at ₹7,564.00 (fresh Friday signal — ACCUMULATE: 4.35× weekly, month 1.71×, ladder rising; stop ₹5,332.29; charges ₹17,577.83 crore)"
2024-03-13,PRUDENT,"SELL ₹1.98 crore crore at stop ₹1,176.05 (-13.3%, charges ₹20,568.07 crore) — the cash goes back to work at the next Friday screen"
2024-03-13,RATEGAIN,"SELL ₹2.29 crore crore at stop ₹730.99 (-9.2%, charges ₹23,768.91 crore) — the cash goes back to work at the next Friday screen"
2024-03-13,RITES,"SELL ₹1.12 crore crore at stop ₹314.37 (-13.0%, charges ₹11,604.37 crore) — the cash goes back to work at the next Friday screen"
2024-03-15,ICICIBANK,"RAISE STOP ₹986.58 → ₹1,002.87 (new box ₹1,055.65–₹1,113.55 sealed)"
2024-03-15,INTELLECT,fresh signal REFUSED — falling earnings power
2024-03-15,TORNTPOWER,fresh signal REFUSED — falling earnings power
2024-03-18,BOSCHLTD,"BUY ₹1.28 crore crore at ₹29,500.05 (fresh Friday signal — BUY: 1.54× weekly, month 1.81×, ladder rising; stop ₹26,525.90; charges ₹15,116.69 crore)"
2024-03-18,FORCEMOT,"BUY ₹1.37 crore crore at ₹6,567.70 (fresh Friday signal — ACCUMULATE: 3.03× weekly, month 1.69×, ladder rising; stop ₹5,500.61; charges ₹16,243.25 crore)"
2024-03-18,ICICIBANK,"PYRAMID BUY ₹4.30 lakh crore at ₹1,075.05 (box jump — doubling the stake with NEW capital; stop stays ₹1,002.87; charges ₹509.10 crore)"
2024-03-18,INDIGO,"BUY ₹1.37 crore crore at ₹3,200.00 (fresh Friday signal — ACCUMULATE: 4.67× weekly, month 1.67×, ladder rising; stop ₹2,834.99; charges ₹16,220.26 crore)"
2024-03-18,JIOFIN,"BUY ₹1.38 crore crore at ₹346.95 (fresh Friday signal — BUY: 2.56× weekly, month 2.25×, ladder rising; stop ₹290.75; charges ₹16,316.83 crore)"
2024-03-22,BOSCHLTD,"RAISE STOP ₹26,525.90 → ₹26,710.20 (new box ₹28,116.00–₹30,468.05 sealed)"
2024-03-22,JIOFIN,RAISE STOP ₹290.75 → ₹301.05 (new box ₹318.00–₹374.50 sealed)
2024-03-26,BOSCHLTD,"PYRAMID BUY ₹1.31 crore crore at ₹30,245.00 (box jump — doubling the stake with NEW capital; stop stays ₹26,710.20; charges ₹15,480.06 crore)"
2024-03-26,JIOFIN,"PYRAMID BUY ₹1.37 crore crore at ₹345.00 (box jump — doubling the stake with NEW capital; stop stays ₹301.05; charges ₹16,205.90 crore)"
2024-03-28,IDBI,RAISE STOP ₹72.11 → ₹74.19 (new box ₹78.10–₹85.95 sealed)
2024-03-28,SOLARINDS,"RAISE STOP ₹5,332.29 → ₹7,980.95 (new box ₹8,401.00–₹9,290.00 sealed)"
2024-04-01,IDBI,"PYRAMID BUY ₹1.10 crore crore at ₹81.30 (box jump — doubling the stake with NEW capital; stop stays ₹74.19; charges ₹13,060.95 crore)"
2024-04-01,SOLARINDS,"PYRAMID BUY ₹1.75 crore crore at ₹8,950.00 (box jump — doubling the stake with NEW capital; stop stays ₹7,980.95; charges ₹20,774.09 crore)"
2024-04-01,TAX,"FY2024 settled: ₹0.00 paid (STCG ₹0.00 @20%, LTCG ₹0.00 @12.5%; losses carried forward ST ₹1.09 crore crore / LT ₹0.00)"
2024-04-05,BOSCHLTD,"RAISE STOP ₹26,710.20 → ₹28,244.40 (new box ₹29,730.95–₹31,150.00 sealed)"
2024-04-08,BOSCHLTD,"PYRAMID BUY ₹2.67 crore crore at ₹30,980.00 (box jump — doubling the stake with NEW capital; stop stays ₹28,244.40; charges ₹31,693.72 crore)"
2024-04-12,INDIGO,"RAISE STOP ₹2,834.99 → ₹3,287.00 (new box ₹3,460.00–₹3,645.00 sealed)"
2024-04-15,INDIGO,"PYRAMID BUY ₹1.57 crore crore at ₹3,670.30 (box jump — doubling the stake with NEW capital; stop stays ₹3,287.00; charges ₹18,582.09 crore)"
2024-04-26,FORCEMOT,"RAISE STOP ₹5,500.61 → ₹7,483.47 (new box ₹7,893.85–₹9,261.80 sealed)"
2024-04-26,IDBI,RAISE STOP ₹74.19 → ₹78.19 (new box ₹82.30–₹91.00 sealed)
2024-04-26,NBCC,RAISE STOP ₹69.28 → ₹74.74 (new box ₹79.27–₹94.37 sealed)
2024-04-29,FORCEMOT,"PYRAMID BUY ₹2.11 crore crore at ₹10,100.00 (box jump — doubling the stake with NEW capital; stop stays ₹7,483.47; charges ₹24,949.75 crore)"
2024-04-29,IDBI,"PYRAMID BUY ₹2.40 crore crore at ₹88.50 (box jump — doubling the stake with NEW capital; stop stays ₹78.19; charges ₹28,418.43 crore)"
2024-04-29,NBCC,"PYRAMID BUY ₹1.79 crore crore at ₹92.00 (box jump — doubling the stake with NEW capital; stop stays ₹74.74; charges ₹21,246.70 crore)"
2024-05-10,INDIGO,"RAISE STOP ₹3,287.00 → ₹3,719.77 (new box ₹3,915.55–₹4,179.10 sealed)"
2024-05-10,NBCC,RAISE STOP ₹74.74 → ₹80.15 (new box ₹84.37–₹96.47 sealed)
2024-05-13,INDIGO,"PYRAMID BUY ₹3.42 crore crore at ₹4,006.10 (box jump — doubling the stake with NEW capital; stop stays ₹3,719.77; charges ₹40,540.35 crore)"
2024-05-13,NBCC,"PYRAMID BUY ₹3.45 crore crore at ₹88.60 (box jump — doubling the stake with NEW capital; stop stays ₹80.15; charges ₹40,898.75 crore)"
2024-05-17,BHEL,RAISE STOP ₹188.78 → ₹251.68 (new box ₹267.05–₹318.30 sealed)
2024-05-17,FORCEMOT,"RAISE STOP ₹7,483.47 → ₹8,083.65 (new box ₹8,590.00–₹10,277.85 sealed)"
2024-05-17,ICICIBANK,"RAISE STOP ₹1,002.87 → ₹1,051.37 (new box ₹1,106.70–₹1,169.55 sealed)"
2024-05-17,JIOFIN,RAISE STOP ₹301.05 → ₹317.61 (new box ₹335.40–₹394.70 sealed)
2024-05-17,TDPOWERSYS,RAISE STOP ₹124.59 → ₹129.90 (new box ₹141.57–₹180.50 sealed)
2024-05-21,BHEL,"PYRAMID BUY ₹1.15 crore crore at ₹311.90 (box jump — doubling the stake with NEW capital; stop stays ₹251.68; charges ₹13,566.85 crore)"
2024-05-21,FORCEMOT,"PYRAMID BUY ₹3.75 crore crore at ₹8,987.50 (box jump — doubling the stake with NEW capital; stop stays ₹8,083.65; charges ₹44,376.84 crore)"
2024-05-21,ICICIBANK,"PYRAMID BUY ₹8.97 lakh crore at ₹1,122.20 (box jump — doubling the stake with NEW capital; stop stays ₹1,051.37; charges ₹1,062.23 crore)"
2024-05-21,JIOFIN,"PYRAMID BUY ₹2.86 crore crore at ₹361.00 (box jump — doubling the stake with NEW capital; stop stays ₹317.61; charges ₹33,894.86 crore)"
2024-05-21,TDPOWERSYS,"PYRAMID BUY ₹17.28 lakh crore at ₹164.00 (box jump — doubling the stake with NEW capital; stop stays ₹129.90; charges ₹2,047.07 crore)"
2024-05-24,BOSCHLTD,"RAISE STOP ₹28,244.40 → ₹29,015.09 (new box ₹30,542.20–₹32,100.00 sealed)"
2024-05-27,BOSCHLTD,"PYRAMID BUY ₹5.33 crore crore at ₹30,901.00 (box jump — doubling the stake with NEW capital; stop stays ₹29,015.09; charges ₹63,188.34 crore)"
2024-05-28,FORCEMOT,"SELL ₹6.73 crore crore at stop ₹8,083.65 (-6.7%, charges ₹69,774.94 crore) — the cash goes back to work at the next Friday screen"
2024-05-31,BDL,"fresh signal NOT FUNDED — cash exhausted (BUY: 2.17× weekly, month 2.34×, ladder rising)"
2024-05-31,BLUESTARCO,"fresh signal NOT FUNDED — cash exhausted (ACCUMULATE: 1.66× weekly, month 1.65×, ladder rising)"
2024-05-31,BRIGADE,"fresh signal NOT FUNDED — cash exhausted (BUY: 2.07× weekly, month 2.01×, ladder rising)"
2024-05-31,FINCABLES,"fresh signal NOT FUNDED — cash exhausted (BUY: 4.89× weekly, month 2.80×, ladder rising)"
2024-05-31,GESHIP,fresh signal REFUSED — falling earnings power
2024-05-31,GILLETTE,"fresh signal NOT FUNDED — cash exhausted (ACCUMULATE: 3.03× weekly, month 2.02×, ladder rising)"
2024-05-31,HINDALCO,"fresh signal NOT FUNDED — cash exhausted (BUY: 1.93× weekly, month 1.61×, ladder rising)"
2024-05-31,JWL,"fresh signal NOT FUNDED — cash exhausted (BUY: 1.61× weekly, month 3.26×, ladder rising)"
2024-05-31,MAZDOCK,"fresh signal NOT FUNDED — cash exhausted (BUY: 2.77× weekly, month 1.54×, ladder rising)"
2024-05-31,NHPC,fresh signal REFUSED — falling earnings power
2024-05-31,PARAS,fresh signal REFUSED — falling earnings power
2024-05-31,POLICYBZR,"fresh signal NOT FUNDED — cash exhausted (ACCUMULATE: 6.67× weekly, month 2.43×, ladder rising)"
2024-05-31,PRUDENT,fresh signal REFUSED — falling earnings power
2024-05-31,TECHNOE,fresh signal REFUSED — falling earnings power
2024-05-31,THERMAX,"fresh signal NOT FUNDED — cash exhausted (BUY: 8.15× weekly, month 5.82×, ladder rising)"
2024-05-31,TITAGARH,"fresh signal NOT FUNDED — cash exhausted (BUY: 2.56× weekly, month 2.11×, ladder rising)"
2024-05-31,UNOMINDA,"fresh signal NOT FUNDED — cash exhausted (ACCUMULATE: 2.69× weekly, month 1.54×, ladder rising)"
2024-05-31,WABAG,"fresh signal NOT FUNDED — cash exhausted (ACCUMULATE: 1.54× weekly, month 1.52×, ladder rising)"
2024-05-31,WELENT,fresh signal REFUSED — falling earnings power
2024-06-03,CAMPUS,"BUY ₹5.22 crore crore at ₹286.00 (fresh Friday signal — BUY: 10.34× weekly, month 2.79×, ladder rising; stop ₹236.55; charges ₹61,903.49 crore)"
2024-06-04,BHEL,"SELL ₹1.84 crore crore at stop ₹251.68 (-11.8%, charges ₹19,137.57 crore) — the cash goes back to work at the next Friday screen"
2024-06-04,BOSCHLTD,"SELL ₹10.00 crore crore at stop ₹29,015.09 (-5.4%, charges ₹1.04 lakh crore) — the cash goes back to work at the next Friday screen"
2024-06-04,CUPID,"SELL ₹2.64 crore crore at stop ₹17.77 (-4.6%, charges ₹27,363.12 crore) — the cash goes back to work at the next Friday screen"
2024-06-04,IDBI,"SELL ₹4.23 crore crore at stop ₹78.19 (-9.7%, charges ₹43,891.71 crore) — the cash goes back to work at the next Friday screen"
2024-06-04,JIOFIN,"SELL ₹5.03 crore crore at stop ₹317.61 (-10.1%, charges ₹52,130.92 crore) — the cash goes back to work at the next Friday screen"
2024-06-04,SOLARINDS,"SELL ₹3.12 crore crore at stop ₹7,980.95 (-3.3%, charges ₹32,383.82 crore) — the cash goes back to work at the next Friday screen"
2024-06-05,ICICIBANK,"SELL ₹16.77 lakh crore at stop ₹1,051.37 (-3.3%, charges ₹1,739.72 crore) — the cash goes back to work at the next Friday screen"
2024-06-07,ABFRL,fresh signal REFUSED — falling earnings power
2024-06-07,ASHOKLEY,"fresh signal NOT FUNDED — cash exhausted (BUY: 1.53× weekly, month 1.61×, ladder rising)"
2024-06-07,CAMPUS,RAISE STOP ₹236.55 → ₹248.05 (new box ₹261.10–₹302.35 sealed)
2024-06-07,ENDURANCE,"fresh signal NOT FUNDED — cash exhausted (BUY: 2.56× weekly, month 2.14×, ladder rising)"
2024-06-07,FINPIPE,"fresh signal NOT FUNDED — cash exhausted (BUY: 1.61× weekly, month 2.10×, ladder rising)"
2024-06-07,GESHIP,fresh signal REFUSED — falling earnings power
2024-06-07,GILLETTE,"fresh signal NOT FUNDED — cash exhausted (BUY: 1.57× weekly, month 1.73×, ladder rising)"
2024-06-07,INDIGO,"RAISE STOP ₹3,719.77 → ₹3,805.04 (new box ₹4,005.30–₹4,529.00 sealed)"
2024-06-07,MARICO,"fresh signal NOT FUNDED — cash exhausted (BUY: 2.41× weekly, month 2.14×, ladder rising)"
2024-06-07,MOTHERSON,"fresh signal NOT FUNDED — cash exhausted (ACCUMULATE: 1.97× weekly, month 1.85×, ladder rising)"
2024-06-07,PGEL,"fresh signal NOT FUNDED — cash exhausted (BUY: 2.35× weekly, month 3.10×, ladder rising)"
2024-06-07,PNCINFRA,"fresh signal NOT FUNDED — cash exhausted (ACCUMULATE: 2.24× weekly, month 4.56×, ladder rising)"
2024-06-07,VGUARD,"fresh signal NOT FUNDED — cash exhausted (BUY: 1.74× weekly, month 2.23×, ladder rising)"
2024-06-07,WABAG,"fresh signal NOT FUNDED — cash exhausted (BUY: 2.25× weekly, month 1.97×, ladder rising)"
2024-06-07,WHIRLPOOL,"fresh signal NOT FUNDED — cash exhausted (BUY: 1.58× weekly, month 1.84×, ladder rising)"
2024-06-10,ADANIPOWER,"BUY ₹6.23 crore crore at ₹156.60 (fresh Friday signal — BUY: 7.81× weekly, month 1.77×, ladder rising; stop ₹126.55; charges ₹73,791.22 crore)"
2024-06-10,CAMPUS,"PYRAMID BUY ₹5.27 crore crore at ₹289.00 (box jump — doubling the stake with NEW capital; stop stays ₹248.05; charges ₹62,478.72 crore)"
2024-06-10,DABUR,"BUY ₹6.20 crore crore at ₹604.20 (fresh Friday signal — BUY: 3.89× weekly, month 2.59×, ladder rising; stop ₹509.91; charges ₹73,476.77 crore)"
2024-06-10,FIEMIND,"BUY ₹6.25 crore crore at ₹1,320.00 (fresh Friday signal — BUY: 11.07× weekly, month 1.60×, ladder rising; stop ₹1,064.00; charges ₹74,027.97 crore)"
2024-06-10,HINDUNILVR,signal SKIPPED — cash below half a slice
2024-06-10,INDIGO,"PYRAMID BUY ₹7.51 crore crore at ₹4,398.00 (box jump — doubling the stake with NEW capital; stop stays ₹3,805.04; charges ₹88,959.76 crore)"
2024-06-10,NCC,"BUY ₹3.64 crore crore at ₹327.60 (fresh Friday signal — BUY: 2.80× weekly, month 1.63×, ladder rising; stop ₹260.92; charges ₹43,080.57 crore)"
2024-06-10,UNOMINDA,"BUY ₹6.22 crore crore at ₹970.00 (fresh Friday signal — BUY: 4.24× weekly, month 2.61×, ladder rising; stop ₹769.64; charges ₹73,657.28 crore)"
2024-06-14,DABUR,RAISE STOP ₹509.91 → ₹552.95 (new box ₹582.05–₹633.40 sealed)
2024-06-14,UNOMINDA,"RAISE STOP ₹769.64 → ₹895.00 (new box ₹942.10–₹1,065.00 sealed)"
2024-06-18,DABUR,"PYRAMID BUY ₹6.23 crore crore at ₹608.10 (box jump — doubling the stake with NEW capital; stop stays ₹552.95; charges ₹73,863.43 crore)"
2024-06-18,UNOMINDA,"PYRAMID BUY ₹6.76 crore crore at ₹1,056.60 (box jump — doubling the stake with NEW capital; stop stays ₹895.00; charges ₹80,138.22 crore)"
2024-06-21,FIEMIND,"RAISE STOP ₹1,064.00 → ₹1,162.80 (new box ₹1,224.00–₹1,325.80 sealed)"
2024-06-24,FIEMIND,"PYRAMID BUY ₹6.08 crore crore at ₹1,286.35 (box jump — doubling the stake with NEW capital; stop stays ₹1,162.80; charges ₹72,055.34 crore)"
2024-06-28,INDIGO,"RAISE STOP ₹3,805.04 → ₹3,976.70 (new box ₹4,186.00–₹4,609.80 sealed)"
2024-06-28,NCC,RAISE STOP ₹260.92 → ₹297.87 (new box ₹313.55–₹336.70 sealed)
2024-07-01,INDIGO,"PYRAMID BUY ₹14.59 crore crore at ₹4,276.35 (box jump — doubling the stake with NEW capital; stop stays ₹3,976.70; charges ₹1.73 lakh crore)"
2024-07-01,NCC,"PYRAMID BUY ₹3.51 crore crore at ₹316.50 (box jump — doubling the stake with NEW capital; stop stays ₹297.87; charges ₹41,571.57 crore)"
2024-07-05,NBCC,RAISE STOP ₹80.15 → ₹98.17 (new box ₹103.33–₹115.33 sealed)
2024-07-05,TDPOWERSYS,RAISE STOP ₹129.90 → ₹162.59 (new box ₹171.15–₹198.75 sealed)
2024-07-05,UNOMINDA,"RAISE STOP ₹895.00 → ₹981.87 (new box ₹1,033.55–₹1,188.00 sealed)"
2024-07-08,NBCC,PYRAMID BUY ₹9.84 crore crore at ₹126.34 (box jump — doubling the stake with NEW capital; stop stays ₹98.17; charges ₹1.17 lakh crore)
2024-07-08,TDPOWERSYS,"PYRAMID BUY ₹43.09 lakh crore at ₹204.62 (box jump — doubling the stake with NEW capital; stop stays ₹162.59; charges ₹5,105.28 crore)"
2024-07-08,UNOMINDA,"PYRAMID BUY ₹15.03 crore crore at ₹1,174.40 (box jump — doubling the stake with NEW capital; stop stays ₹981.87; charges ₹1.78 lakh crore)"
2024-07-12,TDPOWERSYS,RAISE STOP ₹162.59 → ₹188.72 (new box ₹198.65–₹211.75 sealed)
2024-07-15,TDPOWERSYS,"PYRAMID BUY ₹85.82 lakh crore at ₹203.90 (box jump — doubling the stake with NEW capital; stop stays ₹188.72; charges ₹10,168.37 crore)"
2024-07-19,CEATLTD,"fresh signal NOT FUNDED — cash exhausted (ACCUMULATE: 2.91× weekly, month 1.90×, ladder rising)"
2024-07-19,FIEMIND,"RAISE STOP ₹1,162.80 → ₹1,257.56 (new box ₹1,323.75–₹1,382.95 sealed)"
2024-07-19,INDIACEM,fresh signal REFUSED — falling earnings power
2024-07-19,PFIZER,fresh signal REFUSED — falling earnings power
2024-07-19,STYRENIX,"fresh signal NOT FUNDED — cash exhausted (BUY: 1.94× weekly, month 5.28×, ladder rising)"
2024-07-19,SUNTECK,"fresh signal NOT FUNDED — cash exhausted (BUY: 3.28× weekly, month 1.60×, ladder rising)"
2024-07-19,TDPOWERSYS,"SELL ₹1.59 crore crore at stop ₹188.72 (-0.7%, charges ₹16,452.29 crore) — the cash goes back to work at the next Friday screen"
2024-07-19,UNOMINDA,"SELL ₹25.09 crore crore at stop ₹981.87 (-10.2%, charges ₹2.60 lakh crore) — the cash goes back to work at the next Friday screen"
2024-07-22,FIEMIND,"PYRAMID BUY ₹12.28 crore crore at ₹1,299.00 (box jump — doubling the stake with NEW capital; stop stays ₹1,257.56; charges ₹1.45 lakh crore)"
2024-07-22,INDIAGLYCO,"BUY ₹13.06 crore crore at ₹515.00 (fresh Friday signal — BUY: 3.46× weekly, month 2.25×, ladder rising; stop ₹429.42; charges ₹1.55 lakh crore)"
2024-07-22,PGIL,"BUY ₹13.62 crore crore at ₹405.00 (fresh Friday signal — BUY: 3.81× weekly, month 8.12×, ladder rising; stop ₹335.38; charges ₹1.61 lakh crore)"
2024-07-23,FIEMIND,"SELL ₹23.73 crore crore at stop ₹1,257.56 (-3.3%, charges ₹2.46 lakh crore) — the cash goes back to work at the next Friday screen"
2024-07-23,NCC,"SELL ₹6.59 crore crore at stop ₹297.87 (-7.5%, charges ₹68,394.95 crore) — the cash goes back to work at the next Friday screen"
2024-07-26,ALIVUS,fresh signal REFUSED — falling earnings power
2024-07-26,ATUL,fresh signal REFUSED — falling earnings power
2024-07-26,BANCOINDIA,"fresh signal NOT FUNDED — cash exhausted (BUY: 4.29× weekly, month 1.70×, ladder rising)"
2024-07-26,BAYERCROP,fresh signal REFUSED — falling earnings power
2024-07-26,CASTROLIND,"fresh signal NOT FUNDED — cash exhausted (ACCUMULATE: 1.54× weekly, month 4.31×, ladder rising)"
2024-07-26,DEEPAKFERT,fresh signal REFUSED — falling earnings power
2024-07-26,HBLENGINE,"fresh signal NOT FUNDED — cash exhausted (ACCUMULATE: 1.86× weekly, month 1.74×, ladder rising)"
2024-07-26,IFCI,"fresh signal NOT FUNDED — cash exhausted (BUY: 3.27× weekly, month 1.89×, ladder rising)"
2024-07-26,INOXWIND,"fresh signal NOT FUNDED — cash exhausted (ACCUMULATE: 1.58× weekly, month 1.96×, ladder rising)"
2024-07-26,KSCL,"fresh signal NOT FUNDED — cash exhausted (BUY: 5.64× weekly, month 1.78×, ladder rising)"
2024-07-26,MMTC,fresh signal REFUSED — falling earnings power
2024-07-26,NFL,fresh signal REFUSED — falling earnings power
2024-07-26,NIACL,fresh signal REFUSED — falling earnings power
2024-07-26,OFSS,"fresh signal NOT FUNDED — cash exhausted (ACCUMULATE: 1.51× weekly, month 1.61×, ladder rising)"
2024-07-26,ORIENTCEM,"fresh signal NOT FUNDED — cash exhausted (ACCUMULATE: 1.96× weekly, month 3.66×, ladder rising)"
2024-07-26,SHARDACROP,fresh signal REFUSED — falling earnings power
2024-07-26,TIPSMUSIC,"fresh signal NOT FUNDED — cash exhausted (BUY: 1.74× weekly, month 1.80×, ladder rising)"
2024-07-26,WELSPUNLIV,"fresh signal NOT FUNDED — cash exhausted (BUY: 3.42× weekly, month 1.90×, ladder rising)"
2024-07-29,AVANTIFEED,"BUY ₹14.23 crore crore at ₹697.65 (fresh Friday signal — BUY: 9.75× weekly, month 3.97×, ladder rising; stop ₹558.65; charges ₹1.69 lakh crore)"
2024-07-29,THYROCARE,"BUY ₹14.24 crore crore at ₹261.67 (fresh Friday signal — BUY: 11.18× weekly, month 3.35×, ladder rising; stop ₹196.33; charges ₹1.69 lakh crore)"
2024-08-02,DABUR,RAISE STOP ₹552.95 → ₹587.15 (new box ₹618.05–₹662.35 sealed)
2024-08-02,NBCC,RAISE STOP ₹98.17 → ₹109.78 (new box ₹115.55–₹124.53 sealed)
2024-08-02,THYROCARE,RAISE STOP ₹196.33 → ₹243.17 (new box ₹255.97–₹270.67 sealed)
2024-08-05,DABUR,PYRAMID BUY ₹12.60 crore crore at ₹615.00 (box jump — doubling the stake with NEW capital; stop stays ₹587.15; charges ₹1.49 lakh crore)
2024-08-05,NBCC,PYRAMID BUY ₹18.04 crore crore at ₹115.87 (box jump — doubling the stake with NEW capital; stop stays ₹109.78; charges ₹2.14 lakh crore)
2024-08-05,THYROCARE,PYRAMID BUY ₹14.50 crore crore at ₹266.65 (box jump — doubling the stake with NEW capital; stop stays ₹243.17; charges ₹1.72 lakh crore)
2024-08-06,NBCC,"SELL ₹34.12 crore crore at stop ₹109.78 (-1.3%, charges ₹3.54 lakh crore) — the cash goes back to work at the next Friday screen"
2024-08-09,AFFLE,"fresh signal NOT FUNDED — cash exhausted (BUY: 2.49× weekly, month 2.24×, ladder rising)"
2024-08-09,ALIVUS,fresh signal REFUSED — falling earnings power
2024-08-09,AVANTIFEED,RAISE STOP ₹558.65 → ₹596.83 (new box ₹635.50–₹764.40 sealed)
2024-08-09,CAMPUS,RAISE STOP ₹248.05 → ₹277.07 (new box ₹291.65–₹320.40 sealed)
2024-08-09,CAMS,"fresh signal NOT FUNDED — cash exhausted (ACCUMULATE: 2.86× weekly, month 2.17×, ladder rising)"
2024-08-09,CCL,fresh signal REFUSED — falling earnings power
2024-08-09,CEMPRO,"fresh signal NOT FUNDED — cash exhausted (ACCUMULATE: 3.20× weekly, month 1.67×, ladder rising)"
2024-08-09,INDIAGLYCO,RAISE STOP ₹429.42 → ₹535.82 (new box ₹564.02–₹637.50 sealed)
2024-08-09,JSWDULUX,"fresh signal NOT FUNDED — cash exhausted (BUY: 2.58× weekly, month 1.55×, ladder rising)"
2024-08-09,KFINTECH,"fresh signal NOT FUNDED — cash exhausted (BUY: 4.42× weekly, month 2.05×, ladder rising)"
2024-08-09,NEULANDLAB,"fresh signal NOT FUNDED — cash exhausted (ACCUMULATE: 2.94× weekly, month 1.78×, ladder rising)"
2024-08-09,OIL,fresh signal REFUSED — falling earnings power
2024-08-09,ONGC,"fresh signal NOT FUNDED — cash exhausted (ACCUMULATE: 1.67× weekly, month 2.01×, ladder rising)"
2024-08-09,OPTIEMUS,"fresh signal NOT FUNDED — cash exhausted (BUY: 2.24× weekly, month 2.62×, ladder rising)"
2024-08-09,PFIZER,fresh signal REFUSED — falling earnings power
2024-08-09,PGIL,RAISE STOP ₹335.38 → ₹388.64 (new box ₹420.00–₹524.52 sealed)
2024-08-09,TIPSMUSIC,"fresh signal NOT FUNDED — cash exhausted (BUY: 2.11× weekly, month 1.84×, ladder rising)"
2024-08-12,ADANIPOWER,"SELL ₹5.02 crore crore at stop ₹126.55 (-19.2%, charges ₹52,090.93 crore) — the cash goes back to work at the next Friday screen"
2024-08-12,AVANTIFEED,PYRAMID BUY ₹15.44 crore crore at ₹758.00 (box jump — doubling the stake with NEW capital; stop stays ₹596.83; charges ₹1.83 lakh crore)
2024-08-12,CAMPUS,PYRAMID BUY ₹10.64 crore crore at ₹291.85 (box jump — doubling the stake with NEW capital; stop stays ₹277.07; charges ₹1.26 lakh crore)
2024-08-12,CERA,"BUY ₹24.04 crore crore at ₹10,499.95 (fresh Friday signal — BUY: 4.91× weekly, month 2.08×, ladder rising; stop ₹8,198.93; charges ₹2.85 lakh crore)"
2024-08-12,INDIAGLYCO,PYRAMID BUY ₹15.21 crore crore at ₹600.55 (box jump — doubling the stake with NEW capital; stop stays ₹535.82; charges ₹1.80 lakh crore)
2024-08-12,PCBL,signal SKIPPED — cash below half a slice
2024-08-12,PGIL,PYRAMID BUY ₹16.12 crore crore at ₹480.18 (box jump — doubling the stake with NEW capital; stop stays ₹388.64; charges ₹1.91 lakh crore)
2024-08-16,ALIVUS,fresh signal REFUSED — falling earnings power
2024-08-16,CAMPUS,"SELL ₹20.18 crore crore at stop ₹277.07 (-4.4%, charges ₹2.09 lakh crore) — the cash goes back to work at the next Friday screen"
2024-08-16,EPL,fresh signal REFUSED — falling earnings power
2024-08-16,FSL,"fresh signal NOT FUNDED — cash exhausted (BUY: 1.86× weekly, month 3.82×, ladder rising)"
2024-08-16,GRAVITA,"fresh signal NOT FUNDED — cash exhausted (BUY: 2.08× weekly, month 2.41×, ladder rising)"
2024-08-16,INOXWIND,"fresh signal NOT FUNDED — cash exhausted (BUY: 3.38× weekly, month 2.37×, ladder rising)"
2024-08-16,SUZLON,fresh signal REFUSED — falling earnings power
2024-08-19,SUPRIYA,"BUY ₹24.01 crore crore at ₹528.00 (fresh Friday signal — BUY: 6.86× weekly, month 2.15×, ladder rising; stop ₹361.00; charges ₹2.85 lakh crore)"
2024-08-19,VGUARD,"BUY ₹13.12 crore crore at ₹524.15 (fresh Friday signal — ACCUMULATE: 3.48× weekly, month 1.72×, ladder rising; stop ₹420.24; charges ₹1.55 lakh crore)"
2024-08-23,AVANTIFEED,RAISE STOP ₹596.83 → ₹650.13 (new box ₹684.35–₹793.00 sealed)
2024-08-23,INDIAGLYCO,RAISE STOP ₹535.82 → ₹587.91 (new box ₹618.85–₹672.40 sealed)
2024-08-23,SUPRIYA,RAISE STOP ₹361.00 → ₹470.87 (new box ₹495.65–₹539.85 sealed)
2024-08-26,AVANTIFEED,PYRAMID BUY ₹28.30 crore crore at ₹695.00 (box jump — doubling the stake with NEW capital; stop stays ₹650.13; charges ₹3.35 lakh crore)
2024-08-26,INDIAGLYCO,PYRAMID BUY ₹32.22 crore crore at ₹636.50 (box jump — doubling the stake with NEW capital; stop stays ₹587.91; charges ₹3.82 lakh crore)
2024-08-26,SUPRIYA,PYRAMID BUY ₹25.36 crore crore at ₹558.30 (box jump — doubling the stake with NEW capital; stop stays ₹470.87; charges ₹3.00 lakh crore)
2024-09-06,INDIGO,"RAISE STOP ₹3,976.70 → ₹4,485.14 (new box ₹4,721.20–₹4,943.80 sealed)"
2024-09-06,SUPRIYA,RAISE STOP ₹470.87 → ₹498.75 (new box ₹525.00–₹576.00 sealed)
2024-09-06,THYROCARE,RAISE STOP ₹243.17 → ₹265.38 (new box ₹279.35–₹310.45 sealed)
2024-09-09,AVANTIFEED,"SELL ₹52.86 crore crore at stop ₹650.13 (-8.6%, charges ₹5.48 lakh crore) — the cash goes back to work at the next Friday screen"
2024-09-09,INDIGO,"PYRAMID BUY ₹32.60 crore crore at ₹4,780.00 (box jump — doubling the stake with NEW capital; stop stays ₹4,485.14; charges ₹3.86 lakh crore)"
2024-09-09,SUPRIYA,PYRAMID BUY ₹54.48 crore crore at ₹600.00 (box jump — doubling the stake with NEW capital; stop stays ₹498.75; charges ₹6.45 lakh crore)
2024-09-09,THYROCARE,PYRAMID BUY ₹30.62 crore crore at ₹281.75 (box jump — doubling the stake with NEW capital; stop stays ₹265.38; charges ₹3.63 lakh crore)
2024-09-13,ABREL,fresh signal REFUSED — falling earnings power
2024-09-13,AETHER,fresh signal REFUSED — falling earnings power
2024-09-13,ALIVUS,fresh signal REFUSED — falling earnings power
2024-09-13,BECTORFOOD,"fresh signal NOT FUNDED — cash exhausted (BUY: 3.09× weekly, month 2.07×, ladder rising)"
2024-09-13,DABUR,RAISE STOP ₹587.15 → ₹602.49 (new box ₹634.20–₹655.40 sealed)
2024-09-13,EPL,fresh signal REFUSED — falling earnings power
2024-09-13,GOKULAGRO,"fresh signal NOT FUNDED — cash exhausted (BUY: 4.01× weekly, month 4.34×, ladder rising)"
2024-09-13,GREAVESCOT,fresh signal REFUSED — falling earnings power
2024-09-13,HCG,"fresh signal NOT FUNDED — cash exhausted (BUY: 2.00× weekly, month 2.46×, ladder rising)"
2024-09-13,JMFINANCIL,fresh signal REFUSED — falling earnings power
2024-09-13,JUBLPHARMA,"fresh signal NOT FUNDED — cash exhausted (BUY: 6.03× weekly, month 2.23×, ladder rising)"
2024-09-13,KALYANKJIL,"fresh signal NOT FUNDED — cash exhausted (BUY: 2.49× weekly, month 3.32×, ladder rising)"
2024-09-13,KAYNES,"fresh signal NOT FUNDED — cash exhausted (ACCUMULATE: 4.10× weekly, month 2.87×, ladder rising)"
2024-09-13,NAZARA,fresh signal REFUSED — falling earnings power
2024-09-13,PAYTM,"fresh signal NOT FUNDED — cash exhausted (BUY: 2.69× weekly, month 2.65×, ladder rising)"
2024-09-13,PCJEWELLER,fresh signal REFUSED — falling earnings power
2024-09-13,PGIL,RAISE STOP ₹388.64 → ₹434.53 (new box ₹460.60–₹547.50 sealed)
2024-09-13,PNBHOUSING,"fresh signal NOT FUNDED — cash exhausted (BUY: 1.75× weekly, month 4.25×, ladder rising)"
2024-09-13,PPLPHARMA,"fresh signal NOT FUNDED — cash exhausted (BUY: 3.04× weekly, month 2.11×, ladder rising)"
2024-09-13,SUMICHEM,fresh signal REFUSED — falling earnings power
2024-09-16,DABUR,PYRAMID BUY ₹27.03 crore crore at ₹660.00 (box jump — doubling the stake with NEW capital; stop stays ₹602.49; charges ₹3.20 lakh crore)
2024-09-16,PGIL,PYRAMID BUY ₹32.72 crore crore at ₹487.50 (box jump — doubling the stake with NEW capital; stop stays ₹434.53; charges ₹3.88 lakh crore)
2024-09-16,PRSMJOHNSN,"BUY ₹51.11 crore crore at ₹214.51 (fresh Friday signal — BUY: 34.86× weekly, month 11.66×, ladder rising; stop ₹154.99; charges ₹6.06 lakh crore)"
2024-09-19,CERA,"SELL ₹18.73 crore crore at stop ₹8,198.93 (-21.9%, charges ₹1.94 lakh crore) — the cash goes back to work at the next Friday screen"
2024-09-23,PGIL,"SELL ₹58.23 crore crore at stop ₹434.53 (-6.6%, charges ₹6.04 lakh crore) — the cash goes back to work at the next Friday screen"
2024-09-27,AVALON,fresh signal REFUSED — falling earnings power
2024-09-27,DIVISLAB,fresh signal REFUSED — falling earnings power
2024-09-27,HEG,fresh signal REFUSED — falling earnings power
2024-09-27,JMFINANCIL,fresh signal REFUSED — falling earnings power
2024-09-27,OPTIEMUS,"fresh signal NOT FUNDED — cash exhausted (BUY: 1.55× weekly, month 1.58×, ladder rising)"
2024-09-27,PRSMJOHNSN,RAISE STOP ₹154.99 → ₹168.72 (new box ₹186.55–₹246.00 sealed)
2024-09-27,RAINBOW,"fresh signal NOT FUNDED — cash exhausted (BUY: 4.38× weekly, month 2.04×, ladder rising)"
2024-09-27,SAPPHIRE,fresh signal REFUSED — falling earnings power
2024-09-30,NEWGEN,signal SKIPPED — cash below half a slice
2024-09-30,PRSMJOHNSN,PYRAMID BUY ₹49.74 crore crore at ₹209.00 (box jump — doubling the stake with NEW capital; stop stays ₹168.72; charges ₹5.89 lakh crore)
2024-09-30,VIYASH,"BUY ₹52.69 crore crore at ₹216.00 (fresh Friday signal — BUY: 5.97× weekly, month 2.57×, ladder rising; stop ₹161.73; charges ₹6.24 lakh crore)"
2024-10-03,DABUR,"SELL ₹49.27 crore crore at stop ₹602.49 (-5.2%, charges ₹5.11 lakh crore) — the cash goes back to work at the next Friday screen"
2024-10-04,BLUEDART,fresh signal REFUSED — falling earnings power
2024-10-04,HCG,"fresh signal NOT FUNDED — cash exhausted (BUY: 1.73× weekly, month 2.01×, ladder rising)"
2024-10-04,JMFINANCIL,fresh signal REFUSED — falling earnings power
2024-10-04,VGUARD,"SELL ₹10.50 crore crore at stop ₹420.24 (-19.8%, charges ₹1.09 lakh crore) — the cash goes back to work at the next Friday screen"
2024-10-07,BSE,"BUY ₹35.57 crore crore at ₹1,396.67 (fresh Friday signal — ACCUMULATE: 2.88× weekly, month 3.26×, ladder rising; stop ₹1,131.31; charges ₹4.21 lakh crore)"
2024-10-07,CEMPRO,"BUY ₹50.22 crore crore at ₹655.05 (fresh Friday signal — BUY: 3.08× weekly, month 2.56×, ladder rising; stop ₹402.23; charges ₹5.95 lakh crore)"
2024-10-07,INDIGO,"SELL ₹61.08 crore crore at stop ₹4,485.14 (+0.3%, charges ₹6.34 lakh crore) — the cash goes back to work at the next Friday screen"
2024-10-07,THYROCARE,"SELL ₹57.58 crore crore at stop ₹265.38 (-2.8%, charges ₹5.97 lakh crore) — the cash goes back to work at the next Friday screen"
2024-10-11,ANUP,fresh signal REFUSED — falling earnings power
2024-10-11,DIVISLAB,fresh signal REFUSED — falling earnings power
2024-10-11,JMFINANCIL,fresh signal REFUSED — falling earnings power
2024-10-11,SUPRIYA,RAISE STOP ₹498.75 → ₹500.65 (new box ₹527.00–₹608.45 sealed)
2024-10-11,VIYASH,RAISE STOP ₹161.73 → ₹172.84 (new box ₹188.50–₹240.70 sealed)
2024-10-14,PAYTM,"BUY ₹51.95 crore crore at ₹729.60 (fresh Friday signal — BUY: 1.93× weekly, month 2.08×, ladder rising; stop ₹617.60; charges ₹6.15 lakh crore)"
2024-10-14,SKIPPER,"BUY ₹66.72 crore crore at ₹553.00 (fresh Friday signal — BUY: 2.85× weekly, month 1.80×, ladder rising; stop ₹418.00; charges ₹7.91 lakh crore)"
2024-10-14,SUPRIYA,PYRAMID BUY ₹103.81 crore crore at ₹572.00 (box jump — doubling the stake with NEW capital; stop stays ₹500.65; charges ₹12.30 lakh crore)
2024-10-14,VIYASH,PYRAMID BUY ₹46.66 crore crore at ₹191.50 (box jump — doubling the stake with NEW capital; stop stays ₹172.84; charges ₹5.53 lakh crore)
2024-10-23,VIYASH,"SELL ₹84.08 crore crore at stop ₹172.84 (-15.2%, charges ₹8.72 lakh crore) — the cash goes back to work at the next Friday screen"
2024-10-25,INDIAGLYCO,"SELL ₹59.42 crore crore at stop ₹587.91 (-1.5%, charges ₹6.16 lakh crore) — the cash goes back to work at the next Friday screen"
2024-10-25,PAYTM,RAISE STOP ₹617.60 → ₹636.31 (new box ₹669.80–₹772.85 sealed)
2024-10-25,PRSMJOHNSN,RAISE STOP ₹168.72 → ₹170.55 (new box ₹179.53–₹204.49 sealed)
2024-10-28,PAYTM,PYRAMID BUY ₹53.17 crore crore at ₹747.70 (box jump — doubling the stake with NEW capital; stop stays ₹636.31; charges ₹6.30 lakh crore)
2024-10-28,PRSMJOHNSN,PYRAMID BUY ₹90.86 crore crore at ₹191.00 (box jump — doubling the stake with NEW capital; stop stays ₹170.55; charges ₹10.77 lakh crore)
2024-11-01,ANUP,fresh signal REFUSED — falling earnings power
2024-11-01,BSE,"RAISE STOP ₹1,131.31 → ₹1,231.60 (new box ₹1,331.22–₹1,663.27 sealed)"
2024-11-01,CEMPRO,RAISE STOP ₹402.23 → ₹430.14 (new box ₹491.10–₹694.30 sealed)
2024-11-01,SKIPPER,RAISE STOP ₹418.00 → ₹448.15 (new box ₹487.55–₹618.90 sealed)
2024-11-04,BSE,"PYRAMID BUY ₹37.68 crore crore at ₹1,481.33 (box jump — doubling the stake with NEW capital; stop stays ₹1,231.60; charges ₹8.89 lakh crore)"
2024-11-04,CEMPRO,PYRAMID BUY ₹41.90 crore crore at ₹547.15 (box jump — doubling the stake with NEW capital; stop stays ₹430.14; charges ₹9.89 lakh crore)
2024-11-04,JSWDULUX,"BUY ₹94.83 crore crore at ₹4,518.00 (fresh Friday signal — ACCUMULATE: 4.97× weekly, month 2.52×, ladder rising; stop ₹3,311.30; charges ₹22.39 lakh crore)"
2024-11-04,KIRLPNU,"BUY ₹48.67 crore crore at ₹849.00 (fresh Friday signal — BUY: 4.25× weekly, month 1.99×, ladder rising; stop ₹594.25; charges ₹11.49 lakh crore)"
2024-11-04,SKIPPER,PYRAMID BUY ₹65.82 crore crore at ₹546.15 (box jump — doubling the stake with NEW capital; stop stays ₹448.15; charges ₹15.54 lakh crore)
2024-11-08,KIRLPNU,RAISE STOP ₹594.25 → ₹752.42 (new box ₹792.02–₹867.42 sealed)
2024-11-11,KIRLPNU,PYRAMID BUY ₹48.33 crore crore at ₹845.00 (box jump — doubling the stake with NEW capital; stop stays ₹752.42; charges ₹11.41 lakh crore)
2024-11-22,PAYTM,RAISE STOP ₹636.31 → ₹712.50 (new box ₹750.00–₹855.10 sealed)
2024-11-22,SUPRIYA,RAISE STOP ₹500.65 → ₹574.32 (new box ₹604.55–₹689.85 sealed)
2024-11-25,PAYTM,PYRAMID BUY ₹129.89 crore crore at ₹913.80 (box jump — doubling the stake with NEW capital; stop stays ₹712.50; charges ₹30.66 lakh crore)
2024-11-25,SUPRIYA,PYRAMID BUY ₹293.48 crore crore at ₹809.00 (box jump — doubling the stake with NEW capital; stop stays ₹574.32; charges ₹69.28 lakh crore)
2024-12-06,JSWDULUX,"RAISE STOP ₹3,311.30 → ₹3,423.18 (new box ₹3,603.35–₹3,800.00 sealed)"
2024-12-06,PAYTM,RAISE STOP ₹712.50 → ₹838.09 (new box ₹882.20–₹952.00 sealed)
2024-12-06,SUPRIYA,RAISE STOP ₹574.32 → ₹717.25 (new box ₹755.00–₹833.40 sealed)
2024-12-09,JSWDULUX,"PYRAMID BUY ₹77.87 crore crore at ₹3,718.70 (box jump — doubling the stake with NEW capital; stop stays ₹3,423.18; charges ₹18.38 lakh crore)"
2024-12-09,PAYTM,PYRAMID BUY ₹283.23 crore crore at ₹997.45 (box jump — doubling the stake with NEW capital; stop stays ₹838.09; charges ₹66.86 lakh crore)
2024-12-09,SUPRIYA,PYRAMID BUY ₹565.24 crore crore at ₹780.00 (box jump — doubling the stake with NEW capital; stop stays ₹717.25; charges ₹1.33 crore crore)
2024-12-13,CEMPRO,RAISE STOP ₹430.14 → ₹477.71 (new box ₹502.85–₹529.05 sealed)
2024-12-13,KIRLPNU,RAISE STOP ₹752.42 → ₹798.00 (new box ₹840.00–₹908.50 sealed)
2024-12-16,CEMPRO,PYRAMID BUY ₹78.76 crore crore at ₹514.85 (box jump — doubling the stake with NEW capital; stop stays ₹477.71; charges ₹18.59 lakh crore)
2024-12-16,KIRLPNU,PYRAMID BUY ₹96.76 crore crore at ₹846.95 (box jump — doubling the stake with NEW capital; stop stays ₹798.00; charges ₹22.84 lakh crore)
2024-12-17,SUPRIYA,"SELL ₹1,036.01 crore crore at stop ₹717.25 (-2.4%, charges ₹2.30 crore crore) — the cash goes back to work at the next Friday screen"
2024-12-20,BORORENEW,fresh signal REFUSED — falling earnings power
2024-12-20,KPRMILL,fresh signal REFUSED — falling earnings power
2024-12-20,PAYTM,"RAISE STOP ₹838.09 → ₹887.49 (new box ₹934.20–₹1,007.00 sealed)"
2024-12-23,KAYNES,"BUY ₹301.40 crore crore at ₹7,358.80 (fresh Friday signal — BUY: 3.40× weekly, month 2.00×, ladder rising; stop ₹5,824.55; charges ₹71.15 lakh crore)"
2024-12-23,KIRLPNU,"SELL ₹181.72 crore crore at stop ₹798.00 (-5.8%, charges ₹40.36 lakh crore) — the cash goes back to work at the next Friday screen"
2024-12-23,PAYTM,PYRAMID BUY ₹544.43 crore crore at ₹959.80 (box jump — doubling the stake with NEW capital; stop stays ₹887.49; charges ₹1.29 crore crore)
2024-12-23,ZENTEC,"BUY ₹301.21 crore crore at ₹2,555.00 (fresh Friday signal — BUY: 3.53× weekly, month 2.25×, ladder rising; stop ₹1,537.95; charges ₹71.10 lakh crore)"
2024-12-26,PRSMJOHNSN,"SELL ₹161.81 crore crore at stop ₹170.55 (-15.3%, charges ₹35.94 lakh crore) — the cash goes back to work at the next Friday screen"
2024-12-27,JSWDULUX,"SELL ₹142.88 crore crore at stop ₹3,423.18 (-16.9%, charges ₹31.74 lakh crore) — the cash goes back to work at the next Friday screen"
2024-12-27,KAYNES,"RAISE STOP ₹5,824.55 → ₹6,670.80 (new box ₹7,021.90–₹7,780.00 sealed)"
2024-12-27,PAYTM,"RAISE STOP ₹887.49 → ₹893.05 (new box ₹940.05–₹1,062.95 sealed)"
2024-12-27,SHAREINDIA,fresh signal REFUSED — falling earnings power
2024-12-27,TRIVENI,fresh signal REFUSED — falling earnings power
2024-12-30,KAYNES,"PYRAMID BUY ₹289.62 crore crore at ₹7,088.00 (box jump — doubling the stake with NEW capital; stop stays ₹6,670.80; charges ₹68.37 lakh crore)"
2024-12-30,KFINTECH,"BUY ₹448.50 crore crore at ₹1,511.45 (fresh Friday signal — BUY: 2.78× weekly, month 2.22×, ladder rising; stop ₹1,159.14; charges ₹1.06 crore crore)"
2024-12-30,PAYTM,"PYRAMID BUY ₹1,152.39 crore crore at ₹1,017.00 (box jump — doubling the stake with NEW capital; stop stays ₹893.05; charges ₹2.72 crore crore)"
2025-01-03,BSE,"RAISE STOP ₹1,231.60 → ₹1,651.54 (new box ₹1,738.47–₹1,945.98 sealed)"
2025-01-03,GHCL,fresh signal REFUSED — falling earnings power
2025-01-03,JSLL,"fresh signal NOT FUNDED — cash exhausted (ACCUMULATE: 2.32× weekly, month 1.93×, ladder rising)"
2025-01-03,QUESS,fresh signal REFUSED — falling earnings power
2025-01-03,SFL,fresh signal REFUSED — falling earnings power
2025-01-03,SKIPPER,RAISE STOP ₹448.15 → ₹477.28 (new box ₹520.60–₹665.00 sealed)
2025-01-03,ZENTEC,"RAISE STOP ₹1,537.95 → ₹2,213.55 (new box ₹2,330.05–₹2,627.00 sealed)"
2025-01-06,BSE,"PYRAMID BUY ₹90.61 crore crore at ₹1,783.33 (box jump — doubling the stake with NEW capital; stop stays ₹1,651.54; charges ₹21.39 lakh crore)"
2025-01-06,LLOYDSME,"BUY ₹471.30 crore crore at ₹1,439.00 (fresh Friday signal — BUY: 2.97× weekly, month 1.94×, ladder rising; stop ₹1,064.09; charges ₹1.11 crore crore)"
2025-01-06,SKIPPER,PYRAMID BUY ₹134.11 crore crore at ₹557.10 (box jump — doubling the stake with NEW capital; stop stays ₹477.28; charges ₹31.66 lakh crore)
2025-01-06,ZENTEC,"PYRAMID BUY ₹297.96 crore crore at ₹2,533.45 (box jump — doubling the stake with NEW capital; stop stays ₹2,213.55; charges ₹70.34 lakh crore)"
2025-01-09,PAYTM,"SELL ₹2,017.00 crore crore at stop ₹893.05 (-8.5%, charges ₹4.48 crore crore) — the cash goes back to work at the next Friday screen"
2025-01-10,KAYNES,"SELL ₹543.30 crore crore at stop ₹6,670.80 (-7.7%, charges ₹1.21 crore crore) — the cash goes back to work at the next Friday screen"
2025-01-10,LLOYDSME,"RAISE STOP ₹1,064.09 → ₹1,258.75 (new box ₹1,325.00–₹1,460.00 sealed)"
2025-01-10,SKIPPER,"SELL ₹229.01 crore crore at stop ₹477.28 (-13.7%, charges ₹50.87 lakh crore) — the cash goes back to work at the next Friday screen"
2025-01-13,AEGISLOG,"BUY ₹491.90 crore crore at ₹834.65 (fresh Friday signal — BUY: 27.32× weekly, month 4.81×, ladder rising; stop ₹697.76; charges ₹1.16 crore crore)"
2025-01-13,LLOYDSME,"PYRAMID BUY ₹471.14 crore crore at ₹1,441.90 (box jump — doubling the stake with NEW capital; stop stays ₹1,258.75; charges ₹1.11 crore crore)"
2025-01-13,ZENTEC,"SELL ₹518.91 crore crore at stop ₹2,213.55 (-13.0%, charges ₹1.15 crore crore) — the cash goes back to work at the next Friday screen"
2025-01-15,KFINTECH,"SELL ₹342.39 crore crore at stop ₹1,159.14 (-23.3%, charges ₹76.05 lakh crore) — the cash goes back to work at the next Friday screen"
2025-01-17,AEGISLOG,"RAISE STOP ₹697.76 → ₹700.36 (new box ₹778.05–₹1,037.00 sealed)"
2025-01-17,DEVYANI,fresh signal REFUSED — falling earnings power
2025-01-20,AEGISLOG,PYRAMID BUY ₹472.48 crore crore at ₹803.60 (box jump — doubling the stake with NEW capital; stop stays ₹700.36; charges ₹1.12 crore crore)
2025-01-20,APOLLO,"BUY ₹536.47 crore crore at ₹131.50 (fresh Friday signal — ACCUMULATE: 1.93× weekly, month 5.79×, ladder rising; stop ₹110.19; charges ₹1.27 crore crore)"
2025-01-24,AEGISLOG,"SELL ₹820.77 crore crore at stop ₹700.36 (-14.5%, charges ₹1.82 crore crore) — the cash goes back to work at the next Friday screen"
2025-01-24,PARADEEP,fresh signal REFUSED — falling earnings power
2025-01-27,CREDITACC,"BUY ₹513.02 crore crore at ₹850.00 (fresh Friday signal — ACCUMULATE: 3.44× weekly, month 9.52×, ladder rising; stop ₹825.52; charges ₹1.21 crore crore)"
2025-01-28,LLOYDSME,"SELL ₹819.80 crore crore at stop ₹1,258.75 (-12.6%, charges ₹1.82 crore crore) — the cash goes back to work at the next Friday screen"
2025-02-01,BLUEJET,fresh signal REFUSED — falling earnings power
2025-02-01,SRF,fresh signal REFUSED — falling earnings power
2025-02-03,ZENSARTECH,"BUY ₹520.45 crore crore at ₹947.00 (fresh Friday signal — BUY: 4.92× weekly, month 3.02×, ladder rising; stop ₹727.84; charges ₹1.23 crore crore)"
2025-02-07,BLUEJET,fresh signal REFUSED — falling earnings power
2025-02-07,ZENSARTECH,RAISE STOP ₹727.84 → ₹814.20 (new box ₹857.05–₹984.95 sealed)
2025-02-10,ZENSARTECH,PYRAMID BUY ₹504.44 crore crore at ₹920.05 (box jump — doubling the stake with NEW capital; stop stays ₹814.20; charges ₹1.19 crore crore)
2025-02-14,SBICARD,fresh signal REFUSED — falling earnings power
2025-02-17,APOLLO,"SELL ₹447.48 crore crore at stop ₹110.19 (-16.2%, charges ₹99.39 lakh crore) — the cash goes back to work at the next Friday screen"
2025-02-17,ZENSARTECH,"SELL ₹889.78 crore crore at stop ₹814.20 (-12.8%, charges ₹1.98 crore crore) — the cash goes back to work at the next Friday screen"
2025-02-21,GLAXO,fresh signal REFUSED — falling earnings power
2025-02-21,REDINGTON,fresh signal REFUSED — falling earnings power
2025-02-28,BSE,"SELL ₹167.27 crore crore at stop ₹1,651.54 (+2.5%, charges ₹37.15 lakh crore) — the cash goes back to work at the next Friday screen"
2025-03-03,NH,"BUY ₹543.46 crore crore at ₹1,450.00 (fresh Friday signal — BUY: 4.67× weekly, month 1.70×, ladder rising; stop ₹1,235.90; charges ₹1.28 crore crore)"
2025-03-07,CREDITACC,"RAISE STOP ₹825.52 → ₹837.38 (new box ₹882.15–₹1,031.40 sealed)"
2025-03-10,CREDITACC,PYRAMID BUY ₹583.31 crore crore at ₹968.75 (box jump — doubling the stake with NEW capital; stop stays ₹837.38; charges ₹1.38 crore crore)
2025-03-13,NH,"RAISE STOP ₹1,235.90 → ₹1,436.97 (new box ₹1,512.60–₹1,692.50 sealed)"
2025-03-17,NH,"PYRAMID BUY ₹568.73 crore crore at ₹1,521.00 (box jump — doubling the stake with NEW capital; stop stays ₹1,436.97; charges ₹1.34 crore crore)"
2025-03-21,SARDAEN,fresh signal REFUSED — falling earnings power
2025-03-24,INDIASHLTR,"BUY ₹680.63 crore crore at ₹794.95 (fresh Friday signal — BUY: 4.59× weekly, month 1.56×, ladder rising; stop ₹692.55; charges ₹1.61 crore crore)"
2025-03-28,INDIASHLTR,RAISE STOP ₹692.55 → ₹738.82 (new box ₹777.70–₹830.00 sealed)
