date,symbol,event
2015-03-05,BLISSGVS,"fresh signal NOT FUNDED — cash exhausted (ACCUMULATE: 1.71× weekly, month 1.97×, ladder rising; funding priority now 1)"
2015-03-05,CELESTIAL,"fresh signal NOT FUNDED — cash exhausted (BUY: 1.98× weekly, month 4.14×, ladder rising; funding priority now 1)"
2015-03-05,RAMCOSYS,"fresh signal NOT FUNDED — cash exhausted (BUY: 2.12× weekly, month 5.40×, ladder rising; funding priority now 1)"
2015-03-05,SPARC,"fresh signal NOT FUNDED — cash exhausted (BUY: 1.67× weekly, month 2.23×, ladder rising; funding priority now 1)"
2015-03-05,TWL,"fresh signal NOT FUNDED — cash exhausted (BUY: 2.00× weekly, month 9.35×, ladder rising; funding priority now 1)"
2015-03-09,ECLERX,"BUY ₹9.88 at ₹1,550.00 (fresh Friday signal — BUY: 3.25× weekly, month 2.52×, ladder rising; stop ₹1,171.35; charges ₹0.01)"
2015-03-09,GEOMETRIC,"BUY ₹9.98 at ₹157.60 (fresh Friday signal — BUY: 6.64× weekly, month 1.62×, ladder rising; stop ₹130.15; charges ₹0.01)"
2015-03-09,HCC,"BUY ₹9.92 at ₹36.45 (fresh Friday signal — BUY: 3.01× weekly, month 1.69×, ladder rising; stop ₹28.57; charges ₹0.01)"
2015-03-09,ITDCEM,"BUY ₹10.00 at ₹76.97 (fresh Friday signal — BUY: 6.68× weekly, month 7.24×, ladder rising; stop ₹58.42; charges ₹0.01)"
2015-03-09,JBMA,"BUY ₹9.89 at ₹239.80 (fresh Friday signal — BUY: 2.78× weekly, month 2.63×, ladder rising; stop ₹188.60; charges ₹0.01)"
2015-03-09,KEI,"BUY ₹9.91 at ₹65.95 (fresh Friday signal — BUY: 3.70× weekly, month 1.68×, ladder rising; stop ₹51.77; charges ₹0.01)"
2015-03-09,MADHUCON,"BUY ₹9.96 at ₹63.70 (fresh Friday signal — BUY: 4.43× weekly, month 2.44×, ladder rising; stop ₹45.42; charges ₹0.01)"
2015-03-09,SMLISUZU,"BUY ₹9.92 at ₹1,200.00 (fresh Friday signal — BUY: 2.25× weekly, month 1.55×, ladder rising; stop ₹949.52; charges ₹0.01)"
2015-03-09,SOMANYCERA,"BUY ₹9.99 at ₹405.00 (fresh Friday signal — BUY: 6.10× weekly, month 1.53×, ladder rising; stop ₹336.63; charges ₹0.01)"
2015-03-09,TAKE,"BUY ₹9.88 at ₹147.85 (fresh Friday signal — BUY: 2.20× weekly, month 5.42×, ladder rising; stop ₹130.91; charges ₹0.01)"
2015-03-13,GEOMETRIC,RAISE STOP ₹130.15 → ₹145.35 (new box ₹153.00–₹177.80 sealed)
2015-03-13,JBMA,RAISE STOP ₹188.60 → ₹222.30 (new box ₹234.00–₹260.00 sealed)
2015-03-13,KEI,RAISE STOP ₹51.77 → ₹59.38 (new box ₹62.50–₹72.00 sealed)
2015-03-13,MADHUCON,RAISE STOP ₹45.42 → ₹55.38 (new box ₹58.30–₹64.70 sealed)
2015-03-16,TAKE,"SELL ₹8.72 at stop ₹130.91 (-11.5%, charges ₹0.01) — the cash goes back to work at the next Friday screen"
2015-03-17,MADHUCON,"SELL ₹8.64 at stop ₹55.38 (-13.1%, charges ₹0.01) — the cash goes back to work at the next Friday screen"
2015-03-20,BOSCHLTD,"fresh signal NOT FUNDED — cash exhausted (BUY: 1.74× weekly, month 6.55×, ladder rising; funding priority now 1)"
2015-03-20,DYNAMATECH,"fresh signal NOT FUNDED — cash exhausted (BUY: 2.05× weekly, month 2.21×, ladder rising; funding priority now 1)"
2015-03-20,ECLERX,"RAISE STOP ₹1,171.35 → ₹1,320.70 (new box ₹1,399.00–₹1,660.00 sealed)"
2015-03-20,GEOMETRIC,RAISE STOP ₹145.35 → ₹158.22 (new box ₹166.55–₹184.40 sealed)
2015-03-20,ITDCEM,RAISE STOP ₹58.42 → ₹64.03 (new box ₹68.40–₹82.97 sealed)
2015-03-20,LUPIN,"fresh signal NOT FUNDED — cash exhausted (BUY: 2.06× weekly, month 2.50×, ladder rising; funding priority now 1)"
2015-03-20,SOMANYCERA,RAISE STOP ₹336.63 → ₹341.63 (new box ₹361.00–₹425.55 sealed)
2015-03-20,SUZLON,"fresh signal NOT FUNDED — cash exhausted (BUY: 1.72× weekly, month 2.56×, ladder rising; funding priority now 1)"
2015-03-23,IPCALAB,"BUY ₹8.69 at ₹752.00 (fresh Friday signal — ACCUMULATE: 2.52× weekly, month 1.79×, ladder rising; stop ₹686.00; charges ₹0.01)"
2015-03-23,JBMA,"SELL ₹9.15 at stop ₹222.30 (-7.3%, charges ₹0.01) — the cash goes back to work at the next Friday screen"
2015-03-23,KEI,"SELL ₹8.90 at stop ₹59.38 (-10.0%, charges ₹0.01) — the cash goes back to work at the next Friday screen"
2015-03-23,ZYDUSWELL,"BUY ₹9.35 at ₹1,051.70 (fresh Friday signal — BUY: 3.59× weekly, month 2.15×, ladder rising; stop ₹663.79; charges ₹0.01)"
2015-03-25,IPCALAB,"SELL ₹7.91 at stop ₹686.00 (-8.8%, charges ₹0.01) — the cash goes back to work at the next Friday screen"
2015-03-27,CENTURYTEX,"fresh signal NOT FUNDED — cash exhausted (BUY: 2.02× weekly, month 1.53×, ladder rising; funding priority now 1)"
2015-03-27,SUVEN,"fresh signal NOT FUNDED — cash exhausted (ACCUMULATE: 1.82× weekly, month 2.46×, ladder rising; funding priority now 1)"
2015-03-27,ZYDUSWELL,"RAISE STOP ₹663.79 → ₹960.45 (new box ₹1,011.00–₹1,128.90 sealed)"
2015-03-30,DYNAMATECH,"BUY ₹9.38 at ₹3,843.00 (fresh Friday signal — starved 1×, front of the queue — BUY: 10.44× weekly, month 3.95×, ladder rising; stop ₹3,081.75; charges ₹0.01)"
2015-03-30,LUPIN,"BUY ₹9.42 at ₹1,979.00 (fresh Friday signal — starved 1×, front of the queue — BUY: 2.05× weekly, month 2.58×, ladder rising; stop ₹1,766.91; charges ₹0.01)"
2015-03-30,SOLARINDS,"BUY ₹7.16 at ₹655.00 (fresh Friday signal — ACCUMULATE: 6.38× weekly, month 1.95×, ladder rising; stop ₹605.15; charges ₹0.01)"
2015-04-01,LUPIN,"RAISE STOP ₹1,766.91 → ₹1,850.60 (new box ₹1,948.00–₹2,036.95 sealed)"
2015-04-01,SMLISUZU,"RAISE STOP ₹949.52 → ₹983.70 (new box ₹1,053.00–₹1,284.00 sealed)"
2015-04-01,TAX,"FY2015 settled: ₹0.00 paid (STCG ₹0.00 @20%, LTCG ₹0.00 @12.5%; losses carried forward ST ₹4.90 / LT ₹0.00)"
2015-04-17,AEGISCHEM,"fresh signal NOT FUNDED — cash exhausted (BUY: 1.73× weekly, month 2.10×, ladder rising; funding priority now 1)"
2015-04-17,LUPIN,"SELL ₹8.79 at stop ₹1,850.60 (-6.5%, charges ₹0.01) — the cash goes back to work at the next Friday screen"
2015-04-17,SOLARINDS,RAISE STOP ₹605.15 → ₹694.01 (new box ₹730.54–₹776.01 sealed)
2015-04-20,LOKESHMACH,"BUY ₹8.79 at ₹93.50 (fresh Friday signal — BUY: 2.67× weekly, month 5.88×, ladder rising; stop ₹55.70; charges ₹0.01)"
2015-04-20,ZYDUSWELL,"SELL ₹8.52 at stop ₹960.45 (-8.7%, charges ₹0.01) — the cash goes back to work at the next Friday screen"
2015-04-22,DYNAMATECH,"SELL ₹7.51 at stop ₹3,081.75 (-19.8%, charges ₹0.01) — the cash goes back to work at the next Friday screen"
2015-04-22,GEOMETRIC,"SELL ₹10.00 at stop ₹158.22 (+0.4%, charges ₹0.01) — the cash goes back to work at the next Friday screen"
2015-04-24,HCC,RAISE STOP ₹28.57 → ₹31.21 (new box ₹32.85–₹36.80 sealed)
2015-04-24,SOLARINDS,"SELL ₹7.57 at stop ₹694.01 (+6.0%, charges ₹0.01) — the cash goes back to work at the next Friday screen"
2015-04-24,SOMANYCERA,RAISE STOP ₹341.63 → ₹418.24 (new box ₹440.25–₹459.95 sealed)
2015-04-27,CIMMCO,"BUY ₹8.68 at ₹110.55 (fresh Friday signal — ACCUMULATE: 3.65× weekly, month 2.21×, ladder rising; stop ₹66.22; charges ₹0.01)"
2015-04-27,HCC,"SELL ₹8.48 at stop ₹31.21 (-14.4%, charges ₹0.01) — the cash goes back to work at the next Friday screen"
2015-04-27,ITDCEM,"SELL ₹8.30 at stop ₹64.03 (-16.8%, charges ₹0.01) — the cash goes back to work at the next Friday screen"
2015-04-27,MANINFRA,"BUY ₹8.59 at ₹47.50 (fresh Friday signal — BUY: 2.74× weekly, month 1.90×, ladder rising; stop ₹39.19; charges ₹0.01)"
2015-04-27,SOMANYCERA,"SELL ₹10.30 at stop ₹418.24 (+3.3%, charges ₹0.01) — the cash goes back to work at the next Friday screen"
2015-05-04,VADILALIND,"BUY ₹9.03 at ₹487.00 (fresh Friday signal — BUY: 10.46× weekly, month 4.23×, ladder rising; stop ₹323.00; charges ₹0.01)"
2015-05-08,LOKESHMACH,RAISE STOP ₹55.70 → ₹56.23 (new box ₹66.10–₹99.00 sealed)
2015-05-08,VADILALIND,RAISE STOP ₹323.00 → ₹451.91 (new box ₹475.70–₹519.00 sealed)
2015-05-11,ABIRLANUVO,"BUY ₹8.79 at ₹945.00 (fresh Friday signal — BUY: 5.18× weekly, month 1.67×, ladder rising; stop ₹713.90; charges ₹0.01)"
2015-05-15,PUNJABCHEM,"fresh signal NOT FUNDED — cash exhausted (BUY: 3.31× weekly, month 3.29×, ladder rising; funding priority now 1)"
2015-05-15,SUBEX,"fresh signal NOT FUNDED — cash exhausted (ACCUMULATE: 2.28× weekly, month 1.85×, ladder rising; funding priority now 1)"
2015-05-15,WELSPUNIND,"fresh signal NOT FUNDED — cash exhausted (BUY: 1.85× weekly, month 1.82×, ladder rising; funding priority now 1)"
2015-05-18,MANINDS,"BUY ₹7.91 at ₹70.00 (fresh Friday signal — ACCUMULATE: 4.03× weekly, month 3.68×, ladder rising; stop ₹54.94; charges ₹0.01)"
2015-05-18,NILKAMAL,"BUY ₹8.82 at ₹524.95 (fresh Friday signal — BUY: 5.24× weekly, month 2.21×, ladder rising; stop ₹413.10; charges ₹0.01)"
2015-05-18,REPRO,"BUY ₹8.85 at ₹506.50 (fresh Friday signal — BUY: 5.22× weekly, month 2.55×, ladder rising; stop ₹368.31; charges ₹0.01)"
2015-05-22,ABIRLANUVO,RAISE STOP ₹713.90 → ₹850.92 (new box ₹895.70–₹950.90 sealed)
2015-05-22,CIMMCO,RAISE STOP ₹66.22 → ₹85.29 (new box ₹96.30–₹133.00 sealed)
2015-05-22,REPRO,RAISE STOP ₹368.31 → ₹404.70 (new box ₹426.00–₹477.60 sealed)
2015-05-22,VADILALIND,RAISE STOP ₹451.91 → ₹463.60 (new box ₹488.00–₹536.00 sealed)
2015-06-03,ABIRLANUVO,"SELL ₹7.90 at stop ₹850.92 (-10.0%, charges ₹0.01) — the cash goes back to work at the next Friday screen"
2015-06-03,CIMMCO,"SELL ₹6.68 at stop ₹85.29 (-22.8%, charges ₹0.01) — the cash goes back to work at the next Friday screen"
2015-06-08,MANGALAM,"BUY ₹8.33 at ₹64.10 (fresh Friday signal — BUY: 8.22× weekly, month 7.28×, ladder rising; stop ₹34.31; charges ₹0.01)"
2015-06-08,TORNTPHARM,"BUY ₹6.25 at ₹1,244.00 (fresh Friday signal — ACCUMULATE: 1.79× weekly, month 1.51×, ladder rising; stop ₹1,107.70; charges ₹0.01)"
2015-06-19,MANINDS,RAISE STOP ₹54.94 → ₹67.54 (new box ₹71.10–₹80.90 sealed)
2015-06-19,MANINFRA,RAISE STOP ₹39.19 → ₹41.18 (new box ₹43.35–₹47.70 sealed)
2015-06-19,NILKAMAL,RAISE STOP ₹413.10 → ₹479.89 (new box ₹505.15–₹583.35 sealed)
2015-06-19,SMLISUZU,"RAISE STOP ₹983.70 → ₹997.50 (new box ₹1,050.00–₹1,149.95 sealed)"
2015-06-26,TORNTPHARM,"RAISE STOP ₹1,107.70 → ₹1,249.25 (new box ₹1,315.00–₹1,368.50 sealed)"
2015-07-03,MANGALAM,RAISE STOP ₹34.31 → ₹36.95 (new box ₹48.45–₹86.80 sealed)
2015-07-03,MANINDS,RAISE STOP ₹67.54 → ₹81.13 (new box ₹85.40–₹93.75 sealed)
2015-07-03,SMLISUZU,"RAISE STOP ₹997.50 → ₹1,053.55 (new box ₹1,109.00–₹1,185.00 sealed)"
2015-07-17,LOKESHMACH,RAISE STOP ₹56.23 → ₹85.69 (new box ₹90.20–₹103.90 sealed)
2015-07-17,MANINFRA,RAISE STOP ₹41.18 → ₹41.85 (new box ₹44.05–₹48.90 sealed)
2015-07-17,NILKAMAL,RAISE STOP ₹479.89 → ₹547.82 (new box ₹576.65–₹625.95 sealed)
2015-07-17,VADILALIND,RAISE STOP ₹463.60 → ₹637.45 (new box ₹671.00–₹767.90 sealed)
2015-07-27,MANINFRA,"SELL ₹7.56 at stop ₹41.85 (-11.9%, charges ₹0.01) — the cash goes back to work at the next Friday screen"
2015-07-31,BROOKS,"fresh signal NOT FUNDED — cash exhausted (BUY: 6.92× weekly, month 4.65×, ladder rising; funding priority now 1)"
2015-07-31,CENTENKA,"fresh signal NOT FUNDED — cash exhausted (BUY: 8.30× weekly, month 2.74×, ladder rising; funding priority now 1)"
2015-07-31,COSMOFILMS,"fresh signal NOT FUNDED — cash exhausted (BUY: 2.51× weekly, month 2.00×, ladder rising; funding priority now 1)"
2015-07-31,DCW,"fresh signal NOT FUNDED — cash exhausted (ACCUMULATE: 1.53× weekly, month 2.03×, ladder rising; funding priority now 1)"
2015-07-31,FCEL,"fresh signal NOT FUNDED — cash exhausted (ACCUMULATE: 1.69× weekly, month 1.62×, ladder rising; funding priority now 1)"
2015-07-31,GAYAPROJ,"fresh signal NOT FUNDED — cash exhausted (BUY: 1.50× weekly, month 2.58×, ladder rising; funding priority now 1)"
2015-07-31,GLOBALVECT,"fresh signal NOT FUNDED — cash exhausted (BUY: 2.59× weekly, month 5.79×, ladder rising; funding priority now 1)"
2015-07-31,HIL,"fresh signal NOT FUNDED — cash exhausted (BUY: 4.97× weekly, month 2.88×, ladder rising; funding priority now 1)"
2015-07-31,HIMATSEIDE,"fresh signal NOT FUNDED — cash exhausted (BUY: 3.12× weekly, month 11.28×, ladder rising; funding priority now 1)"
2015-07-31,INDRAMEDCO,"fresh signal NOT FUNDED — cash exhausted (BUY: 3.94× weekly, month 2.77×, ladder rising; funding priority now 1)"
2015-07-31,INOXLEISUR,"fresh signal NOT FUNDED — cash exhausted (ACCUMULATE: 1.63× weekly, month 2.91×, ladder rising; funding priority now 1)"
2015-07-31,JBFIND,"fresh signal NOT FUNDED — cash exhausted (BUY: 2.60× weekly, month 2.32×, ladder rising; funding priority now 1)"
2015-07-31,JUBILANT,"fresh signal NOT FUNDED — cash exhausted (BUY: 2.16× weekly, month 3.50×, ladder rising; funding priority now 1)"
2015-07-31,KANSAINER,"fresh signal NOT FUNDED — cash exhausted (ACCUMULATE: 1.71× weekly, month 1.81×, ladder rising; funding priority now 1)"
2015-07-31,KEI,"fresh signal NOT FUNDED — cash exhausted (BUY: 2.69× weekly, month 5.22×, ladder rising; funding priority now 1)"
2015-07-31,LYKALABS,"fresh signal NOT FUNDED — cash exhausted (BUY: 5.40× weekly, month 2.76×, ladder rising; funding priority now 1)"
2015-07-31,MANALIPETC,"fresh signal NOT FUNDED — cash exhausted (BUY: 1.57× weekly, month 4.85×, ladder rising; funding priority now 1)"
2015-07-31,MANINDS,RAISE STOP ₹81.13 → ₹95.77 (new box ₹102.95–₹126.90 sealed)
2015-07-31,MHRIL,"fresh signal NOT FUNDED — cash exhausted (ACCUMULATE: 1.96× weekly, month 3.22×, ladder rising; funding priority now 1)"
2015-07-31,MPHASIS,"fresh signal NOT FUNDED — cash exhausted (BUY: 2.64× weekly, month 1.61×, ladder rising; funding priority now 1)"
2015-07-31,NDL,"fresh signal NOT FUNDED — cash exhausted (BUY: 1.67× weekly, month 2.07×, ladder rising; funding priority now 1)"
2015-07-31,NIITLTD,"fresh signal NOT FUNDED — cash exhausted (BUY: 4.35× weekly, month 5.82×, ladder rising; funding priority now 1)"
2015-07-31,ORIENTPPR,"fresh signal NOT FUNDED — cash exhausted (BUY: 4.82× weekly, month 2.42×, ladder rising; funding priority now 1)"
2015-07-31,PVR,"fresh signal NOT FUNDED — cash exhausted (ACCUMULATE: 1.62× weekly, month 12.98×, ladder rising; funding priority now 1)"
2015-07-31,SANOFI,"fresh signal NOT FUNDED — cash exhausted (BUY: 1.86× weekly, month 1.62×, ladder rising; funding priority now 1)"
2015-07-31,SICAL,"fresh signal NOT FUNDED — cash exhausted (ACCUMULATE: 2.30× weekly, month 2.49×, ladder rising; funding priority now 1)"
2015-07-31,SMARTLINK,"fresh signal NOT FUNDED — cash exhausted (BUY: 3.24× weekly, month 7.82×, ladder rising; funding priority now 1)"
2015-07-31,SMSPHARMA,"fresh signal NOT FUNDED — cash exhausted (BUY: 6.45× weekly, month 1.81×, ladder rising; funding priority now 1)"
2015-07-31,SONASTEER,"fresh signal NOT FUNDED — cash exhausted (BUY: 4.96× weekly, month 1.85×, ladder rising; funding priority now 1)"
2015-07-31,SRIPIPES,"fresh signal NOT FUNDED — cash exhausted (BUY: 4.43× weekly, month 1.56×, ladder rising; funding priority now 1)"
2015-07-31,TIMETECHNO,"fresh signal NOT FUNDED — cash exhausted (BUY: 3.69× weekly, month 1.91×, ladder rising; funding priority now 1)"
2015-07-31,TINPLATE,"fresh signal NOT FUNDED — cash exhausted (BUY: 3.08× weekly, month 1.86×, ladder rising; funding priority now 1)"
2015-07-31,TIRUMALCHM,"fresh signal NOT FUNDED — cash exhausted (BUY: 1.59× weekly, month 3.73×, ladder rising; funding priority now 1)"
2015-07-31,UFLEX,"fresh signal NOT FUNDED — cash exhausted (BUY: 2.90× weekly, month 2.35×, ladder rising; funding priority now 1)"
2015-07-31,VADILALIND,RAISE STOP ₹637.45 → ₹716.44 (new box ₹755.00–₹883.55 sealed)
2015-07-31,VAKRANGEE,"fresh signal NOT FUNDED — cash exhausted (BUY: 1.67× weekly, month 4.03×, ladder rising; funding priority now 1)"
2015-07-31,WSTCSTPAPR,"fresh signal NOT FUNDED — cash exhausted (BUY: 4.60× weekly, month 2.84×, ladder rising; funding priority now 1)"
2015-07-31,ZENSARTECH,"fresh signal NOT FUNDED — cash exhausted (BUY: 2.84× weekly, month 3.23×, ladder rising; funding priority now 1)"
2015-08-03,BLISSGVS,"BUY ₹7.56 at ₹195.50 (fresh Friday signal — starved 1×, front of the queue — BUY: 2.13× weekly, month 5.91×, ladder rising; stop ₹164.35; charges ₹0.01)"
2015-08-07,LOKESHMACH,RAISE STOP ₹85.69 → ₹101.74 (new box ₹107.10–₹118.40 sealed)
2015-08-07,NILKAMAL,RAISE STOP ₹547.82 → ₹730.69 (new box ₹769.15–₹859.40 sealed)
2015-08-07,TORNTPHARM,"RAISE STOP ₹1,249.25 → ₹1,330.00 (new box ₹1,400.00–₹1,515.00 sealed)"
2015-08-12,LOKESHMACH,"SELL ₹9.54 at stop ₹101.74 (+8.8%, charges ₹0.01) — the cash goes back to work at the next Friday screen"
2015-08-13,BLISSGVS,"SELL ₹6.34 at stop ₹164.35 (-15.9%, charges ₹0.01) — the cash goes back to work at the next Friday screen"
2015-08-13,VADILALIND,"SELL ₹13.25 at stop ₹716.44 (+47.1%, charges ₹0.01) — the cash goes back to work at the next Friday screen"
2015-08-14,AARTIIND,"fresh signal NOT FUNDED — cash exhausted (BUY: 1.90× weekly, month 1.67×, ladder rising; funding priority now 1)"
2015-08-14,BRITANNIA,"fresh signal NOT FUNDED — cash exhausted (BUY: 1.91× weekly, month 1.78×, ladder rising; funding priority now 1)"
2015-08-14,CHENNPETRO,"fresh signal NOT FUNDED — cash exhausted (BUY: 5.77× weekly, month 4.55×, ladder rising; funding priority now 1)"
2015-08-14,FDC,"fresh signal NOT FUNDED — cash exhausted (ACCUMULATE: 2.02× weekly, month 1.59×, ladder rising; funding priority now 1)"
2015-08-14,GARWALLROP,"fresh signal NOT FUNDED — cash exhausted (ACCUMULATE: 6.87× weekly, month 5.41×, ladder rising; funding priority now 1)"
2015-08-14,GHCL,"fresh signal NOT FUNDED — cash exhausted (BUY: 6.38× weekly, month 4.31×, ladder rising; funding priority now 1)"
2015-08-14,NCLIND,"fresh signal NOT FUNDED — cash exhausted (BUY: 3.52× weekly, month 10.24×, ladder rising; funding priority now 1)"
2015-08-14,NILKAMAL,"RAISE STOP ₹730.69 → ₹927.12 (new box ₹984.00–₹1,173.60 sealed)"
2015-08-14,PLASTIBLEN,"fresh signal NOT FUNDED — cash exhausted (ACCUMULATE: 1.62× weekly, month 1.60×, ladder rising; funding priority now 1)"
2015-08-14,RAJESHEXPO,"fresh signal NOT FUNDED — cash exhausted (BUY: 1.68× weekly, month 5.84×, ladder rising; funding priority now 1)"
2015-08-14,RAMCOIND,"fresh signal NOT FUNDED — cash exhausted (BUY: 4.67× weekly, month 2.24×, ladder rising; funding priority now 1)"
2015-08-17,HIL,"BUY ₹7.45 at ₹783.00 (fresh Friday signal — starved 1×, front of the queue — BUY: 1.80× weekly, month 2.43×, ladder rising; stop ₹727.70; charges ₹0.01)"
2015-08-17,INOXLEISUR,"BUY ₹10.83 at ₹245.20 (fresh Friday signal — starved 1×, front of the queue — BUY: 2.21× weekly, month 3.35×, ladder rising; stop ₹211.28; charges ₹0.01)"
2015-08-17,JUBILANT,"BUY ₹10.85 at ₹277.04 (fresh Friday signal — starved 1×, front of the queue — BUY: 4.47× weekly, month 4.36×, ladder rising; stop ₹148.58; charges ₹0.01)"
2015-08-21,ECLERX,"RAISE STOP ₹1,320.70 → ₹1,531.40 (new box ₹1,612.00–₹1,777.00 sealed)"
2015-08-21,INOXLEISUR,RAISE STOP ₹211.28 → ₹218.03 (new box ₹229.50–₹254.90 sealed)
2015-08-21,SMLISUZU,"RAISE STOP ₹1,053.55 → ₹1,110.20 (new box ₹1,223.00–₹1,599.00 sealed)"
2015-08-24,HIL,"SELL ₹6.91 at stop ₹727.70 (-7.1%, charges ₹0.01) — the cash goes back to work at the next Friday screen"
2015-08-24,INOXLEISUR,"SELL ₹9.61 at stop ₹218.03 (-11.1%, charges ₹0.01) — the cash goes back to work at the next Friday screen"
2015-08-24,MANINDS,"SELL ₹10.80 at stop ₹95.77 (+36.8%, charges ₹0.01) — the cash goes back to work at the next Friday screen"
2015-08-24,NILKAMAL,"SELL ₹15.54 at stop ₹927.12 (+76.6%, charges ₹0.02) — the cash goes back to work at the next Friday screen"
2015-08-24,REPRO,"SELL ₹7.05 at stop ₹404.70 (-20.1%, charges ₹0.01) — the cash goes back to work at the next Friday screen"
2015-08-24,SMLISUZU,"SELL ₹9.16 at stop ₹1,110.20 (-7.5%, charges ₹0.01) — the cash goes back to work at the next Friday screen"
2015-08-28,JUBILANT,RAISE STOP ₹148.58 → ₹218.37 (new box ₹236.80–₹298.24 sealed)
2015-08-31,ICIL,"BUY ₹9.98 at ₹199.78 (fresh Friday signal — ACCUMULATE: 1.94× weekly, month 2.05×, ladder rising; stop ₹145.90; charges ₹0.01)"
2015-08-31,JUBLINDS,"BUY ₹9.98 at ₹302.00 (fresh Friday signal — BUY: 3.23× weekly, month 8.31×, ladder rising; stop ₹200.99; charges ₹0.01)"
2015-09-04,MANGALAM,RAISE STOP ₹36.95 → ₹73.50 (new box ₹79.00–₹97.35 sealed)
2015-09-07,ABBOTINDIA,"BUY ₹9.41 at ₹5,269.00 (fresh Friday signal — BUY: 5.86× weekly, month 1.67×, ladder rising; stop ₹4,181.09; charges ₹0.01)"
2015-09-07,CAPLIPOINT,"BUY ₹9.42 at ₹300.00 (fresh Friday signal — BUY: 2.29× weekly, month 2.25×, ladder rising; stop ₹207.81; charges ₹0.01)"
2015-09-07,JINDALPOLY,"BUY ₹9.38 at ₹376.90 (fresh Friday signal — ACCUMULATE: 1.73× weekly, month 2.65×, ladder rising; stop ₹305.60; charges ₹0.01)"
2015-09-08,ICIL,"SELL ₹7.27 at stop ₹145.90 (-27.0%, charges ₹0.01) — the cash goes back to work at the next Friday screen"
2015-09-08,JUBILANT,"SELL ₹8.53 at stop ₹218.37 (-21.2%, charges ₹0.01) — the cash goes back to work at the next Friday screen"
2015-09-08,MANGALAM,"SELL ₹9.53 at stop ₹73.50 (+14.7%, charges ₹0.01) — the cash goes back to work at the next Friday screen"
2015-09-11,CAPLIPOINT,RAISE STOP ₹207.81 → ₹262.64 (new box ₹278.00–₹329.19 sealed)
2015-09-11,JUBLINDS,RAISE STOP ₹200.99 → ₹224.21 (new box ₹244.70–₹313.00 sealed)
2015-09-14,CEATLTD,"BUY ₹9.48 at ₹1,219.00 (fresh Friday signal — BUY: 1.70× weekly, month 1.85×, ladder rising; stop ₹857.01; charges ₹0.01)"
2015-09-14,NEULANDLAB,"BUY ₹9.44 at ₹702.80 (fresh Friday signal — BUY: 3.47× weekly, month 2.09×, ladder rising; stop ₹429.56; charges ₹0.01)"
2015-09-14,SREINFRA,"BUY ₹7.84 at ₹46.00 (fresh Friday signal — ACCUMULATE: 1.51× weekly, month 1.57×, ladder rising; stop ₹32.22; charges ₹0.01)"
2015-09-14,VIVIMEDLAB,"BUY ₹9.47 at ₹60.00 (fresh Friday signal — ACCUMULATE: 1.88× weekly, month 2.85×, ladder rising; stop ₹41.11; charges ₹0.01)"
2015-09-24,ABBOTINDIA,"RAISE STOP ₹4,181.09 → ₹5,365.17 (new box ₹5,647.55–₹6,177.70 sealed)"
2015-09-24,CEATLTD,"RAISE STOP ₹857.01 → ₹1,123.90 (new box ₹1,183.05–₹1,262.80 sealed)"
2015-09-24,NEULANDLAB,RAISE STOP ₹429.56 → ₹668.18 (new box ₹703.35–₹749.95 sealed)
2015-10-01,NEULANDLAB,RAISE STOP ₹668.18 → ₹674.55 (new box ₹710.05–₹769.00 sealed)
2015-10-09,JINDALPOLY,RAISE STOP ₹305.60 → ₹402.90 (new box ₹424.10–₹460.85 sealed)
2015-10-16,CEATLTD,"RAISE STOP ₹1,123.90 → ₹1,131.45 (new box ₹1,191.00–₹1,319.90 sealed)"
2015-10-16,ECLERX,"RAISE STOP ₹1,531.40 → ₹1,548.50 (new box ₹1,630.00–₹1,785.00 sealed)"
2015-10-16,TORNTPHARM,"RAISE STOP ₹1,330.00 → ₹1,426.04 (new box ₹1,501.10–₹1,604.80 sealed)"
2015-10-16,VIVIMEDLAB,RAISE STOP ₹41.11 → ₹60.62 (new box ₹63.81–₹70.00 sealed)
2015-10-23,JINDALPOLY,RAISE STOP ₹402.90 → ₹451.25 (new box ₹475.00–₹497.85 sealed)
2015-10-23,NEULANDLAB,RAISE STOP ₹674.55 → ₹714.39 (new box ₹762.35–₹922.20 sealed)
2015-10-28,CAPLIPOINT,"SELL ₹8.23 at stop ₹262.64 (-12.5%, charges ₹0.01) — the cash goes back to work at the next Friday screen"
2015-10-29,CEATLTD,"SELL ₹8.78 at stop ₹1,131.45 (-7.2%, charges ₹0.01) — the cash goes back to work at the next Friday screen"
2015-10-29,NEULANDLAB,"SELL ₹9.57 at stop ₹714.39 (+1.6%, charges ₹0.01) — the cash goes back to work at the next Friday screen"
2015-10-30,BALLARPUR,"fresh signal NOT FUNDED — cash exhausted (ACCUMULATE: 1.61× weekly, month 2.08×, ladder rising; funding priority now 1)"
2015-10-30,INTELLECT,"fresh signal NOT FUNDED — cash exhausted (BUY: 1.99× weekly, month 1.78×, ladder rising; funding priority now 1)"
2015-10-30,JINDALPOLY,RAISE STOP ₹451.25 → ₹494.38 (new box ₹520.40–₹564.85 sealed)
2015-10-30,NECLIFE,"fresh signal NOT FUNDED — cash exhausted (BUY: 2.33× weekly, month 3.48×, ladder rising; funding priority now 1)"
2015-11-02,JUBLINDS,"SELL ₹7.39 at stop ₹224.21 (-25.8%, charges ₹0.01) — the cash goes back to work at the next Friday screen"
2015-11-02,NIITTECH,"BUY ₹9.58 at ₹569.00 (fresh Friday signal — ACCUMULATE: 3.88× weekly, month 5.06×, ladder rising; stop ₹490.96; charges ₹0.01)"
2015-11-02,TRF,"BUY ₹7.41 at ₹314.40 (fresh Friday signal — BUY: 2.83× weekly, month 2.25×, ladder rising; stop ₹251.75; charges ₹0.01)"
2015-11-02,UCOBANK,"BUY ₹9.59 at ₹50.30 (fresh Friday signal — BUY: 4.92× weekly, month 2.00×, ladder rising; stop ₹45.79; charges ₹0.01)"
2015-11-06,ABBOTINDIA,"SELL ₹9.56 at stop ₹5,365.17 (+1.8%, charges ₹0.01) — the cash goes back to work at the next Friday screen"
2015-11-06,BRFL,"fresh signal NOT FUNDED — cash exhausted (ACCUMULATE: 1.71× weekly, month 8.47×, ladder rising; funding priority now 1)"
2015-11-06,CEREBRAINT,"fresh signal NOT FUNDED — cash exhausted (ACCUMULATE: 3.06× weekly, month 4.58×, ladder rising; funding priority now 1)"
2015-11-06,DCMSHRIRAM,"fresh signal NOT FUNDED — cash exhausted (BUY: 2.51× weekly, month 2.06×, ladder rising; funding priority now 1)"
2015-11-06,ITDCEM,"fresh signal NOT FUNDED — cash exhausted (ACCUMULATE: 2.02× weekly, month 1.66×, ladder rising; funding priority now 1)"
2015-11-06,NILKAMAL,"fresh signal NOT FUNDED — cash exhausted (BUY: 5.23× weekly, month 1.58×, ladder rising; funding priority now 1)"
2015-11-09,INTELLECT,"BUY ₹9.38 at ₹242.00 (fresh Friday signal — starved 1×, front of the queue — BUY: 1.50× weekly, month 1.86×, ladder rising; stop ₹197.60; charges ₹0.01)"
2015-11-09,TRIGYN,"BUY ₹7.57 at ₹55.10 (fresh Friday signal — BUY: 5.33× weekly, month 5.78×, ladder rising; stop ₹48.40; charges ₹0.01)"
2015-11-09,UCOBANK,"SELL ₹8.71 at stop ₹45.79 (-9.0%, charges ₹0.01) — the cash goes back to work at the next Friday screen"
2015-11-13,CADILAHC,"fresh signal NOT FUNDED — cash exhausted (ACCUMULATE: 1.53× weekly, month 1.67×, ladder rising; funding priority now 1)"
2015-11-13,INTELLECT,RAISE STOP ₹197.60 → ₹224.56 (new box ₹237.10–₹278.90 sealed)
2015-11-13,JAMNAAUTO,"fresh signal NOT FUNDED — cash exhausted (BUY: 2.26× weekly, month 2.53×, ladder rising; funding priority now 1)"
2015-11-13,JETAIRWAYS,"fresh signal NOT FUNDED — cash exhausted (ACCUMULATE: 1.51× weekly, month 2.68×, ladder rising; funding priority now 1)"
2015-11-13,MANGALAM,"fresh signal NOT FUNDED — cash exhausted (BUY: 1.85× weekly, month 1.60×, ladder rising; funding priority now 1)"
2015-11-13,MOREPENLAB,"fresh signal NOT FUNDED — cash exhausted (BUY: 4.90× weekly, month 5.22×, ladder rising; funding priority now 1)"
2015-11-13,RADICO,"fresh signal NOT FUNDED — cash exhausted (BUY: 3.01× weekly, month 2.77×, ladder rising; funding priority now 1)"
2015-11-13,SREINFRA,RAISE STOP ₹32.22 → ₹36.95 (new box ₹39.10–₹46.25 sealed)
2015-11-13,TRIVENI,"fresh signal NOT FUNDED — cash exhausted (ACCUMULATE: 2.71× weekly, month 4.44×, ladder rising; funding priority now 1)"
2015-11-13,UBHOLDINGS,"fresh signal NOT FUNDED — cash exhausted (BUY: 2.13× weekly, month 2.09×, ladder rising; funding priority now 1)"
2015-11-16,CEREBRAINT,"BUY ₹8.71 at ₹24.50 (fresh Friday signal — starved 1×, front of the queue — BUY: 2.69× weekly, month 4.59×, ladder rising; stop ₹16.06; charges ₹0.01)"
2015-11-20,CEREBRAINT,RAISE STOP ₹16.06 → ₹23.51 (new box ₹24.75–₹27.85 sealed)
2015-11-20,ECLERX,"RAISE STOP ₹1,548.50 → ₹1,619.75 (new box ₹1,705.00–₹1,930.00 sealed)"
2015-11-20,NIITTECH,RAISE STOP ₹490.96 → ₹529.62 (new box ₹557.50–₹621.50 sealed)
2015-11-26,CEREBRAINT,"SELL ₹8.34 at stop ₹23.51 (-4.0%, charges ₹0.01) — the cash goes back to work at the next Friday screen"
2015-11-26,JINDALPOLY,"SELL ₹12.28 at stop ₹494.38 (+31.2%, charges ₹0.01) — the cash goes back to work at the next Friday screen"
2015-11-27,AJMERA,"fresh signal NOT FUNDED — cash exhausted (BUY: 5.77× weekly, month 1.55×, ladder rising; funding priority now 1)"
2015-11-27,BALAJITELE,"fresh signal NOT FUNDED — cash exhausted (BUY: 1.62× weekly, month 1.61×, ladder rising; funding priority now 1)"
2015-11-27,EMMBI,"fresh signal NOT FUNDED — cash exhausted (BUY: 2.57× weekly, month 4.92×, ladder rising; funding priority now 1)"
2015-11-27,FSL,"fresh signal NOT FUNDED — cash exhausted (BUY: 2.79× weekly, month 2.76×, ladder rising; funding priority now 1)"
2015-11-27,GLOBUSSPR,"fresh signal NOT FUNDED — cash exhausted (BUY: 29.71× weekly, month 8.18×, ladder rising; funding priority now 1)"
2015-11-27,GODFRYPHLP,"fresh signal NOT FUNDED — cash exhausted (BUY: 2.71× weekly, month 7.91×, ladder rising; funding priority now 1)"
2015-11-27,GUFICBIO,"fresh signal NOT FUNDED — cash exhausted (BUY: 2.34× weekly, month 2.43×, ladder rising; funding priority now 1)"
2015-11-27,KOPRAN,"fresh signal NOT FUNDED — cash exhausted (BUY: 4.61× weekly, month 2.23×, ladder rising; funding priority now 1)"
2015-11-27,NELCO,"fresh signal NOT FUNDED — cash exhausted (BUY: 11.41× weekly, month 3.77×, ladder rising; funding priority now 1)"
2015-11-27,PETRONET,"fresh signal NOT FUNDED — cash exhausted (BUY: 4.52× weekly, month 1.83×, ladder rising; funding priority now 1)"
2015-11-27,RPGLIFE,"fresh signal NOT FUNDED — cash exhausted (BUY: 9.91× weekly, month 2.24×, ladder rising; funding priority now 1)"
2015-11-27,SASKEN,"fresh signal NOT FUNDED — cash exhausted (BUY: 7.71× weekly, month 2.81×, ladder rising; funding priority now 1)"
2015-11-27,TRF,RAISE STOP ₹251.75 → ₹275.60 (new box ₹290.10–₹314.70 sealed)
2015-11-27,TRIGYN,RAISE STOP ₹48.40 → ₹68.97 (new box ₹72.60–₹83.80 sealed)
2015-11-27,VIVIMEDLAB,RAISE STOP ₹60.62 → ₹67.66 (new box ₹71.22–₹77.32 sealed)
2015-11-30,JETAIRWAYS,"BUY ₹10.15 at ₹502.95 (fresh Friday signal — starved 1×, front of the queue — BUY: 1.83× weekly, month 2.79×, ladder rising; stop ₹361.99; charges ₹0.01)"
2015-11-30,TORNTPHARM,"SELL ₹7.15 at stop ₹1,426.04 (+14.6%, charges ₹0.01) — the cash goes back to work at the next Friday screen"
2015-11-30,TRIVENI,"BUY ₹10.19 at ₹39.00 (fresh Friday signal — starved 1×, front of the queue — ACCUMULATE: 2.71× weekly, month 18.79×, ladder rising; stop ₹21.99; charges ₹0.01)"
2015-12-04,ADSL,"fresh signal NOT FUNDED — cash exhausted (BUY: 3.39× weekly, month 3.31×, ladder rising; funding priority now 1)"
2015-12-04,ALLSEC,"fresh signal NOT FUNDED — cash exhausted (BUY: 1.94× weekly, month 4.82×, ladder rising; funding priority now 1)"
2015-12-04,BBL,"fresh signal NOT FUNDED — cash exhausted (BUY: 11.16× weekly, month 1.64×, ladder rising; funding priority now 1)"
2015-12-04,EDL,"fresh signal NOT FUNDED — cash exhausted (BUY: 3.47× weekly, month 13.78×, ladder rising; funding priority now 1)"
2015-12-04,EIHOTEL,"fresh signal NOT FUNDED — cash exhausted (BUY: 18.40× weekly, month 2.70×, ladder rising; funding priority now 1)"
2015-12-04,EMMBI,"fresh signal NOT FUNDED — cash exhausted (starved 1×, front of the queue — BUY: 1.78× weekly, month 5.47×, ladder rising; funding priority now 2)"
2015-12-04,FEDDERLOYD,"fresh signal NOT FUNDED — cash exhausted (BUY: 3.81× weekly, month 2.08×, ladder rising; funding priority now 1)"
2015-12-04,GEECEE,"fresh signal NOT FUNDED — cash exhausted (BUY: 2.45× weekly, month 8.42×, ladder rising; funding priority now 1)"
2015-12-04,GLOBUSSPR,"fresh signal NOT FUNDED — cash exhausted (starved 1×, front of the queue — ACCUMULATE: 4.14× weekly, month 10.84×, ladder rising; funding priority now 2)"
2015-12-04,GODFRYPHLP,"fresh signal NOT FUNDED — cash exhausted (starved 1×, front of the queue — BUY: 3.10× weekly, month 10.79×, ladder rising; funding priority now 2)"
2015-12-04,INTELLECT,RAISE STOP ₹224.56 → ₹252.22 (new box ₹265.50–₹302.45 sealed)
2015-12-04,KCPSUGIND,"fresh signal NOT FUNDED — cash exhausted (ACCUMULATE: 3.13× weekly, month 7.85×, ladder rising; funding priority now 1)"
2015-12-04,KOPRAN,"fresh signal NOT FUNDED — cash exhausted (starved 1×, front of the queue — BUY: 6.82× weekly, month 4.12×, ladder rising; funding priority now 2)"
2015-12-04,MOREPENLAB,"fresh signal NOT FUNDED — cash exhausted (starved 1×, front of the queue — BUY: 1.90× weekly, month 5.69×, ladder rising; funding priority now 2)"
2015-12-04,NCLIND,"fresh signal NOT FUNDED — cash exhausted (starved 1×, front of the queue — BUY: 2.29× weekly, month 2.43×, ladder rising; funding priority now 2)"
2015-12-04,NECLIFE,"fresh signal NOT FUNDED — cash exhausted (starved 1×, front of the queue — ACCUMULATE: 1.86× weekly, month 2.02×, ladder rising; funding priority now 2)"
2015-12-04,NIITTECH,RAISE STOP ₹529.62 → ₹537.51 (new box ₹565.80–₹631.00 sealed)
2015-12-04,ONELIFECAP,"fresh signal NOT FUNDED — cash exhausted (ACCUMULATE: 1.52× weekly, month 1.53×, ladder rising; funding priority now 1)"
2015-12-04,PETRONET,"fresh signal NOT FUNDED — cash exhausted (starved 1×, front of the queue — BUY: 2.06× weekly, month 2.15×, ladder rising; funding priority now 2)"
2015-12-04,PIONEEREMB,"fresh signal NOT FUNDED — cash exhausted (BUY: 6.96× weekly, month 4.65×, ladder rising; funding priority now 1)"
2015-12-04,ROSSELLIND,"fresh signal NOT FUNDED — cash exhausted (BUY: 6.41× weekly, month 4.74×, ladder rising; funding priority now 1)"
2015-12-04,RPGLIFE,"fresh signal NOT FUNDED — cash exhausted (starved 1×, front of the queue — BUY: 4.20× weekly, month 3.10×, ladder rising; funding priority now 2)"
2015-12-04,RTNPOWER,"fresh signal NOT FUNDED — cash exhausted (BUY: 2.95× weekly, month 1.60×, ladder rising; funding priority now 1)"
2015-12-04,SAKUMA,"fresh signal NOT FUNDED — cash exhausted (ACCUMULATE: 2.27× weekly, month 16.21×, ladder rising; funding priority now 1)"
2015-12-04,SASKEN,"fresh signal NOT FUNDED — cash exhausted (starved 1×, front of the queue — ACCUMULATE: 2.15× weekly, month 2.73×, ladder rising; funding priority now 2)"
2015-12-04,SHALPAINTS,"fresh signal NOT FUNDED — cash exhausted (ACCUMULATE: 3.25× weekly, month 2.02×, ladder rising; funding priority now 1)"
2015-12-04,SMSPHARMA,"fresh signal NOT FUNDED — cash exhausted (starved 1×, front of the queue — BUY: 5.17× weekly, month 2.34×, ladder rising; funding priority now 2)"
2015-12-04,TGBHOTELS,"fresh signal NOT FUNDED — cash exhausted (ACCUMULATE: 4.33× weekly, month 1.96×, ladder rising; funding priority now 1)"
2015-12-04,TRIDENT,"fresh signal NOT FUNDED — cash exhausted (BUY: 1.79× weekly, month 3.28×, ladder rising; funding priority now 1)"
2015-12-04,TRIGYN,RAISE STOP ₹68.97 → ₹82.94 (new box ₹87.30–₹101.25 sealed)
2015-12-07,JAMNAAUTO,"BUY ₹7.42 at ₹25.48 (fresh Friday signal — starved 1×, front of the queue — ACCUMULATE: 12.13× weekly, month 14.98×, ladder rising; stop ₹19.92; charges ₹0.01)"
2015-12-09,INTELLECT,"SELL ₹9.75 at stop ₹252.22 (+4.2%, charges ₹0.01) — the cash goes back to work at the next Friday screen"
2015-12-10,TRIGYN,"SELL ₹11.37 at stop ₹82.94 (+50.5%, charges ₹0.01) — the cash goes back to work at the next Friday screen"
2015-12-11,AJMERA,"fresh signal NOT FUNDED — cash exhausted (starved 1×, front of the queue — BUY: 3.63× weekly, month 2.71×, ladder rising; funding priority now 2)"
2015-12-11,APARINDS,"fresh signal NOT FUNDED — cash exhausted (BUY: 2.72× weekly, month 2.77×, ladder rising; funding priority now 1)"
2015-12-11,DECCANCE,"fresh signal NOT FUNDED — cash exhausted (ACCUMULATE: 2.10× weekly, month 5.06×, ladder rising; funding priority now 1)"
2015-12-11,GEECEE,"fresh signal NOT FUNDED — cash exhausted (starved 1×, front of the queue — BUY: 2.34× weekly, month 6.24×, ladder rising; funding priority now 2)"
2015-12-11,KANORICHEM,"fresh signal NOT FUNDED — cash exhausted (BUY: 4.81× weekly, month 2.89×, ladder rising; funding priority now 1)"
2015-12-11,KOTHARIPRO,"fresh signal NOT FUNDED — cash exhausted (ACCUMULATE: 2.07× weekly, month 3.04×, ladder rising; funding priority now 1)"
2015-12-11,SHARONBIO,"fresh signal NOT FUNDED — cash exhausted (BUY: 12.91× weekly, month 1.78×, ladder rising; funding priority now 1)"
2015-12-14,EDL,"BUY ₹10.04 at ₹98.25 (fresh Friday signal — starved 1×, front of the queue — BUY: 9.13× weekly, month 22.01×, ladder rising; stop ₹68.12; charges ₹0.01)"
2015-12-14,NCLIND,"BUY ₹10.01 at ₹166.75 (fresh Friday signal — starved 2×, front of the queue — BUY: 2.05× weekly, month 2.94×, ladder rising; stop ₹148.29; charges ₹0.01)"
2015-12-17,ECLERX,"SELL ₹10.30 at stop ₹1,619.75 (+4.5%, charges ₹0.01) — the cash goes back to work at the next Friday screen"
2015-12-18,BAFNAPHARM,"fresh signal NOT FUNDED — cash exhausted (ACCUMULATE: 1.59× weekly, month 3.49×, ladder rising; funding priority now 1)"
2015-12-18,BBL,"fresh signal NOT FUNDED — cash exhausted (starved 1×, front of the queue — ACCUMULATE: 2.90× weekly, month 2.99×, ladder rising; funding priority now 2)"
2015-12-18,EDL,RAISE STOP ₹68.12 → ₹87.83 (new box ₹94.20–₹115.45 sealed)
2015-12-18,HERITGFOOD,"fresh signal NOT FUNDED — cash exhausted (BUY: 2.05× weekly, month 2.26×, ladder rising; funding priority now 1)"
2015-12-18,JETAIRWAYS,RAISE STOP ₹361.99 → ₹520.98 (new box ₹548.40–₹592.00 sealed)
2015-12-18,KSK,"fresh signal NOT FUNDED — cash exhausted (BUY: 2.02× weekly, month 1.56×, ladder rising; funding priority now 1)"
2015-12-18,LUMAXTECH,"fresh signal NOT FUNDED — cash exhausted (ACCUMULATE: 1.94× weekly, month 3.64×, ladder rising; funding priority now 1)"
2015-12-18,MANAPPURAM,"fresh signal NOT FUNDED — cash exhausted (BUY: 2.48× weekly, month 3.26×, ladder rising; funding priority now 1)"
2015-12-18,MTNL,"fresh signal NOT FUNDED — cash exhausted (ACCUMULATE: 1.70× weekly, month 2.05×, ladder rising; funding priority now 1)"
2015-12-18,NCLIND,RAISE STOP ₹148.29 → ₹151.19 (new box ₹159.15–₹182.90 sealed)
2015-12-18,NOCIL,"fresh signal NOT FUNDED — cash exhausted (ACCUMULATE: 2.48× weekly, month 2.49×, ladder rising; funding priority now 1)"
2015-12-18,SMSPHARMA,"fresh signal NOT FUNDED — cash exhausted (starved 2×, front of the queue — BUY: 2.17× weekly, month 3.13×, ladder rising; funding priority now 3)"
2015-12-18,SREINFRA,RAISE STOP ₹36.95 → ₹38.36 (new box ₹40.40–₹47.20 sealed)
2015-12-18,TDPOWERSYS,"fresh signal NOT FUNDED — cash exhausted (ACCUMULATE: 5.18× weekly, month 3.25×, ladder rising; funding priority now 1)"
2015-12-18,TRF,RAISE STOP ₹275.60 → ₹334.26 (new box ₹360.00–₹445.80 sealed)
2015-12-18,TV18BRDCST,"fresh signal NOT FUNDED — cash exhausted (BUY: 3.95× weekly, month 2.19×, ladder rising; funding priority now 1)"
2015-12-18,TWL,"fresh signal NOT FUNDED — cash exhausted (starved 1×, front of the queue — ACCUMULATE: 2.40× weekly, month 3.18×, ladder rising; funding priority now 2)"
2015-12-18,VIVIMEDLAB,RAISE STOP ₹67.66 → ₹72.12 (new box ₹76.09–₹89.33 sealed)
2015-12-21,AJMERA,"BUY ₹10.38 at ₹136.44 (fresh Friday signal — starved 2×, front of the queue — ACCUMULATE: 2.92× weekly, month 3.51×, ladder rising; stop ₹103.22; charges ₹0.01)"
2016-01-01,JAMNAAUTO,RAISE STOP ₹19.92 → ₹24.17 (new box ₹25.44–₹26.78 sealed)
2016-01-01,TRIVENI,RAISE STOP ₹21.99 → ₹37.15 (new box ₹39.10–₹43.75 sealed)
2016-01-07,NCLIND,"SELL ₹9.06 at stop ₹151.19 (-9.3%, charges ₹0.01) — the cash goes back to work at the next Friday screen"
2016-01-07,NIITTECH,"SELL ₹9.03 at stop ₹537.51 (-5.5%, charges ₹0.01) — the cash goes back to work at the next Friday screen"
2016-01-08,ADSL,"fresh signal NOT FUNDED — cash exhausted (starved 1×, front of the queue — BUY: 2.66× weekly, month 2.32×, ladder rising; funding priority now 2)"
2016-01-08,APLAPOLLO,"fresh signal NOT FUNDED — cash exhausted (ACCUMULATE: 2.11× weekly, month 6.79×, ladder rising; funding priority now 1)"
2016-01-08,BODALCHEM,"fresh signal NOT FUNDED — cash exhausted (ACCUMULATE: 2.12× weekly, month 5.19×, ladder rising; funding priority now 1)"
2016-01-08,BUTTERFLY,"fresh signal NOT FUNDED — cash exhausted (BUY: 2.16× weekly, month 2.11×, ladder rising; funding priority now 1)"
2016-01-08,DENORA,"fresh signal NOT FUNDED — cash exhausted (BUY: 3.12× weekly, month 7.06×, ladder rising; funding priority now 1)"
2016-01-08,DIGJAM,"fresh signal NOT FUNDED — cash exhausted (BUY: 3.70× weekly, month 6.39×, ladder rising; funding priority now 1)"
2016-01-08,EKC,"fresh signal NOT FUNDED — cash exhausted (BUY: 7.75× weekly, month 12.09×, ladder rising; funding priority now 1)"
2016-01-08,GULFPETRO,"fresh signal NOT FUNDED — cash exhausted (BUY: 2.12× weekly, month 1.84×, ladder rising; funding priority now 1)"
2016-01-08,IGL,"fresh signal NOT FUNDED — cash exhausted (BUY: 4.31× weekly, month 4.21×, ladder rising; funding priority now 1)"
2016-01-08,KCPSUGIND,"fresh signal NOT FUNDED — cash exhausted (starved 1×, front of the queue — BUY: 2.66× weekly, month 3.25×, ladder rising; funding priority now 2)"
2016-01-08,KSL,"fresh signal NOT FUNDED — cash exhausted (BUY: 2.97× weekly, month 1.78×, ladder rising; funding priority now 1)"
2016-01-08,MUKTAARTS,"fresh signal NOT FUNDED — cash exhausted (BUY: 4.31× weekly, month 5.07×, ladder rising; funding priority now 1)"
2016-01-08,NILKAMAL,"fresh signal NOT FUNDED — cash exhausted (starved 1×, front of the queue — BUY: 3.23× weekly, month 2.08×, ladder rising; funding priority now 2)"
2016-01-08,PRAJIND,"fresh signal NOT FUNDED — cash exhausted (BUY: 1.91× weekly, month 2.25×, ladder rising; funding priority now 1)"
2016-01-08,ROHLTD,"fresh signal NOT FUNDED — cash exhausted (BUY: 15.78× weekly, month 50.05×, ladder rising; funding priority now 1)"
2016-01-08,RTNPOWER,"fresh signal NOT FUNDED — cash exhausted (starved 1×, front of the queue — BUY: 3.24× weekly, month 1.60×, ladder rising; funding priority now 2)"
2016-01-08,SAKHTISUG,"fresh signal NOT FUNDED — cash exhausted (BUY: 2.11× weekly, month 3.44×, ladder rising; funding priority now 1)"
2016-01-08,SARLAPOLY,"fresh signal NOT FUNDED — cash exhausted (BUY: 1.88× weekly, month 3.16×, ladder rising; funding priority now 1)"
2016-01-08,SHIVTEX,"fresh signal NOT FUNDED — cash exhausted (BUY: 2.97× weekly, month 5.76×, ladder rising; funding priority now 1)"
2016-01-08,SJVN,"fresh signal NOT FUNDED — cash exhausted (BUY: 3.90× weekly, month 2.28×, ladder rising; funding priority now 1)"
2016-01-08,SURYAROSNI,"fresh signal NOT FUNDED — cash exhausted (BUY: 7.12× weekly, month 1.83×, ladder rising; funding priority now 1)"
2016-01-08,TUBEINVEST,"fresh signal NOT FUNDED — cash exhausted (ACCUMULATE: 1.73× weekly, month 2.13×, ladder rising; funding priority now 1)"
2016-01-08,TVSELECT,"fresh signal NOT FUNDED — cash exhausted (BUY: 2.16× weekly, month 2.50×, ladder rising; funding priority now 1)"
2016-01-08,UJAAS,"fresh signal NOT FUNDED — cash exhausted (BUY: 8.35× weekly, month 3.66×, ladder rising; funding priority now 1)"
2016-01-11,BBL,"BUY ₹11.34 at ₹874.00 (fresh Friday signal — starved 2×, front of the queue — BUY: 4.78× weekly, month 4.75×, ladder rising; stop ₹631.79; charges ₹0.01)"
2016-01-11,PETRONET,"BUY ₹7.74 at ₹128.68 (fresh Friday signal — starved 2×, front of the queue — BUY: 2.40× weekly, month 2.03×, ladder rising; stop ₹113.53; charges ₹0.01)"
2016-01-13,EDL,"SELL ₹8.96 at stop ₹87.83 (-10.6%, charges ₹0.01) — the cash goes back to work at the next Friday screen"
2016-01-14,TRF,"SELL ₹7.86 at stop ₹334.26 (+6.3%, charges ₹0.01) — the cash goes back to work at the next Friday screen"
2016-01-15,TRIVENI,RAISE STOP ₹37.15 → ₹41.33 (new box ₹43.50–₹50.20 sealed)
2016-01-22,AJMERA,"SELL ₹7.83 at stop ₹103.22 (-24.3%, charges ₹0.01) — the cash goes back to work at the next Friday screen"
2016-01-22,SREINFRA,RAISE STOP ₹38.36 → ₹51.83 (new box ₹56.00–₹69.90 sealed)
2016-01-25,SOMANYCERA,"BUY ₹10.07 at ₹377.00 (fresh Friday signal — ACCUMULATE: 1.72× weekly, month 2.16×, ladder rising; stop ₹317.01; charges ₹0.01)"
2016-01-29,PETRONET,RAISE STOP ₹113.53 → ₹113.88 (new box ₹119.88–₹136.35 sealed)
2016-02-01,PRICOL,"BUY ₹10.08 at ₹47.90 (fresh Friday signal — BUY: 2.18× weekly, month 2.31×, ladder rising; stop ₹35.02; charges ₹0.01)"
2016-02-04,JETAIRWAYS,"SELL ₹10.49 at stop ₹520.98 (+3.6%, charges ₹0.01) — the cash goes back to work at the next Friday screen"
2016-02-04,TRIVENI,"SELL ₹10.78 at stop ₹41.33 (+6.0%, charges ₹0.01) — the cash goes back to work at the next Friday screen"
2016-02-10,SREINFRA,"SELL ₹8.82 at stop ₹51.83 (+12.7%, charges ₹0.01) — the cash goes back to work at the next Friday screen"
2016-02-11,JAMNAAUTO,"SELL ₹7.03 at stop ₹24.17 (-5.1%, charges ₹0.01) — the cash goes back to work at the next Friday screen"
2016-02-15,GOLDBEES,"BUY ₹9.22 at ₹2,614.80 (fresh Friday signal — BUY: 3.06× weekly, month 1.75×, ladder rising; stop ₹2,285.70; charges ₹0.01)"
2016-02-19,GOLDBEES,"RAISE STOP ₹2,285.70 → ₹2,424.21 (new box ₹2,551.80–₹2,640.00 sealed)"
2016-02-19,PRICOL,RAISE STOP ₹35.02 → ₹41.77 (new box ₹45.10–₹56.20 sealed)
2016-02-29,PRICOL,"SELL ₹8.77 at stop ₹41.77 (-12.8%, charges ₹0.01) — the cash goes back to work at the next Friday screen"
2016-03-08,ENERGYDEV,"BUY ₹9.15 at ₹56.00 (fresh Friday signal — BUY: 1.56× weekly, month 3.05×, ladder rising; stop ₹34.68; charges ₹0.01)"
2016-03-08,RAMKY,"BUY ₹9.07 at ₹55.25 (fresh Friday signal — BUY: 1.57× weekly, month 3.26×, ladder rising; stop ₹38.53; charges ₹0.01)"
2016-03-11,GOLDBEES,"RAISE STOP ₹2,424.21 → ₹2,476.18 (new box ₹2,606.50–₹2,679.00 sealed)"
2016-03-11,PETRONET,RAISE STOP ₹113.88 → ₹114.19 (new box ₹120.20–₹126.83 sealed)
2016-03-14,DALMIASUG,"BUY ₹9.33 at ₹94.05 (fresh Friday signal — BUY: 4.21× weekly, month 2.75×, ladder rising; stop ₹49.84; charges ₹0.01)"
2016-03-14,HDFCMFGETF,"BUY ₹9.36 at ₹2,734.00 (fresh Friday signal — ACCUMULATE: 1.54× weekly, month 1.73×, ladder rising; stop ₹2,484.30; charges ₹0.01)"
2016-03-18,SOMANYCERA,RAISE STOP ₹317.01 → ₹337.25 (new box ₹355.00–₹374.75 sealed)
2016-03-23,DALMIASUG,RAISE STOP ₹49.84 → ₹86.86 (new box ₹91.50–₹106.95 sealed)
2016-03-23,ENERGYDEV,RAISE STOP ₹34.68 → ₹48.84 (new box ₹51.90–₹62.10 sealed)
2016-04-01,BBL,RAISE STOP ₹631.79 → ₹803.37 (new box ₹845.65–₹922.25 sealed)
2016-04-01,ENERGYDEV,RAISE STOP ₹48.84 → ₹60.80 (new box ₹64.00–₹72.70 sealed)
2016-04-01,TAX,"FY2016 settled: ₹0.00 paid (STCG ₹0.00 @20%, LTCG ₹0.00 @12.5%; losses carried forward ST ₹9.98 / LT ₹0.00)"
2016-04-08,SOMANYCERA,RAISE STOP ₹337.25 → ₹351.50 (new box ₹370.00–₹395.00 sealed)
2016-04-12,ENERGYDEV,"SELL ₹9.92 at stop ₹60.80 (+8.6%, charges ₹0.01) — the cash goes back to work at the next Friday screen"
2016-04-13,ATLASCYCLE,"fresh signal NOT FUNDED — cash exhausted (ACCUMULATE: 7.41× weekly, month 2.46×, ladder rising; funding priority now 1)"
2016-04-13,SUDARSCHEM,"fresh signal NOT FUNDED — cash exhausted (BUY: 3.42× weekly, month 1.93×, ladder rising; funding priority now 1)"
2016-04-13,VSTTILLERS,"fresh signal NOT FUNDED — cash exhausted (BUY: 9.68× weekly, month 1.84×, ladder rising; funding priority now 1)"
2016-04-18,RSSOFTWARE,"BUY ₹9.85 at ₹117.40 (fresh Friday signal — BUY: 10.97× weekly, month 3.36×, ladder rising; stop ₹68.78; charges ₹0.01)"
2016-04-22,VIVIMEDLAB,RAISE STOP ₹72.12 → ₹79.42 (new box ₹83.60–₹90.00 sealed)
2016-04-29,BBL,RAISE STOP ₹803.37 → ₹878.75 (new box ₹925.00–₹993.95 sealed)
2016-04-29,GOLDBEES,"RAISE STOP ₹2,476.18 → ₹2,508.05 (new box ₹2,640.05–₹2,690.00 sealed)"
2016-04-29,RSSOFTWARE,RAISE STOP ₹68.78 → ₹93.44 (new box ₹100.25–₹122.95 sealed)
2016-05-06,RAMKY,RAISE STOP ₹38.53 → ₹49.76 (new box ₹53.10–₹64.25 sealed)
2016-05-06,SOMANYCERA,RAISE STOP ₹351.50 → ₹382.85 (new box ₹403.00–₹450.85 sealed)
2016-05-13,GOLDBEES,"RAISE STOP ₹2,508.05 → ₹2,562.15 (new box ₹2,697.00–₹2,753.20 sealed)"
2016-05-13,HDFCMFGETF,"RAISE STOP ₹2,484.30 → ₹2,629.60 (new box ₹2,768.00–₹2,845.00 sealed)"
2016-05-18,RSSOFTWARE,"SELL ₹7.82 at stop ₹93.44 (-20.4%, charges ₹0.01) — the cash goes back to work at the next Friday screen"
2016-05-20,BBL,"SELL ₹11.38 at stop ₹878.75 (+0.5%, charges ₹0.01) — the cash goes back to work at the next Friday screen"
2016-05-20,CAPF,"fresh signal NOT FUNDED — cash exhausted (ACCUMULATE: 1.78× weekly, month 2.19×, ladder rising; funding priority now 1)"
2016-05-20,FILATEX,"fresh signal NOT FUNDED — cash exhausted (BUY: 2.50× weekly, month 5.41×, ladder rising; funding priority now 1)"
2016-05-20,GNFC,"fresh signal NOT FUNDED — cash exhausted (BUY: 1.99× weekly, month 8.35×, ladder rising; funding priority now 1)"
2016-05-20,IBREALEST,"fresh signal NOT FUNDED — cash exhausted (BUY: 3.43× weekly, month 2.73×, ladder rising; funding priority now 1)"
2016-05-20,LIBERTSHOE,"fresh signal NOT FUNDED — cash exhausted (BUY: 3.21× weekly, month 1.52×, ladder rising; funding priority now 1)"
2016-05-20,MUTHOOTFIN,"fresh signal NOT FUNDED — cash exhausted (BUY: 3.22× weekly, month 1.90×, ladder rising; funding priority now 1)"
2016-05-20,PEL,"fresh signal NOT FUNDED — cash exhausted (BUY: 3.50× weekly, month 1.91×, ladder rising; funding priority now 1)"
2016-05-20,SHILPI,"fresh signal NOT FUNDED — cash exhausted (BUY: 4.33× weekly, month 3.04×, ladder rising; funding priority now 1)"
2016-05-20,SUPREMEIND,"fresh signal NOT FUNDED — cash exhausted (BUY: 1.56× weekly, month 1.73×, ladder rising; funding priority now 1)"
2016-05-20,TATAMETALI,"fresh signal NOT FUNDED — cash exhausted (BUY: 2.08× weekly, month 3.07×, ladder rising; funding priority now 1)"
2016-05-20,TATASPONGE,"fresh signal NOT FUNDED — cash exhausted (BUY: 3.03× weekly, month 2.07×, ladder rising; funding priority now 1)"
2016-05-23,ORIENTPPR,"BUY ₹9.51 at ₹49.90 (fresh Friday signal — starved 1×, front of the queue — BUY: 2.65× weekly, month 1.63×, ladder rising; stop ₹40.99; charges ₹0.01)"
2016-05-23,TPLPLASTEH,"BUY ₹9.50 at ₹513.50 (fresh Friday signal — BUY: 16.66× weekly, month 19.21×, ladder rising; stop ₹343.95; charges ₹0.01)"
2016-05-23,TRIGYN,signal SKIPPED — cash below half a slice (funding priority now 1)
2016-05-24,DALMIASUG,"SELL ₹8.60 at stop ₹86.86 (-7.6%, charges ₹0.01) — the cash goes back to work at the next Friday screen"
2016-05-27,BALAMINES,"fresh signal NOT FUNDED — cash exhausted (BUY: 1.81× weekly, month 1.51×, ladder rising; funding priority now 1)"
2016-05-27,BIOCON,fresh signal REFUSED — falling earnings power
2016-05-27,CAPF,"fresh signal NOT FUNDED — cash exhausted (starved 1×, front of the queue — BUY: 1.91× weekly, month 2.65×, ladder rising; funding priority now 2)"
2016-05-27,EDELWEISS,"fresh signal NOT FUNDED — cash exhausted (BUY: 3.31× weekly, month 1.83×, ladder rising; funding priority now 1)"
2016-05-27,GREENPLY,"fresh signal NOT FUNDED — cash exhausted (ACCUMULATE: 6.04× weekly, month 2.74×, ladder rising; funding priority now 1)"
2016-05-27,GUJALKALI,"fresh signal NOT FUNDED — cash exhausted (BUY: 7.86× weekly, month 2.80×, ladder rising; funding priority now 1)"
2016-05-27,IBREALEST,"fresh signal NOT FUNDED — cash exhausted (starved 1×, front of the queue — BUY: 1.85× weekly, month 2.75×, ladder rising; funding priority now 2)"
2016-05-27,JAGRAN,"fresh signal NOT FUNDED — cash exhausted (ACCUMULATE: 3.48× weekly, month 2.14×, ladder rising; funding priority now 1)"
2016-05-27,MANAPPURAM,"fresh signal NOT FUNDED — cash exhausted (starved 1×, front of the queue — BUY: 2.07× weekly, month 2.01×, ladder rising; funding priority now 2)"
2016-05-27,SHILPI,"fresh signal NOT FUNDED — cash exhausted (starved 1×, front of the queue — BUY: 1.78× weekly, month 3.45×, ladder rising; funding priority now 2)"
2016-05-27,SOMANYCERA,RAISE STOP ₹382.85 → ₹428.59 (new box ₹451.15–₹496.35 sealed)
2016-05-27,SRTRANSFIN,"fresh signal NOT FUNDED — cash exhausted (BUY: 1.56× weekly, month 1.65×, ladder rising; funding priority now 1)"
2016-05-27,TATAMETALI,"fresh signal NOT FUNDED — cash exhausted (starved 1×, front of the queue — BUY: 2.79× weekly, month 3.86×, ladder rising; funding priority now 2)"
2016-05-27,TPLPLASTEH,RAISE STOP ₹343.95 → ₹352.26 (new box ₹400.20–₹560.00 sealed)
2016-05-27,TRENT,fresh signal REFUSED — falling earnings power
2016-05-27,TRIGYN,"fresh signal NOT FUNDED — cash exhausted (starved 1×, front of the queue — BUY: 1.56× weekly, month 3.52×, ladder rising; funding priority now 2)"
2016-05-27,UPL,fresh signal REFUSED — falling earnings power
2016-05-27,ZYDUSWELL,fresh signal REFUSED — falling earnings power
2016-05-30,SUPREMEIND,"BUY ₹9.35 at ₹914.60 (fresh Friday signal — starved 1×, front of the queue — BUY: 3.83× weekly, month 2.30×, ladder rising; stop ₹688.23; charges ₹0.01)"
2016-05-31,VIVIMEDLAB,"SELL ₹12.51 at stop ₹79.42 (+32.4%, charges ₹0.01) — the cash goes back to work at the next Friday screen"
2016-06-03,BAJFINANCE,"fresh signal NOT FUNDED — cash exhausted (BUY: 4.69× weekly, month 2.75×, ladder rising; funding priority now 1)"
2016-06-03,CHOLAFIN,"fresh signal NOT FUNDED — cash exhausted (BUY: 3.81× weekly, month 1.58×, ladder rising; funding priority now 1)"
2016-06-03,FINPIPE,"fresh signal NOT FUNDED — cash exhausted (ACCUMULATE: 1.77× weekly, month 2.22×, ladder rising; funding priority now 1)"
2016-06-03,GHCL,"fresh signal NOT FUNDED — cash exhausted (starved 1×, front of the queue — BUY: 2.11× weekly, month 1.73×, ladder rising; funding priority now 2)"
2016-06-03,INDTERRAIN,"fresh signal NOT FUNDED — cash exhausted (BUY: 2.66× weekly, month 1.51×, ladder rising; funding priority now 1)"
2016-06-03,ISFT,"fresh signal NOT FUNDED — cash exhausted (ACCUMULATE: 6.15× weekly, month 1.97×, ladder rising; funding priority now 1)"
2016-06-03,KALPATPOWR,"fresh signal NOT FUNDED — cash exhausted (BUY: 1.57× weekly, month 2.00×, ladder rising; funding priority now 1)"
2016-06-03,KIRIINDUS,"fresh signal NOT FUNDED — cash exhausted (BUY: 2.12× weekly, month 3.92×, ladder rising; funding priority now 1)"
2016-06-03,KOHINOOR,"fresh signal NOT FUNDED — cash exhausted (BUY: 9.50× weekly, month 4.69×, ladder rising; funding priority now 1)"
2016-06-03,MANAPPURAM,"fresh signal NOT FUNDED — cash exhausted (starved 2×, front of the queue — BUY: 1.63× weekly, month 2.28×, ladder rising; funding priority now 3)"
2016-06-03,MUTHOOTFIN,"fresh signal NOT FUNDED — cash exhausted (starved 1×, front of the queue — BUY: 6.60× weekly, month 3.50×, ladder rising; funding priority now 2)"
2016-06-03,PEL,"fresh signal NOT FUNDED — cash exhausted (starved 1×, front of the queue — ACCUMULATE: 1.97× weekly, month 2.35×, ladder rising; funding priority now 2)"
2016-06-03,SUDARSCHEM,"fresh signal NOT FUNDED — cash exhausted (starved 1×, front of the queue — BUY: 3.43× weekly, month 2.20×, ladder rising; funding priority now 2)"
2016-06-03,TATAMETALI,"fresh signal NOT FUNDED — cash exhausted (starved 2×, front of the queue — BUY: 1.69× weekly, month 2.72×, ladder rising; funding priority now 3)"
2016-06-03,TIIL,"fresh signal NOT FUNDED — cash exhausted (BUY: 1.54× weekly, month 1.54×, ladder rising; funding priority now 1)"
2016-06-03,UPERGANGES,"fresh signal NOT FUNDED — cash exhausted (BUY: 1.94× weekly, month 11.29×, ladder rising; funding priority now 1)"
2016-06-03,VGUARD,"fresh signal NOT FUNDED — cash exhausted (BUY: 1.90× weekly, month 9.20×, ladder rising; funding priority now 1)"
2016-06-06,SHILPI,"BUY ₹7.06 at ₹114.10 (fresh Friday signal — starved 2×, front of the queue — BUY: 1.94× weekly, month 3.71×, ladder rising; stop ₹83.27; charges ₹0.01)"
2016-06-06,TRIGYN,"BUY ₹9.21 at ₹126.00 (fresh Friday signal — starved 2×, front of the queue — BUY: 2.41× weekly, month 4.04×, ladder rising; stop ₹98.85; charges ₹0.01)"
2016-06-10,PETRONET,RAISE STOP ₹114.19 → ₹126.11 (new box ₹132.75–₹139.90 sealed)
2016-06-10,RAMKY,RAISE STOP ₹49.76 → ₹59.65 (new box ₹64.30–₹79.80 sealed)
2016-06-10,SUPREMEIND,"RAISE STOP ₹688.23 → ₹827.07 (new box ₹870.60–₹1,003.95 sealed)"
2016-06-17,ORIENTPPR,RAISE STOP ₹40.99 → ₹41.52 (new box ₹43.70–₹47.10 sealed)
2016-06-17,TRIGYN,RAISE STOP ₹98.85 → ₹113.82 (new box ₹120.00–₹140.60 sealed)
2016-06-24,ASTEC,"fresh signal NOT FUNDED — cash exhausted (BUY: 12.81× weekly, month 1.69×, ladder rising; funding priority now 1)"
2016-06-24,CENTRALBK,fresh signal REFUSED — falling earnings power
2016-06-24,COROMANDEL,fresh signal REFUSED — falling earnings power
2016-06-24,ESCORTS,fresh signal REFUSED — falling earnings power
2016-06-24,GAEL,"fresh signal NOT FUNDED — cash exhausted (BUY: 3.86× weekly, month 1.84×, ladder rising; funding priority now 1)"
2016-06-24,HESTERBIO,"fresh signal NOT FUNDED — cash exhausted (BUY: 5.91× weekly, month 1.78×, ladder rising; funding priority now 1)"
2016-06-24,JAYAGROGN,"fresh signal NOT FUNDED — cash exhausted (BUY: 15.37× weekly, month 9.99×, ladder rising; funding priority now 1)"
2016-06-24,JSWHL,"fresh signal NOT FUNDED — cash exhausted (BUY: 4.90× weekly, month 1.93×, ladder rising; funding priority now 1)"
2016-06-24,KARURVYSYA,"fresh signal NOT FUNDED — cash exhausted (BUY: 1.86× weekly, month 1.51×, ladder rising; funding priority now 1)"
2016-06-24,LUMAXIND,"fresh signal NOT FUNDED — cash exhausted (BUY: 1.91× weekly, month 3.42×, ladder rising; funding priority now 1)"
2016-06-24,NBVENTURES,"fresh signal NOT FUNDED — cash exhausted (BUY: 5.56× weekly, month 17.59×, ladder rising; funding priority now 1)"
2016-06-24,PATINTLOG,"fresh signal NOT FUNDED — cash exhausted (ACCUMULATE: 1.58× weekly, month 1.94×, ladder rising; funding priority now 1)"
2016-06-24,PHILIPCARB,"fresh signal NOT FUNDED — cash exhausted (BUY: 2.13× weekly, month 2.72×, ladder rising; funding priority now 1)"
2016-06-24,SNOWMAN,"fresh signal NOT FUNDED — cash exhausted (ACCUMULATE: 2.00× weekly, month 3.30×, ladder rising; funding priority now 1)"
2016-06-24,SUDARSCHEM,"fresh signal NOT FUNDED — cash exhausted (starved 2×, front of the queue — ACCUMULATE: 1.55× weekly, month 7.29×, ladder rising; funding priority now 3)"
2016-06-24,SURYALAXMI,"fresh signal NOT FUNDED — cash exhausted (ACCUMULATE: 1.71× weekly, month 3.27×, ladder rising; funding priority now 1)"
2016-06-24,TRIGYN,"SELL ₹8.30 at stop ₹113.82 (-9.7%, charges ₹0.01) — the cash goes back to work at the next Friday screen"
2016-06-27,MANAPPURAM,"BUY ₹8.30 at ₹66.50 (fresh Friday signal — starved 3×, front of the queue — BUY: 2.43× weekly, month 2.08×, ladder rising; stop ₹53.01; charges ₹0.01)"
2016-07-01,HDFCMFGETF,"RAISE STOP ₹2,629.60 → ₹2,691.35 (new box ₹2,833.00–₹2,895.00 sealed)"
2016-07-01,TPLPLASTEH,RAISE STOP ₹352.26 → ₹382.18 (new box ₹403.30–₹473.70 sealed)
2016-07-08,GOLDBEES,"RAISE STOP ₹2,562.15 → ₹2,620.19 (new box ₹2,758.10–₹2,824.00 sealed)"
2016-07-08,ORIENTPPR,RAISE STOP ₹41.52 → ₹47.36 (new box ₹49.85–₹52.25 sealed)
2016-07-15,SHILPI,RAISE STOP ₹83.27 → ₹163.07 (new box ₹171.65–₹185.50 sealed)
2016-07-15,SOMANYCERA,RAISE STOP ₹428.59 → ₹532.00 (new box ₹560.00–₹604.25 sealed)
2016-07-15,TPLPLASTEH,RAISE STOP ₹382.18 → ₹465.74 (new box ₹490.25–₹531.65 sealed)
2016-07-22,ASTRAL,"fresh signal NOT FUNDED — cash exhausted (BUY: 3.81× weekly, month 1.60×, ladder rising; funding priority now 1)"
2016-07-22,AUTOAXLES,"fresh signal NOT FUNDED — cash exhausted (ACCUMULATE: 3.00× weekly, month 3.17×, ladder rising; funding priority now 1)"
2016-07-22,BAJAJFINSV,fresh signal REFUSED — falling earnings power
2016-07-22,BANCOINDIA,"fresh signal NOT FUNDED — cash exhausted (BUY: 2.96× weekly, month 3.09×, ladder rising; funding priority now 1)"
2016-07-22,BEML,"fresh signal NOT FUNDED — cash exhausted (BUY: 1.75× weekly, month 1.70×, ladder rising; funding priority now 1)"
2016-07-22,CAIRN,"fresh signal NOT FUNDED — cash exhausted (BUY: 2.41× weekly, month 1.65×, ladder rising; funding priority now 1)"
2016-07-22,CARBORUNIV,"fresh signal NOT FUNDED — cash exhausted (ACCUMULATE: 2.40× weekly, month 11.25×, ladder rising; funding priority now 1)"
2016-07-22,CENTURYPLY,"fresh signal NOT FUNDED — cash exhausted (ACCUMULATE: 2.22× weekly, month 1.89×, ladder rising; funding priority now 1)"
2016-07-22,DBCORP,"fresh signal NOT FUNDED — cash exhausted (BUY: 7.57× weekly, month 2.54×, ladder rising; funding priority now 1)"
2016-07-22,EXIDEIND,"fresh signal NOT FUNDED — cash exhausted (ACCUMULATE: 2.50× weekly, month 1.95×, ladder rising; funding priority now 1)"
2016-07-22,FSL,"fresh signal NOT FUNDED — cash exhausted (starved 1×, front of the queue — BUY: 1.73× weekly, month 2.16×, ladder rising; funding priority now 2)"
2016-07-22,GABRIEL,"fresh signal NOT FUNDED — cash exhausted (BUY: 2.62× weekly, month 1.83×, ladder rising; funding priority now 1)"
2016-07-22,GAEL,"fresh signal NOT FUNDED — cash exhausted (starved 1×, front of the queue — ACCUMULATE: 1.73× weekly, month 1.91×, ladder rising; funding priority now 2)"
2016-07-22,GOLDSHARE,"fresh signal NOT FUNDED — cash exhausted (BUY: 1.66× weekly, month 2.16×, ladder rising; funding priority now 1)"
2016-07-22,GRASIM,"fresh signal NOT FUNDED — cash exhausted (BUY: 1.60× weekly, month 2.09×, ladder rising; funding priority now 1)"
2016-07-22,GUJALKALI,"fresh signal NOT FUNDED — cash exhausted (starved 1×, front of the queue — BUY: 2.56× weekly, month 2.53×, ladder rising; funding priority now 2)"
2016-07-22,HEIDELBERG,"fresh signal NOT FUNDED — cash exhausted (BUY: 3.00× weekly, month 1.80×, ladder rising; funding priority now 1)"
2016-07-22,JMFINANCIL,"fresh signal NOT FUNDED — cash exhausted (BUY: 3.68× weekly, month 2.21×, ladder rising; funding priority now 1)"
2016-07-22,JPASSOCIAT,"fresh signal NOT FUNDED — cash exhausted (ACCUMULATE: 2.10× weekly, month 3.55×, ladder rising; funding priority now 1)"
2016-07-22,KECL,"fresh signal NOT FUNDED — cash exhausted (BUY: 2.39× weekly, month 2.56×, ladder rising; funding priority now 1)"
2016-07-22,KIRLOSBROS,fresh signal REFUSED — falling earnings power
2016-07-22,LAKSHVILAS,"fresh signal NOT FUNDED — cash exhausted (BUY: 2.86× weekly, month 2.80×, ladder rising; funding priority now 1)"
2016-07-22,MAITHANALL,"fresh signal NOT FUNDED — cash exhausted (BUY: 3.10× weekly, month 3.78×, ladder rising; funding priority now 1)"
2016-07-22,NBVENTURES,"fresh signal NOT FUNDED — cash exhausted (starved 1×, front of the queue — BUY: 2.67× weekly, month 7.75×, ladder rising; funding priority now 2)"
2016-07-22,OCL,"fresh signal NOT FUNDED — cash exhausted (BUY: 2.65× weekly, month 3.55×, ladder rising; funding priority now 1)"
2016-07-22,ORIENTPPR,RAISE STOP ₹47.36 → ₹50.49 (new box ₹53.15–₹58.85 sealed)
2016-07-22,PETRONET,RAISE STOP ₹126.11 → ₹134.19 (new box ₹141.25–₹150.97 sealed)
2016-07-22,PRAJIND,"fresh signal NOT FUNDED — cash exhausted (starved 1×, front of the queue — ACCUMULATE: 2.00× weekly, month 1.69×, ladder rising; funding priority now 2)"
2016-07-22,PVR,"fresh signal NOT FUNDED — cash exhausted (starved 1×, front of the queue — BUY: 3.95× weekly, month 1.55×, ladder rising; funding priority now 2)"
2016-07-22,RAMKY,RAISE STOP ₹59.65 → ₹79.04 (new box ₹83.20–₹95.40 sealed)
2016-07-22,SARDAEN,fresh signal REFUSED — falling earnings power
2016-07-22,SHILPI,RAISE STOP ₹163.07 → ₹173.38 (new box ₹182.50–₹188.40 sealed)
2016-07-22,SPARC,"fresh signal NOT FUNDED — cash exhausted (starved 1×, front of the queue — ACCUMULATE: 1.56× weekly, month 2.06×, ladder rising; funding priority now 2)"
2016-07-22,SUDARSCHEM,"fresh signal NOT FUNDED — cash exhausted (starved 3×, front of the queue — BUY: 1.78× weekly, month 3.83×, ladder rising; funding priority now 4)"
2016-07-22,SUNTECK,fresh signal REFUSED — falling earnings power
2016-07-22,TAJGVK,"fresh signal NOT FUNDED — cash exhausted (BUY: 3.79× weekly, month 3.04×, ladder rising; funding priority now 1)"
2016-07-22,TIMKEN,"fresh signal NOT FUNDED — cash exhausted (BUY: 5.31× weekly, month 1.88×, ladder rising; funding priority now 1)"
2016-07-22,TPLPLASTEH,"SELL ₹8.59 at stop ₹465.74 (-9.3%, charges ₹0.01) — the cash goes back to work at the next Friday screen"
2016-07-22,UFO,"fresh signal NOT FUNDED — cash exhausted (ACCUMULATE: 8.26× weekly, month 1.91×, ladder rising; funding priority now 1)"
2016-07-22,VRLLOG,"fresh signal NOT FUNDED — cash exhausted (BUY: 1.80× weekly, month 1.92×, ladder rising; funding priority now 1)"
2016-07-25,TATAMETALI,"BUY ₹8.59 at ₹453.00 (fresh Friday signal — starved 3×, front of the queue — BUY: 7.99× weekly, month 6.02×, ladder rising; stop ₹304.18; charges ₹0.01)"
2016-07-29,GOLDBEES,"RAISE STOP ₹2,620.19 → ₹2,624.85 (new box ₹2,763.00–₹2,849.95 sealed)"
2016-07-29,HDFCMFGETF,"RAISE STOP ₹2,691.35 → ₹2,694.68 (new box ₹2,836.50–₹2,932.00 sealed)"
2016-07-29,MANAPPURAM,RAISE STOP ₹53.01 → ₹69.97 (new box ₹73.65–₹77.30 sealed)
2016-07-29,ORIENTPPR,RAISE STOP ₹50.49 → ₹54.34 (new box ₹57.20–₹65.00 sealed)
2016-07-29,SOMANYCERA,RAISE STOP ₹532.00 → ₹551.10 (new box ₹580.10–₹659.80 sealed)
2016-08-05,SUPREMEIND,RAISE STOP ₹827.07 → ₹856.52 (new box ₹901.60–₹958.70 sealed)
2016-08-05,TATAMETALI,RAISE STOP ₹304.18 → ₹366.19 (new box ₹400.00–₹512.70 sealed)
2016-08-10,RAMKY,"SELL ₹12.94 at stop ₹79.04 (+43.1%, charges ₹0.01) — the cash goes back to work at the next Friday screen"
2016-08-12,APTECHT,"fresh signal NOT FUNDED — cash exhausted (BUY: 6.40× weekly, month 3.07×, ladder rising; funding priority now 1)"
2016-08-12,CHEMFALKAL,"fresh signal NOT FUNDED — cash exhausted (BUY: 1.72× weekly, month 13.10×, ladder rising; funding priority now 1)"
2016-08-12,DHFL,"fresh signal NOT FUNDED — cash exhausted (BUY: 1.85× weekly, month 1.86×, ladder rising; funding priority now 1)"
2016-08-12,ESCORTS,fresh signal REFUSED — falling earnings power
2016-08-12,GOLDBEES,"RAISE STOP ₹2,624.85 → ₹2,689.64 (new box ₹2,831.20–₹2,918.80 sealed)"
2016-08-12,JKCEMENT,fresh signal REFUSED — falling earnings power
2016-08-12,JMTAUTOLTD,"fresh signal NOT FUNDED — cash exhausted (BUY: 2.01× weekly, month 4.00×, ladder rising; funding priority now 1)"
2016-08-12,L&TFH,"fresh signal NOT FUNDED — cash exhausted (BUY: 2.75× weekly, month 2.92×, ladder rising; funding priority now 1)"
2016-08-12,LAKSHMIEFL,"fresh signal NOT FUNDED — cash exhausted (BUY: 3.20× weekly, month 8.84×, ladder rising; funding priority now 1)"
2016-08-12,MANAPPURAM,RAISE STOP ₹69.97 → ₹76.57 (new box ₹80.60–₹89.60 sealed)
2016-08-12,PETRONET,RAISE STOP ₹134.19 → ₹143.69 (new box ₹151.25–₹158.93 sealed)
2016-08-12,RAIN,"fresh signal NOT FUNDED — cash exhausted (BUY: 1.98× weekly, month 2.27×, ladder rising; funding priority now 1)"
2016-08-12,SRF,"fresh signal NOT FUNDED — cash exhausted (BUY: 3.91× weekly, month 1.88×, ladder rising; funding priority now 1)"
2016-08-12,SUNDRMFAST,"fresh signal NOT FUNDED — cash exhausted (BUY: 7.63× weekly, month 4.43×, ladder rising; funding priority now 1)"
2016-08-12,TATACHEM,"fresh signal NOT FUNDED — cash exhausted (BUY: 5.54× weekly, month 1.94×, ladder rising; funding priority now 1)"
2016-08-16,RPGLIFE,"BUY ₹10.97 at ₹435.65 (fresh Friday signal — starved 2×, front of the queue — BUY: 1.87× weekly, month 4.56×, ladder rising; stop ₹374.30; charges ₹0.01)"
2016-08-19,MANAPPURAM,RAISE STOP ₹76.57 → ₹78.04 (new box ₹82.15–₹92.40 sealed)
2016-08-19,RPGLIFE,RAISE STOP ₹374.30 → ₹399.00 (new box ₹420.00–₹466.40 sealed)
2016-08-19,SUPREMEIND,RAISE STOP ₹856.52 → ₹867.35 (new box ₹913.00–₹974.50 sealed)
2016-09-02,ORIENTPPR,RAISE STOP ₹54.34 → ₹64.60 (new box ₹68.00–₹76.65 sealed)
2016-09-02,PETRONET,RAISE STOP ₹143.69 → ₹158.58 (new box ₹166.93–₹174.45 sealed)
2016-09-02,SUPREMEIND,"RAISE STOP ₹867.35 → ₹893.38 (new box ₹940.40–₹1,025.00 sealed)"
2016-09-09,HDFCMFGETF,"RAISE STOP ₹2,694.68 → ₹2,718.90 (new box ₹2,862.00–₹2,946.55 sealed)"
2016-09-21,SOMANYCERA,"SELL ₹14.68 at stop ₹551.10 (+46.2%, charges ₹0.02) — the cash goes back to work at the next Friday screen"
2016-09-23,APOLLOTYRE,"fresh signal NOT FUNDED — cash exhausted (BUY: 1.61× weekly, month 1.71×, ladder rising; funding priority now 1)"
2016-09-23,BANKBEES,"fresh signal NOT FUNDED — cash exhausted (ACCUMULATE: 6.55× weekly, month 1.75×, ladder rising; funding priority now 1)"
2016-09-23,BBTC,"fresh signal NOT FUNDED — cash exhausted (ACCUMULATE: 2.58× weekly, month 4.85×, ladder rising; funding priority now 1)"
2016-09-23,BODALCHEM,"fresh signal NOT FUNDED — cash exhausted (starved 1×, front of the queue — BUY: 2.00× weekly, month 1.71×, ladder rising; funding priority now 2)"
2016-09-23,CASTROLIND,"fresh signal NOT FUNDED — cash exhausted (ACCUMULATE: 5.85× weekly, month 5.17×, ladder rising; funding priority now 1)"
2016-09-23,CENTURYTEX,"fresh signal NOT FUNDED — cash exhausted (starved 1×, front of the queue — BUY: 2.18× weekly, month 2.12×, ladder rising; funding priority now 2)"
2016-09-23,GITANJALI,"fresh signal NOT FUNDED — cash exhausted (ACCUMULATE: 2.55× weekly, month 4.27×, ladder rising; funding priority now 1)"
2016-09-23,HERITGFOOD,"fresh signal NOT FUNDED — cash exhausted (starved 1×, front of the queue — BUY: 5.51× weekly, month 2.75×, ladder rising; funding priority now 2)"
2016-09-23,HINDOILEXP,"fresh signal NOT FUNDED — cash exhausted (BUY: 2.27× weekly, month 2.84×, ladder rising; funding priority now 1)"
2016-09-23,IL&FSTRANS,"fresh signal NOT FUNDED — cash exhausted (BUY: 3.67× weekly, month 7.80×, ladder rising; funding priority now 1)"
2016-09-23,INDIAGLYCO,"fresh signal NOT FUNDED — cash exhausted (BUY: 7.41× weekly, month 4.76×, ladder rising; funding priority now 1)"
2016-09-23,IRB,fresh signal REFUSED — falling earnings power
2016-09-23,KECL,"fresh signal NOT FUNDED — cash exhausted (starved 1×, front of the queue — BUY: 2.06× weekly, month 3.46×, ladder rising; funding priority now 2)"
2016-09-23,ORIENTPPR,RAISE STOP ₹64.60 → ₹71.72 (new box ₹75.50–₹84.00 sealed)
2016-09-23,PGHH,"fresh signal NOT FUNDED — cash exhausted (ACCUMULATE: 1.78× weekly, month 1.92×, ladder rising; funding priority now 1)"
2016-09-23,PRAKASHCON,"fresh signal NOT FUNDED — cash exhausted (BUY: 2.51× weekly, month 7.18×, ladder rising; funding priority now 1)"
2016-09-23,RADICO,fresh signal REFUSED — falling earnings power
2016-09-23,SARDAEN,fresh signal REFUSED — falling earnings power
2016-09-23,SHANTIGEAR,"fresh signal NOT FUNDED — cash exhausted (ACCUMULATE: 5.29× weekly, month 2.85×, ladder rising; funding priority now 1)"
2016-09-23,SHILPI,RAISE STOP ₹173.38 → ₹187.62 (new box ₹197.50–₹211.30 sealed)
2016-09-23,SIGNET,"fresh signal NOT FUNDED — cash exhausted (ACCUMULATE: 5.38× weekly, month 2.90×, ladder rising; funding priority now 1)"
2016-09-23,TIMETECHNO,"fresh signal NOT FUNDED — cash exhausted (starved 1×, front of the queue — BUY: 2.06× weekly, month 7.86×, ladder rising; funding priority now 2)"
2016-09-23,UBL,"fresh signal NOT FUNDED — cash exhausted (BUY: 4.14× weekly, month 1.66×, ladder rising; funding priority now 1)"
2016-09-23,UFLEX,"fresh signal NOT FUNDED — cash exhausted (starved 1×, front of the queue — BUY: 2.64× weekly, month 1.59×, ladder rising; funding priority now 2)"
2016-09-23,VIMTALABS,"fresh signal NOT FUNDED — cash exhausted (BUY: 1.65× weekly, month 2.09×, ladder rising; funding priority now 1)"
2016-09-23,VIPULLTD,"fresh signal NOT FUNDED — cash exhausted (BUY: 2.71× weekly, month 2.34×, ladder rising; funding priority now 1)"
2016-09-23,WHIRLPOOL,"fresh signal NOT FUNDED — cash exhausted (BUY: 2.49× weekly, month 1.70×, ladder rising; funding priority now 1)"
2016-09-26,GLOBUSSPR,"BUY ₹11.63 at ₹90.00 (fresh Friday signal — starved 2×, front of the queue — BUY: 4.11× weekly, month 1.55×, ladder rising; stop ₹71.55; charges ₹0.01)"
2016-09-26,SUPREMEIND,"SELL ₹9.11 at stop ₹893.38 (-2.3%, charges ₹0.01) — the cash goes back to work at the next Friday screen"
2016-09-29,TATAMETALI,"SELL ₹6.93 at stop ₹366.19 (-19.2%, charges ₹0.01) — the cash goes back to work at the next Friday screen"
2016-09-30,AKZOINDIA,"fresh signal NOT FUNDED — cash exhausted (ACCUMULATE: 2.67× weekly, month 1.52×, ladder rising; funding priority now 1)"
2016-09-30,AROGRANITE,"fresh signal NOT FUNDED — cash exhausted (ACCUMULATE: 2.24× weekly, month 3.03×, ladder rising; funding priority now 1)"
2016-09-30,BAJAJHLDNG,fresh signal REFUSED — falling earnings power
2016-09-30,BALKRISIND,fresh signal REFUSED — falling earnings power
2016-09-30,CASTROLIND,"fresh signal NOT FUNDED — cash exhausted (starved 1×, front of the queue — ACCUMULATE: 1.59× weekly, month 4.96×, ladder rising; funding priority now 2)"
2016-09-30,ENERGYDEV,"fresh signal NOT FUNDED — cash exhausted (BUY: 1.92× weekly, month 2.05×, ladder rising; funding priority now 1)"
2016-09-30,JKPAPER,"fresh signal NOT FUNDED — cash exhausted (BUY: 2.20× weekly, month 2.44×, ladder rising; funding priority now 1)"
2016-09-30,LLOYDELENG,"fresh signal NOT FUNDED — cash exhausted (BUY: 3.03× weekly, month 1.84×, ladder rising; funding priority now 1)"
2016-09-30,MANAPPURAM,RAISE STOP ₹78.04 → ₹89.49 (new box ₹94.20–₹98.45 sealed)
2016-09-30,NOCIL,"fresh signal NOT FUNDED — cash exhausted (starved 1×, front of the queue — BUY: 3.54× weekly, month 2.15×, ladder rising; funding priority now 2)"
2016-09-30,RADICO,fresh signal REFUSED — falling earnings power
2016-09-30,TTKPRESTIG,"fresh signal NOT FUNDED — cash exhausted (ACCUMULATE: 5.04× weekly, month 1.84×, ladder rising; funding priority now 1)"
2016-09-30,TVSSRICHAK,"fresh signal NOT FUNDED — cash exhausted (BUY: 15.60× weekly, month 4.39×, ladder rising; funding priority now 1)"
2016-09-30,UBL,"fresh signal NOT FUNDED — cash exhausted (starved 1×, front of the queue — BUY: 2.36× weekly, month 2.07×, ladder rising; funding priority now 2)"
2016-09-30,V2RETAIL,"fresh signal NOT FUNDED — cash exhausted (BUY: 2.08× weekly, month 2.11×, ladder rising; funding priority now 1)"
2016-09-30,VESUVIUS,"fresh signal NOT FUNDED — cash exhausted (ACCUMULATE: 4.73× weekly, month 2.77×, ladder rising; funding priority now 1)"
2016-09-30,VIVIMEDLAB,"fresh signal NOT FUNDED — cash exhausted (BUY: 26.46× weekly, month 6.60×, ladder rising; funding priority now 1)"
2016-09-30,WSTCSTPAPR,"fresh signal NOT FUNDED — cash exhausted (starved 1×, front of the queue — BUY: 2.07× weekly, month 2.37×, ladder rising; funding priority now 2)"
2016-10-03,CENTURYTEX,"BUY ₹9.32 at ₹952.00 (fresh Friday signal — starved 2×, front of the queue — BUY: 1.78× weekly, month 2.24×, ladder rising; stop ₹628.90; charges ₹0.01)"
2016-10-03,SMSPHARMA,"BUY ₹11.75 at ₹104.40 (fresh Friday signal — starved 3×, front of the queue — BUY: 3.37× weekly, month 1.71×, ladder rising; stop ₹82.27; charges ₹0.01)"
2016-10-07,GLOBUSSPR,RAISE STOP ₹71.55 → ₹95.00 (new box ₹100.00–₹115.90 sealed)
2016-10-07,RPGLIFE,RAISE STOP ₹399.00 → ₹420.78 (new box ₹447.00–₹534.40 sealed)
2016-10-07,SMSPHARMA,RAISE STOP ₹82.27 → ₹86.46 (new box ₹91.80–₹109.60 sealed)
2016-10-13,MANAPPURAM,"SELL ₹11.14 at stop ₹89.49 (+34.6%, charges ₹0.01) — the cash goes back to work at the next Friday screen"
2016-10-14,BOMDYEING,"fresh signal NOT FUNDED — cash exhausted (BUY: 1.54× weekly, month 5.29×, ladder rising; funding priority now 1)"
2016-10-14,CERA,"fresh signal NOT FUNDED — cash exhausted (BUY: 1.67× weekly, month 3.41×, ladder rising; funding priority now 1)"
2016-10-14,JAYBARMARU,"fresh signal NOT FUNDED — cash exhausted (BUY: 2.00× weekly, month 5.10×, ladder rising; funding priority now 1)"
2016-10-14,JBMA,fresh signal REFUSED — falling earnings power
2016-10-14,JKPAPER,"fresh signal NOT FUNDED — cash exhausted (starved 1×, front of the queue — BUY: 1.69× weekly, month 4.22×, ladder rising; funding priority now 2)"
2016-10-14,LUXIND,"fresh signal NOT FUNDED — cash exhausted (BUY: 2.13× weekly, month 3.08×, ladder rising; funding priority now 1)"
2016-10-14,STARPAPER,"fresh signal NOT FUNDED — cash exhausted (BUY: 1.56× weekly, month 2.50×, ladder rising; funding priority now 1)"
2016-10-14,SUMEETINDS,"fresh signal NOT FUNDED — cash exhausted (BUY: 1.62× weekly, month 3.72×, ladder rising; funding priority now 1)"
2016-10-14,SUNFLAG,"fresh signal NOT FUNDED — cash exhausted (BUY: 2.25× weekly, month 11.19×, ladder rising; funding priority now 1)"
2016-10-14,SUNILHITEC,"fresh signal NOT FUNDED — cash exhausted (BUY: 4.33× weekly, month 5.72×, ladder rising; funding priority now 1)"
2016-10-14,TATACOMM,fresh signal REFUSED — falling earnings power
2016-10-17,MANALIPETC,"BUY ₹11.14 at ₹46.50 (fresh Friday signal — starved 1×, front of the queue — BUY: 2.25× weekly, month 3.66×, ladder rising; stop ₹28.98; charges ₹0.01)"
2016-10-21,CENTURYTEX,RAISE STOP ₹628.90 → ₹863.60 (new box ₹909.05–₹981.00 sealed)
2016-10-21,ORIENTPPR,RAISE STOP ₹71.72 → ₹79.89 (new box ₹84.10–₹92.50 sealed)
2016-10-21,SMSPHARMA,RAISE STOP ₹86.46 → ₹94.10 (new box ₹99.05–₹115.10 sealed)
2016-10-28,MANALIPETC,RAISE STOP ₹28.98 → ₹40.66 (new box ₹42.80–₹47.60 sealed)
2016-10-28,PETRONET,RAISE STOP ₹158.58 → ₹178.62 (new box ₹188.03–₹205.45 sealed)
2016-10-28,SHILPI,RAISE STOP ₹187.62 → ₹188.10 (new box ₹198.00–₹207.70 sealed)
2016-11-03,PETRONET,"SELL ₹10.71 at stop ₹178.62 (+38.8%, charges ₹0.01) — the cash goes back to work at the next Friday screen"
2016-11-04,GLOBUSSPR,"SELL ₹12.25 at stop ₹95.00 (+5.6%, charges ₹0.01) — the cash goes back to work at the next Friday screen"
2016-11-04,IMFA,fresh signal REFUSED — falling earnings power
2016-11-04,MANALIPETC,"SELL ₹9.72 at stop ₹40.66 (-12.6%, charges ₹0.01) — the cash goes back to work at the next Friday screen"
2016-11-04,ORIENTPPR,"SELL ₹15.20 at stop ₹79.89 (+60.1%, charges ₹0.02) — the cash goes back to work at the next Friday screen"
2016-11-07,SESHAPAPER,"BUY ₹11.27 at ₹164.20 (fresh Friday signal — BUY: 2.47× weekly, month 6.45×, ladder rising; stop ₹113.48; charges ₹0.01)"
2016-11-07,SHREEPUSHK,"BUY ₹11.28 at ₹182.10 (fresh Friday signal — ACCUMULATE: 2.52× weekly, month 4.98×, ladder rising; stop ₹143.41; charges ₹0.01)"
2016-11-07,STARPAPER,"BUY ₹11.24 at ₹168.00 (fresh Friday signal — starved 1×, front of the queue — BUY: 1.64× weekly, month 3.32×, ladder rising; stop ₹113.76; charges ₹0.01)"
2016-11-09,CENTURYTEX,"SELL ₹8.44 at stop ₹863.60 (-9.3%, charges ₹0.01) — the cash goes back to work at the next Friday screen"
2016-11-09,RPGLIFE,"SELL ₹10.57 at stop ₹420.78 (-3.4%, charges ₹0.01) — the cash goes back to work at the next Friday screen"
2016-11-09,SHILPI,"SELL ₹11.62 at stop ₹188.10 (+64.9%, charges ₹0.01) — the cash goes back to work at the next Friday screen"
2016-11-09,SMSPHARMA,"SELL ₹10.57 at stop ₹94.10 (-9.9%, charges ₹0.01) — the cash goes back to work at the next Friday screen"
2016-11-15,CPSEETF,"BUY ₹10.45 at ₹25.10 (fresh Friday signal — BUY: 2.33× weekly, month 3.31×, ladder rising; stop ₹23.40; charges ₹0.01)"
2016-11-15,HONDAPOWER,"BUY ₹10.43 at ₹1,556.00 (fresh Friday signal — ACCUMULATE: 2.24× weekly, month 1.89×, ladder rising; stop ₹1,438.87; charges ₹0.01)"
2016-11-15,LUXIND,"BUY ₹10.55 at ₹799.20 (fresh Friday signal — starved 1×, front of the queue — BUY: 1.59× weekly, month 1.98×, ladder rising; stop ₹669.75; charges ₹0.01)"
2016-11-15,VIJAYABANK,"BUY ₹10.48 at ₹49.55 (fresh Friday signal — BUY: 5.15× weekly, month 2.83×, ladder rising; stop ₹37.62; charges ₹0.01)"
2016-11-17,GOLDBEES,"SELL ₹9.46 at stop ₹2,689.64 (+2.9%, charges ₹0.01) — the cash goes back to work at the next Friday screen"
2016-11-18,HDFCMFGETF,"SELL ₹9.29 at stop ₹2,718.90 (-0.6%, charges ₹0.01) — the cash goes back to work at the next Friday screen"
2016-11-18,HONDAPOWER,"SELL ₹9.62 at stop ₹1,438.87 (-7.5%, charges ₹0.01) — the cash goes back to work at the next Friday screen"
2016-11-21,BALMLAWRIE,"BUY ₹9.84 at ₹849.00 (fresh Friday signal — ACCUMULATE: 1.75× weekly, month 2.76×, ladder rising; stop ₹768.17; charges ₹0.01)"
2016-11-22,SESHAPAPER,"SELL ₹7.77 at stop ₹113.48 (-30.9%, charges ₹0.01) — the cash goes back to work at the next Friday screen"
2016-11-25,LUXIND,RAISE STOP ₹669.75 → ₹684.00 (new box ₹720.00–₹835.55 sealed)
2016-11-25,MOIL,fresh signal REFUSED — falling earnings power
2016-11-25,STARPAPER,RAISE STOP ₹113.76 → ₹119.08 (new box ₹136.45–₹194.35 sealed)
2016-12-02,MOIL,fresh signal REFUSED — falling earnings power
2016-12-02,VIJAYABANK,RAISE STOP ₹37.62 → ₹39.32 (new box ₹42.80–₹54.40 sealed)
2016-12-02,VOLTAMP,"fresh signal NOT FUNDED — cash exhausted (BUY: 2.22× weekly, month 1.57×, ladder rising; funding priority now 1)"
2016-12-05,ALLSEC,"BUY ₹10.43 at ₹350.20 (fresh Friday signal — starved 1×, front of the queue — BUY: 1.79× weekly, month 1.51×, ladder rising; stop ₹243.01; charges ₹0.01)"
2016-12-05,ESSELPACK,"BUY ₹10.49 at ₹126.50 (fresh Friday signal — BUY: 4.47× weekly, month 2.09×, ladder rising; stop ₹104.50; charges ₹0.01)"
2016-12-05,MERCK,"BUY ₹8.34 at ₹962.00 (fresh Friday signal — BUY: 2.25× weekly, month 3.58×, ladder rising; stop ₹816.81; charges ₹0.01)"
2016-12-05,UJAAS,"BUY ₹10.44 at ₹46.00 (fresh Friday signal — starved 1×, front of the queue — BUY: 2.01× weekly, month 3.61×, ladder rising; stop ₹32.04; charges ₹0.01)"
2016-12-09,ESSELPACK,RAISE STOP ₹104.50 → ₹114.95 (new box ₹121.00–₹131.95 sealed)
2016-12-09,MERCK,"RAISE STOP ₹816.81 → ₹902.78 (new box ₹950.30–₹1,019.90 sealed)"
2016-12-09,SHREEPUSHK,RAISE STOP ₹143.41 → ₹151.34 (new box ₹159.30–₹185.00 sealed)
2016-12-09,STARPAPER,RAISE STOP ₹119.08 → ₹175.94 (new box ₹185.20–₹204.75 sealed)
2016-12-13,STARPAPER,"SELL ₹11.74 at stop ₹175.94 (+4.7%, charges ₹0.01) — the cash goes back to work at the next Friday screen"
2016-12-16,DOLPHINOFF,"fresh signal NOT FUNDED — cash exhausted (BUY: 2.99× weekly, month 3.74×, ladder rising; funding priority now 1)"
2016-12-16,UJAAS,RAISE STOP ₹32.04 → ₹40.27 (new box ₹42.60–₹50.35 sealed)
2016-12-19,SWANENERGY,"BUY ₹10.62 at ₹202.30 (fresh Friday signal — BUY: 6.50× weekly, month 6.89×, ladder rising; stop ₹155.80; charges ₹0.01)"
2016-12-22,SWANENERGY,"SELL ₹8.16 at stop ₹155.80 (-23.0%, charges ₹0.01) — the cash goes back to work at the next Friday screen"
2016-12-23,BALMLAWRIE,"RAISE STOP ₹768.17 → ₹997.98 (new box ₹1,050.50–₹1,147.00 sealed)"
2016-12-23,ENGINERSIN,fresh signal REFUSED — falling earnings power
2016-12-23,MOTILALOFS,fresh signal REFUSED — falling earnings power
2016-12-26,BALMLAWRIE,"SELL ₹11.54 at stop ₹997.98 (+17.5%, charges ₹0.01) — the cash goes back to work at the next Friday screen"
2016-12-26,STCINDIA,"BUY ₹8.97 at ₹152.20 (fresh Friday signal — BUY: 3.37× weekly, month 1.67×, ladder rising; stop ₹109.25; charges ₹0.01)"
2016-12-30,ALLSEC,RAISE STOP ₹243.01 → ₹300.39 (new box ₹323.35–₹399.90 sealed)
2016-12-30,DATAMATICS,fresh signal REFUSED — falling earnings power
2016-12-30,WELENT,fresh signal REFUSED — falling earnings power
2017-01-06,ATLASCYCLE,"fresh signal NOT FUNDED — cash exhausted (starved 1×, front of the queue — BUY: 2.35× weekly, month 1.64×, ladder rising; funding priority now 2)"
2017-01-06,CORDSCABLE,"fresh signal NOT FUNDED — cash exhausted (ACCUMULATE: 1.91× weekly, month 8.43×, ladder rising; funding priority now 1)"
2017-01-06,DATAMATICS,fresh signal REFUSED — falling earnings power
2017-01-06,INDIAGLYCO,"fresh signal NOT FUNDED — cash exhausted (starved 1×, front of the queue — BUY: 3.72× weekly, month 2.32×, ladder rising; funding priority now 2)"
2017-01-06,JUBLINDS,"fresh signal NOT FUNDED — cash exhausted (ACCUMULATE: 1.80× weekly, month 1.52×, ladder rising; funding priority now 1)"
2017-01-06,MOIL,fresh signal REFUSED — falling earnings power
2017-01-06,NUCLEUS,"fresh signal NOT FUNDED — cash exhausted (ACCUMULATE: 1.64× weekly, month 3.67×, ladder rising; funding priority now 1)"
2017-01-06,VIMTALABS,"fresh signal NOT FUNDED — cash exhausted (starved 1×, front of the queue — ACCUMULATE: 1.74× weekly, month 1.80×, ladder rising; funding priority now 2)"
2017-01-09,KOHINOOR,"BUY ₹11.02 at ₹91.50 (fresh Friday signal — starved 1×, front of the queue — BUY: 7.58× weekly, month 6.18×, ladder rising; stop ₹53.92; charges ₹0.01)"
2017-01-13,STCINDIA,RAISE STOP ₹109.25 → ₹187.15 (new box ₹197.00–₹229.70 sealed)
2017-01-20,KOHINOOR,RAISE STOP ₹53.92 → ₹77.53 (new box ₹81.65–₹95.40 sealed)
2017-01-20,SHREEPUSHK,RAISE STOP ₹151.34 → ₹172.04 (new box ₹181.10–₹193.50 sealed)
2017-01-27,ALLSEC,RAISE STOP ₹300.39 → ₹386.60 (new box ₹406.95–₹463.90 sealed)
2017-01-27,CPSEETF,RAISE STOP ₹23.40 → ₹24.98 (new box ₹26.29–₹27.90 sealed)
2017-01-27,ESSELPACK,RAISE STOP ₹114.95 → ₹115.95 (new box ₹122.05–₹131.65 sealed)
2017-01-30,STCINDIA,"SELL ₹11.00 at stop ₹187.15 (+23.0%, charges ₹0.01) — the cash goes back to work at the next Friday screen"
2017-02-03,AGARIND,"fresh signal NOT FUNDED — cash exhausted (BUY: 3.66× weekly, month 1.89×, ladder rising; funding priority now 1)"
2017-02-03,BURNPUR,"fresh signal NOT FUNDED — cash exhausted (BUY: 1.70× weekly, month 1.71×, ladder rising; funding priority now 1)"
2017-02-03,GRASIM,"fresh signal NOT FUNDED — cash exhausted (starved 1×, front of the queue — ACCUMULATE: 3.04× weekly, month 1.94×, ladder rising; funding priority now 2)"
2017-02-03,HOVS,"fresh signal NOT FUNDED — cash exhausted (ACCUMULATE: 2.29× weekly, month 4.17×, ladder rising; funding priority now 1)"
2017-02-03,IOC,"fresh signal NOT FUNDED — cash exhausted (ACCUMULATE: 2.28× weekly, month 2.38×, ladder rising; funding priority now 1)"
2017-02-03,MONNETISPA,"fresh signal NOT FUNDED — cash exhausted (BUY: 12.75× weekly, month 9.82×, ladder rising; funding priority now 1)"
2017-02-03,MTNL,"fresh signal NOT FUNDED — cash exhausted (starved 1×, front of the queue — BUY: 6.04× weekly, month 2.44×, ladder rising; funding priority now 2)"
2017-02-03,NFL,"fresh signal NOT FUNDED — cash exhausted (BUY: 10.55× weekly, month 8.16×, ladder rising; funding priority now 1)"
2017-02-03,OFSS,fresh signal REFUSED — falling earnings power
2017-02-03,ORIENTCEM,fresh signal REFUSED — falling earnings power
2017-02-03,RAIN,"fresh signal NOT FUNDED — cash exhausted (starved 1×, front of the queue — BUY: 2.52× weekly, month 3.56×, ladder rising; funding priority now 2)"
2017-02-03,RCF,fresh signal REFUSED — falling earnings power
2017-02-03,SJVN,fresh signal REFUSED — falling earnings power
2017-02-06,SONASTEER,"BUY ₹11.18 at ₹81.90 (fresh Friday signal — starved 1×, front of the queue — BUY: 11.92× weekly, month 8.48×, ladder rising; stop ₹64.17; charges ₹0.01)"
2017-02-09,LUXIND,"SELL ₹9.01 at stop ₹684.00 (-14.4%, charges ₹0.01) — the cash goes back to work at the next Friday screen"
2017-02-10,APARINDS,"fresh signal NOT FUNDED — cash exhausted (starved 1×, front of the queue — BUY: 2.51× weekly, month 1.75×, ladder rising; funding priority now 2)"
2017-02-10,CESC,"fresh signal NOT FUNDED — cash exhausted (BUY: 2.62× weekly, month 1.85×, ladder rising; funding priority now 1)"
2017-02-10,DAAWAT,"fresh signal NOT FUNDED — cash exhausted (BUY: 3.31× weekly, month 6.86×, ladder rising; funding priority now 1)"
2017-02-10,ELECTCAST,fresh signal REFUSED — falling earnings power
2017-02-10,GMRINFRA,"fresh signal NOT FUNDED — cash exhausted (BUY: 3.02× weekly, month 1.53×, ladder rising; funding priority now 1)"
2017-02-10,GODREJIND,fresh signal REFUSED — falling earnings power
2017-02-10,HINDMOTORS,"fresh signal NOT FUNDED — cash exhausted (ACCUMULATE: 2.69× weekly, month 3.30×, ladder rising; funding priority now 1)"
2017-02-10,MAHSEAMLES,fresh signal REFUSED — falling earnings power
2017-02-10,MAITHANALL,"fresh signal NOT FUNDED — cash exhausted (starved 1×, front of the queue — BUY: 4.21× weekly, month 1.81×, ladder rising; funding priority now 2)"
2017-02-10,MAWANASUG,"fresh signal NOT FUNDED — cash exhausted (BUY: 2.75× weekly, month 1.82×, ladder rising; funding priority now 1)"
2017-02-10,MERCK,RAISE STOP ₹902.78 → ₹919.79 (new box ₹968.20–₹999.00 sealed)
2017-02-10,MONNETISPA,"fresh signal NOT FUNDED — cash exhausted (starved 1×, front of the queue — BUY: 2.81× weekly, month 11.09×, ladder rising; funding priority now 2)"
2017-02-10,NAVNETEDUL,"fresh signal NOT FUNDED — cash exhausted (BUY: 1.85× weekly, month 2.14×, ladder rising; funding priority now 1)"
2017-02-10,NFL,"fresh signal NOT FUNDED — cash exhausted (starved 1×, front of the queue — BUY: 1.78× weekly, month 7.14×, ladder rising; funding priority now 2)"
2017-02-10,PRABHAT,"fresh signal NOT FUNDED — cash exhausted (BUY: 7.47× weekly, month 2.18×, ladder rising; funding priority now 1)"
2017-02-10,PRAKASH,"fresh signal NOT FUNDED — cash exhausted (ACCUMULATE: 3.82× weekly, month 3.18×, ladder rising; funding priority now 1)"
2017-02-10,PRESSMN,"fresh signal NOT FUNDED — cash exhausted (BUY: 2.39× weekly, month 12.86×, ladder rising; funding priority now 1)"
2017-02-10,PTC,"fresh signal NOT FUNDED — cash exhausted (BUY: 1.54× weekly, month 1.52×, ladder rising; funding priority now 1)"
2017-02-10,RMCL,"fresh signal NOT FUNDED — cash exhausted (BUY: 1.77× weekly, month 1.97×, ladder rising; funding priority now 1)"
2017-02-10,RPPINFRA,"fresh signal NOT FUNDED — cash exhausted (BUY: 2.21× weekly, month 3.77×, ladder rising; funding priority now 1)"
2017-02-10,SHREEPUSHK,RAISE STOP ₹172.04 → ₹176.18 (new box ₹185.45–₹211.00 sealed)
2017-02-10,SINTEX,"fresh signal NOT FUNDED — cash exhausted (BUY: 1.68× weekly, month 1.51×, ladder rising; funding priority now 1)"
2017-02-10,SONASTEER,RAISE STOP ₹64.17 → ₹75.48 (new box ₹79.45–₹89.95 sealed)
2017-02-10,TORNTPOWER,"fresh signal NOT FUNDED — cash exhausted (BUY: 2.28× weekly, month 2.97×, ladder rising; funding priority now 1)"
2017-02-13,GRASIM,"BUY ₹9.66 at ₹1,014.00 (fresh Friday signal — starved 2×, front of the queue — BUY: 2.17× weekly, month 2.55×, ladder rising; stop ₹861.41; charges ₹0.01)"
2017-02-15,SHREEPUSHK,"SELL ₹10.89 at stop ₹176.18 (-3.3%, charges ₹0.01) — the cash goes back to work at the next Friday screen"
2017-02-17,AJMERA,"fresh signal NOT FUNDED — cash exhausted (ACCUMULATE: 2.11× weekly, month 2.22×, ladder rising; funding priority now 1)"
2017-02-17,ALLSEC,RAISE STOP ₹386.60 → ₹396.15 (new box ₹417.00–₹461.00 sealed)
2017-02-17,CESC,"fresh signal NOT FUNDED — cash exhausted (starved 1×, front of the queue — BUY: 1.75× weekly, month 2.06×, ladder rising; funding priority now 2)"
2017-02-17,CPSEETF,"SELL ₹10.38 at stop ₹24.98 (-0.5%, charges ₹0.01) — the cash goes back to work at the next Friday screen"
2017-02-17,HINDOILEXP,"fresh signal NOT FUNDED — cash exhausted (starved 1×, front of the queue — ACCUMULATE: 1.89× weekly, month 1.57×, ladder rising; funding priority now 2)"
2017-02-17,IGPL,"fresh signal NOT FUNDED — cash exhausted (ACCUMULATE: 2.90× weekly, month 1.70×, ladder rising; funding priority now 1)"
2017-02-17,MAXVIL,"fresh signal NOT FUNDED — cash exhausted (BUY: 2.16× weekly, month 1.77×, ladder rising; funding priority now 1)"
2017-02-17,MOTILALOFS,fresh signal REFUSED — falling earnings power
2017-02-17,NITINSPIN,"fresh signal NOT FUNDED — cash exhausted (BUY: 7.78× weekly, month 3.17×, ladder rising; funding priority now 1)"
2017-02-17,PRESSMN,"fresh signal NOT FUNDED — cash exhausted (starved 1×, front of the queue — BUY: 2.36× weekly, month 15.51×, ladder rising; funding priority now 2)"
2017-02-17,RUCHISOYA,"fresh signal NOT FUNDED — cash exhausted (BUY: 4.56× weekly, month 5.07×, ladder rising; funding priority now 1)"
2017-02-17,SJVN,fresh signal REFUSED — falling earnings power
2017-02-17,VIJAYABANK,RAISE STOP ₹39.32 → ₹56.94 (new box ₹60.05–₹70.40 sealed)
2017-02-17,VMART,fresh signal REFUSED — falling earnings power
2017-02-20,MAWANASUG,"BUY ₹10.47 at ₹79.50 (fresh Friday signal — starved 1×, front of the queue — BUY: 6.41× weekly, month 3.50×, ladder rising; stop ₹55.99; charges ₹0.01)"
2017-02-20,NFL,"BUY ₹10.80 at ₹70.00 (fresh Friday signal — starved 2×, front of the queue — BUY: 2.69× weekly, month 7.77×, ladder rising; stop ₹41.42; charges ₹0.01)"
2017-02-21,ESSELPACK,"SELL ₹9.60 at stop ₹115.95 (-8.3%, charges ₹0.01) — the cash goes back to work at the next Friday screen"
2017-02-21,UJAAS,"SELL ₹9.12 at stop ₹40.27 (-12.5%, charges ₹0.01) — the cash goes back to work at the next Friday screen"
2017-02-23,ARCOTECH,"fresh signal NOT FUNDED — cash exhausted (ACCUMULATE: 1.71× weekly, month 1.95×, ladder rising; funding priority now 1)"
2017-02-23,DHANBANK,"fresh signal NOT FUNDED — cash exhausted (BUY: 5.37× weekly, month 1.64×, ladder rising; funding priority now 1)"
2017-02-23,ELGIRUBCO,"fresh signal NOT FUNDED — cash exhausted (ACCUMULATE: 1.66× weekly, month 1.93×, ladder rising; funding priority now 1)"
2017-02-23,FEDDERLOYD,"fresh signal NOT FUNDED — cash exhausted (starved 1×, front of the queue — ACCUMULATE: 1.68× weekly, month 1.78×, ladder rising; funding priority now 2)"
2017-02-23,GMRINFRA,"fresh signal NOT FUNDED — cash exhausted (starved 1×, front of the queue — BUY: 2.39× weekly, month 1.86×, ladder rising; funding priority now 2)"
2017-02-23,IFBIND,"fresh signal NOT FUNDED — cash exhausted (BUY: 1.93× weekly, month 2.53×, ladder rising; funding priority now 1)"
2017-02-23,JINDALSAW,fresh signal REFUSED — falling earnings power
2017-02-23,JINDALSTEL,fresh signal REFUSED — falling earnings power
2017-02-23,KOTAKNIFTY,"fresh signal NOT FUNDED — cash exhausted (BUY: 2.96× weekly, month 1.77×, ladder rising; funding priority now 1)"
2017-02-23,KTKBANK,"fresh signal NOT FUNDED — cash exhausted (BUY: 3.28× weekly, month 1.63×, ladder rising; funding priority now 1)"
2017-02-23,MAHSEAMLES,fresh signal REFUSED — falling earnings power
2017-02-23,NATCOPHARM,"fresh signal NOT FUNDED — cash exhausted (BUY: 1.56× weekly, month 1.72×, ladder rising; funding priority now 1)"
2017-02-23,NCLIND,"fresh signal NOT FUNDED — cash exhausted (BUY: 2.75× weekly, month 1.55×, ladder rising; funding priority now 1)"
2017-02-23,NFL,RAISE STOP ₹41.42 → ₹60.33 (new box ₹63.50–₹71.50 sealed)
2017-02-23,PTC,"fresh signal NOT FUNDED — cash exhausted (starved 1×, front of the queue — BUY: 3.34× weekly, month 1.99×, ladder rising; funding priority now 2)"
2017-02-23,RADICO,fresh signal REFUSED — falling earnings power
2017-02-23,SICAL,"fresh signal NOT FUNDED — cash exhausted (starved 1×, front of the queue — ACCUMULATE: 1.68× weekly, month 2.50×, ladder rising; funding priority now 2)"
2017-02-23,TTML,fresh signal REFUSED — falling earnings power
2017-02-23,VMART,fresh signal REFUSED — falling earnings power
2017-02-27,KARURVYSYA,"BUY ₹7.94 at ₹99.65 (fresh Friday signal — starved 1×, front of the queue — BUY: 5.67× weekly, month 2.66×, ladder rising; stop ₹85.97; charges ₹0.01)"
2017-02-27,RAIN,"BUY ₹10.77 at ₹88.50 (fresh Friday signal — starved 2×, front of the queue — BUY: 2.20× weekly, month 3.50×, ladder rising; stop ₹72.39; charges ₹0.01)"
2017-03-03,AGARIND,"fresh signal NOT FUNDED — cash exhausted (starved 1×, front of the queue — BUY: 2.83× weekly, month 2.21×, ladder rising; funding priority now 2)"
2017-03-03,AJMERA,"fresh signal NOT FUNDED — cash exhausted (starved 1×, front of the queue — BUY: 2.05× weekly, month 2.30×, ladder rising; funding priority now 2)"
2017-03-03,CONCOR,fresh signal REFUSED — falling earnings power
2017-03-03,DCBBANK,fresh signal REFUSED — falling earnings power
2017-03-03,DHANBANK,"fresh signal NOT FUNDED — cash exhausted (starved 1×, front of the queue — BUY: 7.14× weekly, month 2.95×, ladder rising; funding priority now 2)"
2017-03-03,DLINKINDIA,"fresh signal NOT FUNDED — cash exhausted (BUY: 1.98× weekly, month 2.38×, ladder rising; funding priority now 1)"
2017-03-03,GOLDINFRA,"fresh signal NOT FUNDED — cash exhausted (BUY: 3.22× weekly, month 17.82×, ladder rising; funding priority now 1)"
2017-03-03,IGPL,"fresh signal NOT FUNDED — cash exhausted (starved 1×, front of the queue — ACCUMULATE: 1.51× weekly, month 1.64×, ladder rising; funding priority now 2)"
2017-03-03,JINDALSAW,fresh signal REFUSED — falling earnings power
2017-03-03,JINDALSTEL,fresh signal REFUSED — falling earnings power
2017-03-03,JPASSOCIAT,"fresh signal NOT FUNDED — cash exhausted (starved 1×, front of the queue — BUY: 2.57× weekly, month 2.33×, ladder rising; funding priority now 2)"
2017-03-03,JSLHISAR,"fresh signal NOT FUNDED — cash exhausted (BUY: 1.86× weekly, month 1.54×, ladder rising; funding priority now 1)"
2017-03-03,JUBLFOOD,fresh signal REFUSED — falling earnings power
2017-03-03,KOHINOOR,"SELL ₹9.32 at stop ₹77.53 (-15.3%, charges ₹0.01) — the cash goes back to work at the next Friday screen"
2017-03-03,KTKBANK,"fresh signal NOT FUNDED — cash exhausted (starved 1×, front of the queue — BUY: 3.16× weekly, month 2.19×, ladder rising; funding priority now 2)"
2017-03-03,LITL,"fresh signal NOT FUNDED — cash exhausted (ACCUMULATE: 1.66× weekly, month 1.64×, ladder rising; funding priority now 1)"
2017-03-03,MAWANASUG,RAISE STOP ₹55.99 → ₹67.73 (new box ₹71.30–₹81.80 sealed)
2017-03-03,NCLIND,"fresh signal NOT FUNDED — cash exhausted (starved 1×, front of the queue — ACCUMULATE: 1.58× weekly, month 1.71×, ladder rising; funding priority now 2)"
2017-03-03,PRABHAT,"fresh signal NOT FUNDED — cash exhausted (starved 1×, front of the queue — ACCUMULATE: 3.76× weekly, month 3.48×, ladder rising; funding priority now 2)"
2017-03-03,RIIL,"fresh signal NOT FUNDED — cash exhausted (ACCUMULATE: 2.64× weekly, month 1.95×, ladder rising; funding priority now 1)"
2017-03-03,SINTEX,"fresh signal NOT FUNDED — cash exhausted (starved 1×, front of the queue — ACCUMULATE: 2.01× weekly, month 1.70×, ladder rising; funding priority now 2)"
2017-03-03,TTML,fresh signal REFUSED — falling earnings power
2017-03-03,UNIPLY,"fresh signal NOT FUNDED — cash exhausted (BUY: 2.85× weekly, month 1.72×, ladder rising; funding priority now 1)"
2017-03-03,VASCONEQ,"fresh signal NOT FUNDED — cash exhausted (ACCUMULATE: 2.34× weekly, month 1.58×, ladder rising; funding priority now 1)"
2017-03-06,GMRINFRA,"BUY ₹9.32 at ₹16.50 (fresh Friday signal — starved 2×, front of the queue — BUY: 2.56× weekly, month 2.02×, ladder rising; stop ₹13.96; charges ₹0.01)"
2017-03-08,ALLSEC,"SELL ₹11.77 at stop ₹396.15 (+13.1%, charges ₹0.01) — the cash goes back to work at the next Friday screen"
2017-03-10,AGARIND,"fresh signal NOT FUNDED — cash exhausted (starved 2×, front of the queue — BUY: 1.71× weekly, month 1.59×, ladder rising; funding priority now 3)"
2017-03-10,ASTRAL,"fresh signal NOT FUNDED — cash exhausted (starved 1×, front of the queue — BUY: 6.21× weekly, month 2.80×, ladder rising; funding priority now 2)"
2017-03-10,AVANTIFEED,"fresh signal NOT FUNDED — cash exhausted (BUY: 2.39× weekly, month 2.50×, ladder rising; funding priority now 1)"
2017-03-10,DCBBANK,fresh signal REFUSED — falling earnings power
2017-03-10,EDELWEISS,"fresh signal NOT FUNDED — cash exhausted (starved 1×, front of the queue — ACCUMULATE: 2.76× weekly, month 1.95×, ladder rising; funding priority now 2)"
2017-03-10,GMRINFRA,RAISE STOP ₹13.96 → ₹14.82 (new box ₹15.60–₹17.30 sealed)
2017-03-10,GRASIM,"RAISE STOP ₹861.41 → ₹927.01 (new box ₹975.80–₹1,077.40 sealed)"
2017-03-10,IIFL,"fresh signal NOT FUNDED — cash exhausted (ACCUMULATE: 1.56× weekly, month 2.00×, ladder rising; funding priority now 1)"
2017-03-10,JUSTDIAL,fresh signal REFUSED — falling earnings power
2017-03-10,KARURVYSYA,RAISE STOP ₹85.97 → ₹91.82 (new box ₹96.65–₹102.80 sealed)
2017-03-10,MERCK,"RAISE STOP ₹919.79 → ₹941.26 (new box ₹991.05–₹1,157.00 sealed)"
2017-03-10,NFL,RAISE STOP ₹60.33 → ₹65.12 (new box ₹68.55–₹78.55 sealed)
2017-03-10,NIFTYBEES,"fresh signal NOT FUNDED — cash exhausted (ACCUMULATE: 2.88× weekly, month 1.89×, ladder rising; funding priority now 1)"
2017-03-10,NIFTYIWIN,"fresh signal NOT FUNDED — cash exhausted (ACCUMULATE: 8.42× weekly, month 17.21×, ladder rising; funding priority now 1)"
2017-03-10,RAYMOND,"fresh signal NOT FUNDED — cash exhausted (ACCUMULATE: 1.92× weekly, month 5.19×, ladder rising; funding priority now 1)"
2017-03-10,RESPONIND,"fresh signal NOT FUNDED — cash exhausted (ACCUMULATE: 4.83× weekly, month 110.83×, ladder rising; funding priority now 1)"
2017-03-10,RUCHISOYA,"fresh signal NOT FUNDED — cash exhausted (starved 1×, front of the queue — ACCUMULATE: 1.85× weekly, month 3.08×, ladder rising; funding priority now 2)"
2017-03-10,VADILALIND,"fresh signal NOT FUNDED — cash exhausted (BUY: 16.07× weekly, month 3.17×, ladder rising; funding priority now 1)"
2017-03-10,VMART,fresh signal REFUSED — falling earnings power
2017-03-10,WOCKPHARMA,fresh signal REFUSED — falling earnings power
2017-03-14,MTNL,"BUY ₹10.69 at ₹24.75 (fresh Friday signal — starved 2×, front of the queue — BUY: 2.88× weekly, month 2.04×, ladder rising; stop ₹19.91; charges ₹0.01)"
2017-03-17,MTNL,RAISE STOP ₹19.91 → ₹22.61 (new box ₹23.80–₹26.60 sealed)
2017-03-17,RAIN,RAISE STOP ₹72.39 → ₹93.77 (new box ₹98.70–₹109.20 sealed)
2017-03-17,VIJAYABANK,RAISE STOP ₹56.94 → ₹59.24 (new box ₹62.65–₹74.00 sealed)
2017-03-24,MAWANASUG,RAISE STOP ₹67.73 → ₹81.37 (new box ₹85.65–₹92.75 sealed)
2017-03-29,MAWANASUG,"SELL ₹10.69 at stop ₹81.37 (+2.4%, charges ₹0.01) — the cash goes back to work at the next Friday screen"
2017-03-31,AKZOINDIA,"fresh signal NOT FUNDED — cash exhausted (starved 1×, front of the queue — BUY: 2.65× weekly, month 2.23×, ladder rising; funding priority now 2)"
2017-03-31,BFUTILITIE,"fresh signal NOT FUNDED — cash exhausted (BUY: 1.57× weekly, month 1.90×, ladder rising; funding priority now 1)"
2017-03-31,BLUESTARCO,"fresh signal NOT FUNDED — cash exhausted (BUY: 3.88× weekly, month 2.78×, ladder rising; funding priority now 1)"
2017-03-31,BOMDYEING,"fresh signal NOT FUNDED — cash exhausted (starved 1×, front of the queue — BUY: 2.85× weekly, month 4.20×, ladder rising; funding priority now 2)"
2017-03-31,CENTENKA,"fresh signal NOT FUNDED — cash exhausted (starved 1×, front of the queue — BUY: 1.78× weekly, month 3.52×, ladder rising; funding priority now 2)"
2017-03-31,CONCOR,fresh signal REFUSED — falling earnings power
2017-03-31,EDELWEISS,fresh signal REFUSED — falling earnings power
2017-03-31,ELECTCAST,fresh signal REFUSED — falling earnings power
2017-03-31,EROSMEDIA,"fresh signal NOT FUNDED — cash exhausted (BUY: 6.24× weekly, month 4.26×, ladder rising; funding priority now 1)"
2017-03-31,FLFL,"fresh signal NOT FUNDED — cash exhausted (BUY: 19.50× weekly, month 7.20×, ladder rising; funding priority now 1)"
2017-03-31,GUJFLUORO,"fresh signal NOT FUNDED — cash exhausted (BUY: 4.56× weekly, month 4.57×, ladder rising; funding priority now 1)"
2017-03-31,GUJGASLTD,"fresh signal NOT FUNDED — cash exhausted (BUY: 1.84× weekly, month 2.23×, ladder rising; funding priority now 1)"
2017-03-31,INOXLEISUR,"fresh signal NOT FUNDED — cash exhausted (BUY: 2.60× weekly, month 1.69×, ladder rising; funding priority now 1)"
2017-03-31,IOC,"fresh signal NOT FUNDED — cash exhausted (starved 1×, front of the queue — ACCUMULATE: 1.73× weekly, month 1.53×, ladder rising; funding priority now 2)"
2017-03-31,ITI,"fresh signal NOT FUNDED — cash exhausted (ACCUMULATE: 1.77× weekly, month 3.28×, ladder rising; funding priority now 1)"
2017-03-31,JETAIRWAYS,"fresh signal NOT FUNDED — cash exhausted (BUY: 1.58× weekly, month 1.89×, ladder rising; funding priority now 1)"
2017-03-31,KALPATPOWR,"fresh signal NOT FUNDED — cash exhausted (starved 1×, front of the queue — BUY: 6.11× weekly, month 1.59×, ladder rising; funding priority now 2)"
2017-03-31,KEC,"fresh signal NOT FUNDED — cash exhausted (BUY: 2.41× weekly, month 2.58×, ladder rising; funding priority now 1)"
2017-03-31,NITINSPIN,"fresh signal NOT FUNDED — cash exhausted (starved 1×, front of the queue — BUY: 1.53× weekly, month 1.54×, ladder rising; funding priority now 2)"
2017-03-31,PRESTIGE,fresh signal REFUSED — falling earnings power
2017-03-31,RDEL,"fresh signal NOT FUNDED — cash exhausted (BUY: 3.09× weekly, month 1.60×, ladder rising; funding priority now 1)"
2017-03-31,SHAKTIPUMP,"fresh signal NOT FUNDED — cash exhausted (BUY: 3.23× weekly, month 1.92×, ladder rising; funding priority now 1)"
2017-03-31,SHOPERSTOP,"fresh signal NOT FUNDED — cash exhausted (BUY: 2.38× weekly, month 3.33×, ladder rising; funding priority now 1)"
2017-03-31,SYMPHONY,"fresh signal NOT FUNDED — cash exhausted (ACCUMULATE: 2.58× weekly, month 1.85×, ladder rising; funding priority now 1)"
2017-03-31,VADILALIND,"fresh signal NOT FUNDED — cash exhausted (starved 1×, front of the queue — BUY: 4.20× weekly, month 6.39×, ladder rising; funding priority now 2)"
2017-03-31,VIJAYABANK,RAISE STOP ₹59.24 → ₹61.08 (new box ₹64.30–₹66.65 sealed)
2017-03-31,WABAG,fresh signal REFUSED — falling earnings power
2017-03-31,WELENT,"fresh signal NOT FUNDED — cash exhausted (BUY: 5.36× weekly, month 2.73×, ladder rising; funding priority now 1)"
2017-03-31,WHIRLPOOL,"fresh signal NOT FUNDED — cash exhausted (starved 1×, front of the queue — BUY: 2.23× weekly, month 2.08×, ladder rising; funding priority now 2)"
2017-04-03,SINTEX,"BUY ₹11.05 at ₹105.95 (fresh Friday signal — starved 2×, front of the queue — BUY: 1.59× weekly, month 1.95×, ladder rising; stop ₹90.77; charges ₹0.01)"
2017-04-03,TAX,"FY2017 settled: ₹0.55 paid (STCG ₹2.76 @20%, LTCG ₹0.00 @12.5%; losses carried forward ST ₹0.00 / LT ₹0.00)"
2017-04-13,KARURVYSYA,RAISE STOP ₹91.82 → ₹107.54 (new box ₹113.20–₹119.00 sealed)
2017-04-13,RAIN,RAISE STOP ₹93.77 → ₹96.95 (new box ₹102.05–₹114.70 sealed)
2017-04-21,GRASIM,"RAISE STOP ₹927.01 → ₹995.60 (new box ₹1,048.00–₹1,098.00 sealed)"
2017-04-21,KARURVYSYA,RAISE STOP ₹107.54 → ₹110.29 (new box ₹116.10–₹122.85 sealed)
2017-04-21,MERCK,"RAISE STOP ₹941.26 → ₹1,045.00 (new box ₹1,100.00–₹1,199.00 sealed)"
2017-04-21,VIJAYABANK,RAISE STOP ₹61.08 → ₹64.79 (new box ₹68.20–₹72.45 sealed)
2017-04-28,MTNL,RAISE STOP ₹22.61 → ₹24.18 (new box ₹25.45–₹27.45 sealed)
2017-05-04,MTNL,"SELL ₹10.42 at stop ₹24.18 (-2.3%, charges ₹0.01) — the cash goes back to work at the next Friday screen"
2017-05-05,ANDHRABANK,"fresh signal NOT FUNDED — cash exhausted (BUY: 1.98× weekly, month 1.60×, ladder rising; funding priority now 1)"
2017-05-05,ASTRAMICRO,"fresh signal NOT FUNDED — cash exhausted (BUY: 2.22× weekly, month 2.38×, ladder rising; funding priority now 1)"
2017-05-05,BHUSANSTL,"fresh signal NOT FUNDED — cash exhausted (ACCUMULATE: 1.94× weekly, month 3.86×, ladder rising; funding priority now 1)"
2017-05-05,CANFINHOME,"fresh signal NOT FUNDED — cash exhausted (BUY: 2.12× weekly, month 2.45×, ladder rising; funding priority now 1)"
2017-05-05,CORPBANK,"fresh signal NOT FUNDED — cash exhausted (BUY: 2.13× weekly, month 2.40×, ladder rising; funding priority now 1)"
2017-05-05,DENABANK,"fresh signal NOT FUNDED — cash exhausted (BUY: 4.22× weekly, month 3.22×, ladder rising; funding priority now 1)"
2017-05-05,FEDERALBNK,"fresh signal NOT FUNDED — cash exhausted (BUY: 3.34× weekly, month 1.80×, ladder rising; funding priority now 1)"
2017-05-05,GICHSGFIN,"fresh signal NOT FUNDED — cash exhausted (BUY: 2.89× weekly, month 4.69×, ladder rising; funding priority now 1)"
2017-05-05,GINNIFILA,"fresh signal NOT FUNDED — cash exhausted (BUY: 2.18× weekly, month 2.64×, ladder rising; funding priority now 1)"
2017-05-05,GODREJPROP,"fresh signal NOT FUNDED — cash exhausted (BUY: 7.99× weekly, month 4.61×, ladder rising; funding priority now 1)"
2017-05-05,GRASIM,"RAISE STOP ₹995.60 → ₹1,082.91 (new box ₹1,139.90–₹1,198.90 sealed)"
2017-05-05,IDFC,"fresh signal NOT FUNDED — cash exhausted (BUY: 1.94× weekly, month 1.88×, ladder rising; funding priority now 1)"
2017-05-05,JKTYRE,fresh signal REFUSED — falling earnings power
2017-05-05,MASTEK,"fresh signal NOT FUNDED — cash exhausted (BUY: 1.84× weekly, month 3.72×, ladder rising; funding priority now 1)"
2017-05-05,MEP,"fresh signal NOT FUNDED — cash exhausted (ACCUMULATE: 1.73× weekly, month 3.87×, ladder rising; funding priority now 1)"
2017-05-05,MOTILALOFS,"fresh signal NOT FUNDED — cash exhausted (BUY: 2.50× weekly, month 2.16×, ladder rising; funding priority now 1)"
2017-05-05,NFL,RAISE STOP ₹65.12 → ₹73.15 (new box ₹77.00–₹81.50 sealed)
2017-05-05,PSB,"fresh signal NOT FUNDED — cash exhausted (BUY: 3.13× weekly, month 2.22×, ladder rising; funding priority now 1)"
2017-05-05,RAYMOND,"fresh signal NOT FUNDED — cash exhausted (starved 1×, front of the queue — ACCUMULATE: 1.81× weekly, month 3.59×, ladder rising; funding priority now 2)"
2017-05-05,SHAKTIPUMP,"fresh signal NOT FUNDED — cash exhausted (starved 1×, front of the queue — BUY: 1.62× weekly, month 4.03×, ladder rising; funding priority now 2)"
2017-05-05,SOBHA,fresh signal REFUSED — falling earnings power
2017-05-05,SYNDIBANK,"fresh signal NOT FUNDED — cash exhausted (BUY: 4.74× weekly, month 1.62×, ladder rising; funding priority now 1)"
2017-05-05,TTKPRESTIG,"fresh signal NOT FUNDED — cash exhausted (starved 1×, front of the queue — BUY: 1.83× weekly, month 1.73×, ladder rising; funding priority now 2)"
2017-05-05,UCOBANK,"fresh signal NOT FUNDED — cash exhausted (BUY: 2.99× weekly, month 1.51×, ladder rising; funding priority now 1)"
2017-05-08,KTKBANK,"BUY ₹10.59 at ₹167.05 (fresh Friday signal — starved 2×, front of the queue — BUY: 1.62× weekly, month 2.16×, ladder rising; stop ₹141.60; charges ₹0.01)"
2017-05-12,GMRINFRA,RAISE STOP ₹14.82 → ₹15.08 (new box ₹15.90–₹18.65 sealed)
2017-05-12,SINTEX,RAISE STOP ₹90.77 → ₹103.74 (new box ₹109.20–₹117.60 sealed)
2017-05-19,AVANTIFEED,"fresh signal NOT FUNDED — cash exhausted (starved 1×, front of the queue — BUY: 8.99× weekly, month 3.76×, ladder rising; funding priority now 2)"
2017-05-19,BHUSANSTL,"fresh signal NOT FUNDED — cash exhausted (starved 1×, front of the queue — BUY: 2.88× weekly, month 5.05×, ladder rising; funding priority now 2)"
2017-05-19,CEATLTD,fresh signal REFUSED — falling earnings power
2017-05-19,EIHOTEL,fresh signal REFUSED — falling earnings power
2017-05-19,GUFICBIO,"fresh signal NOT FUNDED — cash exhausted (starved 1×, front of the queue — BUY: 9.65× weekly, month 4.15×, ladder rising; funding priority now 2)"
2017-05-19,HOVS,"fresh signal NOT FUNDED — cash exhausted (starved 1×, front of the queue — BUY: 3.24× weekly, month 1.90×, ladder rising; funding priority now 2)"
2017-05-19,JKCEMENT,"fresh signal NOT FUNDED — cash exhausted (BUY: 3.65× weekly, month 1.62×, ladder rising; funding priority now 1)"
2017-05-19,KAMATHOTEL,"fresh signal NOT FUNDED — cash exhausted (BUY: 1.55× weekly, month 9.72×, ladder rising; funding priority now 1)"
2017-05-19,KTKBANK,RAISE STOP ₹141.60 → ₹154.85 (new box ₹163.00–₹176.20 sealed)
2017-05-19,MERCK,"SELL ₹9.04 at stop ₹1,045.00 (+8.6%, charges ₹0.01) — the cash goes back to work at the next Friday screen"
2017-05-19,MIRZAINT,"fresh signal NOT FUNDED — cash exhausted (BUY: 2.60× weekly, month 4.61×, ladder rising; funding priority now 1)"
2017-05-19,MRPL,"fresh signal NOT FUNDED — cash exhausted (BUY: 3.26× weekly, month 1.90×, ladder rising; funding priority now 1)"
2017-05-19,PEL,"fresh signal NOT FUNDED — cash exhausted (starved 2×, front of the queue — BUY: 3.73× weekly, month 2.18×, ladder rising; funding priority now 3)"
2017-05-19,SHALPAINTS,"fresh signal NOT FUNDED — cash exhausted (starved 1×, front of the queue — BUY: 3.61× weekly, month 4.60×, ladder rising; funding priority now 2)"
2017-05-19,SUMEETINDS,"fresh signal NOT FUNDED — cash exhausted (starved 1×, front of the queue — BUY: 8.84× weekly, month 1.57×, ladder rising; funding priority now 2)"
2017-05-19,TALWALKARS,"fresh signal NOT FUNDED — cash exhausted (BUY: 1.88× weekly, month 1.68×, ladder rising; funding priority now 1)"
2017-05-19,VIJAYABANK,RAISE STOP ₹64.79 → ₹78.29 (new box ₹82.70–₹97.40 sealed)
2017-05-19,WELCORP,fresh signal REFUSED — falling earnings power
2017-05-22,SHAKTIPUMP,"BUY ₹9.04 at ₹334.00 (fresh Friday signal — starved 2×, front of the queue — BUY: 5.25× weekly, month 4.33×, ladder rising; stop ₹248.90; charges ₹0.01)"
2017-05-23,KTKBANK,"SELL ₹9.79 at stop ₹154.85 (-7.3%, charges ₹0.01) — the cash goes back to work at the next Friday screen"
2017-05-23,RAIN,"SELL ₹11.77 at stop ₹96.95 (+9.5%, charges ₹0.01) — the cash goes back to work at the next Friday screen"
2017-05-23,SINTEX,"SELL ₹10.79 at stop ₹103.74 (-2.1%, charges ₹0.01) — the cash goes back to work at the next Friday screen"
2017-05-23,VIJAYABANK,"SELL ₹16.52 at stop ₹78.29 (+58.0%, charges ₹0.02) — the cash goes back to work at the next Friday screen"
2017-05-24,GMRINFRA,"SELL ₹8.50 at stop ₹15.08 (-8.6%, charges ₹0.01) — the cash goes back to work at the next Friday screen"
2017-05-26,NFL,RAISE STOP ₹73.15 → ₹74.38 (new box ₹78.30–₹89.45 sealed)
2017-05-26,WALCHANNAG,"fresh signal NOT FUNDED — cash exhausted (ACCUMULATE: 2.55× weekly, month 2.77×, ladder rising; funding priority now 1)"
2017-05-29,AVANTIFEED,"BUY ₹11.17 at ₹1,423.00 (fresh Friday signal — starved 2×, front of the queue — ACCUMULATE: 2.16× weekly, month 4.65×, ladder rising; stop ₹1,187.50; charges ₹0.01)"
2017-05-29,DAAWAT,"BUY ₹11.15 at ₹75.85 (fresh Friday signal — starved 1×, front of the queue — BUY: 3.24× weekly, month 1.54×, ladder rising; stop ₹59.66; charges ₹0.01)"
2017-05-29,HOVS,"BUY ₹11.24 at ₹324.70 (fresh Friday signal — starved 2×, front of the queue — BUY: 2.64× weekly, month 2.39×, ladder rising; stop ₹189.53; charges ₹0.01)"
2017-05-29,MEP,"BUY ₹11.13 at ₹69.25 (fresh Friday signal — starved 1×, front of the queue — ACCUMULATE: 1.82× weekly, month 4.19×, ladder rising; stop ₹59.81; charges ₹0.01)"
2017-05-29,VOLTAS,"BUY ₹11.17 at ₹496.90 (fresh Friday signal — BUY: 4.55× weekly, month 1.70×, ladder rising; stop ₹383.23; charges ₹0.01)"
2017-06-02,DAAWAT,RAISE STOP ₹59.66 → ₹65.59 (new box ₹70.00–₹84.70 sealed)
2017-06-02,VOLTAS,RAISE STOP ₹383.23 → ₹453.86 (new box ₹477.75–₹501.75 sealed)
2017-06-09,SHAKTIPUMP,RAISE STOP ₹248.90 → ₹357.49 (new box ₹376.30–₹425.80 sealed)
2017-06-16,MEP,RAISE STOP ₹59.81 → ₹82.47 (new box ₹87.30–₹103.40 sealed)
2017-06-16,SHAKTIPUMP,RAISE STOP ₹357.49 → ₹415.62 (new box ₹437.50–₹464.95 sealed)
2017-06-16,VOLTAS,RAISE STOP ₹453.86 → ₹456.19 (new box ₹480.20–₹514.00 sealed)
2017-06-22,DAAWAT,"SELL ₹9.62 at stop ₹65.59 (-13.5%, charges ₹0.01) — the cash goes back to work at the next Friday screen"
2017-06-23,MONTECARLO,"fresh signal NOT FUNDED — cash exhausted (ACCUMULATE: 1.56× weekly, month 3.01×, ladder rising; funding priority now 1)"
2017-06-23,NFL,"SELL ₹11.45 at stop ₹74.38 (+6.3%, charges ₹0.01) — the cash goes back to work at the next Friday screen"
2017-06-23,SONASTEER,RAISE STOP ₹75.48 → ₹81.22 (new box ₹85.50–₹96.75 sealed)
2017-06-23,VOLTAS,"SELL ₹10.24 at stop ₹456.19 (-8.2%, charges ₹0.01) — the cash goes back to work at the next Friday screen"
2017-06-27,BBL,"BUY ₹9.55 at ₹1,420.00 (fresh Friday signal — BUY: 5.07× weekly, month 3.38×, ladder rising; stop ₹1,117.77; charges ₹0.01)"
2017-06-27,EVERESTIND,"BUY ₹11.59 at ₹365.20 (fresh Friday signal — BUY: 7.06× weekly, month 4.53×, ladder rising; stop ₹281.87; charges ₹0.01)"
2017-06-27,GOACARBON,"BUY ₹11.67 at ₹248.70 (fresh Friday signal — BUY: 9.59× weekly, month 4.76×, ladder rising; stop ₹148.25; charges ₹0.01)"
2017-06-28,SHAKTIPUMP,"SELL ₹11.22 at stop ₹415.62 (+24.4%, charges ₹0.01) — the cash goes back to work at the next Friday screen"
2017-06-30,BASF,"fresh signal NOT FUNDED — cash exhausted (BUY: 1.91× weekly, month 1.96×, ladder rising; funding priority now 1)"
2017-06-30,BEPL,"fresh signal NOT FUNDED — cash exhausted (BUY: 2.55× weekly, month 3.44×, ladder rising; funding priority now 1)"
2017-06-30,HEG,fresh signal REFUSED — falling earnings power
2017-06-30,KARURVYSYA,RAISE STOP ₹110.29 → ₹128.39 (new box ₹135.15–₹153.00 sealed)
2017-06-30,VENKEYS,"fresh signal NOT FUNDED — cash exhausted (BUY: 3.61× weekly, month 1.67×, ladder rising; funding priority now 1)"
2017-07-03,GVKPIL,"BUY ₹11.22 at ₹8.90 (fresh Friday signal — BUY: 4.75× weekly, month 2.80×, ladder rising; stop ₹5.83; charges ₹0.01)"
2017-07-07,BBL,"RAISE STOP ₹1,117.77 → ₹1,279.03 (new box ₹1,346.35–₹1,500.00 sealed)"
2017-07-07,EVERESTIND,RAISE STOP ₹281.87 → ₹318.64 (new box ₹342.35–₹421.40 sealed)
2017-07-07,GOACARBON,RAISE STOP ₹148.25 → ₹212.73 (new box ₹225.60–₹268.50 sealed)
2017-07-07,GVKPIL,RAISE STOP ₹5.83 → ₹7.32 (new box ₹7.75–₹9.20 sealed)
2017-07-07,MEP,RAISE STOP ₹82.47 → ₹102.98 (new box ₹108.40–₹122.00 sealed)
2017-07-13,GVKPIL,"SELL ₹9.21 at stop ₹7.32 (-17.8%, charges ₹0.01) — the cash goes back to work at the next Friday screen"
2017-07-14,BANKBEES,"fresh signal NOT FUNDED — cash exhausted (starved 1×, front of the queue — BUY: 1.82× weekly, month 1.86×, ladder rising; funding priority now 2)"
2017-07-14,BIRLAMONEY,"fresh signal NOT FUNDED — cash exhausted (BUY: 1.67× weekly, month 9.81×, ladder rising; funding priority now 1)"
2017-07-14,CAPLIPOINT,"fresh signal NOT FUNDED — cash exhausted (BUY: 1.57× weekly, month 1.72×, ladder rising; funding priority now 1)"
2017-07-14,GRAPHITE,fresh signal REFUSED — falling earnings power
2017-07-14,GRASIM,"RAISE STOP ₹1,082.91 → ₹1,180.47 (new box ₹1,242.60–₹1,294.10 sealed)"
2017-07-14,MEGH,"fresh signal NOT FUNDED — cash exhausted (BUY: 1.68× weekly, month 2.08×, ladder rising; funding priority now 1)"
2017-07-14,NETWORK18,fresh signal REFUSED — falling earnings power
2017-07-14,NIITTECH,"fresh signal NOT FUNDED — cash exhausted (BUY: 1.55× weekly, month 1.67×, ladder rising; funding priority now 1)"
2017-07-14,PHOENIXLTD,"fresh signal NOT FUNDED — cash exhausted (BUY: 2.09× weekly, month 2.05×, ladder rising; funding priority now 1)"
2017-07-14,PURVA,"fresh signal NOT FUNDED — cash exhausted (BUY: 2.05× weekly, month 1.69×, ladder rising; funding priority now 1)"
2017-07-14,RML,"fresh signal NOT FUNDED — cash exhausted (BUY: 3.37× weekly, month 1.74×, ladder rising; funding priority now 1)"
2017-07-14,SONASTEER,RAISE STOP ₹81.22 → ₹111.24 (new box ₹117.10–₹131.90 sealed)
2017-07-14,TATAINVEST,fresh signal REFUSED — falling earnings power
2017-07-14,VETO,"fresh signal NOT FUNDED — cash exhausted (BUY: 10.87× weekly, month 5.50×, ladder rising; funding priority now 1)"
2017-07-17,BALAJITELE,"BUY ₹9.21 at ₹175.35 (fresh Friday signal — starved 1×, front of the queue — BUY: 2.65× weekly, month 3.72×, ladder rising; stop ₹121.33; charges ₹0.01)"
2017-07-18,BBL,"SELL ₹8.59 at stop ₹1,279.03 (-9.9%, charges ₹0.01) — the cash goes back to work at the next Friday screen"
2017-07-18,SONASTEER,"SELL ₹15.15 at stop ₹111.24 (+35.8%, charges ₹0.02) — the cash goes back to work at the next Friday screen"
2017-07-19,GRASIM,"SELL ₹11.22 at stop ₹1,180.47 (+16.4%, charges ₹0.01) — the cash goes back to work at the next Friday screen"
2017-07-21,ARCOTECH,"fresh signal NOT FUNDED — cash exhausted (starved 1×, front of the queue — ACCUMULATE: 2.62× weekly, month 2.01×, ladder rising; funding priority now 2)"
2017-07-21,AVANTIFEED,"RAISE STOP ₹1,187.50 → ₹1,481.05 (new box ₹1,559.00–₹1,660.00 sealed)"
2017-07-21,BALAJITELE,RAISE STOP ₹121.33 → ₹149.25 (new box ₹157.10–₹177.45 sealed)
2017-07-21,BEPL,"fresh signal NOT FUNDED — cash exhausted (starved 1×, front of the queue — BUY: 1.73× weekly, month 3.69×, ladder rising; funding priority now 2)"
2017-07-21,GENESYS,"fresh signal NOT FUNDED — cash exhausted (ACCUMULATE: 4.12× weekly, month 8.41×, ladder rising; funding priority now 1)"
2017-07-21,HEG,fresh signal REFUSED — falling earnings power
2017-07-21,IMFA,"fresh signal NOT FUNDED — cash exhausted (BUY: 3.04× weekly, month 1.77×, ladder rising; funding priority now 1)"
2017-07-21,JPINFRATEC,"fresh signal NOT FUNDED — cash exhausted (ACCUMULATE: 1.71× weekly, month 5.53×, ladder rising; funding priority now 1)"
2017-07-21,MEGH,"fresh signal NOT FUNDED — cash exhausted (starved 1×, front of the queue — ACCUMULATE: 1.80× weekly, month 2.40×, ladder rising; funding priority now 2)"
2017-07-21,MEP,RAISE STOP ₹102.98 → ₹115.55 (new box ₹123.50–₹150.00 sealed)
2017-07-21,NATIONALUM,fresh signal REFUSED — falling earnings power
2017-07-21,NDL,"fresh signal NOT FUNDED — cash exhausted (starved 1×, front of the queue — BUY: 2.49× weekly, month 1.66×, ladder rising; funding priority now 2)"
2017-07-21,PGEL,"fresh signal NOT FUNDED — cash exhausted (BUY: 2.19× weekly, month 1.77×, ladder rising; funding priority now 1)"
2017-07-21,SAREGAMA,fresh signal REFUSED — falling earnings power
2017-07-21,SREINFRA,"fresh signal NOT FUNDED — cash exhausted (BUY: 3.06× weekly, month 1.74×, ladder rising; funding priority now 1)"
2017-07-21,TATAINVEST,fresh signal REFUSED — falling earnings power
2017-07-21,VINDHYATEL,"fresh signal NOT FUNDED — cash exhausted (BUY: 1.87× weekly, month 1.85×, ladder rising; funding priority now 1)"
2017-07-24,PRAKASH,"BUY ₹12.59 at ₹136.30 (fresh Friday signal — starved 1×, front of the queue — BUY: 3.50× weekly, month 3.05×, ladder rising; stop ₹78.91; charges ₹0.01)"
2017-07-24,RML,"BUY ₹12.59 at ₹550.00 (fresh Friday signal — starved 1×, front of the queue — BUY: 5.26× weekly, month 1.84×, ladder rising; stop ₹447.55; charges ₹0.01)"
2017-07-24,VETO,"BUY ₹9.79 at ₹226.00 (fresh Friday signal — starved 1×, front of the queue — BUY: 3.22× weekly, month 7.43×, ladder rising; stop ₹167.68; charges ₹0.01)"
2017-07-27,MEP,"SELL ₹18.54 at stop ₹115.55 (+66.9%, charges ₹0.02) — the cash goes back to work at the next Friday screen"
2017-07-28,DALMIABHA,"fresh signal NOT FUNDED — cash exhausted (ACCUMULATE: 1.53× weekly, month 1.55×, ladder rising; funding priority now 1)"
2017-07-28,JPINFRATEC,"fresh signal NOT FUNDED — cash exhausted (starved 1×, front of the queue — BUY: 1.85× weekly, month 4.10×, ladder rising; funding priority now 2)"
2017-07-28,NETWORK18,fresh signal REFUSED — falling earnings power
2017-07-28,PRAKASH,RAISE STOP ₹78.91 → ₹123.97 (new box ₹130.50–₹139.50 sealed)
2017-07-28,SAREGAMA,fresh signal REFUSED — falling earnings power
2017-07-28,TATAINVEST,fresh signal REFUSED — falling earnings power
2017-07-28,VINDHYATEL,"fresh signal NOT FUNDED — cash exhausted (starved 1×, front of the queue — BUY: 1.82× weekly, month 2.39×, ladder rising; funding priority now 2)"
2017-07-28,WELCORP,fresh signal REFUSED — falling earnings power
2017-07-31,BEML,"BUY ₹6.24 at ₹1,673.00 (fresh Friday signal — starved 1×, front of the queue — BUY: 2.01× weekly, month 1.59×, ladder rising; stop ₹1,438.35; charges ₹0.01)"
2017-07-31,TUBEINVEST,"BUY ₹12.30 at ₹756.00 (fresh Friday signal — starved 1×, front of the queue — ACCUMULATE: 3.66× weekly, month 2.21×, ladder rising; stop ₹680.20; charges ₹0.01)"
2017-08-10,AVANTIFEED,"SELL ₹11.60 at stop ₹1,481.05 (+4.1%, charges ₹0.01) — the cash goes back to work at the next Friday screen"
2017-08-10,BALAJITELE,"SELL ₹7.82 at stop ₹149.25 (-14.9%, charges ₹0.01) — the cash goes back to work at the next Friday screen"
2017-08-10,BEML,"SELL ₹5.35 at stop ₹1,438.35 (-14.0%, charges ₹0.01) — the cash goes back to work at the next Friday screen"
2017-08-10,EVERESTIND,"SELL ₹10.09 at stop ₹318.64 (-12.7%, charges ₹0.01) — the cash goes back to work at the next Friday screen"
2017-08-10,KARURVYSYA,"SELL ₹10.21 at stop ₹128.39 (+28.8%, charges ₹0.01) — the cash goes back to work at the next Friday screen"
2017-08-11,GRAPHITE,fresh signal REFUSED — falling earnings power
2017-08-11,JUBLFOOD,fresh signal REFUSED — falling earnings power
2017-08-11,PRAKASH,"SELL ₹11.42 at stop ₹123.97 (-9.0%, charges ₹0.01) — the cash goes back to work at the next Friday screen"
2017-08-11,VETO,RAISE STOP ₹167.68 → ₹200.31 (new box ₹210.85–₹228.40 sealed)
2017-08-14,FRETAIL,"BUY ₹11.52 at ₹452.95 (fresh Friday signal — ACCUMULATE: 1.82× weekly, month 2.34×, ladder rising; stop ₹377.15; charges ₹0.01)"
2017-08-14,INSECTICID,"BUY ₹11.49 at ₹771.85 (fresh Friday signal — BUY: 3.90× weekly, month 2.53×, ladder rising; stop ₹669.32; charges ₹0.01)"
2017-08-14,UTTAMSUGAR,"BUY ₹11.43 at ₹188.00 (fresh Friday signal — BUY: 5.58× weekly, month 1.92×, ladder rising; stop ₹147.25; charges ₹0.01)"
2017-08-14,VETO,"SELL ₹8.66 at stop ₹200.31 (-11.4%, charges ₹0.01) — the cash goes back to work at the next Friday screen"
2017-08-18,GRAVITA,"fresh signal NOT FUNDED — cash exhausted (BUY: 2.35× weekly, month 1.91×, ladder rising; funding priority now 1)"
2017-08-18,INSECTICID,RAISE STOP ₹669.32 → ₹682.10 (new box ₹718.00–₹818.00 sealed)
2017-08-18,TORNTPOWER,fresh signal REFUSED — falling earnings power
2017-08-18,UTTAMSUGAR,RAISE STOP ₹147.25 → ₹155.58 (new box ₹168.00–₹209.40 sealed)
2017-08-21,AVANTIFEED,"BUY ₹7.76 at ₹1,928.50 (fresh Friday signal — BUY: 2.51× weekly, month 2.88×, ladder rising; stop ₹1,292.50; charges ₹0.01)"
2017-08-21,BEML,"BUY ₹11.49 at ₹1,897.00 (fresh Friday signal — BUY: 3.75× weekly, month 2.60×, ladder rising; stop ₹1,325.12; charges ₹0.01)"
2017-08-21,SPARC,"BUY ₹11.47 at ₹397.00 (fresh Friday signal — starved 2×, front of the queue — BUY: 2.36× weekly, month 2.85×, ladder rising; stop ₹307.62; charges ₹0.01)"
2017-08-24,AVANTIFEED,"RAISE STOP ₹1,292.50 → ₹1,726.43 (new box ₹1,817.30–₹1,976.15 sealed)"
2017-08-24,FRETAIL,RAISE STOP ₹377.15 → ₹447.45 (new box ₹471.00–₹503.45 sealed)
2017-09-01,FRETAIL,RAISE STOP ₹447.45 → ₹475.00 (new box ₹500.00–₹517.95 sealed)
2017-09-01,GOACARBON,RAISE STOP ₹212.73 → ₹245.45 (new box ₹277.40–₹383.90 sealed)
2017-09-01,SPARC,RAISE STOP ₹307.62 → ₹362.19 (new box ₹381.25–₹431.00 sealed)
2017-09-08,HOVS,RAISE STOP ₹189.53 → ₹233.27 (new box ₹260.20–₹349.95 sealed)
2017-09-08,INSECTICID,RAISE STOP ₹682.10 → ₹821.75 (new box ₹865.00–₹918.90 sealed)
2017-09-21,INSECTICID,"SELL ₹12.20 at stop ₹821.75 (+6.5%, charges ₹0.01) — the cash goes back to work at the next Friday screen"
2017-09-22,AJMERA,"fresh signal NOT FUNDED — cash exhausted (starved 2×, front of the queue — ACCUMULATE: 1.93× weekly, month 2.09×, ladder rising; funding priority now 3)"
2017-09-22,BBTC,"fresh signal NOT FUNDED — cash exhausted (starved 1×, front of the queue — BUY: 3.24× weekly, month 2.62×, ladder rising; funding priority now 2)"
2017-09-22,BEML,"RAISE STOP ₹1,325.12 → ₹1,744.63 (new box ₹1,836.45–₹1,912.10 sealed)"
2017-09-22,FRETAIL,RAISE STOP ₹475.00 → ₹495.38 (new box ₹521.45–₹592.00 sealed)
2017-09-22,FSL,"fresh signal NOT FUNDED — cash exhausted (starved 2×, front of the queue — BUY: 3.30× weekly, month 2.51×, ladder rising; funding priority now 3)"
2017-09-22,GRAPHITE,fresh signal REFUSED — falling earnings power
2017-09-22,HTMEDIA,"fresh signal NOT FUNDED — cash exhausted (BUY: 2.15× weekly, month 2.85×, ladder rising; funding priority now 1)"
2017-09-22,INDNIPPON,"fresh signal NOT FUNDED — cash exhausted (BUY: 4.46× weekly, month 1.82×, ladder rising; funding priority now 1)"
2017-09-22,JAICORPLTD,"fresh signal NOT FUNDED — cash exhausted (BUY: 5.62× weekly, month 5.39×, ladder rising; funding priority now 1)"
2017-09-22,KAMATHOTEL,"fresh signal NOT FUNDED — cash exhausted (starved 1×, front of the queue — BUY: 2.89× weekly, month 4.65×, ladder rising; funding priority now 2)"
2017-09-22,MANPASAND,"fresh signal NOT FUNDED — cash exhausted (BUY: 2.33× weekly, month 2.05×, ladder rising; funding priority now 1)"
2017-09-22,NELCO,"fresh signal NOT FUNDED — cash exhausted (starved 1×, front of the queue — BUY: 7.97× weekly, month 4.45×, ladder rising; funding priority now 2)"
2017-09-22,OMMETALS,"fresh signal NOT FUNDED — cash exhausted (BUY: 12.73× weekly, month 7.65×, ladder rising; funding priority now 1)"
2017-09-22,PANAMAPET,"fresh signal NOT FUNDED — cash exhausted (BUY: 2.50× weekly, month 3.35×, ladder rising; funding priority now 1)"
2017-09-22,PUNJLLOYD,"fresh signal NOT FUNDED — cash exhausted (ACCUMULATE: 2.98× weekly, month 3.28×, ladder rising; funding priority now 1)"
2017-09-22,RAIN,fresh signal REFUSED — falling earnings power
2017-09-22,SUNFLAG,"fresh signal NOT FUNDED — cash exhausted (starved 1×, front of the queue — BUY: 3.52× weekly, month 3.54×, ladder rising; funding priority now 2)"
2017-09-22,TINPLATE,"fresh signal NOT FUNDED — cash exhausted (starved 1×, front of the queue — BUY: 3.79× weekly, month 6.94×, ladder rising; funding priority now 2)"
2017-09-22,USHAMART,"fresh signal NOT FUNDED — cash exhausted (BUY: 3.73× weekly, month 1.75×, ladder rising; funding priority now 1)"
2017-09-25,BEML,"SELL ₹10.54 at stop ₹1,744.63 (-8.0%, charges ₹0.01) — the cash goes back to work at the next Friday screen"
2017-09-25,IGPL,"BUY ₹11.82 at ₹624.00 (fresh Friday signal — starved 2×, front of the queue — BUY: 4.85× weekly, month 2.30×, ladder rising; stop ₹475.81; charges ₹0.01)"
2017-09-25,SPARC,"SELL ₹10.44 at stop ₹362.19 (-8.8%, charges ₹0.01) — the cash goes back to work at the next Friday screen"
2017-09-29,AVANTIFEED,"RAISE STOP ₹1,726.43 → ₹1,776.69 (new box ₹1,870.20–₹2,178.00 sealed)"
2017-09-29,BFINVEST,"fresh signal NOT FUNDED — cash exhausted (ACCUMULATE: 3.24× weekly, month 5.43×, ladder rising; funding priority now 1)"
2017-09-29,BFUTILITIE,"fresh signal NOT FUNDED — cash exhausted (starved 1×, front of the queue — ACCUMULATE: 1.65× weekly, month 2.30×, ladder rising; funding priority now 2)"
2017-09-29,DEN,"fresh signal NOT FUNDED — cash exhausted (ACCUMULATE: 5.36× weekly, month 1.96×, ladder rising; funding priority now 1)"
2017-09-29,EDELWEISS,fresh signal REFUSED — falling earnings power
2017-09-29,GOACARBON,RAISE STOP ₹245.45 → ₹378.80 (new box ₹401.00–₹475.00 sealed)
2017-09-29,GRAPHITE,fresh signal REFUSED — falling earnings power
2017-09-29,IGPL,RAISE STOP ₹475.81 → ₹504.40 (new box ₹550.00–₹702.00 sealed)
2017-09-29,MAHSCOOTER,fresh signal REFUSED — falling earnings power
2017-09-29,OIL,fresh signal REFUSED — falling earnings power
2017-09-29,OMMETALS,"fresh signal NOT FUNDED — cash exhausted (starved 1×, front of the queue — ACCUMULATE: 2.24× weekly, month 9.55×, ladder rising; funding priority now 2)"
2017-10-03,BBTC,"BUY ₹12.19 at ₹1,295.40 (fresh Friday signal — starved 2×, front of the queue — BUY: 1.83× weekly, month 2.74×, ladder rising; stop ₹959.83; charges ₹0.01)"
2017-10-03,SHOPERSTOP,"BUY ₹9.17 at ₹486.40 (fresh Friday signal — starved 1×, front of the queue — BUY: 12.98× weekly, month 10.59×, ladder rising; stop ₹386.60; charges ₹0.01)"
2017-10-06,BBTC,"RAISE STOP ₹959.83 → ₹1,094.59 (new box ₹1,152.20–₹1,330.00 sealed)"
2017-10-06,SHOPERSTOP,RAISE STOP ₹386.60 → ₹412.79 (new box ₹442.10–₹539.80 sealed)
2017-10-13,BBTC,"RAISE STOP ₹1,094.59 → ₹1,257.13 (new box ₹1,323.30–₹1,439.90 sealed)"
2017-10-13,FRETAIL,RAISE STOP ₹495.38 → ₹500.65 (new box ₹527.00–₹559.50 sealed)
2017-10-19,AVANTIFEED,"RAISE STOP ₹1,776.69 → ₹2,232.50 (new box ₹2,350.00–₹2,530.00 sealed)"
2017-10-19,RML,RAISE STOP ₹447.55 → ₹475.00 (new box ₹500.00–₹533.00 sealed)
2017-11-03,BBTC,"RAISE STOP ₹1,257.13 → ₹1,497.44 (new box ₹1,576.25–₹1,738.00 sealed)"
2017-11-03,GOACARBON,RAISE STOP ₹378.80 → ₹579.52 (new box ₹637.05–₹828.80 sealed)
2017-11-03,IGPL,RAISE STOP ₹504.40 → ₹646.10 (new box ₹680.10–₹788.80 sealed)
2017-11-03,SHOPERSTOP,RAISE STOP ₹412.79 → ₹475.00 (new box ₹500.00–₹569.90 sealed)
2017-11-09,FRETAIL,"SELL ₹12.71 at stop ₹500.65 (+10.5%, charges ₹0.01) — the cash goes back to work at the next Friday screen"
2017-11-10,AVANTIFEED,"RAISE STOP ₹2,232.50 → ₹2,641.00 (new box ₹2,780.00–₹2,920.00 sealed)"
2017-11-10,BALAMINES,"fresh signal NOT FUNDED — cash exhausted (starved 1×, front of the queue — BUY: 3.94× weekly, month 8.39×, ladder rising; funding priority now 2)"
2017-11-10,BUTTERFLY,"fresh signal NOT FUNDED — cash exhausted (starved 1×, front of the queue — ACCUMULATE: 2.62× weekly, month 12.67×, ladder rising; funding priority now 2)"
2017-11-10,DOLPHINOFF,"fresh signal NOT FUNDED — cash exhausted (starved 1×, front of the queue — BUY: 2.48× weekly, month 1.74×, ladder rising; funding priority now 2)"
2017-11-10,EKC,"fresh signal NOT FUNDED — cash exhausted (starved 1×, front of the queue — BUY: 8.00× weekly, month 3.41×, ladder rising; funding priority now 2)"
2017-11-10,EXCEL,"fresh signal NOT FUNDED — cash exhausted (ACCUMULATE: 3.70× weekly, month 3.56×, ladder rising; funding priority now 1)"
2017-11-10,GLOBUSSPR,"fresh signal NOT FUNDED — cash exhausted (BUY: 3.33× weekly, month 3.84×, ladder rising; funding priority now 1)"
2017-11-10,HAVELLS,fresh signal REFUSED — falling earnings power
2017-11-10,IFBIND,"fresh signal NOT FUNDED — cash exhausted (starved 1×, front of the queue — BUY: 1.68× weekly, month 3.51×, ladder rising; funding priority now 2)"
2017-11-10,ITDCEM,"fresh signal NOT FUNDED — cash exhausted (starved 1×, front of the queue — BUY: 4.02× weekly, month 2.21×, ladder rising; funding priority now 2)"
2017-11-10,JUSTDIAL,fresh signal REFUSED — falling earnings power
2017-11-10,KPIT,"fresh signal NOT FUNDED — cash exhausted (BUY: 2.22× weekly, month 1.85×, ladder rising; funding priority now 1)"
2017-11-10,LTI,"fresh signal NOT FUNDED — cash exhausted (BUY: 8.95× weekly, month 1.84×, ladder rising; funding priority now 1)"
2017-11-10,LUMAXIND,"fresh signal NOT FUNDED — cash exhausted (starved 1×, front of the queue — BUY: 3.42× weekly, month 1.64×, ladder rising; funding priority now 2)"
2017-11-10,MPHASIS,"fresh signal NOT FUNDED — cash exhausted (starved 1×, front of the queue — BUY: 3.65× weekly, month 1.70×, ladder rising; funding priority now 2)"
2017-11-10,NBCC,"fresh signal NOT FUNDED — cash exhausted (BUY: 3.09× weekly, month 2.56×, ladder rising; funding priority now 1)"
2017-11-10,ORIENTPPR,"fresh signal NOT FUNDED — cash exhausted (BUY: 4.02× weekly, month 1.78×, ladder rising; funding priority now 1)"
2017-11-10,PHILIPCARB,"fresh signal NOT FUNDED — cash exhausted (starved 1×, front of the queue — BUY: 2.47× weekly, month 1.50×, ladder rising; funding priority now 2)"
2017-11-10,PRAJIND,fresh signal REFUSED — falling earnings power
2017-11-10,RAIN,fresh signal REFUSED — falling earnings power
2017-11-10,SAKUMA,"fresh signal NOT FUNDED — cash exhausted (starved 1×, front of the queue — BUY: 2.60× weekly, month 9.92×, ladder rising; funding priority now 2)"
2017-11-10,TIRUMALCHM,"fresh signal NOT FUNDED — cash exhausted (starved 1×, front of the queue — BUY: 2.54× weekly, month 2.07×, ladder rising; funding priority now 2)"
2017-11-10,TVSELECT,"fresh signal NOT FUNDED — cash exhausted (starved 1×, front of the queue — ACCUMULATE: 1.79× weekly, month 2.06×, ladder rising; funding priority now 2)"
2017-11-10,UNIVCABLES,"fresh signal NOT FUNDED — cash exhausted (BUY: 1.61× weekly, month 2.11×, ladder rising; funding priority now 1)"
2017-11-13,AJMERA,"BUY ₹12.71 at ₹293.90 (fresh Friday signal — starved 3×, front of the queue — ACCUMULATE: 2.42× weekly, month 2.57×, ladder rising; stop ₹259.02; charges ₹0.02)"
2017-11-15,AVANTIFEED,"SELL ₹10.60 at stop ₹2,641.00 (+36.9%, charges ₹0.01) — the cash goes back to work at the next Friday screen"
2017-11-16,BBTC,"SELL ₹14.06 at stop ₹1,497.44 (+15.6%, charges ₹0.01) — the cash goes back to work at the next Friday screen"
2017-11-17,ACE,"fresh signal NOT FUNDED — cash exhausted (BUY: 6.34× weekly, month 4.07×, ladder rising; funding priority now 1)"
2017-11-17,AUTOAXLES,"fresh signal NOT FUNDED — cash exhausted (starved 1×, front of the queue — BUY: 4.34× weekly, month 2.76×, ladder rising; funding priority now 2)"
2017-11-17,BFINVEST,"fresh signal NOT FUNDED — cash exhausted (starved 1×, front of the queue — BUY: 1.56× weekly, month 2.77×, ladder rising; funding priority now 2)"
2017-11-17,EVEREADY,"fresh signal NOT FUNDED — cash exhausted (BUY: 5.70× weekly, month 1.87×, ladder rising; funding priority now 1)"
2017-11-17,EXCEL,"fresh signal NOT FUNDED — cash exhausted (starved 1×, front of the queue — BUY: 4.88× weekly, month 5.06×, ladder rising; funding priority now 2)"
2017-11-17,GLOBALVECT,"fresh signal NOT FUNDED — cash exhausted (starved 1×, front of the queue — BUY: 3.59× weekly, month 2.05×, ladder rising; funding priority now 2)"
2017-11-17,GLOBUSSPR,"fresh signal NOT FUNDED — cash exhausted (starved 1×, front of the queue — BUY: 4.13× weekly, month 5.44×, ladder rising; funding priority now 2)"
2017-11-17,HATSUN,"fresh signal NOT FUNDED — cash exhausted (BUY: 26.67× weekly, month 8.94×, ladder rising; funding priority now 1)"
2017-11-17,ICIL,fresh signal REFUSED — falling earnings power
2017-11-17,INDOCO,"fresh signal NOT FUNDED — cash exhausted (BUY: 6.02× weekly, month 2.29×, ladder rising; funding priority now 1)"
2017-11-17,INOXLEISUR,"fresh signal NOT FUNDED — cash exhausted (starved 1×, front of the queue — BUY: 3.16× weekly, month 1.70×, ladder rising; funding priority now 2)"
2017-11-17,JUSTDIAL,fresh signal REFUSED — falling earnings power
2017-11-17,KPIT,"fresh signal NOT FUNDED — cash exhausted (starved 1×, front of the queue — BUY: 1.67× weekly, month 2.17×, ladder rising; funding priority now 2)"
2017-11-17,LTI,"fresh signal NOT FUNDED — cash exhausted (starved 1×, front of the queue — BUY: 1.84× weekly, month 2.23×, ladder rising; funding priority now 2)"
2017-11-17,NELCAST,"fresh signal NOT FUNDED — cash exhausted (ACCUMULATE: 1.53× weekly, month 2.04×, ladder rising; funding priority now 1)"
2017-11-17,PAGEIND,fresh signal REFUSED — falling earnings power
2017-11-17,POLARIS,"fresh signal NOT FUNDED — cash exhausted (BUY: 2.09× weekly, month 2.41×, ladder rising; funding priority now 1)"
2017-11-17,RADICO,"fresh signal NOT FUNDED — cash exhausted (starved 1×, front of the queue — BUY: 3.13× weekly, month 2.99×, ladder rising; funding priority now 2)"
2017-11-17,SAREGAMA,fresh signal REFUSED — falling earnings power
2017-11-17,SHOPERSTOP,RAISE STOP ₹475.00 → ₹513.28 (new box ₹540.30–₹603.00 sealed)
2017-11-17,SORILINFRA,"fresh signal NOT FUNDED — cash exhausted (BUY: 7.03× weekly, month 4.29×, ladder rising; funding priority now 1)"
2017-11-17,TATAGLOBAL,"fresh signal NOT FUNDED — cash exhausted (BUY: 2.08× weekly, month 2.38×, ladder rising; funding priority now 1)"
2017-11-17,TINPLATE,"fresh signal NOT FUNDED — cash exhausted (starved 2×, front of the queue — BUY: 1.90× weekly, month 1.78×, ladder rising; funding priority now 3)"
2017-11-17,UNIVCABLES,"fresh signal NOT FUNDED — cash exhausted (starved 1×, front of the queue — BUY: 2.28× weekly, month 2.25×, ladder rising; funding priority now 2)"
2017-11-17,VAKRANGEE,"fresh signal NOT FUNDED — cash exhausted (starved 1×, front of the queue — BUY: 2.55× weekly, month 1.69×, ladder rising; funding priority now 2)"
2017-11-17,ZUARIGLOB,"fresh signal NOT FUNDED — cash exhausted (BUY: 3.85× weekly, month 9.94×, ladder rising; funding priority now 1)"
2017-11-20,HINDOILEXP,"BUY ₹15.15 at ₹124.00 (fresh Friday signal — starved 2×, front of the queue — BUY: 2.39× weekly, month 2.70×, ladder rising; stop ₹102.93; charges ₹0.02)"
2017-11-20,IFBIND,"BUY ₹9.50 at ₹1,235.00 (fresh Friday signal — starved 2×, front of the queue — BUY: 2.12× weekly, month 2.34×, ladder rising; stop ₹832.01; charges ₹0.01)"
2017-11-24,HINDOILEXP,RAISE STOP ₹102.93 → ₹113.14 (new box ₹119.10–₹134.40 sealed)
2017-11-24,HOVS,RAISE STOP ₹233.27 → ₹243.00 (new box ₹258.00–₹308.00 sealed)
2017-11-24,RML,RAISE STOP ₹475.00 → ₹492.20 (new box ₹518.10–₹592.40 sealed)
2017-12-01,GOACARBON,"RAISE STOP ₹579.52 → ₹760.87 (new box ₹823.10–₹1,030.55 sealed)"
2017-12-05,UTTAMSUGAR,"SELL ₹9.44 at stop ₹155.58 (-17.2%, charges ₹0.01) — the cash goes back to work at the next Friday screen"
2017-12-08,AJMERA,RAISE STOP ₹259.02 → ₹313.50 (new box ₹330.00–₹355.70 sealed)
2017-12-08,ATFL,"fresh signal NOT FUNDED — cash exhausted (ACCUMULATE: 1.96× weekly, month 10.03×, ladder rising; funding priority now 1)"
2017-12-08,BALAMINES,"fresh signal NOT FUNDED — cash exhausted (starved 2×, front of the queue — ACCUMULATE: 1.57× weekly, month 5.08×, ladder rising; funding priority now 3)"
2017-12-08,BALKRISIND,"fresh signal NOT FUNDED — cash exhausted (BUY: 2.05× weekly, month 3.10×, ladder rising; funding priority now 1)"
2017-12-08,BRFL,"fresh signal NOT FUNDED — cash exhausted (starved 1×, front of the queue — ACCUMULATE: 2.78× weekly, month 5.91×, ladder rising; funding priority now 2)"
2017-12-08,DEN,"fresh signal NOT FUNDED — cash exhausted (starved 1×, front of the queue — BUY: 3.55× weekly, month 3.46×, ladder rising; funding priority now 2)"
2017-12-08,EKC,"fresh signal NOT FUNDED — cash exhausted (starved 2×, front of the queue — BUY: 4.61× weekly, month 5.91×, ladder rising; funding priority now 3)"
2017-12-08,ELECON,fresh signal REFUSED — falling earnings power
2017-12-08,EMAMIINFRA,"fresh signal NOT FUNDED — cash exhausted (BUY: 1.85× weekly, month 1.98×, ladder rising; funding priority now 1)"
2017-12-08,FCL,"fresh signal NOT FUNDED — cash exhausted (BUY: 3.29× weekly, month 3.59×, ladder rising; funding priority now 1)"
2017-12-08,HGS,"fresh signal NOT FUNDED — cash exhausted (BUY: 6.72× weekly, month 6.45×, ladder rising; funding priority now 1)"
2017-12-08,HITECHGEAR,"fresh signal NOT FUNDED — cash exhausted (BUY: 5.12× weekly, month 3.53×, ladder rising; funding priority now 1)"
2017-12-08,INDOCO,"fresh signal NOT FUNDED — cash exhausted (starved 1×, front of the queue — ACCUMULATE: 2.28× weekly, month 5.56×, ladder rising; funding priority now 2)"
2017-12-08,ITDCEM,"fresh signal NOT FUNDED — cash exhausted (starved 2×, front of the queue — ACCUMULATE: 2.80× weekly, month 1.92×, ladder rising; funding priority now 3)"
2017-12-08,JKPAPER,"fresh signal NOT FUNDED — cash exhausted (starved 2×, front of the queue — ACCUMULATE: 2.54× weekly, month 1.75×, ladder rising; funding priority now 3)"
2017-12-08,LUXIND,"fresh signal NOT FUNDED — cash exhausted (ACCUMULATE: 3.50× weekly, month 1.66×, ladder rising; funding priority now 1)"
2017-12-08,MINDTREE,"fresh signal NOT FUNDED — cash exhausted (ACCUMULATE: 2.13× weekly, month 1.56×, ladder rising; funding priority now 1)"
2017-12-08,MOREPENLAB,"fresh signal NOT FUNDED — cash exhausted (starved 2×, front of the queue — BUY: 4.55× weekly, month 5.35×, ladder rising; funding priority now 3)"
2017-12-08,PRAJIND,fresh signal REFUSED — falling earnings power
2017-12-08,RAMKY,"fresh signal NOT FUNDED — cash exhausted (BUY: 1.72× weekly, month 1.93×, ladder rising; funding priority now 1)"
2017-12-08,RML,RAISE STOP ₹492.20 → ₹604.20 (new box ₹636.00–₹716.00 sealed)
2017-12-08,SASKEN,"fresh signal NOT FUNDED — cash exhausted (starved 2×, front of the queue — BUY: 1.65× weekly, month 3.01×, ladder rising; funding priority now 3)"
2017-12-08,SORILINFRA,"fresh signal NOT FUNDED — cash exhausted (starved 1×, front of the queue — ACCUMULATE: 1.99× weekly, month 5.69×, ladder rising; funding priority now 2)"
2017-12-08,STARPAPER,"fresh signal NOT FUNDED — cash exhausted (ACCUMULATE: 2.72× weekly, month 1.75×, ladder rising; funding priority now 1)"
2017-12-08,TALBROAUTO,"fresh signal NOT FUNDED — cash exhausted (ACCUMULATE: 2.25× weekly, month 5.64×, ladder rising; funding priority now 1)"
2017-12-08,TV18BRDCST,"fresh signal NOT FUNDED — cash exhausted (starved 1×, front of the queue — ACCUMULATE: 1.96× weekly, month 3.79×, ladder rising; funding priority now 2)"
2017-12-08,VASCONEQ,"fresh signal NOT FUNDED — cash exhausted (starved 1×, front of the queue — BUY: 1.56× weekly, month 1.69×, ladder rising; funding priority now 2)"
2017-12-08,VIDHIING,"fresh signal NOT FUNDED — cash exhausted (BUY: 3.87× weekly, month 3.82×, ladder rising; funding priority now 1)"
2017-12-08,VIKASECO,"fresh signal NOT FUNDED — cash exhausted (ACCUMULATE: 2.55× weekly, month 3.69×, ladder rising; funding priority now 1)"
2017-12-11,WSTCSTPAPR,"BUY ₹9.44 at ₹289.25 (fresh Friday signal — starved 2×, front of the queue — BUY: 4.63× weekly, month 2.08×, ladder rising; stop ₹211.56; charges ₹0.01)"
2017-12-12,AJMERA,"SELL ₹13.52 at stop ₹313.50 (+6.7%, charges ₹0.01) — the cash goes back to work at the next Friday screen"
2017-12-15,ATFL,"fresh signal NOT FUNDED — cash exhausted (starved 1×, front of the queue — BUY: 3.07× weekly, month 12.88×, ladder rising; funding priority now 2)"
2017-12-15,BALKRISIND,"fresh signal NOT FUNDED — cash exhausted (starved 1×, front of the queue — BUY: 1.75× weekly, month 2.45×, ladder rising; funding priority now 2)"
2017-12-15,BPL,"fresh signal NOT FUNDED — cash exhausted (BUY: 14.97× weekly, month 5.43×, ladder rising; funding priority now 1)"
2017-12-15,BRFL,"fresh signal NOT FUNDED — cash exhausted (starved 2×, front of the queue — BUY: 4.98× weekly, month 8.59×, ladder rising; funding priority now 3)"
2017-12-15,CAMLINFINE,"fresh signal NOT FUNDED — cash exhausted (ACCUMULATE: 1.54× weekly, month 3.80×, ladder rising; funding priority now 1)"
2017-12-15,DCMSHRIRAM,"fresh signal NOT FUNDED — cash exhausted (starved 1×, front of the queue — BUY: 2.28× weekly, month 1.64×, ladder rising; funding priority now 2)"
2017-12-15,EKC,"fresh signal NOT FUNDED — cash exhausted (starved 3×, front of the queue — BUY: 4.85× weekly, month 6.30×, ladder rising; funding priority now 4)"
2017-12-15,GMBREW,"fresh signal NOT FUNDED — cash exhausted (BUY: 1.60× weekly, month 1.77×, ladder rising; funding priority now 1)"
2017-12-15,HBLPOWER,"fresh signal NOT FUNDED — cash exhausted (ACCUMULATE: 3.08× weekly, month 2.69×, ladder rising; funding priority now 1)"
2017-12-15,HCL-INSYS,"fresh signal NOT FUNDED — cash exhausted (ACCUMULATE: 1.59× weekly, month 1.67×, ladder rising; funding priority now 1)"
2017-12-15,HGS,"fresh signal NOT FUNDED — cash exhausted (starved 1×, front of the queue — BUY: 3.42× weekly, month 8.62×, ladder rising; funding priority now 2)"
2017-12-15,HUBTOWN,"fresh signal NOT FUNDED — cash exhausted (ACCUMULATE: 2.27× weekly, month 3.08×, ladder rising; funding priority now 1)"
2017-12-15,JAMNAAUTO,"fresh signal NOT FUNDED — cash exhausted (BUY: 2.81× weekly, month 4.30×, ladder rising; funding priority now 1)"
2017-12-15,KOKUYOCMLN,"fresh signal NOT FUNDED — cash exhausted (BUY: 7.13× weekly, month 4.81×, ladder rising; funding priority now 1)"
2017-12-15,MAITHANALL,"fresh signal NOT FUNDED — cash exhausted (starved 2×, front of the queue — BUY: 3.03× weekly, month 1.98×, ladder rising; funding priority now 3)"
2017-12-15,PCJEWELLER,"fresh signal NOT FUNDED — cash exhausted (BUY: 2.16× weekly, month 2.56×, ladder rising; funding priority now 1)"
2017-12-15,PPAP,"fresh signal NOT FUNDED — cash exhausted (BUY: 2.22× weekly, month 2.06×, ladder rising; funding priority now 1)"
2017-12-15,RPGLIFE,"fresh signal NOT FUNDED — cash exhausted (BUY: 2.21× weekly, month 2.38×, ladder rising; funding priority now 1)"
2017-12-15,RUPA,"fresh signal NOT FUNDED — cash exhausted (ACCUMULATE: 3.58× weekly, month 1.61×, ladder rising; funding priority now 1)"
2017-12-15,STARPAPER,"fresh signal NOT FUNDED — cash exhausted (starved 1×, front of the queue — BUY: 7.85× weekly, month 3.63×, ladder rising; funding priority now 2)"
2017-12-15,THERMAX,fresh signal REFUSED — falling earnings power
2017-12-15,TNPL,"fresh signal NOT FUNDED — cash exhausted (BUY: 8.42× weekly, month 2.70×, ladder rising; funding priority now 1)"
2017-12-15,ZENTEC,"fresh signal NOT FUNDED — cash exhausted (BUY: 2.62× weekly, month 3.51×, ladder rising; funding priority now 1)"
2017-12-18,JKPAPER,"BUY ₹13.52 at ₹128.70 (fresh Friday signal — starved 3×, front of the queue — BUY: 5.23× weekly, month 2.77×, ladder rising; stop ₹108.25; charges ₹0.02)"
2017-12-22,HINDOILEXP,RAISE STOP ₹113.14 → ₹118.61 (new box ₹124.85–₹141.50 sealed)
2017-12-22,IFBIND,"RAISE STOP ₹832.01 → ₹1,113.25 (new box ₹1,202.50–₹1,500.00 sealed)"
2017-12-22,JKPAPER,RAISE STOP ₹108.25 → ₹113.73 (new box ₹120.35–₹142.40 sealed)
2017-12-22,RML,RAISE STOP ₹604.20 → ₹649.20 (new box ₹690.00–₹826.00 sealed)
2017-12-22,WSTCSTPAPR,RAISE STOP ₹211.56 → ₹252.59 (new box ₹267.20–₹315.90 sealed)
2018-01-05,JKPAPER,RAISE STOP ₹113.73 → ₹129.20 (new box ₹136.00–₹145.40 sealed)
2018-01-05,WSTCSTPAPR,RAISE STOP ₹252.59 → ₹287.04 (new box ₹302.15–₹343.00 sealed)
2018-01-17,SHOPERSTOP,"SELL ₹9.66 at stop ₹513.28 (+5.5%, charges ₹0.01) — the cash goes back to work at the next Friday screen"
2018-01-19,APLAPOLLO,"fresh signal NOT FUNDED — cash exhausted (starved 1×, front of the queue — BUY: 2.79× weekly, month 4.94×, ladder rising; funding priority now 2)"
2018-01-19,DEEPAKNTR,fresh signal REFUSED — falling earnings power
2018-01-19,GAYAPROJ,"fresh signal NOT FUNDED — cash exhausted (starved 1×, front of the queue — ACCUMULATE: 2.47× weekly, month 4.15×, ladder rising; funding priority now 2)"
2018-01-19,GPIL,"fresh signal NOT FUNDED — cash exhausted (BUY: 1.67× weekly, month 4.88×, ladder rising; funding priority now 1)"
2018-01-19,JUBILANT,"fresh signal NOT FUNDED — cash exhausted (BUY: 6.20× weekly, month 2.32×, ladder rising; funding priority now 1)"
2018-01-19,KIRLOSBROS,"fresh signal NOT FUNDED — cash exhausted (ACCUMULATE: 1.70× weekly, month 2.46×, ladder rising; funding priority now 1)"
2018-01-19,MERCK,"fresh signal NOT FUNDED — cash exhausted (BUY: 6.67× weekly, month 3.14×, ladder rising; funding priority now 1)"
2018-01-19,MINDTREE,"fresh signal NOT FUNDED — cash exhausted (starved 1×, front of the queue — BUY: 3.00× weekly, month 2.17×, ladder rising; funding priority now 2)"
2018-01-19,MPHASIS,"fresh signal NOT FUNDED — cash exhausted (starved 2×, front of the queue — BUY: 1.88× weekly, month 1.50×, ladder rising; funding priority now 3)"
2018-01-19,OMAXAUTO,"fresh signal NOT FUNDED — cash exhausted (BUY: 5.24× weekly, month 11.99×, ladder rising; funding priority now 1)"
2018-01-19,PCJEWELLER,"fresh signal NOT FUNDED — cash exhausted (starved 1×, front of the queue — BUY: 1.83× weekly, month 1.59×, ladder rising; funding priority now 2)"
2018-01-19,PFIZER,fresh signal REFUSED — falling earnings power
2018-01-19,PGHH,"fresh signal NOT FUNDED — cash exhausted (starved 1×, front of the queue — ACCUMULATE: 1.54× weekly, month 2.10×, ladder rising; funding priority now 2)"
2018-01-19,PRAKASH,"fresh signal NOT FUNDED — cash exhausted (BUY: 4.00× weekly, month 3.09×, ladder rising; funding priority now 1)"
2018-01-19,PRISMCEM,"fresh signal NOT FUNDED — cash exhausted (BUY: 9.05× weekly, month 7.67×, ladder rising; funding priority now 1)"
2018-01-19,RADICO,"fresh signal NOT FUNDED — cash exhausted (starved 2×, front of the queue — BUY: 1.82× weekly, month 1.97×, ladder rising; funding priority now 3)"
2018-01-19,RALLIS,"fresh signal NOT FUNDED — cash exhausted (ACCUMULATE: 1.56× weekly, month 3.33×, ladder rising; funding priority now 1)"
2018-01-19,SDBL,"fresh signal NOT FUNDED — cash exhausted (ACCUMULATE: 2.30× weekly, month 6.30×, ladder rising; funding priority now 1)"
2018-01-19,SHK,"fresh signal NOT FUNDED — cash exhausted (ACCUMULATE: 6.31× weekly, month 3.46×, ladder rising; funding priority now 1)"
2018-01-19,STARPAPER,"fresh signal NOT FUNDED — cash exhausted (starved 2×, front of the queue — BUY: 1.51× weekly, month 1.63×, ladder rising; funding priority now 3)"
2018-01-19,STRTECH,"fresh signal NOT FUNDED — cash exhausted (BUY: 2.58× weekly, month 1.53×, ladder rising; funding priority now 1)"
2018-01-19,SUNTECK,"fresh signal NOT FUNDED — cash exhausted (ACCUMULATE: 7.60× weekly, month 1.99×, ladder rising; funding priority now 1)"
2018-01-19,SWANENERGY,"fresh signal NOT FUNDED — cash exhausted (BUY: 2.44× weekly, month 2.27×, ladder rising; funding priority now 1)"
2018-01-19,TALWALKARS,"fresh signal NOT FUNDED — cash exhausted (starved 1×, front of the queue — BUY: 2.65× weekly, month 2.67×, ladder rising; funding priority now 2)"
2018-01-19,TRIGYN,"fresh signal NOT FUNDED — cash exhausted (BUY: 4.64× weekly, month 2.35×, ladder rising; funding priority now 1)"
2018-01-19,WINDMACHIN,"fresh signal NOT FUNDED — cash exhausted (BUY: 4.03× weekly, month 8.05×, ladder rising; funding priority now 1)"
2018-01-22,SUDARSCHEM,"BUY ₹9.66 at ₹449.00 (fresh Friday signal — starved 4×, front of the queue — ACCUMULATE: 1.59× weekly, month 1.82×, ladder rising; stop ₹404.04; charges ₹0.01)"
2018-01-25,GOACARBON,"RAISE STOP ₹760.87 → ₹913.01 (new box ₹982.70–₹1,215.00 sealed)"
2018-01-25,HINDOILEXP,RAISE STOP ₹118.61 → ₹122.15 (new box ₹129.35–₹153.35 sealed)
2018-01-25,JKPAPER,RAISE STOP ₹129.20 → ₹132.33 (new box ₹141.00–₹169.90 sealed)
2018-01-30,WSTCSTPAPR,"SELL ₹9.34 at stop ₹287.04 (-0.8%, charges ₹0.01) — the cash goes back to work at the next Friday screen"
2018-01-31,GOACARBON,"SELL ₹42.75 at stop ₹913.01 (+267.1%, charges ₹0.04) — the cash goes back to work at the next Friday screen"
2018-02-02,HINDOILEXP,"SELL ₹14.89 at stop ₹122.15 (-1.5%, charges ₹0.02) — the cash goes back to work at the next Friday screen"
2018-02-02,IGPL,"SELL ₹12.22 at stop ₹646.10 (+3.5%, charges ₹0.01) — the cash goes back to work at the next Friday screen"
2018-02-02,JKPAPER,"SELL ₹13.87 at stop ₹132.33 (+2.8%, charges ₹0.01) — the cash goes back to work at the next Friday screen"
2018-02-05,ELGIEQUIP,"BUY ₹15.61 at ₹308.00 (fresh Friday signal — ACCUMULATE: 1.72× weekly, month 1.79×, ladder rising; stop ₹282.62; charges ₹0.02)"
2018-02-05,ESTER,"BUY ₹15.61 at ₹65.15 (fresh Friday signal — ACCUMULATE: 2.57× weekly, month 3.16×, ladder rising; stop ₹52.83; charges ₹0.02)"
2018-02-05,IFBIND,"SELL ₹8.55 at stop ₹1,113.25 (-9.9%, charges ₹0.01) — the cash goes back to work at the next Friday screen"
2018-02-05,LUXIND,"BUY ₹15.60 at ₹1,621.10 (fresh Friday signal — starved 1×, front of the queue — BUY: 2.54× weekly, month 2.50×, ladder rising; stop ₹1,425.00; charges ₹0.02)"
2018-02-05,MPHASIS,"BUY ₹15.59 at ₹851.10 (fresh Friday signal — starved 3×, front of the queue — BUY: 3.88× weekly, month 3.19×, ladder rising; stop ₹668.70; charges ₹0.02)"
2018-02-06,SUDARSCHEM,"SELL ₹8.67 at stop ₹404.04 (-10.0%, charges ₹0.01) — the cash goes back to work at the next Friday screen"
2018-02-09,LTTS,"fresh signal NOT FUNDED — cash exhausted (ACCUMULATE: 1.62× weekly, month 4.49×, ladder rising; funding priority now 1)"
2018-02-09,LUXIND,"RAISE STOP ₹1,425.00 → ₹1,448.75 (new box ₹1,525.00–₹1,775.00 sealed)"
2018-02-09,RML,RAISE STOP ₹649.20 → ₹664.89 (new box ₹735.30–₹970.00 sealed)
2018-02-12,DENORA,"BUY ₹15.70 at ₹490.00 (fresh Friday signal — starved 1×, front of the queue — BUY: 6.77× weekly, month 12.51×, ladder rising; stop ₹303.38; charges ₹0.02)"
2018-02-12,JUBILANT,"BUY ₹15.79 at ₹760.80 (fresh Friday signal — starved 1×, front of the queue — BUY: 1.99× weekly, month 3.28×, ladder rising; stop ₹647.52; charges ₹0.02)"
2018-02-12,POLARIS,"BUY ₹15.76 at ₹469.00 (fresh Friday signal — starved 1×, front of the queue — BUY: 1.89× weekly, month 2.24×, ladder rising; stop ₹372.07; charges ₹0.02)"
2018-02-16,MPHASIS,RAISE STOP ₹668.70 → ₹771.50 (new box ₹812.10–₹925.00 sealed)
2018-02-23,ELGIEQUIP,RAISE STOP ₹282.62 → ₹287.85 (new box ₹303.00–₹349.90 sealed)
2018-02-23,POLARIS,RAISE STOP ₹372.07 → ₹441.89 (new box ₹465.15–₹470.90 sealed)
2018-03-06,JUBILANT,"SELL ₹13.41 at stop ₹647.52 (-14.9%, charges ₹0.01) — the cash goes back to work at the next Friday screen"
2018-03-08,ELGIEQUIP,"SELL ₹14.55 at stop ₹287.85 (-6.5%, charges ₹0.02) — the cash goes back to work at the next Friday screen"
2018-03-09,POLARIS,RAISE STOP ₹441.89 → ₹445.65 (new box ₹469.10–₹473.50 sealed)
2018-03-12,GSS,"BUY ₹15.30 at ₹57.50 (fresh Friday signal — BUY: 4.39× weekly, month 9.03×, ladder rising; stop ₹40.30; charges ₹0.02)"
2018-03-16,GSS,RAISE STOP ₹40.30 → ₹47.83 (new box ₹51.10–₹62.00 sealed)
2018-03-16,HINDZINC,"fresh signal NOT FUNDED — cash exhausted (ACCUMULATE: 2.11× weekly, month 1.57×, ladder rising; funding priority now 1)"
2018-03-16,IDBI,fresh signal REFUSED — falling earnings power
2018-03-16,LUXIND,"RAISE STOP ₹1,448.75 → ₹1,578.09 (new box ₹1,661.15–₹1,929.00 sealed)"
2018-03-16,NIITTECH,"fresh signal NOT FUNDED — cash exhausted (starved 1×, front of the queue — BUY: 1.76× weekly, month 2.68×, ladder rising; funding priority now 2)"
2018-03-16,THOMASCOOK,fresh signal REFUSED — falling earnings power
2018-03-19,VENKEYS,"BUY ₹13.30 at ₹4,149.00 (fresh Friday signal — starved 1×, front of the queue — ACCUMULATE: 2.69× weekly, month 2.51×, ladder rising; stop ₹3,417.97; charges ₹0.02)"
2018-03-22,HOVS,"SELL ₹8.39 at stop ₹243.00 (-25.2%, charges ₹0.01) — the cash goes back to work at the next Friday screen"
2018-03-28,IDBI,fresh signal REFUSED — falling earnings power
2018-04-02,TAX,"FY2018 settled: ₹8.16 paid (STCG ₹40.80 @20%, LTCG ₹0.00 @12.5%; losses carried forward ST ₹0.00 / LT ₹0.00)"
2018-04-13,LUXIND,"RAISE STOP ₹1,578.09 → ₹1,691.24 (new box ₹1,780.25–₹1,858.95 sealed)"
2018-04-20,ESTER,RAISE STOP ₹52.83 → ₹65.17 (new box ₹68.60–₹77.90 sealed)
2018-04-20,VENKEYS,"RAISE STOP ₹3,417.97 → ₹4,047.95 (new box ₹4,261.00–₹4,725.00 sealed)"
2018-04-26,VENKEYS,"SELL ₹12.95 at stop ₹4,047.95 (-2.4%, charges ₹0.01) — the cash goes back to work at the next Friday screen"
2018-04-27,HIL,"fresh signal NOT FUNDED — cash exhausted (BUY: 6.62× weekly, month 1.77×, ladder rising; funding priority now 1)"
2018-04-27,IBVENTURES,"fresh signal NOT FUNDED — cash exhausted (BUY: 2.20× weekly, month 2.11×, ladder rising; funding priority now 1)"
2018-04-27,MAHINDCIE,"fresh signal NOT FUNDED — cash exhausted (ACCUMULATE: 3.54× weekly, month 2.30×, ladder rising; funding priority now 1)"
2018-04-27,MINDTREE,"fresh signal NOT FUNDED — cash exhausted (starved 2×, front of the queue — BUY: 2.63× weekly, month 3.87×, ladder rising; funding priority now 3)"
2018-04-27,TAKE,"fresh signal NOT FUNDED — cash exhausted (BUY: 3.81× weekly, month 3.77×, ladder rising; funding priority now 1)"
2018-04-27,THOMASCOOK,"fresh signal NOT FUNDED — cash exhausted (BUY: 3.95× weekly, month 2.10×, ladder rising; funding priority now 1)"
2018-04-30,NIITTECH,"BUY ₹13.18 at ₹1,136.85 (fresh Friday signal — starved 2×, front of the queue — BUY: 3.94× weekly, month 3.59×, ladder rising; stop ₹814.91; charges ₹0.02)"
2018-05-04,LUXIND,"RAISE STOP ₹1,691.24 → ₹1,828.84 (new box ₹1,925.10–₹2,039.00 sealed)"
2018-05-10,ESTER,"SELL ₹15.58 at stop ₹65.17 (+0.0%, charges ₹0.02) — the cash goes back to work at the next Friday screen"
2018-05-11,CYIENT,"fresh signal NOT FUNDED — cash exhausted (BUY: 1.64× weekly, month 2.47×, ladder rising; funding priority now 1)"
2018-05-11,EXIDEIND,fresh signal REFUSED — falling earnings power
2018-05-11,FSL,"fresh signal NOT FUNDED — cash exhausted (starved 3×, front of the queue — BUY: 2.75× weekly, month 2.12×, ladder rising; funding priority now 4)"
2018-05-11,GREAVESCOT,"fresh signal NOT FUNDED — cash exhausted (BUY: 4.24× weekly, month 1.83×, ladder rising; funding priority now 1)"
2018-05-11,GSS,RAISE STOP ₹47.83 → ₹68.61 (new box ₹72.50–₹85.45 sealed)
2018-05-11,MPHASIS,"RAISE STOP ₹771.50 → ₹913.00 (new box ₹961.05–₹1,060.00 sealed)"
2018-05-11,NIITTECH,"RAISE STOP ₹814.91 → ₹918.09 (new box ₹981.30–₹1,192.00 sealed)"
2018-05-11,PFIZER,fresh signal REFUSED — falling earnings power
2018-05-11,WINDMACHIN,"fresh signal NOT FUNDED — cash exhausted (starved 1×, front of the queue — BUY: 5.82× weekly, month 3.65×, ladder rising; funding priority now 2)"
2018-05-14,SASKEN,"BUY ₹15.07 at ₹1,021.00 (fresh Friday signal — starved 3×, front of the queue — BUY: 3.21× weekly, month 3.90×, ladder rising; stop ₹827.45; charges ₹0.02)"
2018-05-18,RML,RAISE STOP ₹664.89 → ₹732.64 (new box ₹771.20–₹866.80 sealed)
2018-05-25,LUXIND,"RAISE STOP ₹1,828.84 → ₹1,852.59 (new box ₹1,950.10–₹2,094.00 sealed)"
2018-05-25,MPHASIS,"RAISE STOP ₹913.00 → ₹978.50 (new box ₹1,030.00–₹1,149.90 sealed)"
2018-05-25,SASKEN,"RAISE STOP ₹827.45 → ₹907.82 (new box ₹955.60–₹1,083.85 sealed)"
2018-05-30,LUXIND,"SELL ₹17.79 at stop ₹1,852.59 (+14.3%, charges ₹0.02) — the cash goes back to work at the next Friday screen"
2018-06-01,DENORA,"SELL ₹9.70 at stop ₹303.38 (-38.1%, charges ₹0.01) — the cash goes back to work at the next Friday screen"
2018-06-04,BODALCHEM,"BUY ₹14.19 at ₹144.85 (fresh Friday signal — starved 2×, front of the queue — BUY: 4.06× weekly, month 1.85×, ladder rising; stop ₹116.38; charges ₹0.02)"
2018-06-05,RML,"SELL ₹16.73 at stop ₹732.64 (+33.2%, charges ₹0.02) — the cash goes back to work at the next Friday screen"
2018-06-08,BODALCHEM,RAISE STOP ₹116.38 → ₹129.25 (new box ₹136.05–₹156.20 sealed)
2018-06-18,ASTRAZEN,"BUY ₹14.52 at ₹1,048.00 (fresh Friday signal — BUY: 7.17× weekly, month 3.61×, ladder rising; stop ₹842.73; charges ₹0.02)"
2018-06-22,ASTRAZEN,"RAISE STOP ₹842.73 → ₹974.32 (new box ₹1,025.60–₹1,116.00 sealed)"
2018-06-22,GLAXO,fresh signal REFUSED — falling earnings power
2018-06-22,PAGEIND,"fresh signal NOT FUNDED — cash exhausted (ACCUMULATE: 1.77× weekly, month 1.55×, ladder rising; funding priority now 1)"
2018-06-22,SASKEN,"RAISE STOP ₹907.82 → ₹946.20 (new box ₹996.00–₹1,149.00 sealed)"
2018-06-25,MAHLIFE,"BUY ₹14.35 at ₹609.90 (fresh Friday signal — BUY: 8.75× weekly, month 2.68×, ladder rising; stop ₹484.50; charges ₹0.02)"
2018-06-26,BODALCHEM,"SELL ₹12.64 at stop ₹129.25 (-10.8%, charges ₹0.01) — the cash goes back to work at the next Friday screen"
2018-06-26,SASKEN,"SELL ₹13.93 at stop ₹946.20 (-7.3%, charges ₹0.01) — the cash goes back to work at the next Friday screen"
2018-06-29,ASTRAZEN,"RAISE STOP ₹974.32 → ₹1,019.92 (new box ₹1,073.60–₹1,211.92 sealed)"
2018-06-29,MPHASIS,"RAISE STOP ₹978.50 → ₹999.02 (new box ₹1,051.60–₹1,140.00 sealed)"
2018-07-02,PAGEIND,"BUY ₹13.72 at ₹27,870.00 (fresh Friday signal — starved 1×, front of the queue — BUY: 1.79× weekly, month 1.61×, ladder rising; stop ₹24,890.52; charges ₹0.02)"
2018-07-06,GLAXO,fresh signal REFUSED — falling earnings power
2018-07-06,PAGEIND,"RAISE STOP ₹24,890.52 → ₹25,560.37 (new box ₹26,905.65–₹28,615.95 sealed)"
2018-07-06,WHEELS,"fresh signal NOT FUNDED — cash exhausted (ACCUMULATE: 2.33× weekly, month 10.11×, ladder rising; funding priority now 1)"
2018-07-09,BANKBEES,"BUY ₹14.03 at ₹270.20 (fresh Friday signal — starved 2×, front of the queue — ACCUMULATE: 2.09× weekly, month 1.50×, ladder rising; stop ₹252.56; charges ₹0.02)"
2018-07-20,BANKBEES,RAISE STOP ₹252.56 → ₹258.12 (new box ₹271.70–₹276.73 sealed)
2018-07-20,POLARIS,RAISE STOP ₹445.65 → ₹447.55 (new box ₹471.10–₹479.95 sealed)
2018-07-26,GSS,"SELL ₹18.22 at stop ₹68.61 (+19.3%, charges ₹0.02) — the cash goes back to work at the next Friday screen"
2018-07-27,ACC,"fresh signal NOT FUNDED — cash exhausted (BUY: 4.61× weekly, month 2.47×, ladder rising; funding priority now 1)"
2018-07-27,BAJAJFINSV,fresh signal REFUSED — falling earnings power
2018-07-27,GLAXO,fresh signal REFUSED — falling earnings power
2018-07-27,KOTAKBKETF,"fresh signal NOT FUNDED — cash exhausted (BUY: 1.59× weekly, month 1.67×, ladder rising; funding priority now 1)"
2018-07-27,MARICO,fresh signal REFUSED — falling earnings power
2018-07-27,MPHASIS,"RAISE STOP ₹999.02 → ₹1,045.76 (new box ₹1,100.80–₹1,234.25 sealed)"
2018-07-27,PAGEIND,"RAISE STOP ₹25,560.37 → ₹26,333.33 (new box ₹27,719.30–₹29,675.80 sealed)"
2018-07-30,LTI,"BUY ₹14.14 at ₹1,827.95 (fresh Friday signal — starved 2×, front of the queue — ACCUMULATE: 2.78× weekly, month 1.64×, ladder rising; stop ₹1,563.18; charges ₹0.02)"
2018-08-03,ASTRAZEN,"RAISE STOP ₹1,019.92 → ₹1,124.80 (new box ₹1,184.00–₹1,259.96 sealed)"
2018-08-03,NIITTECH,"RAISE STOP ₹918.09 → ₹1,147.41 (new box ₹1,207.80–₹1,285.80 sealed)"
2018-08-07,MAHLIFE,"SELL ₹11.37 at stop ₹484.50 (-20.6%, charges ₹0.01) — the cash goes back to work at the next Friday screen"
2018-08-10,3MINDIA,"fresh signal NOT FUNDED — cash exhausted (ACCUMULATE: 2.42× weekly, month 1.64×, ladder rising; funding priority now 1)"
2018-08-10,ASTRAZEN,"RAISE STOP ₹1,124.80 → ₹1,255.52 (new box ₹1,321.60–₹1,457.60 sealed)"
2018-08-10,BANKBEES,RAISE STOP ₹258.12 → ₹264.43 (new box ₹278.35–₹284.14 sealed)
2018-08-10,BEL,fresh signal REFUSED — falling earnings power
2018-08-10,EVERESTIND,"fresh signal NOT FUNDED — cash exhausted (BUY: 1.87× weekly, month 2.03×, ladder rising; funding priority now 1)"
2018-08-10,NIITTECH,"RAISE STOP ₹1,147.41 → ₹1,193.20 (new box ₹1,256.00–₹1,324.90 sealed)"
2018-08-10,PFIZER,fresh signal REFUSED — falling earnings power
2018-08-10,SETFNIFBK,"fresh signal NOT FUNDED — cash exhausted (BUY: 2.23× weekly, month 2.44×, ladder rising; funding priority now 1)"
2018-08-10,TORNTPHARM,fresh signal REFUSED — falling earnings power
2018-08-13,TCIEXP,"BUY ₹14.41 at ₹710.00 (fresh Friday signal — BUY: 2.91× weekly, month 2.87×, ladder rising; stop ₹580.45; charges ₹0.02)"
2018-08-17,BANKBEES,RAISE STOP ₹264.43 → ₹268.80 (new box ₹282.95–₹289.20 sealed)
2018-08-17,TCIEXP,RAISE STOP ₹580.45 → ₹652.46 (new box ₹686.80–₹730.00 sealed)
2018-08-31,ASTRAZEN,"RAISE STOP ₹1,255.52 → ₹1,345.20 (new box ₹1,416.00–₹1,537.12 sealed)"
2018-08-31,MPHASIS,"RAISE STOP ₹1,045.76 → ₹1,173.72 (new box ₹1,235.50–₹1,278.80 sealed)"
2018-08-31,PAGEIND,"RAISE STOP ₹26,333.33 → ₹32,310.88 (new box ₹34,011.45–₹35,080.00 sealed)"
2018-09-05,PAGEIND,"SELL ₹15.88 at stop ₹32,310.88 (+15.9%, charges ₹0.02) — the cash goes back to work at the next Friday screen"
2018-09-05,TCIEXP,"SELL ₹13.21 at stop ₹652.46 (-8.1%, charges ₹0.01) — the cash goes back to work at the next Friday screen"
2018-09-07,ABBOTINDIA,"fresh signal NOT FUNDED — cash exhausted (ACCUMULATE: 1.84× weekly, month 2.29×, ladder rising; funding priority now 1)"
2018-09-07,ALKEM,fresh signal REFUSED — falling earnings power
2018-09-07,BBL,"fresh signal NOT FUNDED — cash exhausted (BUY: 9.73× weekly, month 1.54×, ladder rising; funding priority now 1)"
2018-09-07,BIRLACABLE,"fresh signal NOT FUNDED — cash exhausted (ACCUMULATE: 1.58× weekly, month 6.71×, ladder rising; funding priority now 1)"
2018-09-07,GLAXO,fresh signal REFUSED — falling earnings power
2018-09-07,HCC,fresh signal REFUSED — falling earnings power
2018-09-07,JBCHEPHARM,fresh signal REFUSED — falling earnings power
2018-09-07,LTI,"RAISE STOP ₹1,563.18 → ₹1,643.31 (new box ₹1,729.80–₹1,908.50 sealed)"
2018-09-07,NIITTECH,"RAISE STOP ₹1,193.20 → ₹1,256.52 (new box ₹1,322.65–₹1,393.95 sealed)"
2018-09-07,OFSS,"fresh signal NOT FUNDED — cash exhausted (ACCUMULATE: 2.02× weekly, month 2.10×, ladder rising; funding priority now 1)"
2018-09-07,POLYPLEX,"fresh signal NOT FUNDED — cash exhausted (BUY: 4.88× weekly, month 3.06×, ladder rising; funding priority now 1)"
2018-09-07,SANOFI,"fresh signal NOT FUNDED — cash exhausted (starved 1×, front of the queue — BUY: 2.36× weekly, month 2.04×, ladder rising; funding priority now 2)"
2018-09-07,SEQUENT,"fresh signal NOT FUNDED — cash exhausted (BUY: 2.68× weekly, month 11.86×, ladder rising; funding priority now 1)"
2018-09-07,SUNPHARMA,fresh signal REFUSED — falling earnings power
2018-09-07,SUVEN,"fresh signal NOT FUNDED — cash exhausted (starved 1×, front of the queue — BUY: 1.78× weekly, month 2.83×, ladder rising; funding priority now 2)"
2018-09-07,TTKHLTCARE,"fresh signal NOT FUNDED — cash exhausted (BUY: 2.82× weekly, month 1.93×, ladder rising; funding priority now 1)"
2018-09-07,USHAMART,fresh signal REFUSED — falling earnings power
2018-09-07,VINDHYATEL,"fresh signal NOT FUNDED — cash exhausted (starved 2×, front of the queue — BUY: 2.16× weekly, month 3.88×, ladder rising; funding priority now 3)"
2018-09-07,WELCORP,fresh signal REFUSED — falling earnings power
2018-09-07,WIPRO,fresh signal REFUSED — falling earnings power
2018-09-07,ZYDUSWELL,"fresh signal NOT FUNDED — cash exhausted (BUY: 3.64× weekly, month 3.08×, ladder rising; funding priority now 1)"
2018-09-10,GLOBUSSPR,"BUY ₹14.72 at ₹186.35 (fresh Friday signal — starved 2×, front of the queue — ACCUMULATE: 4.28× weekly, month 1.77×, ladder rising; stop ₹166.34; charges ₹0.02)"
2018-09-10,MUTHOOTFIN,"BUY ₹14.77 at ₹468.80 (fresh Friday signal — starved 2×, front of the queue — BUY: 6.85× weekly, month 1.77×, ladder rising; stop ₹370.50; charges ₹0.02)"
2018-09-11,GLOBUSSPR,"SELL ₹13.11 at stop ₹166.34 (-10.7%, charges ₹0.01) — the cash goes back to work at the next Friday screen"
2018-09-12,ASTRAZEN,"SELL ₹18.60 at stop ₹1,345.20 (+28.4%, charges ₹0.02) — the cash goes back to work at the next Friday screen"
2018-09-14,ABB,fresh signal REFUSED — falling earnings power
2018-09-14,ALBERTDAVD,"fresh signal NOT FUNDED — cash exhausted (BUY: 5.58× weekly, month 13.30×, ladder rising; funding priority now 1)"
2018-09-14,BALRAMCHIN,fresh signal REFUSED — falling earnings power
2018-09-17,JSWHL,"BUY ₹14.25 at ₹2,358.85 (fresh Friday signal — starved 1×, front of the queue — ACCUMULATE: 2.15× weekly, month 2.26×, ladder rising; stop ₹2,044.64; charges ₹0.02)"
2018-09-17,SUVEN,"BUY ₹14.24 at ₹310.80 (fresh Friday signal — starved 2×, front of the queue — BUY: 2.23× weekly, month 3.48×, ladder rising; stop ₹244.67; charges ₹0.02)"
2018-09-18,BANKBEES,"SELL ₹13.93 at stop ₹268.80 (-0.5%, charges ₹0.01) — the cash goes back to work at the next Friday screen"
2018-09-19,NIITTECH,"SELL ₹14.53 at stop ₹1,256.52 (+10.5%, charges ₹0.02) — the cash goes back to work at the next Friday screen"
2018-09-21,LTI,"SELL ₹12.68 at stop ₹1,643.31 (-10.1%, charges ₹0.01) — the cash goes back to work at the next Friday screen"
2018-09-21,MUTHOOTFIN,RAISE STOP ₹370.50 → ₹412.35 (new box ₹434.05–₹474.35 sealed)
2018-09-21,SUVEN,"SELL ₹11.18 at stop ₹244.67 (-21.3%, charges ₹0.01) — the cash goes back to work at the next Friday screen"
2018-09-24,GUJFLUORO,"BUY ₹13.56 at ₹854.00 (fresh Friday signal — starved 1×, front of the queue — ACCUMULATE: 2.91× weekly, month 1.88×, ladder rising; stop ₹775.25; charges ₹0.02)"
2018-09-25,MPHASIS,"SELL ₹21.46 at stop ₹1,173.72 (+37.9%, charges ₹0.02) — the cash goes back to work at the next Friday screen"
2018-09-27,MUTHOOTFIN,"SELL ₹12.96 at stop ₹412.35 (-12.0%, charges ₹0.01) — the cash goes back to work at the next Friday screen"
2018-09-28,GUJFLUORO,"SELL ₹12.28 at stop ₹775.25 (-9.2%, charges ₹0.01) — the cash goes back to work at the next Friday screen"
2018-10-09,JSWHL,"SELL ₹12.33 at stop ₹2,044.64 (-13.3%, charges ₹0.01) — the cash goes back to work at the next Friday screen"
2018-10-15,BAJAJHIND,"BUY ₹13.09 at ₹11.00 (fresh Friday signal — ACCUMULATE: 2.11× weekly, month 4.50×, ladder rising; stop ₹6.18; charges ₹0.02)"
2018-10-22,HATHWAY,"BUY ₹12.96 at ₹30.60 (fresh Friday signal — BUY: 3.56× weekly, month 1.61×, ladder rising; stop ₹18.96; charges ₹0.02)"
2018-10-26,HATHWAY,RAISE STOP ₹18.96 → ₹26.93 (new box ₹28.35–₹32.35 sealed)
2018-11-05,TIIL,"BUY ₹13.06 at ₹648.95 (fresh Friday signal — starved 1×, front of the queue — ACCUMULATE: 2.84× weekly, month 1.63×, ladder rising; stop ₹502.60; charges ₹0.02)"
2018-11-09,LINDEINDIA,fresh signal REFUSED — falling earnings power
2018-11-19,DALMIASUG,"BUY ₹12.97 at ₹101.20 (fresh Friday signal — BUY: 1.89× weekly, month 2.53×, ladder rising; stop ₹51.84; charges ₹0.02)"
2018-11-22,DALMIASUG,RAISE STOP ₹51.84 → ₹94.14 (new box ₹99.10–₹113.65 sealed)
2018-11-22,MAHABANK,fresh signal REFUSED — falling earnings power
2018-11-26,BIRLACABLE,"BUY ₹12.81 at ₹216.10 (fresh Friday signal — starved 1×, front of the queue — BUY: 2.57× weekly, month 2.89×, ladder rising; stop ₹168.72; charges ₹0.02)"
2018-11-30,BIRLACABLE,RAISE STOP ₹168.72 → ₹195.70 (new box ₹206.00–₹229.40 sealed)
2018-11-30,LINDEINDIA,fresh signal REFUSED — falling earnings power
2018-12-03,GODFRYPHLP,"BUY ₹12.72 at ₹928.40 (fresh Friday signal — starved 2×, front of the queue — BUY: 1.59× weekly, month 1.69×, ladder rising; stop ₹795.15; charges ₹0.02)"
2018-12-03,KESORAMIND,"BUY ₹12.71 at ₹85.00 (fresh Friday signal — BUY: 4.55× weekly, month 1.54×, ladder rising; stop ₹71.39; charges ₹0.02)"
2018-12-04,BIRLACABLE,"SELL ₹11.57 at stop ₹195.70 (-9.4%, charges ₹0.01) — the cash goes back to work at the next Friday screen"
2018-12-10,DALMIASUG,"SELL ₹12.04 at stop ₹94.14 (-7.0%, charges ₹0.01) — the cash goes back to work at the next Friday screen"
2018-12-14,GODFRYPHLP,RAISE STOP ₹795.15 → ₹812.30 (new box ₹855.05–₹955.00 sealed)
2018-12-14,GODREJPROP,fresh signal REFUSED — falling earnings power
2018-12-17,BANKBEES,"BUY ₹12.37 at ₹274.00 (fresh Friday signal — ACCUMULATE: 1.75× weekly, month 4.65×, ladder rising; stop ₹248.08; charges ₹0.01)"
2018-12-17,PREMEXPLN,"BUY ₹12.39 at ₹264.80 (fresh Friday signal — ACCUMULATE: 1.77× weekly, month 5.68×, ladder rising; stop ₹184.16; charges ₹0.01)"
2018-12-24,BEML,"BUY ₹10.66 at ₹890.10 (fresh Friday signal — BUY: 5.73× weekly, month 2.62×, ladder rising; stop ₹648.90; charges ₹0.01)"
2018-12-26,GODFRYPHLP,"SELL ₹11.11 at stop ₹812.30 (-12.5%, charges ₹0.01) — the cash goes back to work at the next Friday screen"
2019-01-04,BANKBEES,RAISE STOP ₹248.08 → ₹255.55 (new box ₹269.00–₹278.65 sealed)
2019-01-04,BEML,RAISE STOP ₹648.90 → ₹809.88 (new box ₹852.50–₹945.90 sealed)
2019-01-04,GODREJPROP,fresh signal REFUSED — falling earnings power
2019-01-11,ADORWELD,"fresh signal NOT FUNDED — cash exhausted (ACCUMULATE: 4.44× weekly, month 1.83×, ladder rising; funding priority now 1)"
2019-01-11,BANKBEES,RAISE STOP ₹255.55 → ₹260.57 (new box ₹274.29–₹279.79 sealed)
2019-01-11,GODREJPROP,fresh signal REFUSED — falling earnings power
2019-01-11,LINDEINDIA,fresh signal REFUSED — falling earnings power
2019-01-11,MAHSCOOTER,fresh signal REFUSED — falling earnings power
2019-01-11,MOHOTAIND,"fresh signal NOT FUNDED — cash exhausted (ACCUMULATE: 3.20× weekly, month 12.02×, ladder rising; funding priority now 1)"
2019-01-11,PRAJIND,fresh signal REFUSED — falling earnings power
2019-01-11,SOMANYCERA,"fresh signal NOT FUNDED — cash exhausted (ACCUMULATE: 1.65× weekly, month 2.26×, ladder rising; funding priority now 1)"
2019-01-14,SKFINDIA,"BUY ₹11.11 at ₹1,940.00 (fresh Friday signal — ACCUMULATE: 6.62× weekly, month 3.44×, ladder rising; stop ₹1,776.45; charges ₹0.01)"
2019-01-18,BANKBEES,RAISE STOP ₹260.57 → ₹263.25 (new box ₹277.10–₹282.95 sealed)
2019-01-28,BEML,"SELL ₹9.67 at stop ₹809.88 (-9.0%, charges ₹0.01) — the cash goes back to work at the next Friday screen"
2019-01-29,KESORAMIND,"SELL ₹10.65 at stop ₹71.39 (-16.0%, charges ₹0.01) — the cash goes back to work at the next Friday screen"
2019-02-01,PRAJIND,fresh signal REFUSED — falling earnings power
2019-02-11,INFRATEL,"BUY ₹11.61 at ₹326.00 (fresh Friday signal — BUY: 1.56× weekly, month 1.65×, ladder rising; stop ₹270.75; charges ₹0.01)"
2019-02-18,YESBANK,"BUY ₹8.72 at ₹201.00 (fresh Friday signal — BUY: 1.58× weekly, month 2.31×, ladder rising; stop ₹178.03; charges ₹0.01)"
2019-02-19,HATHWAY,"SELL ₹11.38 at stop ₹26.93 (-12.0%, charges ₹0.01) — the cash goes back to work at the next Friday screen"
2019-02-22,INFRATEL,RAISE STOP ₹270.75 → ₹277.35 (new box ₹291.95–₹335.00 sealed)
2019-02-22,PREMEXPLN,RAISE STOP ₹184.16 → ₹193.80 (new box ₹204.00–₹218.65 sealed)
2019-03-05,DHAMPURSUG,"BUY ₹11.38 at ₹242.35 (fresh Friday signal — BUY: 3.72× weekly, month 1.52×, ladder rising; stop ₹198.55; charges ₹0.01)"
2019-03-08,BAJAJHIND,RAISE STOP ₹6.18 → ₹7.69 (new box ₹8.10–₹9.10 sealed)
2019-03-08,DHAMPURSUG,RAISE STOP ₹198.55 → ₹211.42 (new box ₹222.55–₹247.20 sealed)
2019-03-08,SKFINDIA,"RAISE STOP ₹1,776.45 → ₹1,828.80 (new box ₹1,925.05–₹1,998.70 sealed)"
2019-03-20,BAJAJHIND,"SELL ₹9.13 at stop ₹7.69 (-30.1%, charges ₹0.01) — the cash goes back to work at the next Friday screen"
2019-03-20,DHAMPURSUG,"SELL ₹9.90 at stop ₹211.42 (-12.8%, charges ₹0.01) — the cash goes back to work at the next Friday screen"
2019-03-22,ECLERX,fresh signal REFUSED — falling earnings power
2019-03-22,INOXWIND,fresh signal REFUSED — falling earnings power
2019-03-22,YESBANK,RAISE STOP ₹178.03 → ₹229.71 (new box ₹241.80–₹254.00 sealed)
2019-03-25,JUSTDIAL,"BUY ₹11.63 at ₹615.00 (fresh Friday signal — BUY: 3.82× weekly, month 1.70×, ladder rising; stop ₹467.69; charges ₹0.01)"
2019-03-29,DYNAMATECH,fresh signal REFUSED — falling earnings power
2019-03-29,HEIDELBERG,"fresh signal NOT FUNDED — cash exhausted (starved 1×, front of the queue — ACCUMULATE: 2.71× weekly, month 1.87×, ladder rising; funding priority now 2)"
2019-03-29,IDFC,"fresh signal NOT FUNDED — cash exhausted (starved 1×, front of the queue — BUY: 1.87× weekly, month 1.71×, ladder rising; funding priority now 2)"
2019-03-29,JUSTDIAL,RAISE STOP ₹467.69 → ₹565.25 (new box ₹595.00–₹677.30 sealed)
2019-03-29,KOTAKBKETF,"fresh signal NOT FUNDED — cash exhausted (starved 1×, front of the queue — BUY: 1.96× weekly, month 3.93×, ladder rising; funding priority now 2)"
2019-03-29,NIFTYBEES,"fresh signal NOT FUNDED — cash exhausted (starved 1×, front of the queue — ACCUMULATE: 2.36× weekly, month 1.60×, ladder rising; funding priority now 2)"
2019-03-29,OIL,"fresh signal NOT FUNDED — cash exhausted (BUY: 1.87× weekly, month 1.74×, ladder rising; funding priority now 1)"
2019-03-29,ONGC,fresh signal REFUSED — falling earnings power
2019-03-29,RBLBANK,"fresh signal NOT FUNDED — cash exhausted (BUY: 1.61× weekly, month 2.46×, ladder rising; funding priority now 1)"
2019-04-01,IOC,"BUY ₹7.41 at ₹163.10 (fresh Friday signal — starved 2×, front of the queue — ACCUMULATE: 1.79× weekly, month 2.01×, ladder rising; stop ₹147.25; charges ₹0.01)"
2019-04-01,TAX,"FY2019 settled: ₹0.00 paid (STCG ₹0.00 @20%, LTCG ₹0.00 @12.5%; losses carried forward ST ₹14.75 / LT ₹0.00)"
2019-04-05,BANKBEES,RAISE STOP ₹263.25 → ₹278.16 (new box ₹292.80–₹305.13 sealed)
2019-04-05,PREMEXPLN,RAISE STOP ₹193.80 → ₹214.62 (new box ₹228.00–₹272.60 sealed)
2019-04-05,SKFINDIA,"RAISE STOP ₹1,828.80 → ₹1,891.83 (new box ₹1,991.40–₹2,097.70 sealed)"
2019-04-12,YESBANK,RAISE STOP ₹229.71 → ₹245.34 (new box ₹258.25–₹286.00 sealed)
2019-04-18,BANKBEES,RAISE STOP ₹278.16 → ₹287.04 (new box ₹302.15–₹314.00 sealed)
2019-04-22,JUSTDIAL,"SELL ₹10.66 at stop ₹565.25 (-8.1%, charges ₹0.01) — the cash goes back to work at the next Friday screen"
2019-04-22,YESBANK,"SELL ₹10.62 at stop ₹245.34 (+22.1%, charges ₹0.01) — the cash goes back to work at the next Friday screen"
2019-04-23,IOC,"SELL ₹6.67 at stop ₹147.25 (-9.7%, charges ₹0.01) — the cash goes back to work at the next Friday screen"
2019-04-25,INFRATEL,"SELL ₹9.85 at stop ₹277.35 (-14.9%, charges ₹0.01) — the cash goes back to work at the next Friday screen"
2019-04-26,JKCEMENT,fresh signal REFUSED — falling earnings power
2019-04-26,MAHABANK,fresh signal REFUSED — falling earnings power
2019-04-26,MTEDUCARE,"fresh signal NOT FUNDED — cash exhausted (BUY: 2.57× weekly, month 7.09×, ladder rising; funding priority now 1)"
2019-04-26,ULTRACEMCO,fresh signal REFUSED — falling earnings power
2019-04-30,FLFL,"BUY ₹11.15 at ₹483.00 (fresh Friday signal — starved 1×, front of the queue — ACCUMULATE: 1.61× weekly, month 1.89×, ladder rising; stop ₹434.20; charges ₹0.01)"
2019-04-30,IBREALEST,"BUY ₹11.24 at ₹125.40 (fresh Friday signal — starved 2×, front of the queue — ACCUMULATE: 3.85× weekly, month 3.02×, ladder rising; stop ₹91.19; charges ₹0.01)"
2019-04-30,ONGC,"BUY ₹11.14 at ₹168.00 (fresh Friday signal — BUY: 2.93× weekly, month 1.91×, ladder rising; stop ₹147.44; charges ₹0.01)"
2019-04-30,TIIL,"SELL ₹10.09 at stop ₹502.60 (-22.6%, charges ₹0.01) — the cash goes back to work at the next Friday screen"
2019-05-06,RUCHISOYA,"BUY ₹11.10 at ₹9.10 (fresh Friday signal — starved 2×, front of the queue — BUY: 2.65× weekly, month 1.62×, ladder rising; stop ₹5.61; charges ₹0.01)"
2019-05-08,SKFINDIA,"SELL ₹10.81 at stop ₹1,891.83 (-2.5%, charges ₹0.01) — the cash goes back to work at the next Friday screen"
2019-05-10,PREMEXPLN,"SELL ₹10.02 at stop ₹214.62 (-19.0%, charges ₹0.01) — the cash goes back to work at the next Friday screen"
2019-05-13,MTEDUCARE,"BUY ₹10.52 at ₹94.20 (fresh Friday signal — starved 1×, front of the queue — BUY: 1.93× weekly, month 4.89×, ladder rising; stop ₹73.96; charges ₹0.01)"
2019-05-14,IBREALEST,"SELL ₹8.15 at stop ₹91.19 (-27.3%, charges ₹0.01) — the cash goes back to work at the next Friday screen"
2019-05-16,FLFL,"SELL ₹10.00 at stop ₹434.20 (-10.1%, charges ₹0.01) — the cash goes back to work at the next Friday screen"
2019-05-17,ICICIGI,fresh signal REFUSED — falling earnings power
2019-05-17,MTEDUCARE,"SELL ₹8.24 at stop ₹73.96 (-21.5%, charges ₹0.01) — the cash goes back to work at the next Friday screen"
2019-05-17,ONGC,RAISE STOP ₹147.44 → ₹152.81 (new box ₹160.85–₹172.50 sealed)
2019-05-24,ICICIGI,fresh signal REFUSED — falling earnings power
2019-05-24,JKCEMENT,fresh signal REFUSED — falling earnings power
2019-05-24,ULTRACEMCO,fresh signal REFUSED — falling earnings power
2019-05-27,GRUH,"BUY ₹10.45 at ₹313.00 (fresh Friday signal — ACCUMULATE: 6.22× weekly, month 1.85×, ladder rising; stop ₹265.98; charges ₹0.01)"
2019-05-27,HEIDELBERG,"BUY ₹10.41 at ₹206.20 (fresh Friday signal — starved 2×, front of the queue — BUY: 3.76× weekly, month 1.79×, ladder rising; stop ₹162.93; charges ₹0.01)"
2019-05-27,INOXLEISUR,"BUY ₹10.43 at ₹349.40 (fresh Friday signal — starved 2×, front of the queue — BUY: 2.36× weekly, month 1.76×, ladder rising; stop ₹282.15; charges ₹0.01)"
2019-05-31,BANKBEES,RAISE STOP ₹287.04 → ₹295.55 (new box ₹311.11–₹323.10 sealed)
2019-05-31,GIPCL,"fresh signal NOT FUNDED — cash exhausted (BUY: 2.25× weekly, month 2.02×, ladder rising; funding priority now 1)"
2019-05-31,ICICIGI,fresh signal REFUSED — falling earnings power
2019-05-31,JKCEMENT,fresh signal REFUSED — falling earnings power
2019-05-31,MAGMA,"fresh signal NOT FUNDED — cash exhausted (ACCUMULATE: 2.16× weekly, month 2.05×, ladder rising; funding priority now 1)"
2019-05-31,MAHSCOOTER,"fresh signal NOT FUNDED — cash exhausted (BUY: 3.58× weekly, month 1.65×, ladder rising; funding priority now 1)"
2019-05-31,ONGC,RAISE STOP ₹152.81 → ₹160.36 (new box ₹168.80–₹178.90 sealed)
2019-06-03,AVADHSUGAR,"BUY ₹8.70 at ₹685.10 (fresh Friday signal — ACCUMULATE: 3.70× weekly, month 2.30×, ladder rising; stop ₹617.50; charges ₹0.01)"
2019-06-14,AVADHSUGAR,RAISE STOP ₹617.50 → ₹653.70 (new box ₹688.10–₹763.30 sealed)
2019-06-19,AVADHSUGAR,"SELL ₹8.28 at stop ₹653.70 (-4.6%, charges ₹0.01) — the cash goes back to work at the next Friday screen"
2019-06-21,BDL,fresh signal REFUSED — falling earnings power
2019-06-21,INOXLEISUR,RAISE STOP ₹282.15 → ₹291.23 (new box ₹312.50–₹383.40 sealed)
2019-06-21,SBILIFE,"fresh signal NOT FUNDED — cash exhausted (BUY: 2.10× weekly, month 1.80×, ladder rising; funding priority now 1)"
2019-06-21,STARCEMENT,fresh signal REFUSED — falling earnings power
2019-06-21,TANLA,"fresh signal NOT FUNDED — cash exhausted (BUY: 1.54× weekly, month 1.55×, ladder rising; funding priority now 1)"
2019-06-24,MAHSCOOTER,"BUY ₹8.28 at ₹4,698.10 (fresh Friday signal — starved 1×, front of the queue — BUY: 1.71× weekly, month 1.76×, ladder rising; stop ₹3,952.00; charges ₹0.01)"
2019-06-25,RUCHISOYA,"SELL ₹6.83 at stop ₹5.61 (-38.4%, charges ₹0.01) — the cash goes back to work at the next Friday screen"
2019-06-28,BDL,fresh signal REFUSED — falling earnings power
2019-06-28,GRSE,"fresh signal NOT FUNDED — cash exhausted (ACCUMULATE: 1.81× weekly, month 5.02×, ladder rising; funding priority now 1)"
2019-06-28,HEIDELBERG,RAISE STOP ₹162.93 → ₹172.09 (new box ₹181.15–₹200.70 sealed)
2019-06-28,MAHSCOOTER,"RAISE STOP ₹3,952.00 → ₹4,157.82 (new box ₹4,376.65–₹4,786.00 sealed)"
2019-06-28,TRENT,"fresh signal NOT FUNDED — cash exhausted (BUY: 2.03× weekly, month 1.51×, ladder rising; funding priority now 1)"
2019-07-01,ONGC,"SELL ₹10.61 at stop ₹160.36 (-4.5%, charges ₹0.01) — the cash goes back to work at the next Friday screen"
2019-07-01,SBILIFE,"BUY ₹6.83 at ₹724.80 (fresh Friday signal — starved 1×, front of the queue — BUY: 4.67× weekly, month 3.00×, ladder rising; stop ₹640.30; charges ₹0.01)"
2019-07-05,ADANIGREEN,fresh signal REFUSED — falling earnings power
2019-07-05,SBILIFE,RAISE STOP ₹640.30 → ₹670.70 (new box ₹706.00–₹744.00 sealed)
2019-07-08,MAHSCOOTER,"SELL ₹7.31 at stop ₹4,157.82 (-11.5%, charges ₹0.01) — the cash goes back to work at the next Friday screen"
2019-07-12,ADANIGREEN,fresh signal REFUSED — falling earnings power
2019-07-12,HEIDELBERG,RAISE STOP ₹172.09 → ₹177.65 (new box ₹187.00–₹210.50 sealed)
2019-07-12,SBILIFE,RAISE STOP ₹670.70 → ₹702.62 (new box ₹739.60–₹776.50 sealed)
2019-07-15,KOTAKGOLD,"BUY ₹8.22 at ₹301.80 (fresh Friday signal — ACCUMULATE: 1.58× weekly, month 1.61×, ladder rising; stop ₹275.74; charges ₹0.01)"
2019-07-15,TRENT,"BUY ₹9.70 at ₹458.20 (fresh Friday signal — starved 1×, front of the queue — ACCUMULATE: 1.80× weekly, month 1.78×, ladder rising; stop ₹393.30; charges ₹0.01)"
2019-07-22,BANKBEES,"SELL ₹13.31 at stop ₹295.55 (+7.9%, charges ₹0.01) — the cash goes back to work at the next Friday screen"
2019-07-23,GRUH,"SELL ₹8.86 at stop ₹265.98 (-15.0%, charges ₹0.01) — the cash goes back to work at the next Friday screen"
2019-07-26,TORNTPHARM,fresh signal REFUSED — falling earnings power
2019-07-29,HDFCLIFE,"BUY ₹9.46 at ₹499.80 (fresh Friday signal — BUY: 2.03× weekly, month 1.79×, ladder rising; stop ₹425.27; charges ₹0.01)"
2019-07-30,TRENT,"SELL ₹8.31 at stop ₹393.30 (-14.2%, charges ₹0.01) — the cash goes back to work at the next Friday screen"
2019-07-31,INOXLEISUR,"SELL ₹8.67 at stop ₹291.23 (-16.6%, charges ₹0.01) — the cash goes back to work at the next Friday screen"
2019-08-02,HDFCLIFE,RAISE STOP ₹425.27 → ₹451.35 (new box ₹475.10–₹533.00 sealed)
2019-08-02,KOTAKGOLD,RAISE STOP ₹275.74 → ₹287.42 (new box ₹302.55–₹312.00 sealed)
2019-08-05,HDFCMFGETF,"BUY ₹9.33 at ₹3,253.50 (fresh Friday signal — BUY: 2.01× weekly, month 1.54×, ladder rising; stop ₹2,862.02; charges ₹0.01)"
2019-08-09,HDFCMFGETF,"RAISE STOP ₹2,862.02 → ₹2,961.24 (new box ₹3,117.10–₹3,220.00 sealed)"
2019-08-09,KOTAKGOLD,RAISE STOP ₹287.42 → ₹305.90 (new box ₹322.00–₹335.50 sealed)
2019-08-09,SBILIFE,RAISE STOP ₹702.62 → ₹714.92 (new box ₹752.55–₹807.00 sealed)
2019-08-13,BERGEPAINT,"BUY ₹9.49 at ₹359.00 (fresh Friday signal — BUY: 2.99× weekly, month 1.66×, ladder rising; stop ₹311.22; charges ₹0.01)"
2019-08-13,GOLDBEES,"BUY ₹9.50 at ₹3,290.05 (fresh Friday signal — BUY: 2.88× weekly, month 1.71×, ladder rising; stop ₹2,888.00; charges ₹0.01)"
2019-08-23,GOLDBEES,"RAISE STOP ₹2,888.00 → ₹3,116.95 (new box ₹3,281.00–₹3,350.00 sealed)"
2019-08-23,HDFCMFGETF,"RAISE STOP ₹2,961.24 → ₹3,204.40 (new box ₹3,373.05–₹3,484.00 sealed)"
2019-08-23,KOTAKGOLD,RAISE STOP ₹305.90 → ₹310.46 (new box ₹326.80–₹352.00 sealed)
2019-08-23,SBILIFE,RAISE STOP ₹714.92 → ₹723.62 (new box ₹761.70–₹827.00 sealed)
2019-08-30,BERGEPAINT,RAISE STOP ₹311.22 → ₹339.44 (new box ₹357.30–₹368.00 sealed)
2019-08-30,HDFCLIFE,RAISE STOP ₹451.35 → ₹487.11 (new box ₹512.75–₹560.00 sealed)
2019-08-30,SBILIFE,RAISE STOP ₹723.62 → ₹765.27 (new box ₹805.55–₹862.45 sealed)
2019-09-27,HDFCLIFE,RAISE STOP ₹487.11 → ₹513.00 (new box ₹540.00–₹567.00 sealed)
2019-09-27,KOTAKGOLD,RAISE STOP ₹310.46 → ₹311.60 (new box ₹328.00–₹367.00 sealed)
2019-10-11,BERGEPAINT,RAISE STOP ₹339.44 → ₹401.04 (new box ₹422.15–₹444.80 sealed)
2019-10-11,HDFCLIFE,RAISE STOP ₹513.00 → ₹543.45 (new box ₹572.05–₹609.00 sealed)
2019-10-18,HDFCMFGETF,"RAISE STOP ₹3,204.40 → ₹3,260.49 (new box ₹3,432.10–₹3,534.00 sealed)"
2019-10-25,GOLDBEES,"RAISE STOP ₹3,116.95 → ₹3,189.29 (new box ₹3,357.15–₹3,415.00 sealed)"
2019-11-01,BERGEPAINT,RAISE STOP ₹401.04 → ₹451.25 (new box ₹475.00–₹506.00 sealed)
2019-11-08,HDFCLIFE,RAISE STOP ₹543.45 → ₹552.05 (new box ₹581.10–₹625.90 sealed)
2019-11-15,SBILIFE,"RAISE STOP ₹765.27 → ₹894.47 (new box ₹941.55–₹1,030.00 sealed)"
2019-12-09,HEIDELBERG,"SELL ₹8.95 at stop ₹177.65 (-13.8%, charges ₹0.01) — the cash goes back to work at the next Friday screen"
2019-12-13,ADANITRANS,"fresh signal NOT FUNDED — cash exhausted (BUY: 2.98× weekly, month 3.38×, ladder rising; funding priority now 1)"
2019-12-13,EIDPARRY,fresh signal REFUSED — falling earnings power
2019-12-13,FINCABLES,"fresh signal NOT FUNDED — cash exhausted (ACCUMULATE: 1.78× weekly, month 1.59×, ladder rising; funding priority now 1)"
2019-12-13,ICICINIFTY,"fresh signal NOT FUNDED — cash exhausted (ACCUMULATE: 1.63× weekly, month 2.21×, ladder rising; funding priority now 1)"
2019-12-13,INGERRAND,"fresh signal NOT FUNDED — cash exhausted (ACCUMULATE: 2.54× weekly, month 8.49×, ladder rising; funding priority now 1)"
2019-12-13,JBCHEPHARM,"fresh signal NOT FUNDED — cash exhausted (BUY: 3.02× weekly, month 1.82×, ladder rising; funding priority now 1)"
2019-12-13,MASFIN,"fresh signal NOT FUNDED — cash exhausted (BUY: 3.80× weekly, month 3.36×, ladder rising; funding priority now 1)"
2019-12-13,MOTILALOFS,fresh signal REFUSED — falling earnings power
2019-12-13,NAVINFLUOR,fresh signal REFUSED — falling earnings power
2019-12-16,MAHINDCIE,"BUY ₹10.10 at ₹161.15 (fresh Friday signal — starved 1×, front of the queue — ACCUMULATE: 2.93× weekly, month 3.53×, ladder rising; stop ₹125.69; charges ₹0.01)"
2019-12-19,GOLDBEES,"SELL ₹9.19 at stop ₹3,189.29 (-3.1%, charges ₹0.01) — the cash goes back to work at the next Friday screen"
2019-12-20,GPIL,"fresh signal NOT FUNDED — cash exhausted (starved 1×, front of the queue — BUY: 7.46× weekly, month 1.91×, ladder rising; funding priority now 2)"
2019-12-20,MFSL,fresh signal REFUSED — falling earnings power
2019-12-20,MMTC,"fresh signal NOT FUNDED — cash exhausted (ACCUMULATE: 1.92× weekly, month 1.58×, ladder rising; funding priority now 1)"
2019-12-20,PAISALO,"fresh signal NOT FUNDED — cash exhausted (ACCUMULATE: 1.95× weekly, month 2.92×, ladder rising; funding priority now 1)"
2019-12-20,PRICOLLTD,fresh signal REFUSED — falling earnings power
2019-12-20,SHALBY,"fresh signal NOT FUNDED — cash exhausted (ACCUMULATE: 1.55× weekly, month 2.62×, ladder rising; funding priority now 1)"
2019-12-20,TATASTEEL,fresh signal REFUSED — falling earnings power
2019-12-23,STARPAPER,"BUY ₹9.41 at ₹111.30 (fresh Friday signal — starved 3×, front of the queue — BUY: 3.34× weekly, month 1.98×, ladder rising; stop ₹91.87; charges ₹0.01)"
2019-12-27,STARPAPER,RAISE STOP ₹91.87 → ₹105.02 (new box ₹110.55–₹119.80 sealed)
2020-01-03,BERGEPAINT,RAISE STOP ₹451.25 → ₹484.17 (new box ₹509.65–₹525.00 sealed)
2020-01-03,HDFCMFGETF,"RAISE STOP ₹3,260.49 → ₹3,325.05 (new box ₹3,500.05–₹3,544.95 sealed)"
2020-01-03,SBILIFE,"RAISE STOP ₹894.47 → ₹910.24 (new box ₹958.15–₹1,011.70 sealed)"
2020-01-08,BERGEPAINT,"SELL ₹12.77 at stop ₹484.17 (+34.9%, charges ₹0.01) — the cash goes back to work at the next Friday screen"
2020-01-10,ALKEM,"fresh signal NOT FUNDED — cash exhausted (BUY: 3.71× weekly, month 1.71×, ladder rising; funding priority now 1)"
2020-01-10,ALKYLAMINE,"fresh signal NOT FUNDED — cash exhausted (BUY: 1.92× weekly, month 1.68×, ladder rising; funding priority now 1)"
2020-01-10,APEX,"fresh signal NOT FUNDED — cash exhausted (ACCUMULATE: 1.63× weekly, month 8.51×, ladder rising; funding priority now 1)"
2020-01-10,AVADHSUGAR,"fresh signal NOT FUNDED — cash exhausted (ACCUMULATE: 1.55× weekly, month 2.27×, ladder rising; funding priority now 1)"
2020-01-10,BAYERCROP,fresh signal REFUSED — falling earnings power
2020-01-10,DIXON,"fresh signal NOT FUNDED — cash exhausted (BUY: 2.16× weekly, month 3.58×, ladder rising; funding priority now 1)"
2020-01-10,GUJGASLTD,"fresh signal NOT FUNDED — cash exhausted (starved 1×, front of the queue — ACCUMULATE: 1.78× weekly, month 2.26×, ladder rising; funding priority now 2)"
2020-01-10,IIFL,fresh signal REFUSED — falling earnings power
2020-01-10,JMFINANCIL,fresh signal REFUSED — falling earnings power
2020-01-10,KITEX,"fresh signal NOT FUNDED — cash exhausted (BUY: 4.14× weekly, month 2.76×, ladder rising; funding priority now 1)"
2020-01-10,KOKUYOCMLN,"fresh signal NOT FUNDED — cash exhausted (starved 1×, front of the queue — ACCUMULATE: 1.50× weekly, month 4.26×, ladder rising; funding priority now 2)"
2020-01-10,MMTC,"fresh signal NOT FUNDED — cash exhausted (starved 1×, front of the queue — ACCUMULATE: 2.34× weekly, month 2.00×, ladder rising; funding priority now 2)"
2020-01-10,N100,"fresh signal NOT FUNDED — cash exhausted (BUY: 3.51× weekly, month 1.90×, ladder rising; funding priority now 1)"
2020-01-10,NAVINFLUOR,fresh signal REFUSED — falling earnings power
2020-01-10,PRICOLLTD,fresh signal REFUSED — falling earnings power
2020-01-10,RATNAMANI,"fresh signal NOT FUNDED — cash exhausted (BUY: 1.88× weekly, month 1.67×, ladder rising; funding priority now 1)"
2020-01-10,RUPA,"fresh signal NOT FUNDED — cash exhausted (starved 1×, front of the queue — ACCUMULATE: 1.64× weekly, month 1.82×, ladder rising; funding priority now 2)"
2020-01-10,SMLISUZU,"fresh signal NOT FUNDED — cash exhausted (ACCUMULATE: 4.80× weekly, month 5.17×, ladder rising; funding priority now 1)"
2020-01-13,TIRUMALCHM,"BUY ₹10.31 at ₹76.00 (fresh Friday signal — starved 2×, front of the queue — BUY: 2.84× weekly, month 2.43×, ladder rising; stop ₹65.83; charges ₹0.01)"
2020-01-17,HDFCMFGETF,"RAISE STOP ₹3,325.05 → ₹3,362.05 (new box ₹3,539.00–₹3,739.80 sealed)"
2020-01-24,STARPAPER,RAISE STOP ₹105.02 → ₹123.12 (new box ₹129.60–₹144.25 sealed)
2020-01-29,STARPAPER,"SELL ₹10.38 at stop ₹123.12 (+10.6%, charges ₹0.01) — the cash goes back to work at the next Friday screen"
2020-01-30,TIRUMALCHM,"SELL ₹8.91 at stop ₹65.83 (-13.4%, charges ₹0.01) — the cash goes back to work at the next Friday screen"
2020-01-31,AARTIIND,"fresh signal NOT FUNDED — cash exhausted (starved 1×, front of the queue — BUY: 3.36× weekly, month 3.13×, ladder rising; funding priority now 2)"
2020-01-31,ALEMBICLTD,"fresh signal NOT FUNDED — cash exhausted (ACCUMULATE: 3.91× weekly, month 1.86×, ladder rising; funding priority now 1)"
2020-01-31,ALLCARGO,"fresh signal NOT FUNDED — cash exhausted (BUY: 3.79× weekly, month 2.97×, ladder rising; funding priority now 1)"
2020-01-31,AMBER,"fresh signal NOT FUNDED — cash exhausted (BUY: 4.24× weekly, month 3.07×, ladder rising; funding priority now 1)"
2020-01-31,APLLTD,"fresh signal NOT FUNDED — cash exhausted (BUY: 4.26× weekly, month 5.73×, ladder rising; funding priority now 1)"
2020-01-31,BBL,"fresh signal NOT FUNDED — cash exhausted (starved 1×, front of the queue — ACCUMULATE: 1.89× weekly, month 1.62×, ladder rising; funding priority now 2)"
2020-01-31,BIRLACORPN,"fresh signal NOT FUNDED — cash exhausted (ACCUMULATE: 2.60× weekly, month 3.02×, ladder rising; funding priority now 1)"
2020-01-31,CHAMBLFERT,"fresh signal NOT FUNDED — cash exhausted (BUY: 2.01× weekly, month 2.39×, ladder rising; funding priority now 1)"
2020-01-31,COROMANDEL,"fresh signal NOT FUNDED — cash exhausted (BUY: 2.19× weekly, month 1.84×, ladder rising; funding priority now 1)"
2020-01-31,DHANUKA,"fresh signal NOT FUNDED — cash exhausted (BUY: 5.41× weekly, month 3.41×, ladder rising; funding priority now 1)"
2020-01-31,DIXON,"fresh signal NOT FUNDED — cash exhausted (starved 1×, front of the queue — BUY: 2.18× weekly, month 3.69×, ladder rising; funding priority now 2)"
2020-01-31,FINEORG,"fresh signal NOT FUNDED — cash exhausted (BUY: 1.52× weekly, month 1.61×, ladder rising; funding priority now 1)"
2020-01-31,INDOSTAR,"fresh signal NOT FUNDED — cash exhausted (BUY: 1.69× weekly, month 3.91×, ladder rising; funding priority now 1)"
2020-01-31,IRCON,"fresh signal NOT FUNDED — cash exhausted (BUY: 5.21× weekly, month 3.93×, ladder rising; funding priority now 1)"
2020-01-31,LAOPALA,"fresh signal NOT FUNDED — cash exhausted (BUY: 12.10× weekly, month 6.41×, ladder rising; funding priority now 1)"
2020-01-31,NAVINFLUOR,fresh signal REFUSED — falling earnings power
2020-01-31,NH,"fresh signal NOT FUNDED — cash exhausted (BUY: 1.72× weekly, month 2.63×, ladder rising; funding priority now 1)"
2020-01-31,ORIENTELEC,"fresh signal NOT FUNDED — cash exhausted (BUY: 2.67× weekly, month 1.92×, ladder rising; funding priority now 1)"
2020-01-31,ORISSAMINE,"fresh signal NOT FUNDED — cash exhausted (BUY: 2.86× weekly, month 2.67×, ladder rising; funding priority now 1)"
2020-01-31,POLYMED,fresh signal REFUSED — falling earnings power
2020-01-31,RALLIS,fresh signal REFUSED — falling earnings power
2020-01-31,SEQUENT,"fresh signal NOT FUNDED — cash exhausted (starved 1×, front of the queue — BUY: 4.03× weekly, month 1.58×, ladder rising; funding priority now 2)"
2020-01-31,SOLARINDS,"fresh signal NOT FUNDED — cash exhausted (BUY: 6.06× weekly, month 2.06×, ladder rising; funding priority now 1)"
2020-02-03,AKZOINDIA,"BUY ₹10.12 at ₹2,029.25 (fresh Friday signal — starved 2×, front of the queue — ACCUMULATE: 6.34× weekly, month 3.18×, ladder rising; stop ₹1,787.63; charges ₹0.01)"
2020-02-03,HDFCLIFE,"SELL ₹10.43 at stop ₹552.05 (+10.5%, charges ₹0.01) — the cash goes back to work at the next Friday screen"
2020-02-03,RADICO,"BUY ₹10.10 at ₹377.50 (fresh Friday signal — starved 3×, front of the queue — BUY: 2.35× weekly, month 1.73×, ladder rising; stop ₹321.20; charges ₹0.01)"
2020-02-03,SBILIFE,"SELL ₹8.56 at stop ₹910.24 (+25.6%, charges ₹0.01) — the cash goes back to work at the next Friday screen"
2020-02-07,AEGISCHEM,"fresh signal NOT FUNDED — cash exhausted (starved 1×, front of the queue — BUY: 2.31× weekly, month 1.78×, ladder rising; funding priority now 2)"
2020-02-07,ALKYLAMINE,"fresh signal NOT FUNDED — cash exhausted (starved 1×, front of the queue — BUY: 4.06× weekly, month 2.68×, ladder rising; funding priority now 2)"
2020-02-07,AMBER,"fresh signal NOT FUNDED — cash exhausted (starved 1×, front of the queue — BUY: 1.81× weekly, month 3.13×, ladder rising; funding priority now 2)"
2020-02-07,APLLTD,"fresh signal NOT FUNDED — cash exhausted (starved 1×, front of the queue — BUY: 1.68× weekly, month 6.84×, ladder rising; funding priority now 2)"
2020-02-07,BAYERCROP,fresh signal REFUSED — falling earnings power
2020-02-07,BOROSIL,"fresh signal NOT FUNDED — cash exhausted (BUY: 8.28× weekly, month 4.15×, ladder rising; funding priority now 1)"
2020-02-07,CHOLAFIN,"fresh signal NOT FUNDED — cash exhausted (starved 1×, front of the queue — BUY: 2.02× weekly, month 1.85×, ladder rising; funding priority now 2)"
2020-02-07,DMART,"fresh signal NOT FUNDED — cash exhausted (BUY: 1.84× weekly, month 1.65×, ladder rising; funding priority now 1)"
2020-02-07,ESABINDIA,"fresh signal NOT FUNDED — cash exhausted (BUY: 1.71× weekly, month 1.74×, ladder rising; funding priority now 1)"
2020-02-07,ESCORTS,"fresh signal NOT FUNDED — cash exhausted (BUY: 2.06× weekly, month 1.58×, ladder rising; funding priority now 1)"
2020-02-07,GET&D,"fresh signal NOT FUNDED — cash exhausted (ACCUMULATE: 3.46× weekly, month 2.66×, ladder rising; funding priority now 1)"
2020-02-07,GMMPFAUDLR,"fresh signal NOT FUNDED — cash exhausted (BUY: 3.83× weekly, month 8.31×, ladder rising; funding priority now 1)"
2020-02-07,JBCHEPHARM,"fresh signal NOT FUNDED — cash exhausted (starved 1×, front of the queue — BUY: 1.86× weekly, month 1.54×, ladder rising; funding priority now 2)"
2020-02-07,LAURUSLABS,fresh signal REFUSED — falling earnings power
2020-02-07,MINDACORP,"fresh signal NOT FUNDED — cash exhausted (ACCUMULATE: 1.64× weekly, month 2.64×, ladder rising; funding priority now 1)"
2020-02-07,NESCO,fresh signal REFUSED — falling earnings power
2020-02-07,ORISSAMINE,"fresh signal NOT FUNDED — cash exhausted (starved 1×, front of the queue — BUY: 4.22× weekly, month 3.88×, ladder rising; funding priority now 2)"
2020-02-07,POLYMED,fresh signal REFUSED — falling earnings power
2020-02-07,RADICO,RAISE STOP ₹321.20 → ₹351.60 (new box ₹370.10–₹409.70 sealed)
2020-02-07,SNOWMAN,"fresh signal NOT FUNDED — cash exhausted (starved 1×, front of the queue — BUY: 2.00× weekly, month 2.48×, ladder rising; funding priority now 2)"
2020-02-07,SRIPIPES,"fresh signal NOT FUNDED — cash exhausted (starved 1×, front of the queue — ACCUMULATE: 3.70× weekly, month 5.37×, ladder rising; funding priority now 2)"
2020-02-07,SUDARSCHEM,"fresh signal NOT FUNDED — cash exhausted (BUY: 1.70× weekly, month 2.74×, ladder rising; funding priority now 1)"
2020-02-07,TATAINVEST,fresh signal REFUSED — falling earnings power
2020-02-07,TRENT,"fresh signal NOT FUNDED — cash exhausted (BUY: 4.26× weekly, month 1.73×, ladder rising; funding priority now 1)"
2020-02-07,VBL,"fresh signal NOT FUNDED — cash exhausted (ACCUMULATE: 2.54× weekly, month 1.70×, ladder rising; funding priority now 1)"
2020-02-07,WELCORP,fresh signal REFUSED — falling earnings power
2020-02-10,INDIAGLYCO,"BUY ₹10.17 at ₹289.80 (fresh Friday signal — starved 2×, front of the queue — ACCUMULATE: 1.58× weekly, month 5.60×, ladder rising; stop ₹240.70; charges ₹0.01)"
2020-02-10,SYMPHONY,"BUY ₹10.18 at ₹1,379.50 (fresh Friday signal — starved 1×, front of the queue — BUY: 5.07× weekly, month 2.16×, ladder rising; stop ₹1,131.31; charges ₹0.01)"
2020-02-14,SYMPHONY,"RAISE STOP ₹1,131.31 → ₹1,240.08 (new box ₹1,305.35–₹1,408.95 sealed)"
2020-02-28,KOTAKGOLD,RAISE STOP ₹311.60 → ₹352.69 (new box ₹371.25–₹385.90 sealed)
2020-03-02,MAHINDCIE,"SELL ₹7.86 at stop ₹125.69 (-22.0%, charges ₹0.01) — the cash goes back to work at the next Friday screen"
2020-03-06,DEEPAKNTR,"fresh signal NOT FUNDED — cash exhausted (BUY: 2.89× weekly, month 3.36×, ladder rising; funding priority now 1)"
2020-03-06,HDFCMFGETF,"RAISE STOP ₹3,362.05 → ₹3,540.65 (new box ₹3,727.00–₹4,070.20 sealed)"
2020-03-06,IOLCP,"fresh signal NOT FUNDED — cash exhausted (ACCUMULATE: 2.04× weekly, month 9.08×, ladder rising; funding priority now 1)"
2020-03-06,LALPATHLAB,"fresh signal NOT FUNDED — cash exhausted (ACCUMULATE: 2.13× weekly, month 1.76×, ladder rising; funding priority now 1)"
2020-03-06,NAVINFLUOR,fresh signal REFUSED — falling earnings power
2020-03-06,PFIZER,fresh signal REFUSED — falling earnings power
2020-03-06,POLYMED,fresh signal REFUSED — falling earnings power
2020-03-06,RELAXO,fresh signal REFUSED — falling earnings power
2020-03-06,SYMPHONY,"SELL ₹9.13 at stop ₹1,240.08 (-10.1%, charges ₹0.01) — the cash goes back to work at the next Friday screen"
2020-03-09,INDOCO,"BUY ₹9.91 at ₹228.20 (fresh Friday signal — starved 2×, front of the queue — ACCUMULATE: 2.23× weekly, month 2.83×, ladder rising; stop ₹164.08; charges ₹0.01)"
2020-03-09,RADICO,"SELL ₹9.38 at stop ₹351.60 (-6.9%, charges ₹0.01) — the cash goes back to work at the next Friday screen"
2020-03-09,SETFGOLD,"BUY ₹7.25 at ₹3,862.80 (fresh Friday signal — BUY: 3.14× weekly, month 2.47×, ladder rising; stop ₹3,548.39; charges ₹0.01)"
2020-03-12,INDIAGLYCO,"SELL ₹8.43 at stop ₹240.70 (-16.9%, charges ₹0.01) — the cash goes back to work at the next Friday screen"
2020-03-13,HDFCMFGETF,"SELL ₹10.13 at stop ₹3,540.65 (+8.8%, charges ₹0.01) — the cash goes back to work at the next Friday screen"
2020-03-13,INDOCO,"SELL ₹7.11 at stop ₹164.08 (-28.1%, charges ₹0.01) — the cash goes back to work at the next Friday screen"
2020-03-17,KOTAKGOLD,"SELL ₹9.58 at stop ₹352.69 (+16.9%, charges ₹0.01) — the cash goes back to work at the next Friday screen"
2020-03-17,SETFGOLD,"SELL ₹6.64 at stop ₹3,548.39 (-8.1%, charges ₹0.01) — the cash goes back to work at the next Friday screen"
2020-03-25,AKZOINDIA,"SELL ₹8.90 at stop ₹1,787.63 (-11.9%, charges ₹0.01) — the cash goes back to work at the next Friday screen"
