date,symbol,event
2020-03-06,AJANTPHARM,fresh signal REFUSED — falling earnings power
2020-03-06,NAVINFLUOR,fresh signal REFUSED — falling earnings power
2020-03-06,PFIZER,fresh signal REFUSED — falling earnings power
2020-03-06,POLYMED,fresh signal REFUSED — falling earnings power
2020-03-06,RELAXO,fresh signal REFUSED — falling earnings power
2020-03-09,DEEPAKNTR,"BUY ₹10.00 at ₹508.80 (fresh Friday signal — BUY: 2.89× weekly, month 3.36×, ladder rising; stop ₹356.25; charges ₹0.01)"
2020-03-09,LALPATHLAB,"BUY ₹9.96 at ₹835.00 (fresh Friday signal — ACCUMULATE: 2.13× weekly, month 1.57×, ladder rising; stop ₹743.38; charges ₹0.01)"
2020-03-13,LALPATHLAB,"SELL ₹8.85 at stop ₹743.38 (-11.0%, charges ₹0.01) — the cash goes back to work at the next Friday screen"
2020-03-19,DEEPAKNTR,"SELL ₹6.99 at stop ₹356.25 (-30.0%, charges ₹0.01) — the cash goes back to work at the next Friday screen"
2020-04-01,TAX,"FY2020 settled: ₹0.00 paid (STCG ₹0.00 @20%, LTCG ₹0.00 @12.5%; losses carried forward ST ₹4.09 / LT ₹0.00)"
2020-04-13,DEEPAKNTR,"BUY ₹9.59 at ₹474.55 (fresh Friday signal — ACCUMULATE: 1.76× weekly, month 2.48×, ladder rising; stop ₹240.25; charges ₹0.01)"
2020-04-24,ZYDUSLIFE,fresh signal REFUSED — falling earnings power
2020-04-27,SYNGENE,"BUY ₹9.60 at ₹319.00 (fresh Friday signal — ACCUMULATE: 2.32× weekly, month 1.95×, ladder rising; stop ₹285.95; charges ₹0.01)"
2020-04-30,NIACL,fresh signal REFUSED — falling earnings power
2020-04-30,PFIZER,fresh signal REFUSED — falling earnings power
2020-05-11,APLLTD,"BUY ₹9.67 at ₹774.70 (fresh Friday signal — ACCUMULATE: 1.70× weekly, month 6.12×, ladder rising; stop ₹694.45; charges ₹0.01)"
2020-05-15,BAJAJ-AUTO,fresh signal REFUSED — falling earnings power
2020-05-15,DEEPAKNTR,RAISE STOP ₹240.25 → ₹474.05 (new box ₹499.00–₹567.70 sealed)
2020-05-15,HUDCO,fresh signal REFUSED — falling earnings power
2020-05-15,VEDL,fresh signal REFUSED — falling earnings power
2020-05-18,ADVENZYMES,"BUY ₹9.88 at ₹159.95 (fresh Friday signal — ACCUMULATE: 3.12× weekly, month 2.00×, ladder rising; stop ₹126.20; charges ₹0.01)"
2020-05-18,APOLLO,"BUY ₹9.82 at ₹8.70 (fresh Friday signal — BUY: 6.25× weekly, month 5.34×, ladder rising; stop ₹6.07; charges ₹0.01)"
2020-05-18,DEEPAKFERT,"BUY ₹9.80 at ₹101.03 (fresh Friday signal — ACCUMULATE: 2.11× weekly, month 4.53×, ladder rising; stop ₹88.52; charges ₹0.01)"
2020-05-18,LLOYDSENGG,"BUY ₹9.88 at ₹0.63 (fresh Friday signal — BUY: 5.26× weekly, month 1.93×, ladder rising; stop ₹0.37; charges ₹0.01)"
2020-05-18,RCF,"BUY ₹9.86 at ₹39.90 (fresh Friday signal — ACCUMULATE: 2.16× weekly, month 2.56×, ladder rising; stop ₹35.25; charges ₹0.01)"
2020-05-29,LLOYDSENGG,RAISE STOP ₹0.37 → ₹0.46 (new box ₹0.53–₹0.77 sealed)
2020-05-29,POLYMED,"fresh signal NOT FUNDED — cash exhausted (BUY: 1.50× weekly, month 2.83×, ladder rising)"
2020-05-29,TATACONSUM,fresh signal REFUSED — falling earnings power
2020-06-01,EIDPARRY,"BUY ₹10.06 at ₹198.00 (fresh Friday signal — BUY: 6.29× weekly, month 2.35×, ladder rising; stop ₹132.60; charges ₹0.01)"
2020-06-01,IGL,"BUY ₹7.71 at ₹233.50 (fresh Friday signal — ACCUMULATE: 2.70× weekly, month 1.68×, ladder rising; stop ₹208.81; charges ₹0.01)"
2020-06-05,APLLTD,RAISE STOP ₹694.45 → ₹785.37 (new box ₹826.70–₹915.00 sealed)
2020-06-05,APOLLO,RAISE STOP ₹6.07 → ₹7.57 (new box ₹8.03–₹9.55 sealed)
2020-06-05,SYNGENE,RAISE STOP ₹285.95 → ₹323.19 (new box ₹340.20–₹382.00 sealed)
2020-06-12,DEEPAKNTR,"SELL ₹9.56 at stop ₹474.05 (-0.1%, charges ₹0.01) — the cash goes back to work at the next Friday screen"
2020-06-12,GRANULES,"fresh signal NOT FUNDED — cash exhausted (BUY: 3.46× weekly, month 2.65×, ladder rising)"
2020-06-12,HEROMOTOCO,fresh signal REFUSED — falling earnings power
2020-06-12,JUBLPHARMA,fresh signal REFUSED — falling earnings power
2020-06-12,KIRLOSBROS,"fresh signal NOT FUNDED — cash exhausted (BUY: 3.69× weekly, month 2.66×, ladder rising)"
2020-06-12,NFL,fresh signal REFUSED — falling earnings power
2020-06-12,RCF,RAISE STOP ₹35.25 → ₹40.28 (new box ₹42.40–₹46.20 sealed)
2020-06-12,RECLTD,fresh signal REFUSED — falling earnings power
2020-06-15,CAPLIPOINT,"BUY ₹9.56 at ₹383.80 (fresh Friday signal — BUY: 5.39× weekly, month 2.09×, ladder rising; stop ₹291.46; charges ₹0.01)"
2020-06-19,ADVENZYMES,RAISE STOP ₹126.20 → ₹149.98 (new box ₹158.50–₹186.90 sealed)
2020-06-19,APOLLO,RAISE STOP ₹7.57 → ₹8.34 (new box ₹9.09–₹11.60 sealed)
2020-06-19,EIDPARRY,RAISE STOP ₹132.60 → ₹204.49 (new box ₹215.25–₹237.80 sealed)
2020-06-19,LLOYDSENGG,RAISE STOP ₹0.46 → ₹0.71 (new box ₹0.77–₹0.96 sealed)
2020-06-26,EIDPARRY,RAISE STOP ₹204.49 → ₹249.19 (new box ₹262.30–₹279.80 sealed)
2020-07-03,APLLTD,RAISE STOP ₹785.37 → ₹830.30 (new box ₹874.00–₹983.15 sealed)
2020-07-03,APOLLO,RAISE STOP ₹8.34 → ₹9.39 (new box ₹10.01–₹12.09 sealed)
2020-07-03,DEEPAKFERT,RAISE STOP ₹88.52 → ₹102.48 (new box ₹107.87–₹118.29 sealed)
2020-07-03,RCF,RAISE STOP ₹40.28 → ₹43.23 (new box ₹45.50–₹49.35 sealed)
2020-07-03,SYNGENE,RAISE STOP ₹323.19 → ₹375.25 (new box ₹395.00–₹424.00 sealed)
2020-07-07,IGL,"SELL ₹6.88 at stop ₹208.81 (-10.6%, charges ₹0.01) — the cash goes back to work at the next Friday screen"
2020-07-10,ASTRAMICRO,"fresh signal NOT FUNDED — cash exhausted (BUY: 5.56× weekly, month 8.68×, ladder rising)"
2020-07-10,BAJAJHLDNG,fresh signal REFUSED — falling earnings power
2020-07-10,BAJFINANCE,fresh signal REFUSED — falling earnings power
2020-07-10,BDL,"fresh signal NOT FUNDED — cash exhausted (BUY: 13.63× weekly, month 26.10×, ladder rising)"
2020-07-10,BRIGADE,fresh signal REFUSED — falling earnings power
2020-07-10,CANBK,fresh signal REFUSED — falling earnings power
2020-07-10,ELECON,"fresh signal NOT FUNDED — cash exhausted (ACCUMULATE: 3.77× weekly, month 3.10×, ladder rising)"
2020-07-10,ELGIEQUIP,fresh signal REFUSED — falling earnings power
2020-07-10,FSL,fresh signal REFUSED — falling earnings power
2020-07-10,GHCL,fresh signal REFUSED — falling earnings power
2020-07-10,GNFC,fresh signal REFUSED — falling earnings power
2020-07-10,GODREJAGRO,fresh signal REFUSED — falling earnings power
2020-07-10,GREAVESCOT,fresh signal REFUSED — falling earnings power
2020-07-10,HINDCOPPER,fresh signal REFUSED — falling earnings power
2020-07-10,HUDCO,fresh signal REFUSED — falling earnings power
2020-07-10,ICIL,"fresh signal NOT FUNDED — cash exhausted (ACCUMULATE: 3.81× weekly, month 2.18×, ladder rising)"
2020-07-10,IRB,fresh signal REFUSED — falling earnings power
2020-07-10,ITI,"fresh signal NOT FUNDED — cash exhausted (BUY: 4.50× weekly, month 5.16×, ladder rising)"
2020-07-10,JKPAPER,"fresh signal NOT FUNDED — cash exhausted (ACCUMULATE: 2.06× weekly, month 2.42×, ladder rising)"
2020-07-10,JKTYRE,fresh signal REFUSED — falling earnings power
2020-07-10,JMFINANCIL,fresh signal REFUSED — falling earnings power
2020-07-10,KTKBANK,"fresh signal NOT FUNDED — cash exhausted (BUY: 2.68× weekly, month 3.85×, ladder rising)"
2020-07-10,LINDEINDIA,"fresh signal NOT FUNDED — cash exhausted (BUY: 4.60× weekly, month 3.63×, ladder rising)"
2020-07-10,LTFOODS,"fresh signal NOT FUNDED — cash exhausted (BUY: 1.53× weekly, month 3.67×, ladder rising)"
2020-07-10,MAHABANK,"fresh signal NOT FUNDED — cash exhausted (ACCUMULATE: 3.26× weekly, month 7.17×, ladder rising)"
2020-07-10,MAHSEAMLES,fresh signal REFUSED — falling earnings power
2020-07-10,MOIL,fresh signal REFUSED — falling earnings power
2020-07-10,NATCOPHARM,fresh signal REFUSED — falling earnings power
2020-07-10,NATIONALUM,fresh signal REFUSED — falling earnings power
2020-07-10,NFL,fresh signal REFUSED — falling earnings power
2020-07-10,POLYMED,"fresh signal NOT FUNDED — cash exhausted (BUY: 2.50× weekly, month 2.13×, ladder rising)"
2020-07-10,SAIL,fresh signal REFUSED — falling earnings power
2020-07-10,SKFINDIA,"fresh signal NOT FUNDED — cash exhausted (BUY: 1.84× weekly, month 2.45×, ladder rising)"
2020-07-10,SMLMAH,fresh signal REFUSED — falling earnings power
2020-07-10,TARIL,fresh signal REFUSED — falling earnings power
2020-07-10,WELCORP,"fresh signal NOT FUNDED — cash exhausted (ACCUMULATE: 2.19× weekly, month 2.21×, ladder rising)"
2020-07-13,HAL,"BUY ₹6.88 at ₹475.00 (fresh Friday signal — BUY: 14.34× weekly, month 18.24×, ladder rising; stop ₹353.71; charges ₹0.01)"
2020-07-24,EIDPARRY,RAISE STOP ₹249.19 → ₹273.03 (new box ₹287.40–₹313.80 sealed)
2020-07-24,HAL,RAISE STOP ₹353.71 → ₹382.05 (new box ₹412.50–₹514.00 sealed)
2020-07-24,RCF,RAISE STOP ₹43.23 → ₹43.37 (new box ₹45.65–₹48.70 sealed)
2020-07-31,AARTIDRUGS,"fresh signal NOT FUNDED — cash exhausted (BUY: 1.70× weekly, month 2.11×, ladder rising)"
2020-07-31,ALOKINDS,"fresh signal NOT FUNDED — cash exhausted (ACCUMULATE: 3.86× weekly, month 5.90×, ladder rising)"
2020-07-31,APLLTD,"RAISE STOP ₹830.30 → ₹903.45 (new box ₹951.00–₹1,045.00 sealed)"
2020-07-31,CDSL,fresh signal REFUSED — falling earnings power
2020-07-31,GAEL,"fresh signal NOT FUNDED — cash exhausted (BUY: 3.45× weekly, month 2.59×, ladder rising)"
2020-07-31,ICIL,"fresh signal NOT FUNDED — cash exhausted (BUY: 3.00× weekly, month 4.24×, ladder rising)"
2020-07-31,KIRLOSBROS,"fresh signal NOT FUNDED — cash exhausted (BUY: 4.32× weekly, month 10.27×, ladder rising)"
2020-07-31,LAURUSLABS,"fresh signal NOT FUNDED — cash exhausted (BUY: 2.48× weekly, month 4.23×, ladder rising)"
2020-07-31,LLOYDSENGG,"SELL ₹11.20 at stop ₹0.71 (+13.6%, charges ₹0.01) — the cash goes back to work at the next Friday screen"
2020-07-31,LTFOODS,"fresh signal NOT FUNDED — cash exhausted (BUY: 2.07× weekly, month 2.10×, ladder rising)"
2020-07-31,LTM,fresh signal REFUSED — falling earnings power
2020-07-31,MPHASIS,"fresh signal NOT FUNDED — cash exhausted (ACCUMULATE: 3.48× weekly, month 2.89×, ladder rising)"
2020-07-31,NATCOPHARM,fresh signal REFUSED — falling earnings power
2020-07-31,NEULANDLAB,"fresh signal NOT FUNDED — cash exhausted (BUY: 1.75× weekly, month 4.31×, ladder rising)"
2020-07-31,PERSISTENT,fresh signal REFUSED — falling earnings power
2020-07-31,POLYMED,"fresh signal NOT FUNDED — cash exhausted (ACCUMULATE: 3.30× weekly, month 5.87×, ladder rising)"
2020-07-31,SHILPAMED,"fresh signal NOT FUNDED — cash exhausted (ACCUMULATE: 1.83× weekly, month 2.83×, ladder rising)"
2020-07-31,TECHM,fresh signal REFUSED — falling earnings power
2020-07-31,VIYASH,"fresh signal NOT FUNDED — cash exhausted (BUY: 1.88× weekly, month 4.01×, ladder rising)"
2020-07-31,ZENSARTECH,fresh signal REFUSED — falling earnings power
2020-08-03,ZENTEC,"BUY ₹11.20 at ₹58.80 (fresh Friday signal — ACCUMULATE: 4.33× weekly, month 4.91×, ladder rising; stop ₹42.67; charges ₹0.01)"
2020-08-07,RCF,RAISE STOP ₹43.37 → ₹43.89 (new box ₹46.20–₹50.95 sealed)
2020-08-14,ADVENZYMES,RAISE STOP ₹149.98 → ₹194.75 (new box ₹205.00–₹224.75 sealed)
2020-08-14,DEEPAKFERT,RAISE STOP ₹102.48 → ₹135.30 (new box ₹142.78–₹167.69 sealed)
2020-08-14,SYNGENE,RAISE STOP ₹375.25 → ₹434.44 (new box ₹457.30–₹504.00 sealed)
2020-08-17,EIDPARRY,"SELL ₹13.84 at stop ₹273.03 (+37.9%, charges ₹0.01) — the cash goes back to work at the next Friday screen"
2020-08-21,AARTIDRUGS,"fresh signal NOT FUNDED — cash exhausted (BUY: 5.25× weekly, month 7.59×, ladder rising)"
2020-08-21,ASHOKLEY,fresh signal REFUSED — falling earnings power
2020-08-21,ATUL,"fresh signal NOT FUNDED — cash exhausted (BUY: 1.77× weekly, month 1.68×, ladder rising)"
2020-08-21,BALAMINES,fresh signal REFUSED — falling earnings power
2020-08-21,BLS,fresh signal REFUSED — falling earnings power
2020-08-21,BRIGADE,fresh signal REFUSED — falling earnings power
2020-08-21,BSOFT,fresh signal REFUSED — falling earnings power
2020-08-21,CAPLIPOINT,RAISE STOP ₹291.46 → ₹454.79 (new box ₹508.15–₹686.00 sealed)
2020-08-21,CCL,"fresh signal NOT FUNDED — cash exhausted (ACCUMULATE: 2.70× weekly, month 1.56×, ladder rising)"
2020-08-21,DBL,fresh signal REFUSED — falling earnings power
2020-08-21,EMBDL,fresh signal REFUSED — falling earnings power
2020-08-21,EPL,"fresh signal NOT FUNDED — cash exhausted (BUY: 1.66× weekly, month 2.55×, ladder rising)"
2020-08-21,GAEL,"fresh signal NOT FUNDED — cash exhausted (BUY: 1.93× weekly, month 3.48×, ladder rising)"
2020-08-21,GRASIM,fresh signal REFUSED — falling earnings power
2020-08-21,GRAVITA,"fresh signal NOT FUNDED — cash exhausted (ACCUMULATE: 2.54× weekly, month 3.27×, ladder rising)"
2020-08-21,IMFA,fresh signal REFUSED — falling earnings power
2020-08-21,IRB,fresh signal REFUSED — falling earnings power
2020-08-21,LUMAXTECH,fresh signal REFUSED — falling earnings power
2020-08-21,MAHABANK,"fresh signal NOT FUNDED — cash exhausted (BUY: 2.09× weekly, month 4.45×, ladder rising)"
2020-08-21,PNBHOUSING,fresh signal REFUSED — falling earnings power
2020-08-21,PRICOLLTD,"fresh signal NOT FUNDED — cash exhausted (BUY: 3.26× weekly, month 2.29×, ladder rising)"
2020-08-21,RCF,RAISE STOP ₹43.89 → ₹45.84 (new box ₹48.25–₹53.50 sealed)
2020-08-21,RHIM,fresh signal REFUSED — falling earnings power
2020-08-21,RTNINDIA,fresh signal REFUSED — falling earnings power
2020-08-21,SARDAEN,fresh signal REFUSED — falling earnings power
2020-08-21,TANLA,fresh signal REFUSED — falling earnings power
2020-08-21,TATAPOWER,fresh signal REFUSED — falling earnings power
2020-08-21,TIPSMUSIC,fresh signal REFUSED — falling earnings power
2020-08-21,TORNTPOWER,"fresh signal NOT FUNDED — cash exhausted (BUY: 1.91× weekly, month 1.68×, ladder rising)"
2020-08-21,TRIVENI,"fresh signal NOT FUNDED — cash exhausted (ACCUMULATE: 1.72× weekly, month 2.23×, ladder rising)"
2020-08-21,USHAMART,"fresh signal NOT FUNDED — cash exhausted (BUY: 1.52× weekly, month 1.67×, ladder rising)"
2020-08-21,WABAG,fresh signal REFUSED — falling earnings power
2020-08-21,ZENTEC,RAISE STOP ₹42.67 → ₹80.56 (new box ₹84.80–₹92.35 sealed)
2020-08-21,ZFCVINDIA,"fresh signal NOT FUNDED — cash exhausted (ACCUMULATE: 2.22× weekly, month 1.75×, ladder rising)"
2020-08-24,THYROCARE,"BUY ₹13.84 at ₹263.35 (fresh Friday signal — BUY: 7.09× weekly, month 4.48×, ladder rising; stop ₹199.77; charges ₹0.02)"
2020-08-28,APLLTD,"RAISE STOP ₹903.45 → ₹928.62 (new box ₹977.50–₹1,049.00 sealed)"
2020-08-31,ZENTEC,"SELL ₹15.31 at stop ₹80.56 (+37.0%, charges ₹0.02) — the cash goes back to work at the next Friday screen"
2020-09-01,APLLTD,"SELL ₹11.56 at stop ₹928.62 (+19.9%, charges ₹0.01) — the cash goes back to work at the next Friday screen"
2020-09-04,ASHAPURMIN,fresh signal REFUSED — falling earnings power
2020-09-04,CDSL,fresh signal REFUSED — falling earnings power
2020-09-04,DEEPAKFERT,RAISE STOP ₹135.30 → ₹149.57 (new box ₹158.24–₹187.13 sealed)
2020-09-04,ELECTCAST,fresh signal REFUSED — falling earnings power
2020-09-04,GRASIM,fresh signal REFUSED — falling earnings power
2020-09-04,IFBIND,fresh signal REFUSED — falling earnings power
2020-09-04,JMFINANCIL,fresh signal REFUSED — falling earnings power
2020-09-04,THYROCARE,RAISE STOP ₹199.77 → ₹235.03 (new box ₹247.40–₹282.30 sealed)
2020-09-04,TIPSMUSIC,fresh signal REFUSED — falling earnings power
2020-09-07,INDIAMART,"BUY ₹12.87 at ₹2,124.50 (fresh Friday signal — BUY: 2.46× weekly, month 1.96×, ladder rising; stop ₹1,655.61; charges ₹0.02)"
2020-09-07,POLYMED,"BUY ₹12.96 at ₹449.70 (fresh Friday signal — BUY: 2.13× weekly, month 2.66×, ladder rising; stop ₹372.40; charges ₹0.02)"
2020-09-09,RCF,"SELL ₹11.31 at stop ₹45.84 (+14.9%, charges ₹0.01) — the cash goes back to work at the next Friday screen"
2020-09-11,ASHAPURMIN,fresh signal REFUSED — falling earnings power
2020-09-11,ATGL,"fresh signal NOT FUNDED — cash exhausted (BUY: 1.66× weekly, month 1.67×, ladder rising)"
2020-09-11,DATAMATICS,fresh signal REFUSED — falling earnings power
2020-09-11,POLYMED,RAISE STOP ₹372.40 → ₹408.50 (new box ₹430.00–₹497.70 sealed)
2020-09-11,SCHAEFFLER,"fresh signal NOT FUNDED — cash exhausted (ACCUMULATE: 2.07× weekly, month 1.89×, ladder rising)"
2020-09-11,STAR,fresh signal REFUSED — falling earnings power
2020-09-11,TIPSMUSIC,fresh signal REFUSED — falling earnings power
2020-09-14,GLAXO,"BUY ₹12.35 at ₹1,675.00 (fresh Friday signal — BUY: 2.55× weekly, month 2.05×, ladder rising; stop ₹1,437.44; charges ₹0.01)"
2020-09-18,ADVENZYMES,RAISE STOP ₹194.75 → ₹212.37 (new box ₹223.55–₹238.55 sealed)
2020-09-18,CAPLIPOINT,RAISE STOP ₹454.79 → ₹486.88 (new box ₹512.50–₹552.70 sealed)
2020-09-18,HAL,RAISE STOP ₹382.05 → ₹390.57 (new box ₹411.12–₹439.43 sealed)
2020-09-18,INDIAMART,"RAISE STOP ₹1,655.61 → ₹2,099.50 (new box ₹2,210.00–₹2,461.60 sealed)"
2020-09-22,DEEPAKFERT,"SELL ₹14.48 at stop ₹149.57 (+48.0%, charges ₹0.02) — the cash goes back to work at the next Friday screen"
2020-09-22,HAL,"SELL ₹5.64 at stop ₹390.57 (-17.8%, charges ₹0.01) — the cash goes back to work at the next Friday screen"
2020-09-25,CAPLIPOINT,RAISE STOP ₹486.88 → ₹498.06 (new box ₹525.05–₹615.00 sealed)
2020-09-25,ELECTCAST,fresh signal REFUSED — falling earnings power
2020-09-25,KPITTECH,"fresh signal NOT FUNDED — cash exhausted (ACCUMULATE: 2.60× weekly, month 3.03×, ladder rising)"
2020-09-25,SYNGENE,RAISE STOP ₹434.44 → ₹501.60 (new box ₹528.00–₹594.95 sealed)
2020-09-28,HCLTECH,"BUY ₹13.83 at ₹838.40 (fresh Friday signal — BUY: 2.61× weekly, month 2.34×, ladder rising; stop ₹740.29; charges ₹0.02)"
2020-10-01,GLAXO,"RAISE STOP ₹1,437.44 → ₹1,441.55 (new box ₹1,526.00–₹1,807.50 sealed)"
2020-10-01,POLYMED,RAISE STOP ₹408.50 → ₹420.11 (new box ₹443.00–₹519.30 sealed)
2020-10-09,HCLTECH,RAISE STOP ₹740.29 → ₹766.75 (new box ₹807.10–₹844.75 sealed)
2020-10-09,INDIAMART,"RAISE STOP ₹2,099.50 → ₹2,315.62 (new box ₹2,437.50–₹2,743.75 sealed)"
2020-10-16,THYROCARE,RAISE STOP ₹235.03 → ₹311.14 (new box ₹327.80–₹383.33 sealed)
2020-10-19,INDIAMART,"SELL ₹14.00 at stop ₹2,315.62 (+9.0%, charges ₹0.01) — the cash goes back to work at the next Friday screen"
2020-10-23,ADVENZYMES,RAISE STOP ₹212.37 → ₹292.33 (new box ₹313.65–₹384.70 sealed)
2020-10-23,AMBER,"fresh signal NOT FUNDED — cash exhausted (BUY: 2.70× weekly, month 2.63×, ladder rising)"
2020-10-23,BBOX,fresh signal REFUSED — falling earnings power
2020-10-23,CEATLTD,fresh signal REFUSED — falling earnings power
2020-10-23,GAEL,"fresh signal NOT FUNDED — cash exhausted (ACCUMULATE: 1.82× weekly, month 1.98×, ladder rising)"
2020-10-23,GOKEX,"fresh signal NOT FUNDED — cash exhausted (BUY: 2.02× weekly, month 1.72×, ladder rising)"
2020-10-23,HCLTECH,RAISE STOP ₹766.75 → ₹779.57 (new box ₹820.60–₹910.70 sealed)
2020-10-23,NEWGEN,fresh signal REFUSED — falling earnings power
2020-10-23,OPTIEMUS,fresh signal REFUSED — falling earnings power
2020-10-23,POONAWALLA,fresh signal REFUSED — falling earnings power
2020-10-26,JUSTDIAL,"BUY ₹14.04 at ₹584.00 (fresh Friday signal — BUY: 4.99× weekly, month 1.82×, ladder rising; stop ₹383.80; charges ₹0.02)"
2020-10-30,BBOX,fresh signal REFUSED — falling earnings power
2020-10-30,BLUEDART,fresh signal REFUSED — falling earnings power
2020-10-30,CAPLIPOINT,"SELL ₹12.37 at stop ₹498.06 (+29.8%, charges ₹0.01) — the cash goes back to work at the next Friday screen"
2020-10-30,ELECTCAST,fresh signal REFUSED — falling earnings power
2020-11-02,GLAXO,"SELL ₹10.60 at stop ₹1,441.55 (-13.9%, charges ₹0.01) — the cash goes back to work at the next Friday screen"
2020-11-02,KPRMILL,"BUY ₹13.68 at ₹151.00 (fresh Friday signal — BUY: 2.37× weekly, month 3.11×, ladder rising; stop ₹108.58; charges ₹0.02)"
2020-11-03,ADVENZYMES,"SELL ₹18.02 at stop ₹292.33 (+82.8%, charges ₹0.02) — the cash goes back to work at the next Friday screen"
2020-11-06,FINPIPE,fresh signal REFUSED — falling earnings power
2020-11-06,KPRMILL,RAISE STOP ₹108.58 → ₹134.58 (new box ₹141.66–₹156.80 sealed)
2020-11-06,MRF,fresh signal REFUSED — falling earnings power
2020-11-06,SAREGAMA,fresh signal REFUSED — falling earnings power
2020-11-06,THYROCARE,RAISE STOP ₹311.14 → ₹338.83 (new box ₹356.67–₹404.00 sealed)
2020-11-09,BORORENEW,"BUY ₹13.89 at ₹99.70 (fresh Friday signal — ACCUMULATE: 1.74× weekly, month 1.65×, ladder rising; stop ₹77.16; charges ₹0.02)"
2020-11-12,THYROCARE,"SELL ₹17.77 at stop ₹338.83 (+28.7%, charges ₹0.02) — the cash goes back to work at the next Friday screen"
2020-11-14,APOLLO,RAISE STOP ₹9.39 → ₹10.21 (new box ₹10.74–₹11.87 sealed)
2020-11-14,JUSTDIAL,RAISE STOP ₹383.80 → ₹523.11 (new box ₹568.00–₹717.65 sealed)
2020-11-14,MRF,fresh signal REFUSED — falling earnings power
2020-11-14,SAREGAMA,fresh signal REFUSED — falling earnings power
2020-11-17,PIIND,"BUY ₹14.05 at ₹2,348.20 (fresh Friday signal — ACCUMULATE: 1.62× weekly, month 1.81×, ladder rising; stop ₹2,107.67; charges ₹0.02)"
2020-11-17,TRENT,"BUY ₹14.07 at ₹755.00 (fresh Friday signal — ACCUMULATE: 3.32× weekly, month 1.93×, ladder rising; stop ₹551.90; charges ₹0.02)"
2020-11-20,HFCL,"fresh signal NOT FUNDED — cash exhausted (BUY: 3.09× weekly, month 1.77×, ladder rising)"
2020-11-20,IMFA,fresh signal REFUSED — falling earnings power
2020-11-20,MRF,fresh signal REFUSED — falling earnings power
2020-11-23,ATGL,"BUY ₹9.33 at ₹358.00 (fresh Friday signal — BUY: 4.86× weekly, month 2.02×, ladder rising; stop ₹219.69; charges ₹0.01)"
2020-11-27,BORORENEW,RAISE STOP ₹77.16 → ₹106.40 (new box ₹112.00–₹122.00 sealed)
2020-11-27,KPRMILL,RAISE STOP ₹134.58 → ₹148.69 (new box ₹156.52–₹168.80 sealed)
2020-12-04,ATGL,RAISE STOP ₹219.69 → ₹295.81 (new box ₹311.95–₹365.75 sealed)
2020-12-11,BORORENEW,RAISE STOP ₹106.40 → ₹123.97 (new box ₹130.50–₹140.70 sealed)
2020-12-11,TRENT,RAISE STOP ₹551.90 → ₹626.30 (new box ₹668.45–₹808.95 sealed)
2020-12-18,APOLLO,RAISE STOP ₹10.21 → ₹11.88 (new box ₹12.50–₹13.48 sealed)
2020-12-18,ATGL,RAISE STOP ₹295.81 → ₹332.60 (new box ₹350.10–₹382.65 sealed)
2020-12-18,KPRMILL,RAISE STOP ₹148.69 → ₹156.39 (new box ₹164.62–₹179.49 sealed)
2020-12-18,SYNGENE,RAISE STOP ₹501.60 → ₹562.40 (new box ₹592.00–₹624.95 sealed)
2020-12-21,APOLLO,"SELL ₹13.38 at stop ₹11.88 (+36.6%, charges ₹0.01) — the cash goes back to work at the next Friday screen"
2020-12-21,ATGL,"SELL ₹8.65 at stop ₹332.60 (-7.1%, charges ₹0.01) — the cash goes back to work at the next Friday screen"
2020-12-22,SYNGENE,"SELL ₹16.88 at stop ₹562.40 (+76.3%, charges ₹0.02) — the cash goes back to work at the next Friday screen"
2020-12-24,ACE,fresh signal REFUSED — falling earnings power
2020-12-24,ASAHIINDIA,fresh signal REFUSED — falling earnings power
2020-12-24,ASHAPURMIN,fresh signal REFUSED — falling earnings power
2020-12-24,ASTRAL,"fresh signal NOT FUNDED — cash exhausted (ACCUMULATE: 1.83× weekly, month 1.68×, ladder rising)"
2020-12-24,AURIONPRO,fresh signal REFUSED — falling earnings power
2020-12-24,BEML,fresh signal REFUSED — falling earnings power
2020-12-24,BORORENEW,RAISE STOP ₹123.97 → ₹148.20 (new box ₹156.00–₹181.00 sealed)
2020-12-24,DATAMATICS,fresh signal REFUSED — falling earnings power
2020-12-24,ERIS,fresh signal REFUSED — falling earnings power
2020-12-24,HFCL,"fresh signal NOT FUNDED — cash exhausted (BUY: 2.33× weekly, month 3.93×, ladder rising)"
2020-12-24,JKCEMENT,"fresh signal NOT FUNDED — cash exhausted (ACCUMULATE: 2.08× weekly, month 1.76×, ladder rising)"
2020-12-24,KNRCON,fresh signal REFUSED — falling earnings power
2020-12-24,PCJEWELLER,"fresh signal NOT FUNDED — cash exhausted (ACCUMULATE: 1.75× weekly, month 3.02×, ladder rising)"
2020-12-24,SAIL,fresh signal REFUSED — falling earnings power
2020-12-24,SURYAROSNI,fresh signal REFUSED — falling earnings power
2020-12-24,TDPOWERSYS,"fresh signal NOT FUNDED — cash exhausted (ACCUMULATE: 1.71× weekly, month 2.20×, ladder rising)"
2020-12-28,GRAVITA,"BUY ₹16.07 at ₹69.65 (fresh Friday signal — BUY: 2.45× weekly, month 4.29×, ladder rising; stop ₹46.41; charges ₹0.02)"
2020-12-28,HONAUT,"BUY ₹16.14 at ₹38,887.75 (fresh Friday signal — BUY: 5.49× weekly, month 1.69×, ladder rising; stop ₹29,024.49; charges ₹0.02)"
2021-01-08,HONAUT,"RAISE STOP ₹29,024.49 → ₹34,722.50 (new box ₹36,550.00–₹39,200.00 sealed)"
2021-01-15,BORORENEW,RAISE STOP ₹148.20 → ₹247.59 (new box ₹265.05–₹323.25 sealed)
2021-01-15,GRAVITA,RAISE STOP ₹46.41 → ₹70.89 (new box ₹75.00–₹88.70 sealed)
2021-01-20,BORORENEW,"SELL ₹34.41 at stop ₹247.59 (+148.3%, charges ₹0.04) — the cash goes back to work at the next Friday screen"
2021-01-22,ANANTRAJ,fresh signal REFUSED — falling earnings power
2021-01-22,CEATLTD,fresh signal REFUSED — falling earnings power
2021-01-22,GABRIEL,"fresh signal NOT FUNDED — cash exhausted (ACCUMULATE: 1.54× weekly, month 3.77×, ladder rising)"
2021-01-22,GODREJIND,fresh signal REFUSED — falling earnings power
2021-01-22,HCLTECH,"RAISE STOP ₹779.57 → ₹928.05 (new box ₹976.90–₹1,067.00 sealed)"
2021-01-22,JBMA,fresh signal REFUSED — falling earnings power
2021-01-22,JUSTDIAL,RAISE STOP ₹523.11 → ₹622.35 (new box ₹655.50–₹766.00 sealed)
2021-01-22,LUMAXTECH,fresh signal REFUSED — falling earnings power
2021-01-22,MRF,fresh signal REFUSED — falling earnings power
2021-01-22,NIACL,fresh signal REFUSED — falling earnings power
2021-01-22,SAREGAMA,fresh signal REFUSED — falling earnings power
2021-01-22,TECHNOE,fresh signal REFUSED — falling earnings power
2021-01-22,TMPV,fresh signal REFUSED — falling earnings power
2021-01-22,WHIRLPOOL,"fresh signal NOT FUNDED — cash exhausted (BUY: 1.73× weekly, month 2.10×, ladder rising)"
2021-01-25,HINDZINC,"BUY ₹8.64 at ₹277.40 (fresh Friday signal — ACCUMULATE: 2.31× weekly, month 2.09×, ladder rising; stop ₹248.97; charges ₹0.01)"
2021-01-25,INDIAMART,"BUY ₹16.20 at ₹3,990.00 (fresh Friday signal — BUY: 2.37× weekly, month 1.58×, ladder rising; stop ₹3,323.20; charges ₹0.02)"
2021-01-25,JUSTDIAL,"SELL ₹14.93 at stop ₹622.35 (+6.6%, charges ₹0.02) — the cash goes back to work at the next Friday screen"
2021-01-25,PIIND,"SELL ₹12.58 at stop ₹2,107.67 (-10.2%, charges ₹0.01) — the cash goes back to work at the next Friday screen"
2021-01-25,TATAELXSI,"BUY ₹16.28 at ₹2,608.00 (fresh Friday signal — BUY: 2.94× weekly, month 2.74×, ladder rising; stop ₹1,712.61; charges ₹0.02)"
2021-01-29,CYIENT,fresh signal REFUSED — falling earnings power
2021-01-29,HCLTECH,"SELL ₹15.27 at stop ₹928.05 (+10.7%, charges ₹0.02) — the cash goes back to work at the next Friday screen"
2021-01-29,INDIAMART,"RAISE STOP ₹3,323.20 → ₹3,460.38 (new box ₹3,642.50–₹4,187.35 sealed)"
2021-01-29,KPRMILL,RAISE STOP ₹156.39 → ₹166.62 (new box ₹175.39–₹200.00 sealed)
2021-01-29,TATAELXSI,"RAISE STOP ₹1,712.61 → ₹2,275.70 (new box ₹2,408.00–₹2,849.00 sealed)"
2021-01-29,TRENT,"SELL ₹11.65 at stop ₹626.30 (-17.0%, charges ₹0.01) — the cash goes back to work at the next Friday screen"
2021-02-01,GAEL,"BUY ₹16.43 at ₹71.47 (fresh Friday signal — ACCUMULATE: 2.70× weekly, month 3.63×, ladder rising; stop ₹62.70; charges ₹0.02)"
2021-02-05,APARINDS,fresh signal REFUSED — falling earnings power
2021-02-05,BAJAJELEC,fresh signal REFUSED — falling earnings power
2021-02-05,BLUEDART,fresh signal REFUSED — falling earnings power
2021-02-05,CARBORUNIV,fresh signal REFUSED — falling earnings power
2021-02-05,CEATLTD,fresh signal REFUSED — falling earnings power
2021-02-05,CUMMINSIND,fresh signal REFUSED — falling earnings power
2021-02-05,CYIENT,fresh signal REFUSED — falling earnings power
2021-02-05,GODREJIND,fresh signal REFUSED — falling earnings power
2021-02-05,HONAUT,"RAISE STOP ₹34,722.50 → ₹35,971.61 (new box ₹37,864.85–₹41,859.75 sealed)"
2021-02-05,IEX,fresh signal REFUSED — falling earnings power
2021-02-05,IMFA,fresh signal REFUSED — falling earnings power
2021-02-05,INDIANB,fresh signal REFUSED — falling earnings power
2021-02-05,INTELLECT,fresh signal REFUSED — falling earnings power
2021-02-05,IOC,fresh signal REFUSED — falling earnings power
2021-02-05,KIRLOSBROS,"fresh signal NOT FUNDED — cash exhausted (BUY: 1.71× weekly, month 1.58×, ladder rising)"
2021-02-05,KNRCON,fresh signal REFUSED — falling earnings power
2021-02-05,MAHABANK,"fresh signal NOT FUNDED — cash exhausted (BUY: 2.17× weekly, month 3.37×, ladder rising)"
2021-02-05,MSTCLTD,"fresh signal NOT FUNDED — cash exhausted (BUY: 2.05× weekly, month 3.33×, ladder rising)"
2021-02-05,NATIONALUM,fresh signal REFUSED — falling earnings power
2021-02-05,PRSMJOHNSN,fresh signal REFUSED — falling earnings power
2021-02-05,QUESS,fresh signal REFUSED — falling earnings power
2021-02-05,RCF,"fresh signal NOT FUNDED — cash exhausted (ACCUMULATE: 1.65× weekly, month 1.89×, ladder rising)"
2021-02-05,THERMAX,fresh signal REFUSED — falling earnings power
2021-02-05,TMPV,fresh signal REFUSED — falling earnings power
2021-02-05,UCOBANK,"fresh signal NOT FUNDED — cash exhausted (ACCUMULATE: 2.15× weekly, month 1.67×, ladder rising)"
2021-02-05,UNOMINDA,fresh signal REFUSED — falling earnings power
2021-02-05,VGUARD,"fresh signal NOT FUNDED — cash exhausted (BUY: 1.94× weekly, month 2.57×, ladder rising)"
2021-02-08,ITC,"BUY ₹16.65 at ₹228.69 (fresh Friday signal — BUY: 2.38× weekly, month 1.68×, ladder rising; stop ₹184.60; charges ₹0.02)"
2021-02-08,UJJIVANSFB,"BUY ₹16.70 at ₹37.15 (fresh Friday signal — ACCUMULATE: 2.60× weekly, month 2.19×, ladder rising; stop ₹32.12; charges ₹0.02)"
2021-02-12,HINDZINC,RAISE STOP ₹248.97 → ₹279.30 (new box ₹294.00–₹306.40 sealed)
2021-02-12,INDIAMART,"RAISE STOP ₹3,460.38 → ₹4,137.25 (new box ₹4,355.00–₹4,975.00 sealed)"
2021-02-12,TATAELXSI,"RAISE STOP ₹2,275.70 → ₹2,660.00 (new box ₹2,800.00–₹3,050.00 sealed)"
2021-02-19,HONAUT,"RAISE STOP ₹35,971.61 → ₹39,140.00 (new box ₹41,200.00–₹43,231.00 sealed)"
2021-02-19,ITC,RAISE STOP ₹184.60 → ₹197.41 (new box ₹207.80–₹230.33 sealed)
2021-02-22,TATAELXSI,"SELL ₹16.57 at stop ₹2,660.00 (+2.0%, charges ₹0.02) — the cash goes back to work at the next Friday screen"
2021-02-23,GAEL,"SELL ₹14.38 at stop ₹62.70 (-12.3%, charges ₹0.01) — the cash goes back to work at the next Friday screen"
2021-02-24,KPRMILL,"SELL ₹15.07 at stop ₹166.62 (+10.3%, charges ₹0.02) — the cash goes back to work at the next Friday screen"
2021-02-26,ADANIENT,"fresh signal NOT FUNDED — cash exhausted (BUY: 1.57× weekly, month 1.75×, ladder rising)"
2021-02-26,ADANIPORTS,fresh signal REFUSED — falling earnings power
2021-02-26,GNFC,fresh signal REFUSED — falling earnings power
2021-02-26,GSFC,fresh signal REFUSED — falling earnings power
2021-02-26,IMFA,fresh signal REFUSED — falling earnings power
2021-02-26,ITC,"SELL ₹14.34 at stop ₹197.41 (-13.7%, charges ₹0.01) — the cash goes back to work at the next Friday screen"
2021-02-26,LUMAXTECH,fresh signal REFUSED — falling earnings power
2021-02-26,MMTC,fresh signal REFUSED — falling earnings power
2021-02-26,NATIONALUM,fresh signal REFUSED — falling earnings power
2021-02-26,NBCC,fresh signal REFUSED — falling earnings power
2021-02-26,PRAJIND,fresh signal REFUSED — falling earnings power
2021-02-26,PRICOLLTD,"fresh signal NOT FUNDED — cash exhausted (BUY: 2.39× weekly, month 5.47×, ladder rising)"
2021-02-26,SCHNEIDER,fresh signal REFUSED — falling earnings power
2021-02-26,SOUTHBANK,"fresh signal NOT FUNDED — cash exhausted (ACCUMULATE: 1.96× weekly, month 1.55×, ladder rising)"
2021-02-26,SUNDARMFIN,fresh signal REFUSED — falling earnings power
2021-02-26,TATACHEM,"fresh signal NOT FUNDED — cash exhausted (BUY: 2.55× weekly, month 2.88×, ladder rising)"
2021-02-26,VAIBHAVGBL,"fresh signal NOT FUNDED — cash exhausted (BUY: 2.74× weekly, month 2.17×, ladder rising)"
2021-02-26,ZENSARTECH,fresh signal REFUSED — falling earnings power
2021-03-01,GESHIP,"BUY ₹12.95 at ₹315.90 (fresh Friday signal — BUY: 2.93× weekly, month 1.80×, ladder rising; stop ₹219.84; charges ₹0.02)"
2021-03-01,IOB,"BUY ₹17.47 at ₹18.90 (fresh Friday signal — ACCUMULATE: 3.52× weekly, month 9.60×, ladder rising; stop ₹13.70; charges ₹0.02)"
2021-03-01,MAHABANK,"BUY ₹17.36 at ₹25.20 (fresh Friday signal — ACCUMULATE: 3.28× weekly, month 6.34×, ladder rising; stop ₹18.37; charges ₹0.02)"
2021-03-01,RCF,"BUY ₹17.23 at ₹80.00 (fresh Friday signal — BUY: 7.15× weekly, month 3.12×, ladder rising; stop ₹50.16; charges ₹0.02)"
2021-03-02,INDIAMART,"SELL ₹16.76 at stop ₹4,137.25 (+3.7%, charges ₹0.02) — the cash goes back to work at the next Friday screen"
2021-03-05,ADANIPORTS,fresh signal REFUSED — falling earnings power
2021-03-05,ADANIPOWER,fresh signal REFUSED — falling earnings power
2021-03-05,BALRAMCHIN,fresh signal REFUSED — falling earnings power
2021-03-05,BLUESTARCO,fresh signal REFUSED — falling earnings power
2021-03-05,CCAVENUE,fresh signal REFUSED — falling earnings power
2021-03-05,CONCOR,fresh signal REFUSED — falling earnings power
2021-03-05,EDELWEISS,fresh signal REFUSED — falling earnings power
2021-03-05,GABRIEL,"fresh signal NOT FUNDED — cash exhausted (BUY: 2.66× weekly, month 2.76×, ladder rising)"
2021-03-05,GNFC,fresh signal REFUSED — falling earnings power
2021-03-05,GSFC,fresh signal REFUSED — falling earnings power
2021-03-05,HONAUT,"RAISE STOP ₹39,140.00 → ₹41,911.15 (new box ₹44,117.00–₹48,644.00 sealed)"
2021-03-05,JAIBALAJI,"fresh signal NOT FUNDED — cash exhausted (BUY: 2.07× weekly, month 1.67×, ladder rising)"
2021-03-05,LUMAXTECH,fresh signal REFUSED — falling earnings power
2021-03-05,MMTC,fresh signal REFUSED — falling earnings power
2021-03-05,NBCC,fresh signal REFUSED — falling earnings power
2021-03-05,POLYMED,RAISE STOP ₹420.11 → ₹642.77 (new box ₹676.60–₹749.75 sealed)
2021-03-05,POONAWALLA,fresh signal REFUSED — falling earnings power
2021-03-05,PRAJIND,fresh signal REFUSED — falling earnings power
2021-03-05,PRICOLLTD,"fresh signal NOT FUNDED — cash exhausted (BUY: 1.62× weekly, month 6.01×, ladder rising)"
2021-03-05,PTC,fresh signal REFUSED — falling earnings power
2021-03-05,SJVN,"fresh signal NOT FUNDED — cash exhausted (ACCUMULATE: 2.55× weekly, month 2.70×, ladder rising)"
2021-03-05,TATAPOWER,fresh signal REFUSED — falling earnings power
2021-03-05,TECHNOE,fresh signal REFUSED — falling earnings power
2021-03-05,THOMASCOOK,fresh signal REFUSED — falling earnings power
2021-03-05,VAIBHAVGBL,"fresh signal NOT FUNDED — cash exhausted (BUY: 1.87× weekly, month 2.48×, ladder rising)"
2021-03-08,JSWENERGY,"BUY ₹16.76 at ₹81.85 (fresh Friday signal — BUY: 5.17× weekly, month 2.49×, ladder rising; stop ₹65.79; charges ₹0.02)"
2021-03-12,GESHIP,RAISE STOP ₹219.84 → ₹290.70 (new box ₹306.00–₹339.95 sealed)
2021-03-12,GRAVITA,RAISE STOP ₹70.89 → ₹96.13 (new box ₹102.25–₹122.65 sealed)
2021-03-12,JSWENERGY,RAISE STOP ₹65.79 → ₹76.43 (new box ₹80.45–₹92.40 sealed)
2021-03-12,RCF,RAISE STOP ₹50.16 → ₹79.16 (new box ₹84.00–₹100.15 sealed)
2021-03-17,GRAVITA,"SELL ₹22.13 at stop ₹96.13 (+38.0%, charges ₹0.02) — the cash goes back to work at the next Friday screen"
2021-03-17,RCF,"SELL ₹17.01 at stop ₹79.16 (-1.1%, charges ₹0.02) — the cash goes back to work at the next Friday screen"
2021-03-18,UJJIVANSFB,"SELL ₹14.40 at stop ₹32.12 (-13.5%, charges ₹0.01) — the cash goes back to work at the next Friday screen"
2021-03-19,ADANIPOWER,fresh signal REFUSED — falling earnings power
2021-03-19,DATAMATICS,fresh signal REFUSED — falling earnings power
2021-03-19,EDELWEISS,fresh signal REFUSED — falling earnings power
2021-03-19,FSL,fresh signal REFUSED — falling earnings power
2021-03-19,GICRE,fresh signal REFUSED — falling earnings power
2021-03-19,HINDZINC,"SELL ₹8.68 at stop ₹279.30 (+0.7%, charges ₹0.01) — the cash goes back to work at the next Friday screen"
2021-03-19,IEX,fresh signal REFUSED — falling earnings power
2021-03-19,MAHABANK,"SELL ₹12.63 at stop ₹18.37 (-27.1%, charges ₹0.01) — the cash goes back to work at the next Friday screen"
2021-03-19,NIACL,fresh signal REFUSED — falling earnings power
2021-03-22,DEEPAKFERT,"BUY ₹16.13 at ₹237.00 (fresh Friday signal — BUY: 2.43× weekly, month 1.82×, ladder rising; stop ₹184.78; charges ₹0.02)"
2021-03-22,HONAUT,"SELL ₹17.35 at stop ₹41,911.15 (+7.8%, charges ₹0.02) — the cash goes back to work at the next Friday screen"
2021-03-22,KEI,"BUY ₹16.05 at ₹522.00 (fresh Friday signal — BUY: 5.22× weekly, month 1.54×, ladder rising; stop ₹436.67; charges ₹0.02)"
2021-03-22,WELSPUNLIV,"BUY ₹16.13 at ₹81.45 (fresh Friday signal — BUY: 3.57× weekly, month 2.45×, ladder rising; stop ₹67.45; charges ₹0.02)"
2021-03-26,ADANIPORTS,fresh signal REFUSED — falling earnings power
2021-03-26,ADANIPOWER,fresh signal REFUSED — falling earnings power
2021-03-26,DEEPAKFERT,RAISE STOP ₹184.78 → ₹209.52 (new box ₹220.55–₹249.45 sealed)
2021-03-26,HCG,fresh signal REFUSED — falling earnings power
2021-03-26,KEI,RAISE STOP ₹436.67 → ₹471.20 (new box ₹496.00–₹558.00 sealed)
2021-03-26,POLYMED,RAISE STOP ₹642.77 → ₹719.96 (new box ₹765.55–₹917.50 sealed)
2021-03-26,TIMETECHNO,fresh signal REFUSED — falling earnings power
2021-03-26,WELSPUNLIV,RAISE STOP ₹67.45 → ₹68.17 (new box ₹72.65–₹87.60 sealed)
2021-03-30,KPITTECH,"BUY ₹16.11 at ₹182.00 (fresh Friday signal — BUY: 1.71× weekly, month 2.75×, ladder rising; stop ₹136.62; charges ₹0.02)"
2021-04-01,ASAHIINDIA,fresh signal REFUSED — falling earnings power
2021-04-01,GICRE,"fresh signal NOT FUNDED — cash exhausted (BUY: 1.92× weekly, month 3.20×, ladder rising)"
2021-04-01,INTELLECT,"fresh signal NOT FUNDED — cash exhausted (BUY: 1.84× weekly, month 5.09×, ladder rising)"
2021-04-01,IOB,RAISE STOP ₹13.70 → ₹14.82 (new box ₹15.60–₹18.00 sealed)
2021-04-01,SWSOLAR,fresh signal REFUSED — falling earnings power
2021-04-01,TAX,"FY2021 settled: ₹10.67 paid (STCG ₹53.36 @20%, LTCG ₹0.00 @12.5%; losses carried forward ST ₹0.00 / LT ₹0.00)"
2021-04-05,AUBANK,"BUY ₹15.10 at ₹631.00 (fresh Friday signal — ACCUMULATE: 3.80× weekly, month 2.02×, ladder rising; stop ₹533.06; charges ₹0.02)"
2021-04-12,AUBANK,"SELL ₹12.73 at stop ₹533.06 (-15.5%, charges ₹0.01) — the cash goes back to work at the next Friday screen"
2021-04-12,GESHIP,"SELL ₹11.89 at stop ₹290.70 (-8.0%, charges ₹0.01) — the cash goes back to work at the next Friday screen"
2021-04-16,BALRAMCHIN,fresh signal REFUSED — falling earnings power
2021-04-16,JSWENERGY,RAISE STOP ₹76.43 → ₹81.99 (new box ₹86.70–₹102.40 sealed)
2021-04-16,KPITTECH,RAISE STOP ₹136.62 → ₹171.05 (new box ₹180.05–₹204.70 sealed)
2021-04-16,TIMETECHNO,fresh signal REFUSED — falling earnings power
2021-04-19,KPRMILL,"BUY ₹15.05 at ₹236.00 (fresh Friday signal — BUY: 2.36× weekly, month 1.58×, ladder rising; stop ₹192.07; charges ₹0.02)"
2021-04-23,KPRMILL,RAISE STOP ₹192.07 → ₹221.37 (new box ₹233.02–₹255.60 sealed)
2021-04-23,MAXHEALTH,fresh signal REFUSED — falling earnings power
2021-04-23,RAIN,"fresh signal NOT FUNDED — cash exhausted (ACCUMULATE: 1.60× weekly, month 1.99×, ladder rising)"
2021-04-23,RHIM,fresh signal REFUSED — falling earnings power
2021-04-23,TIMETECHNO,fresh signal REFUSED — falling earnings power
2021-04-26,SPLPETRO,"BUY ₹11.60 at ₹335.45 (fresh Friday signal — BUY: 6.51× weekly, month 2.51×, ladder rising; stop ₹226.53; charges ₹0.01)"
2021-04-28,IOB,"SELL ₹13.67 at stop ₹14.82 (-21.6%, charges ₹0.01) — the cash goes back to work at the next Friday screen"
2021-04-30,DCMSHRIRAM,fresh signal REFUSED — falling earnings power
2021-04-30,ELECON,fresh signal REFUSED — falling earnings power
2021-04-30,ELECTCAST,fresh signal REFUSED — falling earnings power
2021-04-30,GALLANTT,"fresh signal NOT FUNDED — cash exhausted (ACCUMULATE: 2.45× weekly, month 2.99×, ladder rising)"
2021-04-30,JAYNECOIND,fresh signal REFUSED — falling earnings power
2021-04-30,JSWSTEEL,"fresh signal NOT FUNDED — cash exhausted (BUY: 2.34× weekly, month 2.91×, ladder rising)"
2021-04-30,PRAJIND,"fresh signal NOT FUNDED — cash exhausted (ACCUMULATE: 1.64× weekly, month 1.93×, ladder rising)"
2021-04-30,RAIN,"fresh signal NOT FUNDED — cash exhausted (BUY: 2.85× weekly, month 2.94×, ladder rising)"
2021-04-30,SAIL,"fresh signal NOT FUNDED — cash exhausted (BUY: 2.14× weekly, month 2.06×, ladder rising)"
2021-04-30,SHAREINDIA,fresh signal REFUSED — falling earnings power
2021-04-30,USHAMART,fresh signal REFUSED — falling earnings power
2021-04-30,WOCKPHARMA,fresh signal REFUSED — falling earnings power
2021-04-30,ZYDUSLIFE,"fresh signal NOT FUNDED — cash exhausted (ACCUMULATE: 3.01× weekly, month 2.95×, ladder rising)"
2021-05-03,MARKSANS,"BUY ₹13.67 at ₹70.95 (fresh Friday signal — ACCUMULATE: 3.13× weekly, month 3.97×, ladder rising; stop ₹64.12; charges ₹0.02)"
2021-05-07,KEI,RAISE STOP ₹471.20 → ₹485.02 (new box ₹510.55–₹532.45 sealed)
2021-05-07,SPLPETRO,RAISE STOP ₹226.53 → ₹326.80 (new box ₹344.00–₹381.95 sealed)
2021-05-14,KPRMILL,RAISE STOP ₹221.37 → ₹268.28 (new box ₹282.40–₹326.25 sealed)
2021-05-14,POLYMED,"RAISE STOP ₹719.96 → ₹902.50 (new box ₹950.00–₹1,085.15 sealed)"
2021-05-21,DEEPAKFERT,RAISE STOP ₹209.52 → ₹264.10 (new box ₹278.00–₹297.65 sealed)
2021-05-21,MARKSANS,RAISE STOP ₹64.12 → ₹68.02 (new box ₹71.60–₹81.95 sealed)
2021-05-28,KEI,RAISE STOP ₹485.02 → ₹558.60 (new box ₹588.00–₹638.80 sealed)
2021-06-04,DEEPAKFERT,RAISE STOP ₹264.10 → ₹269.80 (new box ₹284.00–₹314.00 sealed)
2021-06-04,JSWENERGY,RAISE STOP ₹81.99 → ₹108.49 (new box ₹114.20–₹119.50 sealed)
2021-06-04,KPITTECH,RAISE STOP ₹171.05 → ₹214.70 (new box ₹226.00–₹250.60 sealed)
2021-06-04,POLYMED,"RAISE STOP ₹902.50 → ₹950.00 (new box ₹1,000.00–₹1,165.00 sealed)"
2021-06-04,SPLPETRO,RAISE STOP ₹326.80 → ₹351.55 (new box ₹370.05–₹407.50 sealed)
2021-06-04,WELSPUNLIV,RAISE STOP ₹68.17 → ₹80.48 (new box ₹86.00–₹104.40 sealed)
2021-06-11,JSWENERGY,RAISE STOP ₹108.49 → ₹126.83 (new box ₹133.50–₹147.80 sealed)
2021-06-14,POLYMED,"SELL ₹27.31 at stop ₹950.00 (+111.3%, charges ₹0.03) — the cash goes back to work at the next Friday screen"
2021-06-18,ASTRAMICRO,fresh signal REFUSED — falling earnings power
2021-06-18,BANCOINDIA,"fresh signal NOT FUNDED — cash exhausted (BUY: 3.44× weekly, month 1.70×, ladder rising)"
2021-06-18,BBTC,fresh signal REFUSED — falling earnings power
2021-06-18,BLS,fresh signal REFUSED — falling earnings power
2021-06-18,DATAMATICS,"fresh signal NOT FUNDED — cash exhausted (BUY: 4.30× weekly, month 3.66×, ladder rising)"
2021-06-18,EDELWEISS,"fresh signal NOT FUNDED — cash exhausted (ACCUMULATE: 1.81× weekly, month 1.60×, ladder rising)"
2021-06-18,ELECON,fresh signal REFUSED — falling earnings power
2021-06-18,GMRAIRPORT,fresh signal REFUSED — falling earnings power
2021-06-18,HCC,fresh signal REFUSED — falling earnings power
2021-06-18,HFCL,"fresh signal NOT FUNDED — cash exhausted (BUY: 1.65× weekly, month 3.41×, ladder rising)"
2021-06-18,HSCL,fresh signal REFUSED — falling earnings power
2021-06-18,JMFINANCIL,fresh signal REFUSED — falling earnings power
2021-06-18,JPPOWER,"fresh signal NOT FUNDED — cash exhausted (BUY: 3.01× weekly, month 5.10×, ladder rising)"
2021-06-18,KEI,RAISE STOP ₹558.60 → ₹608.00 (new box ₹640.00–₹718.90 sealed)
2021-06-18,KNRCON,"fresh signal NOT FUNDED — cash exhausted (ACCUMULATE: 2.76× weekly, month 1.53×, ladder rising)"
2021-06-18,MPHASIS,"fresh signal NOT FUNDED — cash exhausted (BUY: 1.61× weekly, month 1.54×, ladder rising)"
2021-06-18,NEWGEN,"fresh signal NOT FUNDED — cash exhausted (BUY: 5.31× weekly, month 4.38×, ladder rising)"
2021-06-18,PGIL,fresh signal REFUSED — falling earnings power
2021-06-18,RADICO,"fresh signal NOT FUNDED — cash exhausted (BUY: 3.58× weekly, month 3.21×, ladder rising)"
2021-06-18,RENUKA,fresh signal REFUSED — falling earnings power
2021-06-18,RTNPOWER,fresh signal REFUSED — falling earnings power
2021-06-18,SURYAROSNI,"fresh signal NOT FUNDED — cash exhausted (BUY: 3.06× weekly, month 1.56×, ladder rising)"
2021-06-18,THYROCARE,fresh signal REFUSED — falling earnings power
2021-06-18,UNIONBANK,fresh signal REFUSED — falling earnings power
2021-06-18,UNOMINDA,"fresh signal NOT FUNDED — cash exhausted (BUY: 3.66× weekly, month 1.96×, ladder rising)"
2021-06-21,JWL,"BUY ₹19.81 at ₹30.80 (fresh Friday signal — BUY: 6.73× weekly, month 3.20×, ladder rising; stop ₹18.23; charges ₹0.02)"
2021-06-25,JSWENERGY,RAISE STOP ₹126.83 → ₹138.04 (new box ₹145.30–₹168.30 sealed)
2021-06-25,MARKSANS,RAISE STOP ₹68.02 → ₹76.87 (new box ₹81.65–₹97.60 sealed)
2021-07-02,DEEPAKFERT,RAISE STOP ₹269.80 → ₹364.65 (new box ₹390.00–₹474.50 sealed)
2021-07-02,JWL,RAISE STOP ₹18.23 → ₹27.63 (new box ₹29.45–₹35.50 sealed)
2021-07-05,SPLPETRO,"SELL ₹12.12 at stop ₹351.55 (+4.8%, charges ₹0.01) — the cash goes back to work at the next Friday screen"
2021-07-09,ASAHIINDIA,fresh signal REFUSED — falling earnings power
2021-07-09,BRIGADE,fresh signal REFUSED — falling earnings power
2021-07-09,EDELWEISS,"fresh signal NOT FUNDED — cash exhausted (BUY: 4.21× weekly, month 2.05×, ladder rising)"
2021-07-09,GAEL,"fresh signal NOT FUNDED — cash exhausted (ACCUMULATE: 2.11× weekly, month 2.20×, ladder rising)"
2021-07-09,GRAVITA,"fresh signal NOT FUNDED — cash exhausted (BUY: 3.37× weekly, month 3.12×, ladder rising)"
2021-07-09,HBLENGINE,fresh signal REFUSED — falling earnings power
2021-07-09,HCG,fresh signal REFUSED — falling earnings power
2021-07-09,HFCL,"fresh signal NOT FUNDED — cash exhausted (BUY: 1.86× weekly, month 4.25×, ladder rising)"
2021-07-09,ICIL,"fresh signal NOT FUNDED — cash exhausted (BUY: 2.11× weekly, month 1.55×, ladder rising)"
2021-07-09,IIFLCAPS,fresh signal REFUSED — falling earnings power
2021-07-09,JSWENERGY,RAISE STOP ₹138.04 → ₹154.47 (new box ₹162.60–₹177.00 sealed)
2021-07-09,KNRCON,"fresh signal NOT FUNDED — cash exhausted (BUY: 1.71× weekly, month 2.42×, ladder rising)"
2021-07-09,LEMONTREE,fresh signal REFUSED — falling earnings power
2021-07-09,LUMAXTECH,fresh signal REFUSED — falling earnings power
2021-07-09,MOTILALOFS,"fresh signal NOT FUNDED — cash exhausted (BUY: 5.35× weekly, month 4.54×, ladder rising)"
2021-07-09,NESCO,fresh signal REFUSED — falling earnings power
2021-07-09,NEWGEN,"fresh signal NOT FUNDED — cash exhausted (BUY: 1.92× weekly, month 4.79×, ladder rising)"
2021-07-09,PGIL,fresh signal REFUSED — falling earnings power
2021-07-09,PURVA,fresh signal REFUSED — falling earnings power
2021-07-09,RAIN,"fresh signal NOT FUNDED — cash exhausted (BUY: 3.14× weekly, month 2.82×, ladder rising)"
2021-07-09,REDINGTON,"fresh signal NOT FUNDED — cash exhausted (BUY: 2.63× weekly, month 2.28×, ladder rising)"
2021-07-09,SUMICHEM,"fresh signal NOT FUNDED — cash exhausted (BUY: 2.76× weekly, month 1.69×, ladder rising)"
2021-07-09,TIMKEN,"fresh signal NOT FUNDED — cash exhausted (BUY: 2.38× weekly, month 2.69×, ladder rising)"
2021-07-09,VMART,fresh signal REFUSED — falling earnings power
2021-07-09,VOLTAMP,fresh signal REFUSED — falling earnings power
2021-07-12,HGINFRA,"BUY ₹19.63 at ₹492.00 (fresh Friday signal — BUY: 9.14× weekly, month 5.68×, ladder rising; stop ₹334.09; charges ₹0.02)"
2021-07-16,HGINFRA,RAISE STOP ₹334.09 → ₹453.15 (new box ₹477.00–₹550.80 sealed)
2021-07-16,KPITTECH,RAISE STOP ₹214.70 → ₹232.94 (new box ₹245.20–₹274.00 sealed)
2021-07-16,KPRMILL,RAISE STOP ₹268.28 → ₹333.07 (new box ₹350.60–₹372.95 sealed)
2021-07-16,WELSPUNLIV,RAISE STOP ₹80.48 → ₹97.56 (new box ₹102.70–₹109.70 sealed)
2021-07-30,JWL,RAISE STOP ₹27.63 → ₹30.42 (new box ₹32.40–₹39.00 sealed)
2021-07-30,WELSPUNLIV,RAISE STOP ₹97.56 → ₹117.99 (new box ₹124.20–₹134.50 sealed)
2021-08-06,JSWENERGY,RAISE STOP ₹154.47 → ₹228.00 (new box ₹240.00–₹258.30 sealed)
2021-08-06,KPITTECH,RAISE STOP ₹232.94 → ₹266.76 (new box ₹280.80–₹315.65 sealed)
2021-08-06,KPRMILL,RAISE STOP ₹333.07 → ₹352.48 (new box ₹371.03–₹417.00 sealed)
2021-08-06,MARKSANS,RAISE STOP ₹76.87 → ₹77.14 (new box ₹81.20–₹83.55 sealed)
2021-08-06,WELSPUNLIV,RAISE STOP ₹117.99 → ₹124.64 (new box ₹131.20–₹145.40 sealed)
2021-08-10,MARKSANS,"SELL ₹14.82 at stop ₹77.14 (+8.7%, charges ₹0.02) — the cash goes back to work at the next Friday screen"
2021-08-10,WELSPUNLIV,"SELL ₹24.63 at stop ₹124.64 (+53.0%, charges ₹0.03) — the cash goes back to work at the next Friday screen"
2021-08-11,JSWENERGY,"SELL ₹46.57 at stop ₹228.00 (+178.6%, charges ₹0.05) — the cash goes back to work at the next Friday screen"
2021-08-11,KPRMILL,"SELL ₹22.42 at stop ₹352.48 (+49.4%, charges ₹0.02) — the cash goes back to work at the next Friday screen"
2021-08-13,DYNAMATECH,fresh signal REFUSED — falling earnings power
2021-08-13,KEI,RAISE STOP ₹608.00 → ₹663.29 (new box ₹698.20–₹762.00 sealed)
2021-08-13,MAHSCOOTER,fresh signal REFUSED — falling earnings power
2021-08-13,VIPIND,fresh signal REFUSED — falling earnings power
2021-08-16,GABRIEL,"BUY ₹23.62 at ₹149.30 (fresh Friday signal — BUY: 2.50× weekly, month 3.57×, ladder rising; stop ₹118.77; charges ₹0.03)"
2021-08-16,TATAINVEST,"BUY ₹23.67 at ₹130.81 (fresh Friday signal — BUY: 8.45× weekly, month 4.82×, ladder rising; stop ₹103.11; charges ₹0.03)"
2021-08-20,ASTERDM,fresh signal REFUSED — falling earnings power
2021-08-20,DEEPAKFERT,RAISE STOP ₹364.65 → ₹380.00 (new box ₹406.00–₹492.65 sealed)
2021-08-20,TATAINVEST,RAISE STOP ₹103.11 → ₹113.90 (new box ₹119.89–₹138.50 sealed)
2021-08-20,VIPIND,fresh signal REFUSED — falling earnings power
2021-08-23,GRAVITA,"BUY ₹22.24 at ₹188.60 (fresh Friday signal — BUY: 2.16× weekly, month 1.88×, ladder rising; stop ₹151.95; charges ₹0.03)"
2021-08-23,JWL,"SELL ₹19.52 at stop ₹30.42 (-1.2%, charges ₹0.02) — the cash goes back to work at the next Friday screen"
2021-08-27,ASTERDM,fresh signal REFUSED — falling earnings power
2021-08-27,DYNAMATECH,fresh signal REFUSED — falling earnings power
2021-08-27,GABRIEL,RAISE STOP ₹118.77 → ₹124.06 (new box ₹133.00–₹162.80 sealed)
2021-08-27,GRAVITA,RAISE STOP ₹151.95 → ₹164.49 (new box ₹177.00–₹218.70 sealed)
2021-08-27,KPITTECH,RAISE STOP ₹266.76 → ₹278.89 (new box ₹303.45–₹385.30 sealed)
2021-08-27,POWERINDIA,fresh signal REFUSED — falling earnings power
2021-08-27,SAFARI,fresh signal REFUSED — falling earnings power
2021-08-27,SWANCORP,fresh signal REFUSED — falling earnings power
2021-08-27,SWSOLAR,fresh signal REFUSED — falling earnings power
2021-09-03,ASTERDM,fresh signal REFUSED — falling earnings power
2021-09-03,FIEMIND,fresh signal REFUSED — falling earnings power
2021-09-03,POWERINDIA,fresh signal REFUSED — falling earnings power
2021-09-03,PRESTIGE,fresh signal REFUSED — falling earnings power
2021-09-03,SAFARI,fresh signal REFUSED — falling earnings power
2021-09-06,HAL,"BUY ₹23.17 at ₹705.00 (fresh Friday signal — BUY: 3.46× weekly, month 2.49×, ladder rising; stop ₹500.63; charges ₹0.03)"
2021-09-06,NHPC,"BUY ₹23.21 at ₹27.90 (fresh Friday signal — BUY: 5.07× weekly, month 1.59×, ladder rising; stop ₹24.13; charges ₹0.03)"
2021-09-06,TDPOWERSYS,"BUY ₹12.05 at ₹32.80 (fresh Friday signal — BUY: 2.60× weekly, month 4.52×, ladder rising; stop ₹25.56; charges ₹0.01)"
2021-09-09,HAL,RAISE STOP ₹500.63 → ₹636.29 (new box ₹669.77–₹728.50 sealed)
2021-09-09,KEI,RAISE STOP ₹663.29 → ₹718.20 (new box ₹756.00–₹792.95 sealed)
2021-09-09,TATAINVEST,RAISE STOP ₹113.90 → ₹118.32 (new box ₹124.55–₹129.45 sealed)
2021-09-17,DEEPAKFERT,RAISE STOP ₹380.00 → ₹385.70 (new box ₹406.00–₹433.80 sealed)
2021-09-17,KEI,RAISE STOP ₹718.20 → ₹737.39 (new box ₹776.20–₹841.00 sealed)
2021-09-17,NHPC,RAISE STOP ₹24.13 → ₹25.55 (new box ₹26.90–₹28.40 sealed)
2021-09-17,TDPOWERSYS,RAISE STOP ₹25.56 → ₹29.75 (new box ₹31.32–₹36.48 sealed)
2021-09-24,HGINFRA,RAISE STOP ₹453.15 → ₹571.09 (new box ₹601.15–₹680.00 sealed)
2021-09-24,TATAINVEST,RAISE STOP ₹118.32 → ₹118.77 (new box ₹125.03–₹132.00 sealed)
2021-10-08,KEI,RAISE STOP ₹737.39 → ₹853.10 (new box ₹898.00–₹997.70 sealed)
2021-10-14,HAL,RAISE STOP ₹636.29 → ₹636.50 (new box ₹670.00–₹705.50 sealed)
2021-10-14,TATAINVEST,RAISE STOP ₹118.77 → ₹134.91 (new box ₹142.01–₹150.90 sealed)
2021-10-14,TDPOWERSYS,RAISE STOP ₹29.75 → ₹30.53 (new box ₹32.13–₹35.00 sealed)
2021-10-22,HGINFRA,RAISE STOP ₹571.09 → ₹624.25 (new box ₹657.10–₹720.00 sealed)
2021-10-22,IRB,fresh signal REFUSED — falling earnings power
2021-10-22,KEI,"SELL ₹26.17 at stop ₹853.10 (+63.4%, charges ₹0.03) — the cash goes back to work at the next Friday screen"
2021-10-22,NHPC,RAISE STOP ₹25.55 → ₹27.60 (new box ₹29.05–₹31.00 sealed)
2021-10-22,SJVN,fresh signal REFUSED — falling earnings power
2021-10-22,TDPOWERSYS,"SELL ₹11.19 at stop ₹30.53 (-6.9%, charges ₹0.01) — the cash goes back to work at the next Friday screen"
2021-10-22,UNIONBANK,fresh signal REFUSED — falling earnings power
2021-10-25,LTM,"BUY ₹24.58 at ₹6,555.00 (fresh Friday signal — BUY: 4.63× weekly, month 1.86×, ladder rising; stop ₹5,353.77; charges ₹0.03)"
2021-10-28,HAL,"SELL ₹20.87 at stop ₹636.50 (-9.7%, charges ₹0.02) — the cash goes back to work at the next Friday screen"
2021-10-29,ARVIND,fresh signal REFUSED — falling earnings power
2021-10-29,HGINFRA,RAISE STOP ₹624.25 → ₹635.24 (new box ₹669.80–₹785.00 sealed)
2021-10-29,JAYNECOIND,fresh signal REFUSED — falling earnings power
2021-10-29,LTM,"RAISE STOP ₹5,353.77 → ₹5,950.99 (new box ₹6,264.20–₹7,155.00 sealed)"
2021-10-29,TATAINVEST,RAISE STOP ₹134.91 → ₹143.65 (new box ₹151.21–₹173.39 sealed)
2021-10-29,TTML,fresh signal REFUSED — falling earnings power
2021-10-29,UNITDSPR,fresh signal REFUSED — falling earnings power
2021-10-29,VTL,fresh signal REFUSED — falling earnings power
2021-11-01,PERSISTENT,"BUY ₹24.84 at ₹1,977.15 (fresh Friday signal — ACCUMULATE: 1.71× weekly, month 2.09×, ladder rising; stop ₹1,728.75; charges ₹0.03)"
2021-11-04,HGINFRA,RAISE STOP ₹635.24 → ₹676.92 (new box ₹712.55–₹830.00 sealed)
2021-11-11,DEEPAKFERT,"SELL ₹26.20 at stop ₹385.70 (+62.7%, charges ₹0.03) — the cash goes back to work at the next Friday screen"
2021-11-12,ASTRAMICRO,fresh signal REFUSED — falling earnings power
2021-11-12,DBREALTY,fresh signal REFUSED — falling earnings power
2021-11-12,GRAVITA,RAISE STOP ₹164.49 → ₹197.03 (new box ₹207.40–₹234.00 sealed)
2021-11-12,JBMA,fresh signal REFUSED — falling earnings power
2021-11-12,NHPC,RAISE STOP ₹27.60 → ₹28.69 (new box ₹30.20–₹32.25 sealed)
2021-11-12,SFL,"fresh signal NOT FUNDED — cash exhausted (BUY: 1.58× weekly, month 1.77×, ladder rising)"
2021-11-12,TTML,fresh signal REFUSED — falling earnings power
2021-11-12,TVSMOTOR,fresh signal REFUSED — falling earnings power
2021-11-12,UNIONBANK,fresh signal REFUSED — falling earnings power
2021-11-15,GOKULAGRO,"BUY ₹25.70 at ₹31.05 (fresh Friday signal — BUY: 2.63× weekly, month 1.60×, ladder rising; stop ₹24.87; charges ₹0.03)"
2021-11-17,HGINFRA,"SELL ₹26.95 at stop ₹676.92 (+37.6%, charges ₹0.03) — the cash goes back to work at the next Friday screen"
2021-11-18,ASAHIINDIA,fresh signal REFUSED — falling earnings power
2021-11-18,CRISIL,fresh signal REFUSED — falling earnings power
2021-11-18,ESCORTS,"fresh signal NOT FUNDED — cash exhausted (BUY: 4.50× weekly, month 1.86×, ladder rising)"
2021-11-18,JBMA,fresh signal REFUSED — falling earnings power
2021-11-18,NH,fresh signal REFUSED — falling earnings power
2021-11-18,NHPC,RAISE STOP ₹28.69 → ₹30.11 (new box ₹31.70–₹33.20 sealed)
2021-11-18,OPTIEMUS,fresh signal REFUSED — falling earnings power
2021-11-18,TTML,fresh signal REFUSED — falling earnings power
2021-11-22,BSOFT,"BUY ₹24.72 at ₹473.00 (fresh Friday signal — BUY: 6.30× weekly, month 1.77×, ladder rising; stop ₹375.44; charges ₹0.03)"
2021-11-22,GRAVITA,"SELL ₹23.18 at stop ₹197.03 (+4.5%, charges ₹0.02) — the cash goes back to work at the next Friday screen"
2021-11-26,GLAXO,fresh signal REFUSED — falling earnings power
2021-11-26,GOKULAGRO,RAISE STOP ₹24.87 → ₹26.03 (new box ₹28.51–₹36.79 sealed)
2021-11-26,KPITTECH,RAISE STOP ₹278.89 → ₹398.63 (new box ₹422.00–₹499.90 sealed)
2021-11-26,LTM,"RAISE STOP ₹5,950.99 → ₹6,270.00 (new box ₹6,600.00–₹7,564.95 sealed)"
2021-11-26,OPTIEMUS,fresh signal REFUSED — falling earnings power
2021-11-26,PGIL,fresh signal REFUSED — falling earnings power
2021-11-26,TATAINVEST,"SELL ₹25.94 at stop ₹143.65 (+9.8%, charges ₹0.03) — the cash goes back to work at the next Friday screen"
2021-11-26,TTML,fresh signal REFUSED — falling earnings power
2021-11-29,ESCORTS,"BUY ₹24.86 at ₹1,875.00 (fresh Friday signal — BUY: 1.78× weekly, month 2.18×, ladder rising; stop ₹1,369.04; charges ₹0.03)"
2021-11-29,NHPC,"SELL ₹25.00 at stop ₹30.11 (+7.9%, charges ₹0.03) — the cash goes back to work at the next Friday screen"
2021-12-03,BSOFT,RAISE STOP ₹375.44 → ₹424.65 (new box ₹447.00–₹513.95 sealed)
2021-12-03,GLAXO,fresh signal REFUSED — falling earnings power
2021-12-03,PGEL,"fresh signal NOT FUNDED — cash exhausted (BUY: 2.46× weekly, month 1.72×, ladder rising)"
2021-12-03,SFL,"fresh signal NOT FUNDED — cash exhausted (BUY: 2.40× weekly, month 2.05×, ladder rising)"
2021-12-03,SOLARINDS,"fresh signal NOT FUNDED — cash exhausted (ACCUMULATE: 1.55× weekly, month 2.23×, ladder rising)"
2021-12-03,TTML,fresh signal REFUSED — falling earnings power
2021-12-06,BSE,"BUY ₹25.13 at ₹209.99 (fresh Friday signal — BUY: 4.20× weekly, month 1.77×, ladder rising; stop ₹158.85; charges ₹0.03)"
2021-12-06,CHAMBLFERT,"BUY ₹25.08 at ₹407.45 (fresh Friday signal — ACCUMULATE: 3.11× weekly, month 1.86×, ladder rising; stop ₹274.46; charges ₹0.03)"
2021-12-10,ESCORTS,"RAISE STOP ₹1,369.04 → ₹1,739.73 (new box ₹1,831.30–₹1,889.75 sealed)"
2021-12-10,KPITTECH,RAISE STOP ₹398.63 → ₹458.85 (new box ₹483.00–₹531.00 sealed)
2021-12-10,PERSISTENT,"RAISE STOP ₹1,728.75 → ₹1,961.89 (new box ₹2,065.15–₹2,217.40 sealed)"
2021-12-20,KPITTECH,"SELL ₹40.52 at stop ₹458.85 (+152.1%, charges ₹0.04) — the cash goes back to work at the next Friday screen"
2021-12-24,BSE,RAISE STOP ₹158.85 → ₹181.60 (new box ₹200.56–₹263.74 sealed)
2021-12-24,KITEX,fresh signal REFUSED — falling earnings power
2021-12-24,PERSISTENT,"RAISE STOP ₹1,961.89 → ₹2,067.34 (new box ₹2,176.15–₹2,376.05 sealed)"
2021-12-24,SWANCORP,fresh signal REFUSED — falling earnings power
2021-12-27,UNOMINDA,"BUY ₹25.36 at ₹590.00 (fresh Friday signal — BUY: 3.66× weekly, month 2.64×, ladder rising; stop ₹464.60; charges ₹0.03)"
2021-12-31,ABCAPITAL,"fresh signal NOT FUNDED — cash exhausted (ACCUMULATE: 1.52× weekly, month 1.54×, ladder rising)"
2021-12-31,GABRIEL,RAISE STOP ₹124.06 → ₹125.40 (new box ₹132.00–₹146.30 sealed)
2021-12-31,KITEX,fresh signal REFUSED — falling earnings power
2021-12-31,SUZLON,"fresh signal NOT FUNDED — cash exhausted (BUY: 1.84× weekly, month 1.62×, ladder rising)"
2021-12-31,UNOMINDA,RAISE STOP ₹464.60 → ₹544.21 (new box ₹572.85–₹627.20 sealed)
2022-01-03,PGEL,"BUY ₹25.75 at ₹80.99 (fresh Friday signal — BUY: 2.09× weekly, month 2.90×, ladder rising; stop ₹56.96; charges ₹0.03)"
2022-01-07,KITEX,fresh signal REFUSED — falling earnings power
2022-01-07,PGEL,RAISE STOP ₹56.96 → ₹72.44 (new box ₹76.25–₹86.20 sealed)
2022-01-07,POONAWALLA,fresh signal REFUSED — falling earnings power
2022-01-07,SUZLON,"fresh signal NOT FUNDED — cash exhausted (BUY: 2.86× weekly, month 2.01×, ladder rising)"
2022-01-07,SWANCORP,fresh signal REFUSED — falling earnings power
2022-01-07,UNOMINDA,"SELL ₹23.34 at stop ₹544.21 (-7.8%, charges ₹0.02) — the cash goes back to work at the next Friday screen"
2022-01-07,VARROC,fresh signal REFUSED — falling earnings power
2022-01-07,VTL,fresh signal REFUSED — falling earnings power
2022-01-10,AFFLE,"BUY ₹23.34 at ₹1,307.00 (fresh Friday signal — BUY: 4.57× weekly, month 1.57×, ladder rising; stop ₹955.80; charges ₹0.03)"
2022-01-14,AFFLE,"RAISE STOP ₹955.80 → ₹1,206.50 (new box ₹1,270.00–₹1,368.80 sealed)"
2022-01-21,ESCORTS,"RAISE STOP ₹1,739.73 → ₹1,754.65 (new box ₹1,847.00–₹1,918.90 sealed)"
2022-01-21,GOKULAGRO,RAISE STOP ₹26.03 → ₹35.00 (new box ₹36.84–₹41.76 sealed)
2022-01-24,LTM,"SELL ₹23.46 at stop ₹6,270.00 (-4.3%, charges ₹0.02) — the cash goes back to work at the next Friday screen"
2022-01-24,PERSISTENT,"SELL ₹25.91 at stop ₹2,067.34 (+4.6%, charges ₹0.03) — the cash goes back to work at the next Friday screen"
2022-01-24,PGEL,"SELL ₹22.98 at stop ₹72.44 (-10.6%, charges ₹0.02) — the cash goes back to work at the next Friday screen"
2022-01-25,AFFLE,"SELL ₹21.49 at stop ₹1,206.50 (-7.7%, charges ₹0.02) — the cash goes back to work at the next Friday screen"
2022-01-25,GOKULAGRO,"SELL ₹28.91 at stop ₹35.00 (+12.7%, charges ₹0.03) — the cash goes back to work at the next Friday screen"
2022-01-28,POWERINDIA,fresh signal REFUSED — falling earnings power
2022-01-31,SHARDACROP,"BUY ₹24.55 at ₹586.70 (fresh Friday signal — BUY: 19.48× weekly, month 6.26×, ladder rising; stop ₹342.00; charges ₹0.03)"
2022-02-04,ABB,fresh signal REFUSED — falling earnings power
2022-02-04,ASHAPURMIN,fresh signal REFUSED — falling earnings power
2022-02-04,SHARDACROP,RAISE STOP ₹342.00 → ₹545.30 (new box ₹574.00–₹620.00 sealed)
2022-02-04,TEXRAIL,fresh signal REFUSED — falling earnings power
2022-02-07,CCL,"BUY ₹24.70 at ₹503.55 (fresh Friday signal — BUY: 4.07× weekly, month 1.58×, ladder rising; stop ₹408.60; charges ₹0.03)"
2022-02-11,CCL,RAISE STOP ₹408.60 → ₹441.75 (new box ₹465.00–₹514.95 sealed)
2022-02-11,CHAMBLFERT,RAISE STOP ₹274.46 → ₹353.85 (new box ₹384.10–₹484.95 sealed)
2022-02-11,CREDITACC,fresh signal REFUSED — falling earnings power
2022-02-11,OPTIEMUS,fresh signal REFUSED — falling earnings power
2022-02-11,SHARDACROP,"SELL ₹22.77 at stop ₹545.30 (-7.1%, charges ₹0.02) — the cash goes back to work at the next Friday screen"
2022-02-14,BSOFT,"SELL ₹22.14 at stop ₹424.65 (-10.2%, charges ₹0.02) — the cash goes back to work at the next Friday screen"
2022-02-14,GABRIEL,"SELL ₹19.80 at stop ₹125.40 (-16.0%, charges ₹0.02) — the cash goes back to work at the next Friday screen"
2022-02-14,GNFC,"BUY ₹23.57 at ₹553.00 (fresh Friday signal — BUY: 7.50× weekly, month 2.65×, ladder rising; stop ₹414.87; charges ₹0.03)"
2022-02-18,GMDCLTD,fresh signal REFUSED — falling earnings power
2022-02-18,GNFC,RAISE STOP ₹414.87 → ₹497.80 (new box ₹524.00–₹577.90 sealed)
2022-02-21,ADANIPOWER,"BUY ₹23.63 at ₹26.40 (fresh Friday signal — BUY: 8.22× weekly, month 2.70×, ladder rising; stop ₹18.02; charges ₹0.03)"
2022-02-21,CGCL,"BUY ₹23.42 at ₹567.08 (fresh Friday signal — ACCUMULATE: 4.97× weekly, month 2.06×, ladder rising; stop ₹507.72; charges ₹0.03)"
2022-02-24,CCL,"SELL ₹21.62 at stop ₹441.75 (-12.3%, charges ₹0.02) — the cash goes back to work at the next Friday screen"
2022-02-24,CHAMBLFERT,"SELL ₹21.73 at stop ₹353.85 (-13.2%, charges ₹0.02) — the cash goes back to work at the next Friday screen"
2022-02-25,ESCORTS,"SELL ₹23.22 at stop ₹1,754.65 (-6.4%, charges ₹0.02) — the cash goes back to work at the next Friday screen"
2022-03-04,ADANIPOWER,RAISE STOP ₹18.02 → ₹20.00 (new box ₹21.74–₹27.54 sealed)
2022-03-04,GMDCLTD,fresh signal REFUSED — falling earnings power
2022-03-04,POWERINDIA,fresh signal REFUSED — falling earnings power
2022-03-11,GMDCLTD,fresh signal REFUSED — falling earnings power
2022-03-17,LINDEINDIA,fresh signal REFUSED — falling earnings power
2022-03-17,RHIM,fresh signal REFUSED — falling earnings power
2022-03-25,CHALET,fresh signal REFUSED — falling earnings power
2022-03-25,LINDEINDIA,fresh signal REFUSED — falling earnings power
2022-04-01,TAX,"FY2022 settled: ₹17.94 paid (STCG ₹89.71 @20%, LTCG ₹0.00 @12.5%; losses carried forward ST ₹0.00 / LT ₹0.00)"
2022-04-04,RCF,"BUY ₹25.23 at ₹96.40 (fresh Friday signal — BUY: 8.32× weekly, month 2.52×, ladder rising; stop ₹74.19; charges ₹0.03)"
2022-04-04,SPLPETRO,"BUY ₹25.36 at ₹475.00 (fresh Friday signal — BUY: 4.41× weekly, month 2.84×, ladder rising; stop ₹398.29; charges ₹0.03)"
2022-04-08,CHENNPETRO,fresh signal REFUSED — falling earnings power
2022-04-08,SPLPETRO,RAISE STOP ₹398.29 → ₹424.27 (new box ₹446.60–₹512.50 sealed)
2022-04-11,BLS,"BUY ₹25.69 at ₹82.50 (fresh Friday signal — BUY: 8.78× weekly, month 1.73×, ladder rising; stop ₹54.82; charges ₹0.03)"
2022-04-11,MINDACORP,"BUY ₹25.67 at ₹230.05 (fresh Friday signal — BUY: 2.10× weekly, month 1.60×, ladder rising; stop ₹186.63; charges ₹0.03)"
2022-04-13,CHAMBLFERT,fresh signal REFUSED — falling earnings power
2022-04-13,CHENNPETRO,fresh signal REFUSED — falling earnings power
2022-04-13,CREDITACC,"fresh signal NOT FUNDED — cash exhausted (BUY: 1.73× weekly, month 1.73×, ladder rising)"
2022-04-13,GAEL,"fresh signal NOT FUNDED — cash exhausted (BUY: 2.08× weekly, month 1.74×, ladder rising)"
2022-04-13,OPTIEMUS,fresh signal REFUSED — falling earnings power
2022-04-13,RHIM,"fresh signal NOT FUNDED — cash exhausted (BUY: 1.63× weekly, month 2.33×, ladder rising)"
2022-04-13,THOMASCOOK,fresh signal REFUSED — falling earnings power
2022-04-18,LTFOODS,"BUY ₹14.27 at ₹91.70 (fresh Friday signal — BUY: 12.80× weekly, month 1.79×, ladder rising; stop ₹73.86; charges ₹0.02)"
2022-04-22,ADANIPOWER,RAISE STOP ₹20.00 → ₹40.22 (new box ₹42.80–₹51.39 sealed)
2022-04-22,BLS,RAISE STOP ₹54.82 → ₹75.36 (new box ₹79.33–₹86.00 sealed)
2022-04-22,GNFC,RAISE STOP ₹497.80 → ₹792.16 (new box ₹833.85–₹912.00 sealed)
2022-04-22,RCF,RAISE STOP ₹74.19 → ₹93.15 (new box ₹98.05–₹109.00 sealed)
2022-04-29,BSE,RAISE STOP ₹181.60 → ₹255.87 (new box ₹270.67–₹320.00 sealed)
2022-05-04,RCF,"SELL ₹24.33 at stop ₹93.15 (-3.4%, charges ₹0.03) — the cash goes back to work at the next Friday screen"
2022-05-06,CHENNPETRO,fresh signal REFUSED — falling earnings power
2022-05-06,GNFC,"SELL ₹33.68 at stop ₹792.16 (+43.2%, charges ₹0.03) — the cash goes back to work at the next Friday screen"
2022-05-06,TARC,fresh signal REFUSED — falling earnings power
2022-05-09,MRPL,"BUY ₹25.46 at ₹78.00 (fresh Friday signal — BUY: 2.47× weekly, month 7.89×, ladder rising; stop ₹58.41; charges ₹0.03)"
2022-05-10,BSE,"SELL ₹30.56 at stop ₹255.87 (+21.8%, charges ₹0.03) — the cash goes back to work at the next Friday screen"
2022-05-11,LTFOODS,"SELL ₹11.47 at stop ₹73.86 (-19.5%, charges ₹0.01) — the cash goes back to work at the next Friday screen"
2022-05-11,MINDACORP,"SELL ₹20.78 at stop ₹186.63 (-18.9%, charges ₹0.02) — the cash goes back to work at the next Friday screen"
2022-05-16,VBL,"BUY ₹24.25 at ₹146.67 (fresh Friday signal — ACCUMULATE: 1.77× weekly, month 2.79×, ladder rising; stop ₹130.85; charges ₹0.03)"
2022-05-20,COROMANDEL,fresh signal REFUSED — falling earnings power
2022-05-20,MRPL,RAISE STOP ₹58.41 → ₹60.81 (new box ₹66.30–₹84.60 sealed)
2022-05-23,ACC,"BUY ₹26.28 at ₹2,260.00 (fresh Friday signal — ACCUMULATE: 2.13× weekly, month 1.55×, ladder rising; stop ₹1,994.10; charges ₹0.03)"
2022-05-24,SPLPETRO,"SELL ₹22.60 at stop ₹424.27 (-10.7%, charges ₹0.02) — the cash goes back to work at the next Friday screen"
2022-05-27,COROMANDEL,fresh signal REFUSED — falling earnings power
2022-06-03,MRPL,RAISE STOP ₹60.81 → ₹69.61 (new box ₹75.65–₹95.80 sealed)
2022-06-10,CHENNPETRO,fresh signal REFUSED — falling earnings power
2022-06-10,VBL,RAISE STOP ₹130.85 → ₹136.81 (new box ₹144.01–₹155.59 sealed)
2022-06-13,ELECON,"BUY ₹25.72 at ₹122.47 (fresh Friday signal — BUY: 4.00× weekly, month 1.65×, ladder rising; stop ₹85.59; charges ₹0.03)"
2022-06-17,BLS,RAISE STOP ₹75.36 → ₹83.17 (new box ₹87.55–₹95.00 sealed)
2022-06-17,ELECON,RAISE STOP ₹85.59 → ₹111.01 (new box ₹116.85–₹134.95 sealed)
2022-06-20,APARINDS,"BUY ₹24.53 at ₹950.15 (fresh Friday signal — BUY: 13.43× weekly, month 3.81×, ladder rising; stop ₹706.80; charges ₹0.03)"
2022-06-24,ADANIPOWER,RAISE STOP ₹40.22 → ₹43.79 (new box ₹47.66–₹60.56 sealed)
2022-06-24,VBL,RAISE STOP ₹136.81 → ₹136.99 (new box ₹144.20–₹161.12 sealed)
2022-06-24,VOLTAMP,fresh signal REFUSED — falling earnings power
2022-07-01,APARINDS,"RAISE STOP ₹706.80 → ₹844.03 (new box ₹891.30–₹1,048.85 sealed)"
2022-07-01,BLS,RAISE STOP ₹83.17 → ₹90.53 (new box ₹95.30–₹109.33 sealed)
2022-07-01,VOLTAMP,fresh signal REFUSED — falling earnings power
2022-07-06,MRPL,"SELL ₹22.67 at stop ₹69.61 (-10.8%, charges ₹0.02) — the cash goes back to work at the next Friday screen"
2022-07-08,ELECON,RAISE STOP ₹111.01 → ₹120.65 (new box ₹127.00–₹144.95 sealed)
2022-07-08,VOLTAMP,fresh signal REFUSED — falling earnings power
2022-07-15,ACC,"RAISE STOP ₹1,994.10 → ₹2,030.05 (new box ₹2,136.90–₹2,201.10 sealed)"
2022-07-15,KEC,fresh signal REFUSED — falling earnings power
2022-07-22,ANANTRAJ,"fresh signal NOT FUNDED — cash exhausted (BUY: 4.06× weekly, month 1.87×, ladder rising)"
2022-07-22,CRAFTSMAN,fresh signal REFUSED — falling earnings power
2022-07-22,ELECON,RAISE STOP ₹120.65 → ₹142.64 (new box ₹150.15–₹162.50 sealed)
2022-07-25,TIINDIA,"BUY ₹28.13 at ₹2,135.00 (fresh Friday signal — BUY: 4.17× weekly, month 2.43×, ladder rising; stop ₹1,862.00; charges ₹0.03)"
2022-07-29,VBL,RAISE STOP ₹136.99 → ₹162.49 (new box ₹171.04–₹182.12 sealed)
2022-08-05,ACC,"RAISE STOP ₹2,030.05 → ₹2,053.90 (new box ₹2,162.00–₹2,213.00 sealed)"
2022-08-05,BLS,RAISE STOP ₹90.53 → ₹110.67 (new box ₹116.50–₹128.95 sealed)
2022-08-05,TIINDIA,"RAISE STOP ₹1,862.00 → ₹1,867.30 (new box ₹1,981.00–₹2,360.00 sealed)"
2022-08-12,ACC,"RAISE STOP ₹2,053.90 → ₹2,085.11 (new box ₹2,194.85–₹2,262.60 sealed)"
2022-08-12,ADANIPOWER,RAISE STOP ₹43.79 → ₹61.19 (new box ₹64.41–₹70.80 sealed)
2022-08-12,ELECON,RAISE STOP ₹142.64 → ₹156.67 (new box ₹165.97–₹196.97 sealed)
2022-08-12,VBL,RAISE STOP ₹162.49 → ₹188.52 (new box ₹198.44–₹209.56 sealed)
2022-08-19,APARINDS,"RAISE STOP ₹844.03 → ₹1,095.35 (new box ₹1,153.00–₹1,287.95 sealed)"
2022-08-22,VBL,"SELL ₹31.10 at stop ₹188.52 (+28.5%, charges ₹0.03) — the cash goes back to work at the next Friday screen"
2022-08-23,BLS,"SELL ₹34.39 at stop ₹110.67 (+34.1%, charges ₹0.04) — the cash goes back to work at the next Friday screen"
2022-08-26,ABB,fresh signal REFUSED — falling earnings power
2022-08-26,ACC,"RAISE STOP ₹2,085.11 → ₹2,151.37 (new box ₹2,264.60–₹2,367.75 sealed)"
2022-08-26,CEMPRO,fresh signal REFUSED — falling earnings power
2022-08-26,CUB,"fresh signal NOT FUNDED — cash exhausted (BUY: 1.55× weekly, month 1.65×, ladder rising)"
2022-08-26,DEEPAKFERT,"fresh signal NOT FUNDED — cash exhausted (BUY: 1.52× weekly, month 1.76×, ladder rising)"
2022-08-26,GESHIP,fresh signal REFUSED — falling earnings power
2022-08-26,HERITGFOOD,fresh signal REFUSED — falling earnings power
2022-08-26,KIRLOSENG,fresh signal REFUSED — falling earnings power
2022-08-26,MAZDOCK,fresh signal REFUSED — falling earnings power
2022-08-26,RBLBANK,fresh signal REFUSED — falling earnings power
2022-08-26,SOUTHBANK,fresh signal REFUSED — falling earnings power
2022-08-26,TARIL,fresh signal REFUSED — falling earnings power
2022-08-26,TEJASNET,fresh signal REFUSED — falling earnings power
2022-08-29,HOMEFIRST,"BUY ₹30.28 at ₹944.95 (fresh Friday signal — ACCUMULATE: 3.67× weekly, month 2.49×, ladder rising; stop ₹849.35; charges ₹0.04)"
2022-08-29,KALYANKJIL,"BUY ₹30.31 at ₹78.10 (fresh Friday signal — BUY: 9.54× weekly, month 2.93×, ladder rising; stop ₹65.55; charges ₹0.04)"
2022-08-29,SIEMENS,"BUY ₹16.61 at ₹1,688.21 (fresh Friday signal — ACCUMULATE: 1.59× weekly, month 1.62×, ladder rising; stop ₹1,573.13; charges ₹0.02)"
2022-09-02,ADANIPOWER,RAISE STOP ₹61.19 → ₹66.80 (new box ₹71.35–₹86.50 sealed)
2022-09-02,KALYANKJIL,RAISE STOP ₹65.55 → ₹73.15 (new box ₹77.00–₹82.85 sealed)
2022-09-09,APARINDS,"RAISE STOP ₹1,095.35 → ₹1,108.54 (new box ₹1,180.00–₹1,418.20 sealed)"
2022-09-14,HOMEFIRST,"SELL ₹27.15 at stop ₹849.35 (-10.1%, charges ₹0.03) — the cash goes back to work at the next Friday screen"
2022-09-16,ADANIPORTS,fresh signal REFUSED — falling earnings power
2022-09-16,AMBUJACEM,"fresh signal NOT FUNDED — cash exhausted (BUY: 5.45× weekly, month 4.11×, ladder rising)"
2022-09-16,AURIONPRO,"fresh signal NOT FUNDED — cash exhausted (BUY: 8.08× weekly, month 2.36×, ladder rising)"
2022-09-16,AXISCADES,"fresh signal NOT FUNDED — cash exhausted (BUY: 6.08× weekly, month 1.58×, ladder rising)"
2022-09-16,BAJAJHLDNG,"fresh signal NOT FUNDED — cash exhausted (BUY: 4.61× weekly, month 2.33×, ladder rising)"
2022-09-16,CCL,"fresh signal NOT FUNDED — cash exhausted (BUY: 2.65× weekly, month 1.67×, ladder rising)"
2022-09-16,CEATLTD,fresh signal REFUSED — falling earnings power
2022-09-16,DALBHARAT,fresh signal REFUSED — falling earnings power
2022-09-16,DCBBANK,fresh signal REFUSED — falling earnings power
2022-09-16,GRSE,fresh signal REFUSED — falling earnings power
2022-09-16,JKLAKSHMI,fresh signal REFUSED — falling earnings power
2022-09-16,JKTYRE,fresh signal REFUSED — falling earnings power
2022-09-16,JSWDULUX,"fresh signal NOT FUNDED — cash exhausted (BUY: 5.10× weekly, month 1.98×, ladder rising)"
2022-09-16,KALYANKJIL,RAISE STOP ₹73.15 → ₹76.00 (new box ₹80.00–₹85.80 sealed)
2022-09-16,KARURVYSYA,"fresh signal NOT FUNDED — cash exhausted (BUY: 2.95× weekly, month 1.88×, ladder rising)"
2022-09-16,LTFOODS,"fresh signal NOT FUNDED — cash exhausted (BUY: 6.13× weekly, month 2.43×, ladder rising)"
2022-09-16,LXCHEM,"fresh signal NOT FUNDED — cash exhausted (BUY: 3.27× weekly, month 1.94×, ladder rising)"
2022-09-16,MAZDOCK,fresh signal REFUSED — falling earnings power
2022-09-16,NHPC,fresh signal REFUSED — falling earnings power
2022-09-16,POWERMECH,"fresh signal NOT FUNDED — cash exhausted (BUY: 1.56× weekly, month 3.06×, ladder rising)"
2022-09-16,REFEX,"fresh signal NOT FUNDED — cash exhausted (BUY: 8.93× weekly, month 3.32×, ladder rising)"
2022-09-16,SIEMENS,"RAISE STOP ₹1,573.13 → ₹1,618.44 (new box ₹1,703.62–₹1,752.19 sealed)"
2022-09-16,SKIPPER,"fresh signal NOT FUNDED — cash exhausted (ACCUMULATE: 1.82× weekly, month 2.14×, ladder rising)"
2022-09-16,SOUTHBANK,fresh signal REFUSED — falling earnings power
2022-09-16,STLTECH,fresh signal REFUSED — falling earnings power
2022-09-16,TARIL,fresh signal REFUSED — falling earnings power
2022-09-16,UJJIVANSFB,fresh signal REFUSED — falling earnings power
2022-09-19,MAHSCOOTER,"BUY ₹27.15 at ₹5,103.50 (fresh Friday signal — BUY: 10.17× weekly, month 2.61×, ladder rising; stop ₹3,847.79; charges ₹0.03)"
2022-09-23,TIINDIA,"RAISE STOP ₹1,867.30 → ₹2,360.75 (new box ₹2,485.00–₹2,823.00 sealed)"
2022-09-26,SIEMENS,"SELL ₹15.89 at stop ₹1,618.44 (-4.1%, charges ₹0.02) — the cash goes back to work at the next Friday screen"
2022-09-30,ACC,"RAISE STOP ₹2,151.37 → ₹2,171.53 (new box ₹2,313.10–₹2,785.00 sealed)"
2022-09-30,APOLLO,"fresh signal NOT FUNDED — cash exhausted (BUY: 2.88× weekly, month 2.70×, ladder rising)"
2022-09-30,AURIONPRO,"fresh signal NOT FUNDED — cash exhausted (BUY: 1.97× weekly, month 3.18×, ladder rising)"
2022-09-30,COCHINSHIP,fresh signal REFUSED — falling earnings power
2022-09-30,JSWDULUX,"fresh signal NOT FUNDED — cash exhausted (ACCUMULATE: 1.92× weekly, month 2.73×, ladder rising)"
2022-09-30,KALYANKJIL,RAISE STOP ₹76.00 → ₹81.12 (new box ₹85.80–₹101.40 sealed)
2022-09-30,MAHSCOOTER,"RAISE STOP ₹3,847.79 → ₹4,617.00 (new box ₹4,860.00–₹5,529.00 sealed)"
2022-09-30,MAZDOCK,fresh signal REFUSED — falling earnings power
2022-09-30,SCHNEIDER,"fresh signal NOT FUNDED — cash exhausted (BUY: 2.05× weekly, month 3.46×, ladder rising)"
2022-09-30,SKIPPER,"fresh signal NOT FUNDED — cash exhausted (ACCUMULATE: 1.73× weekly, month 2.58×, ladder rising)"
2022-09-30,STARCEMENT,fresh signal REFUSED — falling earnings power
2022-09-30,TARIL,fresh signal REFUSED — falling earnings power
2022-09-30,TRITURBINE,fresh signal REFUSED — falling earnings power
2022-09-30,WESTLIFE,"fresh signal NOT FUNDED — cash exhausted (ACCUMULATE: 2.19× weekly, month 1.94×, ladder rising)"
2022-10-03,TSFINV,"BUY ₹15.89 at ₹103.50 (fresh Friday signal — BUY: 7.17× weekly, month 4.00×, ladder rising; stop ₹79.04; charges ₹0.02)"
2022-10-07,TSFINV,RAISE STOP ₹79.04 → ₹92.20 (new box ₹97.05–₹107.30 sealed)
2022-10-11,TSFINV,"SELL ₹14.12 at stop ₹92.20 (-10.9%, charges ₹0.01) — the cash goes back to work at the next Friday screen"
2022-10-14,ADANIPOWER,"SELL ₹59.66 at stop ₹66.80 (+153.0%, charges ₹0.06) — the cash goes back to work at the next Friday screen"
2022-10-14,STARCEMENT,fresh signal REFUSED — falling earnings power
2022-10-17,APOLLO,"BUY ₹30.40 at ₹24.00 (fresh Friday signal — BUY: 6.98× weekly, month 4.78×, ladder rising; stop ₹14.17; charges ₹0.04)"
2022-10-21,ANANTRAJ,"fresh signal NOT FUNDED — cash exhausted (BUY: 2.19× weekly, month 3.33×, ladder rising)"
2022-10-21,APARINDS,"RAISE STOP ₹1,108.54 → ₹1,277.75 (new box ₹1,345.00–₹1,513.95 sealed)"
2022-10-21,ERIS,"fresh signal NOT FUNDED — cash exhausted (ACCUMULATE: 1.52× weekly, month 1.59×, ladder rising)"
2022-10-21,KALYANKJIL,RAISE STOP ₹81.12 → ₹89.78 (new box ₹94.50–₹104.65 sealed)
2022-10-21,KPITTECH,fresh signal REFUSED — falling earnings power
2022-10-21,MIDHANI,"fresh signal NOT FUNDED — cash exhausted (ACCUMULATE: 2.24× weekly, month 3.54×, ladder rising)"
2022-10-21,SOUTHBANK,fresh signal REFUSED — falling earnings power
2022-10-24,GODFRYPHLP,"BUY ₹30.91 at ₹483.67 (fresh Friday signal — BUY: 4.48× weekly, month 3.07×, ladder rising; stop ₹403.15; charges ₹0.04)"
2022-10-28,APARINDS,"RAISE STOP ₹1,277.75 → ₹1,358.50 (new box ₹1,430.00–₹1,557.00 sealed)"
2022-10-28,APOLLO,RAISE STOP ₹14.17 → ₹19.45 (new box ₹20.68–₹24.78 sealed)
2022-10-28,KALYANKJIL,RAISE STOP ₹89.78 → ₹94.53 (new box ₹99.50–₹108.70 sealed)
2022-10-28,TIINDIA,"RAISE STOP ₹2,360.75 → ₹2,465.49 (new box ₹2,595.25–₹2,881.90 sealed)"
2022-11-03,APARINDS,"SELL ₹34.99 at stop ₹1,358.50 (+43.0%, charges ₹0.04) — the cash goes back to work at the next Friday screen"
2022-11-04,CENTRALBK,"fresh signal NOT FUNDED — cash exhausted (ACCUMULATE: 2.06× weekly, month 1.53×, ladder rising)"
2022-11-04,COCHINSHIP,fresh signal REFUSED — falling earnings power
2022-11-04,ELECON,RAISE STOP ₹156.67 → ₹164.33 (new box ₹172.97–₹189.50 sealed)
2022-11-04,GRSE,fresh signal REFUSED — falling earnings power
2022-11-04,KARURVYSYA,"fresh signal NOT FUNDED — cash exhausted (BUY: 1.56× weekly, month 1.89×, ladder rising)"
2022-11-04,MAHABANK,"fresh signal NOT FUNDED — cash exhausted (BUY: 3.19× weekly, month 2.37×, ladder rising)"
2022-11-04,MAZDOCK,fresh signal REFUSED — falling earnings power
2022-11-04,RAILTEL,"fresh signal NOT FUNDED — cash exhausted (BUY: 3.41× weekly, month 2.21×, ladder rising)"
2022-11-04,RVNL,"fresh signal NOT FUNDED — cash exhausted (BUY: 4.42× weekly, month 4.42×, ladder rising)"
2022-11-04,SOUTHBANK,fresh signal REFUSED — falling earnings power
2022-11-04,WESTLIFE,"fresh signal NOT FUNDED — cash exhausted (ACCUMULATE: 2.22× weekly, month 1.72×, ladder rising)"
2022-11-07,KTKBANK,"BUY ₹31.99 at ₹140.00 (fresh Friday signal — BUY: 12.94× weekly, month 4.92×, ladder rising; stop ₹71.72; charges ₹0.04)"
2022-11-11,CGCL,RAISE STOP ₹507.72 → ₹661.39 (new box ₹696.20–₹731.76 sealed)
2022-11-18,ACC,"RAISE STOP ₹2,171.53 → ₹2,259.81 (new box ₹2,378.75–₹2,514.95 sealed)"
2022-11-18,ELECON,RAISE STOP ₹164.33 → ₹202.49 (new box ₹213.15–₹229.40 sealed)
2022-11-18,GODFRYPHLP,RAISE STOP ₹403.15 → ₹497.48 (new box ₹523.67–₹560.00 sealed)
2022-11-18,KTKBANK,RAISE STOP ₹71.72 → ₹123.03 (new box ₹129.50–₹144.25 sealed)
2022-11-22,KALYANKJIL,"SELL ₹36.61 at stop ₹94.53 (+21.0%, charges ₹0.04) — the cash goes back to work at the next Friday screen"
2022-11-25,CENTRALBK,"fresh signal NOT FUNDED — cash exhausted (BUY: 5.84× weekly, month 5.38×, ladder rising)"
2022-11-25,DYNAMATECH,"fresh signal NOT FUNDED — cash exhausted (BUY: 4.26× weekly, month 2.63×, ladder rising)"
2022-11-25,ENGINERSIN,fresh signal REFUSED — falling earnings power
2022-11-25,HUDCO,"fresh signal NOT FUNDED — cash exhausted (BUY: 3.78× weekly, month 11.14×, ladder rising)"
2022-11-25,IDBI,"fresh signal NOT FUNDED — cash exhausted (ACCUMULATE: 2.08× weekly, month 1.50×, ladder rising)"
2022-11-25,IFCI,fresh signal REFUSED — falling earnings power
2022-11-25,IOB,"fresh signal NOT FUNDED — cash exhausted (BUY: 7.22× weekly, month 5.74×, ladder rising)"
2022-11-25,IRCON,"fresh signal NOT FUNDED — cash exhausted (ACCUMULATE: 4.15× weekly, month 13.60×, ladder rising)"
2022-11-25,KIRLOSBROS,fresh signal REFUSED — falling earnings power
2022-11-25,MAHABANK,"fresh signal NOT FUNDED — cash exhausted (BUY: 8.71× weekly, month 8.20×, ladder rising)"
2022-11-25,MAZDOCK,fresh signal REFUSED — falling earnings power
2022-11-25,NBCC,fresh signal REFUSED — falling earnings power
2022-11-25,PNB,"fresh signal NOT FUNDED — cash exhausted (BUY: 3.01× weekly, month 2.82×, ladder rising)"
2022-11-25,RAILTEL,"fresh signal NOT FUNDED — cash exhausted (ACCUMULATE: 3.04× weekly, month 5.91×, ladder rising)"
2022-11-25,RVNL,"fresh signal NOT FUNDED — cash exhausted (BUY: 2.80× weekly, month 14.14×, ladder rising)"
2022-11-25,SJVN,fresh signal REFUSED — falling earnings power
2022-11-25,SKIPPER,"fresh signal NOT FUNDED — cash exhausted (BUY: 6.40× weekly, month 2.23×, ladder rising)"
2022-11-25,SWANCORP,fresh signal REFUSED — falling earnings power
2022-11-25,TEXRAIL,"fresh signal NOT FUNDED — cash exhausted (BUY: 2.24× weekly, month 1.66×, ladder rising)"
2022-11-25,UJJIVANSFB,fresh signal REFUSED — falling earnings power
2022-11-28,IRFC,"BUY ₹19.71 at ₹32.00 (fresh Friday signal — BUY: 9.02× weekly, month 13.28×, ladder rising; stop ₹23.09; charges ₹0.02)"
2022-11-28,UCOBANK,"BUY ₹32.37 at ₹21.05 (fresh Friday signal — BUY: 13.59× weekly, month 16.04×, ladder rising; stop ₹13.59; charges ₹0.04)"
2022-12-02,GODFRYPHLP,RAISE STOP ₹497.48 → ₹547.85 (new box ₹576.68–₹638.33 sealed)
2022-12-09,APOLLO,RAISE STOP ₹19.45 → ₹24.42 (new box ₹25.70–₹28.40 sealed)
2022-12-09,UCOBANK,RAISE STOP ₹13.59 → ₹18.29 (new box ₹19.25–₹22.45 sealed)
2022-12-16,ACC,"RAISE STOP ₹2,259.81 → ₹2,465.15 (new box ₹2,594.90–₹2,656.85 sealed)"
2022-12-16,IRFC,RAISE STOP ₹23.09 → ₹28.20 (new box ₹30.25–₹37.10 sealed)
2022-12-16,KTKBANK,RAISE STOP ₹123.03 → ₹139.84 (new box ₹147.20–₹164.45 sealed)
2022-12-21,ELECON,"SELL ₹42.44 at stop ₹202.49 (+65.3%, charges ₹0.04) — the cash goes back to work at the next Friday screen"
2022-12-22,MAHSCOOTER,"SELL ₹24.51 at stop ₹4,617.00 (-9.5%, charges ₹0.03) — the cash goes back to work at the next Friday screen"
2022-12-23,ACC,"SELL ₹28.61 at stop ₹2,465.15 (+9.1%, charges ₹0.03) — the cash goes back to work at the next Friday screen"
2022-12-23,IRFC,"SELL ₹17.33 at stop ₹28.20 (-11.9%, charges ₹0.02) — the cash goes back to work at the next Friday screen"
2022-12-23,KTKBANK,"SELL ₹31.88 at stop ₹139.84 (-0.1%, charges ₹0.03) — the cash goes back to work at the next Friday screen"
2022-12-23,PNBHOUSING,fresh signal REFUSED — falling earnings power
2022-12-23,TIINDIA,"RAISE STOP ₹2,465.49 → ₹2,598.35 (new box ₹2,735.10–₹3,039.90 sealed)"
2022-12-26,APOLLO,"SELL ₹30.87 at stop ₹24.42 (+1.8%, charges ₹0.03) — the cash goes back to work at the next Friday screen"
2022-12-26,GODFRYPHLP,"SELL ₹34.93 at stop ₹547.85 (+13.3%, charges ₹0.04) — the cash goes back to work at the next Friday screen"
2022-12-30,FACT,fresh signal REFUSED — falling earnings power
2022-12-30,JINDALSAW,"fresh signal NOT FUNDED — cash exhausted (ACCUMULATE: 1.94× weekly, month 2.35×, ladder rising)"
2022-12-30,NFL,fresh signal REFUSED — falling earnings power
2022-12-30,PNBHOUSING,fresh signal REFUSED — falling earnings power
2022-12-30,UCOBANK,RAISE STOP ₹18.29 → ₹23.46 (new box ₹26.85–₹38.15 sealed)
2023-01-02,GICRE,"BUY ₹32.52 at ₹179.20 (fresh Friday signal — ACCUMULATE: 2.52× weekly, month 11.13×, ladder rising; stop ₹137.57; charges ₹0.04)"
2023-01-02,GSFC,"BUY ₹33.10 at ₹140.70 (fresh Friday signal — ACCUMULATE: 2.13× weekly, month 1.67×, ladder rising; stop ₹111.58; charges ₹0.04)"
2023-01-02,IOB,"BUY ₹32.47 at ₹32.40 (fresh Friday signal — ACCUMULATE: 4.67× weekly, month 28.89×, ladder rising; stop ₹21.23; charges ₹0.04)"
2023-01-02,JSL,"BUY ₹32.93 at ₹241.00 (fresh Friday signal — BUY: 2.24× weekly, month 2.14×, ladder rising; stop ₹192.61; charges ₹0.04)"
2023-01-02,LLOYDSENGG,"BUY ₹32.68 at ₹15.63 (fresh Friday signal — ACCUMULATE: 2.36× weekly, month 2.74×, ladder rising; stop ₹10.86; charges ₹0.04)"
2023-01-02,YESBANK,"BUY ₹32.40 at ₹20.85 (fresh Friday signal — ACCUMULATE: 2.89× weekly, month 3.19×, ladder rising; stop ₹15.00; charges ₹0.04)"
2023-01-06,CGCL,RAISE STOP ₹661.39 → ₹666.82 (new box ₹701.92–₹764.26 sealed)
2023-01-11,TIINDIA,"SELL ₹34.15 at stop ₹2,598.35 (+21.7%, charges ₹0.04) — the cash goes back to work at the next Friday screen"
2023-01-13,CIEINDIA,fresh signal REFUSED — falling earnings power
2023-01-13,GICRE,RAISE STOP ₹137.57 → ₹167.72 (new box ₹176.55–₹204.00 sealed)
2023-01-13,JSL,RAISE STOP ₹192.61 → ₹218.83 (new box ₹230.35–₹255.00 sealed)
2023-01-13,MOIL,fresh signal REFUSED — falling earnings power
2023-01-13,PNBHOUSING,fresh signal REFUSED — falling earnings power
2023-01-13,PNCINFRA,fresh signal REFUSED — falling earnings power
2023-01-13,USHAMART,"fresh signal NOT FUNDED — cash exhausted (ACCUMULATE: 1.51× weekly, month 3.38×, ladder rising)"
2023-01-16,ANUP,"BUY ₹32.90 at ₹476.12 (fresh Friday signal — ACCUMULATE: 4.79× weekly, month 1.56×, ladder rising; stop ₹364.75; charges ₹0.04)"
2023-01-16,JINDALSAW,signal SKIPPED — cash below half a slice
2023-02-01,GICRE,"SELL ₹30.37 at stop ₹167.72 (-6.4%, charges ₹0.03) — the cash goes back to work at the next Friday screen"
2023-02-03,ANUP,RAISE STOP ₹364.75 → ₹466.90 (new box ₹491.48–₹544.50 sealed)
2023-02-03,CIEINDIA,fresh signal REFUSED — falling earnings power
2023-02-03,LLOYDSENGG,RAISE STOP ₹10.86 → ₹19.27 (new box ₹20.44–₹24.34 sealed)
2023-02-03,PNCINFRA,fresh signal REFUSED — falling earnings power
2023-02-06,JINDALSAW,"BUY ₹31.59 at ₹65.22 (fresh Friday signal — BUY: 2.71× weekly, month 3.60×, ladder rising; stop ₹51.25; charges ₹0.04)"
2023-02-07,LLOYDSENGG,"SELL ₹40.19 at stop ₹19.27 (+23.3%, charges ₹0.04) — the cash goes back to work at the next Friday screen"
2023-02-10,ANUP,RAISE STOP ₹466.90 → ₹518.77 (new box ₹546.08–₹579.48 sealed)
2023-02-10,YESBANK,RAISE STOP ₹15.00 → ₹15.34 (new box ₹16.15–₹17.60 sealed)
2023-02-17,ANUP,RAISE STOP ₹518.77 → ₹527.27 (new box ₹555.02–₹601.42 sealed)
2023-02-17,ZENSARTECH,fresh signal REFUSED — falling earnings power
2023-02-24,CYIENT,"fresh signal NOT FUNDED — cash exhausted (BUY: 1.52× weekly, month 1.64×, ladder rising)"
2023-02-24,JSL,RAISE STOP ₹218.83 → ₹235.03 (new box ₹247.40–₹268.95 sealed)
2023-02-24,PGEL,"fresh signal NOT FUNDED — cash exhausted (BUY: 2.05× weekly, month 1.77×, ladder rising)"
2023-02-24,RATNAMANI,fresh signal REFUSED — falling earnings power
2023-02-24,ZENSARTECH,fresh signal REFUSED — falling earnings power
2023-02-27,CERA,"BUY ₹23.64 at ₹6,150.00 (fresh Friday signal — BUY: 5.94× weekly, month 1.75×, ladder rising; stop ₹5,579.40; charges ₹0.03)"
2023-02-27,SONATSOFTW,"BUY ₹31.05 at ₹360.00 (fresh Friday signal — BUY: 9.70× weekly, month 3.34×, ladder rising; stop ₹282.62; charges ₹0.04)"
2023-03-03,CERA,"RAISE STOP ₹5,579.40 → ₹5,714.25 (new box ₹6,015.00–₹6,788.00 sealed)"
2023-03-03,IOB,RAISE STOP ₹21.23 → ₹22.18 (new box ₹23.35–₹25.35 sealed)
2023-03-03,JINDALSAW,RAISE STOP ₹51.25 → ₹67.92 (new box ₹71.50–₹79.22 sealed)
2023-03-03,SONATSOFTW,RAISE STOP ₹282.62 → ₹325.85 (new box ₹343.00–₹376.50 sealed)
2023-03-08,CGCL,"SELL ₹27.47 at stop ₹666.82 (+17.6%, charges ₹0.03) — the cash goes back to work at the next Friday screen"
2023-03-10,ANUP,"SELL ₹36.36 at stop ₹527.27 (+10.7%, charges ₹0.04) — the cash goes back to work at the next Friday screen"
2023-03-13,YESBANK,"SELL ₹23.79 at stop ₹15.34 (-26.4%, charges ₹0.02) — the cash goes back to work at the next Friday screen"
2023-03-17,NCC,fresh signal REFUSED — falling earnings power
2023-03-17,POLICYBZR,fresh signal REFUSED — falling earnings power
2023-03-17,PRIVISCL,fresh signal REFUSED — falling earnings power
2023-03-17,SONATSOFTW,RAISE STOP ₹325.85 → ₹357.20 (new box ₹376.00–₹416.32 sealed)
2023-03-20,ANURAS,"BUY ₹30.97 at ₹755.90 (fresh Friday signal — ACCUMULATE: 3.74× weekly, month 2.60×, ladder rising; stop ₹691.46; charges ₹0.04)"
2023-03-20,IOB,"SELL ₹22.18 at stop ₹22.18 (-31.5%, charges ₹0.02) — the cash goes back to work at the next Friday screen"
2023-03-24,CERA,"RAISE STOP ₹5,714.25 → ₹5,852.00 (new box ₹6,160.00–₹6,488.95 sealed)"
2023-03-24,SONATSOFTW,RAISE STOP ₹357.20 → ₹371.45 (new box ₹391.00–₹427.80 sealed)
2023-03-27,JINDALSAW,"SELL ₹32.82 at stop ₹67.92 (+4.1%, charges ₹0.03) — the cash goes back to work at the next Friday screen"
2023-03-27,KSB,"BUY ₹30.71 at ₹417.98 (fresh Friday signal — ACCUMULATE: 1.90× weekly, month 2.85×, ladder rising; stop ₹372.21; charges ₹0.04)"
2023-03-27,TDPOWERSYS,"BUY ₹30.65 at ₹84.62 (fresh Friday signal — BUY: 1.62× weekly, month 2.13×, ladder rising; stop ₹64.12; charges ₹0.04)"
2023-03-27,UCOBANK,"SELL ₹36.00 at stop ₹23.46 (+11.4%, charges ₹0.04) — the cash goes back to work at the next Friday screen"
2023-03-29,SONATSOFTW,"SELL ₹31.97 at stop ₹371.45 (+3.2%, charges ₹0.03) — the cash goes back to work at the next Friday screen"
2023-04-03,HAL,"BUY ₹28.83 at ₹1,380.00 (fresh Friday signal — ACCUMULATE: 1.57× weekly, month 2.04×, ladder rising; stop ₹1,171.71; charges ₹0.03)"
2023-04-03,TAX,"FY2023 settled: ₹17.75 paid (STCG ₹86.17 @20%, LTCG ₹4.11 @12.5%; losses carried forward ST ₹0.00 / LT ₹0.00)"
2023-04-06,CERA,"RAISE STOP ₹5,852.00 → ₹6,037.30 (new box ₹6,355.05–₹6,630.00 sealed)"
2023-04-06,JBMA,fresh signal REFUSED — falling earnings power
2023-04-06,JSL,RAISE STOP ₹235.03 → ₹256.98 (new box ₹270.50–₹299.80 sealed)
2023-04-06,TDPOWERSYS,RAISE STOP ₹64.12 → ₹73.22 (new box ₹77.08–₹87.42 sealed)
2023-04-06,VIJAYA,fresh signal REFUSED — falling earnings power
2023-04-10,KIRLOSBROS,"BUY ₹29.14 at ₹425.00 (fresh Friday signal — BUY: 1.86× weekly, month 2.34×, ladder rising; stop ₹357.44; charges ₹0.03)"
2023-04-13,JSL,"SELL ₹35.04 at stop ₹256.98 (+6.6%, charges ₹0.04) — the cash goes back to work at the next Friday screen"
2023-04-13,MEDPLUS,fresh signal REFUSED — falling earnings power
2023-04-13,NEOGEN,fresh signal REFUSED — falling earnings power
2023-04-13,TORNTPOWER,fresh signal REFUSED — falling earnings power
2023-04-21,ALIVUS,fresh signal REFUSED — falling earnings power
2023-04-21,JBMA,fresh signal REFUSED — falling earnings power
2023-04-21,KIRLOSBROS,RAISE STOP ₹357.44 → ₹403.85 (new box ₹425.10–₹450.00 sealed)
2023-04-21,TITAGARH,fresh signal REFUSED — falling earnings power
2023-04-24,MARKSANS,"BUY ₹29.74 at ₹78.00 (fresh Friday signal — ACCUMULATE: 1.64× weekly, month 1.51×, ladder rising; stop ₹71.87; charges ₹0.04)"
2023-04-24,ZFCVINDIA,"BUY ₹29.71 at ₹1,697.50 (fresh Friday signal — ACCUMULATE: 7.38× weekly, month 1.55×, ladder rising; stop ₹1,561.17; charges ₹0.04)"
2023-04-26,CERA,"SELL ₹23.16 at stop ₹6,037.30 (-1.8%, charges ₹0.02) — the cash goes back to work at the next Friday screen"
2023-04-26,KIRLOSBROS,"SELL ₹27.63 at stop ₹403.85 (-5.0%, charges ₹0.03) — the cash goes back to work at the next Friday screen"
2023-04-28,ALIVUS,fresh signal REFUSED — falling earnings power
2023-04-28,ANURAS,"RAISE STOP ₹691.46 → ₹946.20 (new box ₹996.00–₹1,069.75 sealed)"
2023-04-28,ARVIND,fresh signal REFUSED — falling earnings power
2023-04-28,GLENMARK,fresh signal REFUSED — falling earnings power
2023-04-28,GSFC,RAISE STOP ₹111.58 → ₹116.04 (new box ₹122.15–₹130.60 sealed)
2023-04-28,ICICIBANK,"fresh signal NOT FUNDED — cash exhausted (BUY: 1.78× weekly, month 2.24×, ladder rising)"
2023-04-28,IRFC,fresh signal REFUSED — falling earnings power
2023-04-28,KSB,RAISE STOP ₹372.21 → ₹407.74 (new box ₹429.20–₹459.97 sealed)
2023-05-02,ASHAPURMIN,"BUY ₹31.12 at ₹143.10 (fresh Friday signal — BUY: 2.05× weekly, month 2.10×, ladder rising; stop ₹123.50; charges ₹0.04)"
2023-05-02,REFEX,"BUY ₹31.23 at ₹65.32 (fresh Friday signal — BUY: 4.73× weekly, month 1.57×, ladder rising; stop ₹54.53; charges ₹0.04)"
2023-05-12,ANURAS,"RAISE STOP ₹946.20 → ₹1,007.67 (new box ₹1,060.70–₹1,224.20 sealed)"
2023-05-12,ASHAPURMIN,RAISE STOP ₹123.50 → ₹125.16 (new box ₹131.75–₹147.40 sealed)
2023-05-12,HAL,"RAISE STOP ₹1,171.71 → ₹1,370.80 (new box ₹1,442.95–₹1,525.00 sealed)"
2023-05-12,REFEX,RAISE STOP ₹54.53 → ₹58.14 (new box ₹61.20–₹69.68 sealed)
2023-05-19,GSFC,RAISE STOP ₹116.04 → ₹155.85 (new box ₹164.05–₹179.70 sealed)
2023-05-22,MARKSANS,"SELL ₹27.34 at stop ₹71.87 (-7.9%, charges ₹0.03) — the cash goes back to work at the next Friday screen"
2023-05-26,ACUTAAS,"fresh signal NOT FUNDED — cash exhausted (BUY: 1.84× weekly, month 1.78×, ladder rising)"
2023-05-26,ASHAPURMIN,RAISE STOP ₹125.16 → ₹134.24 (new box ₹141.30–₹152.55 sealed)
2023-05-26,BECTORFOOD,"fresh signal NOT FUNDED — cash exhausted (BUY: 2.48× weekly, month 1.57×, ladder rising)"
2023-05-26,CHALET,"fresh signal NOT FUNDED — cash exhausted (BUY: 1.82× weekly, month 1.93×, ladder rising)"
2023-05-26,CHENNPETRO,"fresh signal NOT FUNDED — cash exhausted (BUY: 1.62× weekly, month 2.06×, ladder rising)"
2023-05-26,CHOICEIN,fresh signal REFUSED — falling earnings power
2023-05-26,CIEINDIA,"fresh signal NOT FUNDED — cash exhausted (BUY: 3.50× weekly, month 2.45×, ladder rising)"
2023-05-26,ENGINERSIN,fresh signal REFUSED — falling earnings power
2023-05-26,JMFINANCIL,fresh signal REFUSED — falling earnings power
2023-05-26,JWL,"fresh signal NOT FUNDED — cash exhausted (BUY: 3.50× weekly, month 2.81×, ladder rising)"
2023-05-26,KAJARIACER,fresh signal REFUSED — falling earnings power
2023-05-26,MEDPLUS,fresh signal REFUSED — falling earnings power
2023-05-26,NBCC,"fresh signal NOT FUNDED — cash exhausted (BUY: 1.78× weekly, month 1.67×, ladder rising)"
2023-05-26,SAFARI,"fresh signal NOT FUNDED — cash exhausted (BUY: 2.03× weekly, month 1.56×, ladder rising)"
2023-05-26,SCHNEIDER,"fresh signal NOT FUNDED — cash exhausted (BUY: 11.77× weekly, month 1.59×, ladder rising)"
2023-05-26,SHAILY,"fresh signal NOT FUNDED — cash exhausted (ACCUMULATE: 1.98× weekly, month 3.20×, ladder rising)"
2023-05-26,SUPRIYA,fresh signal REFUSED — falling earnings power
2023-05-26,TDPOWERSYS,RAISE STOP ₹73.22 → ₹89.54 (new box ₹94.25–₹103.75 sealed)
2023-05-26,TEGA,"fresh signal NOT FUNDED — cash exhausted (BUY: 2.59× weekly, month 1.56×, ladder rising)"
2023-05-26,UJJIVANSFB,fresh signal REFUSED — falling earnings power
2023-05-26,WABAG,fresh signal REFUSED — falling earnings power
2023-05-29,ASHAPURMIN,"SELL ₹29.12 at stop ₹134.24 (-6.2%, charges ₹0.03) — the cash goes back to work at the next Friday screen"
2023-05-29,GSFC,"SELL ₹36.58 at stop ₹155.85 (+10.8%, charges ₹0.04) — the cash goes back to work at the next Friday screen"
2023-05-29,THANGAMAYL,"BUY ₹32.92 at ₹672.00 (fresh Friday signal — ACCUMULATE: 18.71× weekly, month 3.52×, ladder rising; stop ₹558.15; charges ₹0.04)"
2023-06-02,AHLUCONT,"fresh signal NOT FUNDED — cash exhausted (ACCUMULATE: 5.12× weekly, month 2.35×, ladder rising)"
2023-06-02,AIAENG,"fresh signal NOT FUNDED — cash exhausted (BUY: 4.10× weekly, month 1.62×, ladder rising)"
2023-06-02,BECTORFOOD,"fresh signal NOT FUNDED — cash exhausted (BUY: 4.21× weekly, month 2.46×, ladder rising)"
2023-06-02,CHOICEIN,fresh signal REFUSED — falling earnings power
2023-06-02,CYIENT,fresh signal REFUSED — falling earnings power
2023-06-02,ELECTCAST,fresh signal REFUSED — falling earnings power
2023-06-02,GRAPHITE,fresh signal REFUSED — falling earnings power
2023-06-02,GRWRHITECH,fresh signal REFUSED — falling earnings power
2023-06-02,HAL,"RAISE STOP ₹1,370.80 → ₹1,415.36 (new box ₹1,489.85–₹1,584.40 sealed)"
2023-06-02,HERITGFOOD,fresh signal REFUSED — falling earnings power
2023-06-02,HUDCO,fresh signal REFUSED — falling earnings power
2023-06-02,INOXWIND,fresh signal REFUSED — falling earnings power
2023-06-02,JINDALSAW,fresh signal REFUSED — falling earnings power
2023-06-02,LODHA,fresh signal REFUSED — falling earnings power
2023-06-02,MTARTECH,fresh signal REFUSED — falling earnings power
2023-06-02,NBCC,"fresh signal NOT FUNDED — cash exhausted (BUY: 1.88× weekly, month 1.83×, ladder rising)"
2023-06-02,OLECTRA,"fresh signal NOT FUNDED — cash exhausted (BUY: 1.63× weekly, month 2.30×, ladder rising)"
2023-06-02,PFC,"fresh signal NOT FUNDED — cash exhausted (BUY: 1.58× weekly, month 1.63×, ladder rising)"
2023-06-02,PGEL,"fresh signal NOT FUNDED — cash exhausted (BUY: 4.51× weekly, month 1.60×, ladder rising)"
2023-06-02,REFEX,RAISE STOP ₹58.14 → ₹87.60 (new box ₹94.80–₹118.80 sealed)
2023-06-02,SCHNEIDER,"fresh signal NOT FUNDED — cash exhausted (BUY: 2.42× weekly, month 1.93×, ladder rising)"
2023-06-02,SMLMAH,"fresh signal NOT FUNDED — cash exhausted (BUY: 4.37× weekly, month 2.16×, ladder rising)"
2023-06-02,STARCEMENT,fresh signal REFUSED — falling earnings power
2023-06-02,SUZLON,fresh signal REFUSED — falling earnings power
2023-06-02,TEGA,"fresh signal NOT FUNDED — cash exhausted (BUY: 3.35× weekly, month 2.33×, ladder rising)"
2023-06-02,TIPSMUSIC,fresh signal REFUSED — falling earnings power
2023-06-02,UJJIVANSFB,fresh signal REFUSED — falling earnings power
2023-06-05,EPL,"BUY ₹32.97 at ₹201.90 (fresh Friday signal — ACCUMULATE: 6.59× weekly, month 6.26×, ladder rising; stop ₹170.76; charges ₹0.04)"
2023-06-05,FORCEMOT,"BUY ₹33.71 at ₹1,951.00 (fresh Friday signal — BUY: 23.21× weekly, month 3.12×, ladder rising; stop ₹1,289.01; charges ₹0.04)"
2023-06-09,THANGAMAYL,RAISE STOP ₹558.15 → ₹672.12 (new box ₹707.50–₹774.00 sealed)
2023-06-16,FORCEMOT,"RAISE STOP ₹1,289.01 → ₹1,995.52 (new box ₹2,100.55–₹2,265.00 sealed)"
2023-06-16,HAL,"RAISE STOP ₹1,415.36 → ₹1,723.32 (new box ₹1,814.03–₹1,900.00 sealed)"
2023-06-16,ZFCVINDIA,"RAISE STOP ₹1,561.17 → ₹1,773.33 (new box ₹1,866.67–₹1,950.00 sealed)"
2023-06-23,ZFCVINDIA,"RAISE STOP ₹1,773.33 → ₹1,860.58 (new box ₹1,958.50–₹2,044.33 sealed)"
2023-06-30,EPL,RAISE STOP ₹170.76 → ₹189.81 (new box ₹199.80–₹216.00 sealed)
2023-06-30,TDPOWERSYS,RAISE STOP ₹89.54 → ₹101.58 (new box ₹106.92–₹120.25 sealed)
2023-07-03,ANURAS,"SELL ₹41.19 at stop ₹1,007.67 (+33.3%, charges ₹0.04) — the cash goes back to work at the next Friday screen"
2023-07-07,ABREL,"fresh signal NOT FUNDED — cash exhausted (BUY: 2.76× weekly, month 2.33×, ladder rising)"
2023-07-07,ADVENZYMES,fresh signal REFUSED — falling earnings power
2023-07-07,ASTERDM,fresh signal REFUSED — falling earnings power
2023-07-07,BBTC,fresh signal REFUSED — falling earnings power
2023-07-07,BSE,fresh signal REFUSED — falling earnings power
2023-07-07,DEEPAKFERT,"fresh signal NOT FUNDED — cash exhausted (BUY: 2.26× weekly, month 1.83×, ladder rising)"
2023-07-07,ENDURANCE,"fresh signal NOT FUNDED — cash exhausted (BUY: 2.65× weekly, month 1.93×, ladder rising)"
2023-07-07,EPL,RAISE STOP ₹189.81 → ₹200.50 (new box ₹211.05–₹223.00 sealed)
2023-07-07,FACT,"fresh signal NOT FUNDED — cash exhausted (BUY: 1.67× weekly, month 3.35×, ladder rising)"
2023-07-07,HCC,fresh signal REFUSED — falling earnings power
2023-07-07,HEROMOTOCO,"fresh signal NOT FUNDED — cash exhausted (BUY: 2.73× weekly, month 1.88×, ladder rising)"
2023-07-07,IDFCFIRSTB,"fresh signal NOT FUNDED — cash exhausted (ACCUMULATE: 1.82× weekly, month 1.56×, ladder rising)"
2023-07-07,INOXWIND,fresh signal REFUSED — falling earnings power
2023-07-07,JAMNAAUTO,fresh signal REFUSED — falling earnings power
2023-07-07,KALYANKJIL,"fresh signal NOT FUNDED — cash exhausted (BUY: 3.19× weekly, month 2.65×, ladder rising)"
2023-07-07,KTKBANK,"fresh signal NOT FUNDED — cash exhausted (BUY: 3.28× weekly, month 1.95×, ladder rising)"
2023-07-07,LATENTVIEW,fresh signal REFUSED — falling earnings power
2023-07-07,LTF,fresh signal REFUSED — falling earnings power
2023-07-07,MIDHANI,fresh signal REFUSED — falling earnings power
2023-07-07,MINDACORP,"fresh signal NOT FUNDED — cash exhausted (ACCUMULATE: 2.80× weekly, month 2.30×, ladder rising)"
2023-07-07,MOIL,fresh signal REFUSED — falling earnings power
2023-07-07,MRPL,fresh signal REFUSED — falling earnings power
2023-07-07,OLECTRA,"fresh signal NOT FUNDED — cash exhausted (BUY: 3.49× weekly, month 4.34×, ladder rising)"
2023-07-07,PURVA,fresh signal REFUSED — falling earnings power
2023-07-07,RADICO,fresh signal REFUSED — falling earnings power
2023-07-07,RALLIS,fresh signal REFUSED — falling earnings power
2023-07-07,RPOWER,fresh signal REFUSED — falling earnings power
2023-07-07,RTNPOWER,fresh signal REFUSED — falling earnings power
2023-07-07,SANSERA,"fresh signal NOT FUNDED — cash exhausted (BUY: 2.31× weekly, month 3.61×, ladder rising)"
2023-07-07,SJVN,"fresh signal NOT FUNDED — cash exhausted (BUY: 3.63× weekly, month 3.59×, ladder rising)"
2023-07-07,SPARC,"fresh signal NOT FUNDED — cash exhausted (BUY: 1.59× weekly, month 1.92×, ladder rising)"
2023-07-07,STAR,"fresh signal NOT FUNDED — cash exhausted (BUY: 3.23× weekly, month 2.75×, ladder rising)"
2023-07-07,SUZLON,fresh signal REFUSED — falling earnings power
2023-07-07,THYROCARE,fresh signal REFUSED — falling earnings power
2023-07-07,TIMETECHNO,"fresh signal NOT FUNDED — cash exhausted (BUY: 2.21× weekly, month 3.37×, ladder rising)"
2023-07-07,VGUARD,fresh signal REFUSED — falling earnings power
2023-07-07,WELENT,fresh signal REFUSED — falling earnings power
2023-07-07,WOCKPHARMA,fresh signal REFUSED — falling earnings power
2023-07-07,ZFCVINDIA,"RAISE STOP ₹1,860.58 → ₹1,882.66 (new box ₹1,981.75–₹2,099.83 sealed)"
2023-07-10,CEATLTD,"BUY ₹36.76 at ₹2,408.00 (fresh Friday signal — BUY: 4.55× weekly, month 2.41×, ladder rising; stop ₹1,892.78; charges ₹0.04)"
2023-07-12,KSB,"SELL ₹29.89 at stop ₹407.74 (-2.4%, charges ₹0.03) — the cash goes back to work at the next Friday screen"
2023-07-14,ABREL,"fresh signal NOT FUNDED — cash exhausted (BUY: 1.82× weekly, month 2.92×, ladder rising)"
2023-07-14,BSE,fresh signal REFUSED — falling earnings power
2023-07-14,COCHINSHIP,fresh signal REFUSED — falling earnings power
2023-07-14,FORCEMOT,"RAISE STOP ₹1,995.52 → ₹2,337.00 (new box ₹2,460.00–₹2,796.60 sealed)"
2023-07-14,FORTIS,fresh signal REFUSED — falling earnings power
2023-07-14,GRSE,fresh signal REFUSED — falling earnings power
2023-07-14,INOXWIND,fresh signal REFUSED — falling earnings power
2023-07-14,JAMNAAUTO,fresh signal REFUSED — falling earnings power
2023-07-14,JSWSTEEL,fresh signal REFUSED — falling earnings power
2023-07-14,KALYANKJIL,"fresh signal NOT FUNDED — cash exhausted (BUY: 3.32× weekly, month 3.47×, ladder rising)"
2023-07-14,MAPMYINDIA,fresh signal REFUSED — falling earnings power
2023-07-14,MARKSANS,"fresh signal NOT FUNDED — cash exhausted (BUY: 2.44× weekly, month 2.02×, ladder rising)"
2023-07-14,MAZDOCK,"fresh signal NOT FUNDED — cash exhausted (BUY: 2.18× weekly, month 2.01×, ladder rising)"
2023-07-14,MIDHANI,fresh signal REFUSED — falling earnings power
2023-07-14,MOIL,fresh signal REFUSED — falling earnings power
2023-07-14,MTARTECH,fresh signal REFUSED — falling earnings power
2023-07-14,OLECTRA,"fresh signal NOT FUNDED — cash exhausted (BUY: 3.86× weekly, month 5.09×, ladder rising)"
2023-07-14,PARAS,fresh signal REFUSED — falling earnings power
2023-07-14,RADICO,fresh signal REFUSED — falling earnings power
2023-07-14,RAILTEL,fresh signal REFUSED — falling earnings power
2023-07-14,SOUTHBANK,"fresh signal NOT FUNDED — cash exhausted (BUY: 2.21× weekly, month 1.57×, ladder rising)"
2023-07-14,SPARC,"fresh signal NOT FUNDED — cash exhausted (BUY: 3.18× weekly, month 2.72×, ladder rising)"
2023-07-14,TANLA,fresh signal REFUSED — falling earnings power
2023-07-14,TATACOMM,"fresh signal NOT FUNDED — cash exhausted (ACCUMULATE: 2.39× weekly, month 1.61×, ladder rising)"
2023-07-14,TDPOWERSYS,RAISE STOP ₹101.58 → ₹110.20 (new box ₹116.00–₹124.70 sealed)
2023-07-14,TIMETECHNO,"fresh signal NOT FUNDED — cash exhausted (BUY: 1.81× weekly, month 3.13×, ladder rising)"
2023-07-14,WELENT,fresh signal REFUSED — falling earnings power
2023-07-14,ZENTEC,"fresh signal NOT FUNDED — cash exhausted (BUY: 8.06× weekly, month 3.59×, ladder rising)"
2023-07-17,ANANDRATHI,"BUY ₹34.32 at ₹265.70 (fresh Friday signal — BUY: 14.43× weekly, month 2.32×, ladder rising; stop ₹199.61; charges ₹0.04)"
2023-07-21,ANANDRATHI,RAISE STOP ₹199.61 → ₹233.71 (new box ₹246.01–₹273.16 sealed)
2023-07-21,TDPOWERSYS,RAISE STOP ₹110.20 → ₹112.05 (new box ₹117.95–₹127.90 sealed)
2023-07-21,THANGAMAYL,RAISE STOP ₹672.12 → ₹750.50 (new box ₹790.00–₹867.00 sealed)
2023-07-28,CEATLTD,"RAISE STOP ₹1,892.78 → ₹2,244.85 (new box ₹2,363.00–₹2,642.00 sealed)"
2023-07-28,REFEX,RAISE STOP ₹87.60 → ₹121.69 (new box ₹128.10–₹147.80 sealed)
2023-08-11,ASHAPURMIN,"fresh signal NOT FUNDED — cash exhausted (BUY: 2.35× weekly, month 3.14×, ladder rising)"
2023-08-11,BBOX,fresh signal REFUSED — falling earnings power
2023-08-11,DBREALTY,fresh signal REFUSED — falling earnings power
2023-08-11,DRREDDY,"fresh signal NOT FUNDED — cash exhausted (BUY: 2.01× weekly, month 1.50×, ladder rising)"
2023-08-11,EPL,"SELL ₹32.67 at stop ₹200.50 (-0.7%, charges ₹0.03) — the cash goes back to work at the next Friday screen"
2023-08-11,FIVESTAR,"fresh signal NOT FUNDED — cash exhausted (BUY: 1.89× weekly, month 1.60×, ladder rising)"
2023-08-11,GLAND,fresh signal REFUSED — falling earnings power
2023-08-11,HAL,"RAISE STOP ₹1,723.32 → ₹1,758.24 (new box ₹1,850.78–₹1,999.45 sealed)"
2023-08-11,HINDCOPPER,fresh signal REFUSED — falling earnings power
2023-08-11,IRCON,"fresh signal NOT FUNDED — cash exhausted (BUY: 1.74× weekly, month 2.16×, ladder rising)"
2023-08-11,JSWENERGY,fresh signal REFUSED — falling earnings power
2023-08-11,MAHABANK,"fresh signal NOT FUNDED — cash exhausted (BUY: 2.39× weekly, month 2.12×, ladder rising)"
2023-08-11,MAPMYINDIA,fresh signal REFUSED — falling earnings power
2023-08-11,MMTC,fresh signal REFUSED — falling earnings power
2023-08-11,MOIL,fresh signal REFUSED — falling earnings power
2023-08-11,PFC,"fresh signal NOT FUNDED — cash exhausted (BUY: 1.66× weekly, month 1.54×, ladder rising)"
2023-08-11,PGIL,"fresh signal NOT FUNDED — cash exhausted (BUY: 2.07× weekly, month 2.21×, ladder rising)"
2023-08-11,PRAJIND,"fresh signal NOT FUNDED — cash exhausted (BUY: 2.21× weekly, month 1.99×, ladder rising)"
2023-08-11,RECLTD,"fresh signal NOT FUNDED — cash exhausted (BUY: 3.13× weekly, month 2.68×, ladder rising)"
2023-08-11,REFEX,"SELL ₹58.05 at stop ₹121.69 (+86.3%, charges ₹0.06) — the cash goes back to work at the next Friday screen"
2023-08-11,RTNINDIA,fresh signal REFUSED — falling earnings power
2023-08-11,SHYAMMETL,fresh signal REFUSED — falling earnings power
2023-08-11,SUPREMEIND,fresh signal REFUSED — falling earnings power
2023-08-11,TARC,"fresh signal NOT FUNDED — cash exhausted (BUY: 1.60× weekly, month 1.77×, ladder rising)"
2023-08-11,TI,fresh signal REFUSED — falling earnings power
2023-08-11,TMB,"fresh signal NOT FUNDED — cash exhausted (BUY: 1.83× weekly, month 1.75×, ladder rising)"
2023-08-11,VGUARD,fresh signal REFUSED — falling earnings power
2023-08-11,ZEEL,fresh signal REFUSED — falling earnings power
2023-08-11,ZFCVINDIA,"RAISE STOP ₹1,882.66 → ₹2,046.36 (new box ₹2,154.06–₹2,358.33 sealed)"
2023-08-14,CEATLTD,"SELL ₹34.19 at stop ₹2,244.85 (-6.8%, charges ₹0.04) — the cash goes back to work at the next Friday screen"
2023-08-14,RATEGAIN,"BUY ₹40.49 at ₹547.00 (fresh Friday signal — BUY: 5.36× weekly, month 1.91×, ladder rising; stop ₹422.99; charges ₹0.05)"
2023-08-14,VARROC,"BUY ₹40.58 at ₹385.40 (fresh Friday signal — BUY: 6.86× weekly, month 2.37×, ladder rising; stop ₹304.00; charges ₹0.05)"
2023-08-18,ADANIPOWER,fresh signal REFUSED — falling earnings power
2023-08-18,AMBER,"fresh signal NOT FUNDED — cash exhausted (BUY: 1.84× weekly, month 2.51×, ladder rising)"
2023-08-18,ANANDRATHI,RAISE STOP ₹233.71 → ₹305.19 (new box ₹321.25–₹329.70 sealed)
2023-08-18,ASHAPURMIN,"fresh signal NOT FUNDED — cash exhausted (BUY: 1.68× weekly, month 3.50×, ladder rising)"
2023-08-18,ASHOKA,fresh signal REFUSED — falling earnings power
2023-08-18,CARBORUNIV,fresh signal REFUSED — falling earnings power
2023-08-18,DBREALTY,fresh signal REFUSED — falling earnings power
2023-08-18,GABRIEL,"fresh signal NOT FUNDED — cash exhausted (BUY: 2.34× weekly, month 1.57×, ladder rising)"
2023-08-18,GRSE,fresh signal REFUSED — falling earnings power
2023-08-18,HEMIPROP,"fresh signal NOT FUNDED — cash exhausted (BUY: 2.95× weekly, month 2.42×, ladder rising)"
2023-08-18,HUDCO,fresh signal REFUSED — falling earnings power
2023-08-18,JSWENERGY,fresh signal REFUSED — falling earnings power
2023-08-18,LATENTVIEW,fresh signal REFUSED — falling earnings power
2023-08-18,MIDHANI,fresh signal REFUSED — falling earnings power
2023-08-18,PGIL,"fresh signal NOT FUNDED — cash exhausted (BUY: 2.69× weekly, month 3.02×, ladder rising)"
2023-08-18,RATEGAIN,RAISE STOP ₹422.99 → ₹489.44 (new box ₹515.20–₹577.70 sealed)
2023-08-18,SUPREMEIND,fresh signal REFUSED — falling earnings power
2023-08-18,TI,fresh signal REFUSED — falling earnings power
2023-08-18,TMB,"fresh signal NOT FUNDED — cash exhausted (BUY: 2.11× weekly, month 2.13×, ladder rising)"
2023-08-18,VARROC,RAISE STOP ₹304.00 → ₹347.89 (new box ₹366.20–₹401.95 sealed)
2023-08-18,VGUARD,fresh signal REFUSED — falling earnings power
2023-08-21,JKPAPER,"BUY ₹41.48 at ₹370.90 (fresh Friday signal — BUY: 3.19× weekly, month 1.71×, ladder rising; stop ₹312.45; charges ₹0.05)"
2023-08-25,ANANDRATHI,RAISE STOP ₹305.19 → ₹320.62 (new box ₹337.50–₹373.25 sealed)
2023-08-25,FORCEMOT,"RAISE STOP ₹2,337.00 → ₹3,158.80 (new box ₹3,325.05–₹3,663.00 sealed)"
2023-08-25,RATEGAIN,RAISE STOP ₹489.44 → ₹520.60 (new box ₹548.00–₹605.00 sealed)
2023-09-01,HAL,"RAISE STOP ₹1,758.24 → ₹1,840.70 (new box ₹1,937.58–₹2,067.50 sealed)"
2023-09-01,JKPAPER,RAISE STOP ₹312.45 → ₹340.86 (new box ₹358.80–₹383.45 sealed)
2023-09-01,THANGAMAYL,"RAISE STOP ₹750.50 → ₹1,152.35 (new box ₹1,213.00–₹1,319.95 sealed)"
2023-09-15,VARROC,RAISE STOP ₹347.89 → ₹383.80 (new box ₹404.00–₹468.00 sealed)
2023-09-15,ZFCVINDIA,"RAISE STOP ₹2,046.36 → ₹2,402.91 (new box ₹2,529.38–₹2,794.33 sealed)"
2023-09-22,FORCEMOT,"RAISE STOP ₹3,158.80 → ₹3,341.72 (new box ₹3,517.60–₹4,001.85 sealed)"
2023-09-22,JKPAPER,RAISE STOP ₹340.86 → ₹346.89 (new box ₹365.15–₹409.00 sealed)
2023-09-29,VARROC,RAISE STOP ₹383.80 → ₹450.92 (new box ₹474.65–₹515.20 sealed)
2023-10-13,FORCEMOT,"RAISE STOP ₹3,341.72 → ₹3,709.99 (new box ₹3,905.25–₹4,173.00 sealed)"
2023-10-20,ANANDRATHI,RAISE STOP ₹320.62 → ₹420.41 (new box ₹442.54–₹493.00 sealed)
2023-10-20,ANGELONE,"fresh signal NOT FUNDED — cash exhausted (BUY: 2.23× weekly, month 2.19×, ladder rising)"
2023-10-20,ASTRAMICRO,"fresh signal NOT FUNDED — cash exhausted (BUY: 2.56× weekly, month 1.53×, ladder rising)"
2023-10-20,CRISIL,"fresh signal NOT FUNDED — cash exhausted (BUY: 3.22× weekly, month 2.05×, ladder rising)"
2023-10-20,CUPID,"fresh signal NOT FUNDED — cash exhausted (BUY: 2.81× weekly, month 4.28×, ladder rising)"
2023-10-20,FORCEMOT,"SELL ₹63.95 at stop ₹3,709.99 (+90.2%, charges ₹0.07) — the cash goes back to work at the next Friday screen"
2023-10-20,ITI,fresh signal REFUSED — falling earnings power
2023-10-20,MAHSCOOTER,"fresh signal NOT FUNDED — cash exhausted (BUY: 2.31× weekly, month 2.71×, ladder rising)"
2023-10-20,MCX,fresh signal REFUSED — falling earnings power
2023-10-20,MRPL,fresh signal REFUSED — falling earnings power
2023-10-20,NBCC,"fresh signal NOT FUNDED — cash exhausted (BUY: 3.53× weekly, month 3.62×, ladder rising)"
2023-10-20,OIL,"fresh signal NOT FUNDED — cash exhausted (BUY: 1.95× weekly, month 2.32×, ladder rising)"
2023-10-20,PCBL,fresh signal REFUSED — falling earnings power
2023-10-20,PURVA,fresh signal REFUSED — falling earnings power
2023-10-20,TARC,"fresh signal NOT FUNDED — cash exhausted (BUY: 2.91× weekly, month 1.73×, ladder rising)"
2023-10-20,THANGAMAYL,"RAISE STOP ₹1,152.35 → ₹1,368.00 (new box ₹1,440.00–₹1,524.90 sealed)"
2023-10-20,TIPSMUSIC,fresh signal REFUSED — falling earnings power
2023-10-20,VIYASH,fresh signal REFUSED — falling earnings power
2023-10-20,ZFCVINDIA,"RAISE STOP ₹2,402.91 → ₹2,473.96 (new box ₹2,604.17–₹2,748.85 sealed)"
2023-10-23,APOLLO,"BUY ₹45.63 at ₹76.15 (fresh Friday signal — BUY: 3.56× weekly, month 3.24×, ladder rising; stop ₹59.94; charges ₹0.05)"
2023-10-23,THANGAMAYL,"SELL ₹66.87 at stop ₹1,368.00 (+103.6%, charges ₹0.07) — the cash goes back to work at the next Friday screen"
2023-10-25,HAL,"SELL ₹38.37 at stop ₹1,840.70 (+33.4%, charges ₹0.04) — the cash goes back to work at the next Friday screen"
2023-10-25,VARROC,"SELL ₹47.37 at stop ₹450.92 (+17.0%, charges ₹0.05) — the cash goes back to work at the next Friday screen"
2023-10-27,PRESTIGE,fresh signal REFUSED — falling earnings power
2023-10-30,ANGELONE,"BUY ₹45.96 at ₹253.50 (fresh Friday signal — BUY: 1.84× weekly, month 2.75×, ladder rising; stop ₹194.37; charges ₹0.05)"
2023-10-30,CUPID,"BUY ₹45.89 at ₹6.05 (fresh Friday signal — BUY: 1.86× weekly, month 5.68×, ladder rising; stop ₹3.66; charges ₹0.05)"
2023-10-30,SHAREINDIA,"BUY ₹45.93 at ₹300.00 (fresh Friday signal — BUY: 3.44× weekly, month 2.62×, ladder rising; stop ₹261.25; charges ₹0.05)"
2023-11-03,APOLLO,RAISE STOP ₹59.94 → ₹60.83 (new box ₹65.25–₹80.00 sealed)
2023-11-03,IDEA,fresh signal REFUSED — falling earnings power
2023-11-03,JKTYRE,"fresh signal NOT FUNDED — cash exhausted (BUY: 2.92× weekly, month 2.11×, ladder rising)"
2023-11-03,MOTILALOFS,fresh signal REFUSED — falling earnings power
2023-11-03,MRPL,fresh signal REFUSED — falling earnings power
2023-11-03,RATEGAIN,RAISE STOP ₹520.60 → ₹549.53 (new box ₹578.45–₹650.00 sealed)
2023-11-06,TSFINV,"BUY ₹35.52 at ₹144.75 (fresh Friday signal — BUY: 3.35× weekly, month 1.95×, ladder rising; stop ₹109.72; charges ₹0.04)"
2023-11-10,ANANDRATHI,RAISE STOP ₹420.41 → ₹466.74 (new box ₹491.30–₹525.00 sealed)
2023-11-10,ANGELONE,RAISE STOP ₹194.37 → ₹236.87 (new box ₹249.34–₹289.79 sealed)
2023-11-10,APOLLO,RAISE STOP ₹60.83 → ₹88.83 (new box ₹93.50–₹105.35 sealed)
2023-11-10,TDPOWERSYS,RAISE STOP ₹112.05 → ₹113.41 (new box ₹119.38–₹124.72 sealed)
2023-11-17,APOLLO,RAISE STOP ₹88.83 → ₹105.78 (new box ₹111.35–₹123.80 sealed)
2023-11-17,RATEGAIN,RAISE STOP ₹549.53 → ₹619.50 (new box ₹652.10–₹719.70 sealed)
2023-11-17,SHAREINDIA,RAISE STOP ₹261.25 → ₹280.63 (new box ₹295.40–₹325.89 sealed)
2023-11-17,TDPOWERSYS,RAISE STOP ₹113.41 → ₹124.59 (new box ₹131.15–₹140.00 sealed)
2023-11-17,TSFINV,RAISE STOP ₹109.72 → ₹145.40 (new box ₹153.05–₹163.75 sealed)
2023-11-24,ANGELONE,RAISE STOP ₹236.87 → ₹274.55 (new box ₹289.00–₹309.00 sealed)
2023-11-24,CUPID,RAISE STOP ₹3.66 → ₹7.93 (new box ₹8.35–₹9.23 sealed)
2023-11-24,SHAREINDIA,RAISE STOP ₹280.63 → ₹321.67 (new box ₹338.60–₹369.40 sealed)
2023-12-15,ANANDRATHI,RAISE STOP ₹466.74 → ₹580.34 (new box ₹610.89–₹678.00 sealed)
2023-12-15,ANGELONE,RAISE STOP ₹274.55 → ₹279.31 (new box ₹294.01–₹324.50 sealed)
2023-12-15,SHAREINDIA,RAISE STOP ₹321.67 → ₹328.89 (new box ₹346.20–₹360.34 sealed)
2023-12-20,TSFINV,"SELL ₹35.60 at stop ₹145.40 (+0.4%, charges ₹0.04) — the cash goes back to work at the next Friday screen"
2023-12-22,AARTIIND,fresh signal REFUSED — falling earnings power
2023-12-22,AXISCADES,fresh signal REFUSED — falling earnings power
2023-12-22,BDL,fresh signal REFUSED — falling earnings power
2023-12-22,CENTURYPLY,fresh signal REFUSED — falling earnings power
2023-12-22,COALINDIA,"fresh signal NOT FUNDED — cash exhausted (BUY: 1.54× weekly, month 1.50×, ladder rising)"
2023-12-22,CUPID,RAISE STOP ₹7.93 → ₹8.10 (new box ₹8.53–₹9.90 sealed)
2023-12-22,DCMSHRIRAM,fresh signal REFUSED — falling earnings power
2023-12-22,EDELWEISS,fresh signal REFUSED — falling earnings power
2023-12-22,EMBDL,fresh signal REFUSED — falling earnings power
2023-12-22,GESHIP,"fresh signal NOT FUNDED — cash exhausted (BUY: 3.68× weekly, month 2.23×, ladder rising)"
2023-12-22,HEMIPROP,"fresh signal NOT FUNDED — cash exhausted (BUY: 2.69× weekly, month 1.66×, ladder rising)"
2023-12-22,JUBLPHARMA,fresh signal REFUSED — falling earnings power
2023-12-22,NLCINDIA,"fresh signal NOT FUNDED — cash exhausted (BUY: 2.25× weekly, month 2.04×, ladder rising)"
2023-12-22,SAIL,fresh signal REFUSED — falling earnings power
2023-12-22,SUBROS,"fresh signal NOT FUNDED — cash exhausted (BUY: 2.55× weekly, month 9.93×, ladder rising)"
2023-12-22,SUPRIYA,fresh signal REFUSED — falling earnings power
2023-12-22,VIJAYA,fresh signal REFUSED — falling earnings power
2023-12-26,OIL,"BUY ₹35.60 at ₹251.27 (fresh Friday signal — BUY: 6.09× weekly, month 3.92×, ladder rising; stop ₹186.55; charges ₹0.04)"
2023-12-29,ANGELONE,RAISE STOP ₹279.31 → ₹296.88 (new box ₹312.50–₹338.50 sealed)
2023-12-29,OIL,RAISE STOP ₹186.55 → ₹229.90 (new box ₹242.00–₹270.93 sealed)
2023-12-29,SHAREINDIA,RAISE STOP ₹328.89 → ₹330.37 (new box ₹347.76–₹372.60 sealed)
2024-01-05,JKPAPER,RAISE STOP ₹346.89 → ₹374.44 (new box ₹394.15–₹419.95 sealed)
2024-01-12,RATEGAIN,RAISE STOP ₹619.50 → ₹669.56 (new box ₹704.80–₹772.95 sealed)
2024-01-19,ANANDRATHI,RAISE STOP ₹580.34 → ₹611.00 (new box ₹643.16–₹711.76 sealed)
2024-01-19,APOLLO,RAISE STOP ₹105.78 → ₹112.10 (new box ₹118.00–₹137.00 sealed)
2024-01-23,ANGELONE,"SELL ₹53.71 at stop ₹296.88 (+17.1%, charges ₹0.06) — the cash goes back to work at the next Friday screen"
2024-01-25,BAJAJ-AUTO,fresh signal REFUSED — falling earnings power
2024-01-25,CCAVENUE,fresh signal REFUSED — falling earnings power
2024-01-25,CHALET,"fresh signal NOT FUNDED — cash exhausted (ACCUMULATE: 1.83× weekly, month 1.60×, ladder rising)"
2024-01-25,EIHOTEL,"fresh signal NOT FUNDED — cash exhausted (BUY: 2.29× weekly, month 1.66×, ladder rising)"
2024-01-25,HFCL,fresh signal REFUSED — falling earnings power
2024-01-25,HONAUT,fresh signal REFUSED — falling earnings power
2024-01-25,IDBI,"fresh signal NOT FUNDED — cash exhausted (BUY: 8.31× weekly, month 1.96×, ladder rising)"
2024-01-25,IFCI,"fresh signal NOT FUNDED — cash exhausted (BUY: 3.30× weekly, month 2.14×, ladder rising)"
2024-01-25,IRCON,"fresh signal NOT FUNDED — cash exhausted (BUY: 3.17× weekly, month 2.33×, ladder rising)"
2024-01-25,LEMONTREE,"fresh signal NOT FUNDED — cash exhausted (ACCUMULATE: 2.48× weekly, month 2.01×, ladder rising)"
2024-01-25,MOTHERSON,"fresh signal NOT FUNDED — cash exhausted (BUY: 2.09× weekly, month 1.94×, ladder rising)"
2024-01-25,NATIONALUM,fresh signal REFUSED — falling earnings power
2024-01-25,NBCC,"fresh signal NOT FUNDED — cash exhausted (BUY: 5.10× weekly, month 3.34×, ladder rising)"
2024-01-25,NFL,"fresh signal NOT FUNDED — cash exhausted (BUY: 2.02× weekly, month 3.45×, ladder rising)"
2024-01-25,NHPC,"fresh signal NOT FUNDED — cash exhausted (BUY: 4.71× weekly, month 3.70×, ladder rising)"
2024-01-25,PTC,fresh signal REFUSED — falling earnings power
2024-01-25,PURVA,fresh signal REFUSED — falling earnings power
2024-01-25,RAILTEL,fresh signal REFUSED — falling earnings power
2024-01-25,RVNL,"fresh signal NOT FUNDED — cash exhausted (BUY: 2.06× weekly, month 1.82×, ladder rising)"
2024-01-25,SCI,fresh signal REFUSED — falling earnings power
2024-01-25,SWSOLAR,fresh signal REFUSED — falling earnings power
2024-01-25,WEBELSOLAR,"fresh signal NOT FUNDED — cash exhausted (BUY: 3.92× weekly, month 1.78×, ladder rising)"
2024-01-29,RITES,"BUY ₹53.71 at ₹342.50 (fresh Friday signal — BUY: 11.32× weekly, month 2.99×, ladder rising; stop ₹240.21; charges ₹0.06)"
2024-02-02,ABREL,"fresh signal NOT FUNDED — cash exhausted (ACCUMULATE: 1.68× weekly, month 2.30×, ladder rising)"
2024-02-02,AVANTIFEED,"fresh signal NOT FUNDED — cash exhausted (ACCUMULATE: 2.74× weekly, month 11.01×, ladder rising)"
2024-02-02,CCAVENUE,fresh signal REFUSED — falling earnings power
2024-02-02,CENTRALBK,fresh signal REFUSED — falling earnings power
2024-02-02,CUPID,RAISE STOP ₹8.10 → ₹16.11 (new box ₹17.05–₹20.20 sealed)
2024-02-02,DELHIVERY,"fresh signal NOT FUNDED — cash exhausted (BUY: 4.28× weekly, month 1.75×, ladder rising)"
2024-02-02,DLF,fresh signal REFUSED — falling earnings power
2024-02-02,GILLETTE,fresh signal REFUSED — falling earnings power
2024-02-02,GODREJCP,fresh signal REFUSED — falling earnings power
2024-02-02,GPPL,"fresh signal NOT FUNDED — cash exhausted (BUY: 3.40× weekly, month 2.77×, ladder rising)"
2024-02-02,HEMIPROP,"fresh signal NOT FUNDED — cash exhausted (BUY: 4.22× weekly, month 3.03×, ladder rising)"
2024-02-02,HUDCO,fresh signal REFUSED — falling earnings power
2024-02-02,IDBI,"fresh signal NOT FUNDED — cash exhausted (BUY: 2.99× weekly, month 2.64×, ladder rising)"
2024-02-02,IFCI,"fresh signal NOT FUNDED — cash exhausted (BUY: 1.82× weekly, month 2.65×, ladder rising)"
2024-02-02,IMFA,fresh signal REFUSED — falling earnings power
2024-02-02,IOC,fresh signal REFUSED — falling earnings power
2024-02-02,IRB,"fresh signal NOT FUNDED — cash exhausted (BUY: 3.98× weekly, month 2.79×, ladder rising)"
2024-02-02,KITEX,fresh signal REFUSED — falling earnings power
2024-02-02,KSCL,"fresh signal NOT FUNDED — cash exhausted (BUY: 3.42× weekly, month 1.98×, ladder rising)"
2024-02-02,LICI,"fresh signal NOT FUNDED — cash exhausted (ACCUMULATE: 1.51× weekly, month 2.43×, ladder rising)"
2024-02-02,MMTC,fresh signal REFUSED — falling earnings power
2024-02-02,MRF,fresh signal REFUSED — falling earnings power
2024-02-02,NBCC,"fresh signal NOT FUNDED — cash exhausted (BUY: 4.09× weekly, month 4.74×, ladder rising)"
2024-02-02,NCC,"fresh signal NOT FUNDED — cash exhausted (BUY: 1.74× weekly, month 1.58×, ladder rising)"
2024-02-02,NHPC,"fresh signal NOT FUNDED — cash exhausted (BUY: 6.23× weekly, month 6.53×, ladder rising)"
2024-02-02,NLCINDIA,"fresh signal NOT FUNDED — cash exhausted (ACCUMULATE: 1.52× weekly, month 1.97×, ladder rising)"
2024-02-02,NSLNISP,"fresh signal NOT FUNDED — cash exhausted (BUY: 5.65× weekly, month 2.58×, ladder rising)"
2024-02-02,OIL,RAISE STOP ₹229.90 → ₹249.22 (new box ₹262.33–₹281.47 sealed)
2024-02-02,ONGC,fresh signal REFUSED — falling earnings power
2024-02-02,PFIZER,fresh signal REFUSED — falling earnings power
2024-02-02,PNCINFRA,"fresh signal NOT FUNDED — cash exhausted (BUY: 2.11× weekly, month 2.77×, ladder rising)"
2024-02-02,SCI,fresh signal REFUSED — falling earnings power
2024-02-02,STARHEALTH,"fresh signal NOT FUNDED — cash exhausted (BUY: 1.60× weekly, month 1.59×, ladder rising)"
2024-02-02,SWANCORP,"fresh signal NOT FUNDED — cash exhausted (BUY: 1.64× weekly, month 3.38×, ladder rising)"
2024-02-02,UTIAMC,fresh signal REFUSED — falling earnings power
2024-02-02,VOLTAS,fresh signal REFUSED — falling earnings power
2024-02-02,WEBELSOLAR,"fresh signal NOT FUNDED — cash exhausted (BUY: 1.87× weekly, month 2.16×, ladder rising)"
2024-02-02,ZFCVINDIA,"SELL ₹43.21 at stop ₹2,473.96 (+45.7%, charges ₹0.04) — the cash goes back to work at the next Friday screen"
2024-02-05,GODFRYPHLP,"BUY ₹43.21 at ₹848.30 (fresh Friday signal — BUY: 10.17× weekly, month 1.74×, ladder rising; stop ₹653.92; charges ₹0.05)"
2024-02-13,APOLLO,"SELL ₹67.02 at stop ₹112.10 (+47.2%, charges ₹0.07) — the cash goes back to work at the next Friday screen"
2024-02-16,ADVENZYMES,fresh signal REFUSED — falling earnings power
2024-02-16,AEGISLOG,fresh signal REFUSED — falling earnings power
2024-02-16,AHLUCONT,"fresh signal NOT FUNDED — cash exhausted (BUY: 3.04× weekly, month 1.63×, ladder rising)"
2024-02-16,ANANDRATHI,RAISE STOP ₹611.00 → ₹770.07 (new box ₹810.60–₹887.00 sealed)
2024-02-16,BORORENEW,"fresh signal NOT FUNDED — cash exhausted (ACCUMULATE: 2.03× weekly, month 6.96×, ladder rising)"
2024-02-16,BOSCHLTD,"fresh signal NOT FUNDED — cash exhausted (BUY: 3.40× weekly, month 1.59×, ladder rising)"
2024-02-16,COALINDIA,"fresh signal NOT FUNDED — cash exhausted (BUY: 1.60× weekly, month 1.90×, ladder rising)"
2024-02-16,GICRE,"fresh signal NOT FUNDED — cash exhausted (ACCUMULATE: 2.01× weekly, month 3.98×, ladder rising)"
2024-02-16,GODFRYPHLP,RAISE STOP ₹653.92 → ₹723.58 (new box ₹761.67–₹881.77 sealed)
2024-02-16,GPPL,"fresh signal NOT FUNDED — cash exhausted (BUY: 3.43× weekly, month 3.53×, ladder rising)"
2024-02-16,IOC,fresh signal REFUSED — falling earnings power
2024-02-16,MRF,fresh signal REFUSED — falling earnings power
2024-02-16,MRPL,fresh signal REFUSED — falling earnings power
2024-02-16,NATIONALUM,fresh signal REFUSED — falling earnings power
2024-02-16,NLCINDIA,"fresh signal NOT FUNDED — cash exhausted (ACCUMULATE: 1.66× weekly, month 2.58×, ladder rising)"
2024-02-16,NMDC,fresh signal REFUSED — falling earnings power
2024-02-16,OIL,RAISE STOP ₹249.22 → ₹279.53 (new box ₹295.70–₹349.60 sealed)
2024-02-16,ONGC,fresh signal REFUSED — falling earnings power
2024-02-16,RAIN,"fresh signal NOT FUNDED — cash exhausted (BUY: 3.51× weekly, month 5.93×, ladder rising)"
2024-02-16,RATEGAIN,RAISE STOP ₹669.56 → ₹720.34 (new box ₹761.75–₹899.80 sealed)
2024-02-16,RITES,RAISE STOP ₹240.21 → ₹314.37 (new box ₹336.55–₹410.50 sealed)
2024-02-16,SAREGAMA,fresh signal REFUSED — falling earnings power
2024-02-16,SHAREINDIA,RAISE STOP ₹330.37 → ₹357.20 (new box ₹376.00–₹391.23 sealed)
2024-02-16,SUNDARMFIN,"fresh signal NOT FUNDED — cash exhausted (ACCUMULATE: 3.11× weekly, month 1.60×, ladder rising)"
2024-02-16,SUPRIYA,fresh signal REFUSED — falling earnings power
2024-02-16,WIPRO,fresh signal REFUSED — falling earnings power
2024-02-19,PRUDENT,"BUY ₹67.02 at ₹1,332.00 (fresh Friday signal — BUY: 19.33× weekly, month 4.96×, ladder rising; stop ₹1,008.17; charges ₹0.08)"
2024-02-21,JKPAPER,"SELL ₹41.79 at stop ₹374.44 (+1.0%, charges ₹0.04) — the cash goes back to work at the next Friday screen"
2024-02-23,AHLUCONT,"fresh signal NOT FUNDED — cash exhausted (BUY: 2.49× weekly, month 2.19×, ladder rising)"
2024-02-23,CAMS,fresh signal REFUSED — falling earnings power
2024-02-23,CUPID,RAISE STOP ₹16.11 → ₹17.77 (new box ₹18.71–₹21.83 sealed)
2024-02-23,EIDPARRY,fresh signal REFUSED — falling earnings power
2024-02-23,EIHOTEL,"fresh signal NOT FUNDED — cash exhausted (ACCUMULATE: 1.64× weekly, month 1.92×, ladder rising)"
2024-02-23,GPPL,"fresh signal NOT FUNDED — cash exhausted (BUY: 2.68× weekly, month 4.70×, ladder rising)"
2024-02-23,GRAPHITE,fresh signal REFUSED — falling earnings power
2024-02-23,GRASIM,fresh signal REFUSED — falling earnings power
2024-02-23,MRPL,fresh signal REFUSED — falling earnings power
2024-02-23,NCC,"fresh signal NOT FUNDED — cash exhausted (BUY: 1.83× weekly, month 1.50×, ladder rising)"
2024-02-23,POLICYBZR,"fresh signal NOT FUNDED — cash exhausted (ACCUMULATE: 1.65× weekly, month 1.57×, ladder rising)"
2024-02-23,PRUDENT,"RAISE STOP ₹1,008.17 → ₹1,176.05 (new box ₹1,238.00–₹1,444.50 sealed)"
2024-02-23,RAIN,"fresh signal NOT FUNDED — cash exhausted (BUY: 2.82× weekly, month 6.54×, ladder rising)"
2024-02-23,SKIPPER,"fresh signal NOT FUNDED — cash exhausted (BUY: 2.13× weekly, month 2.19×, ladder rising)"
2024-02-23,SMLMAH,"fresh signal NOT FUNDED — cash exhausted (BUY: 5.78× weekly, month 2.71×, ladder rising)"
2024-02-23,SPLPETRO,"fresh signal NOT FUNDED — cash exhausted (BUY: 3.33× weekly, month 1.70×, ladder rising)"
2024-02-23,SUDARSCHEM,fresh signal REFUSED — falling earnings power
2024-02-23,SUNDARMFIN,"fresh signal NOT FUNDED — cash exhausted (BUY: 5.66× weekly, month 3.04×, ladder rising)"
2024-02-23,TSFINV,"fresh signal NOT FUNDED — cash exhausted (BUY: 3.30× weekly, month 2.09×, ladder rising)"
2024-02-26,CRISIL,"BUY ₹41.79 at ₹4,905.25 (fresh Friday signal — BUY: 7.72× weekly, month 2.77×, ladder rising; stop ₹4,132.60; charges ₹0.05)"
2024-03-01,ANANDRATHI,RAISE STOP ₹770.07 → ₹862.65 (new box ₹908.05–₹936.25 sealed)
2024-03-01,RATEGAIN,RAISE STOP ₹720.34 → ₹730.99 (new box ₹775.00–₹921.70 sealed)
2024-03-06,SHAREINDIA,"SELL ₹54.57 at stop ₹357.20 (+19.1%, charges ₹0.06) — the cash goes back to work at the next Friday screen"
2024-03-07,BHEL,"fresh signal NOT FUNDED — cash exhausted (BUY: 3.01× weekly, month 1.67×, ladder rising)"
2024-03-07,BOSCHLTD,"fresh signal NOT FUNDED — cash exhausted (BUY: 1.81× weekly, month 2.03×, ladder rising)"
2024-03-07,CRISIL,"RAISE STOP ₹4,132.60 → ₹4,546.70 (new box ₹4,786.00–₹5,250.00 sealed)"
2024-03-07,GRAPHITE,fresh signal REFUSED — falling earnings power
2024-03-07,OIL,RAISE STOP ₹279.53 → ₹344.53 (new box ₹362.67–₹420.00 sealed)
2024-03-07,VGUARD,fresh signal REFUSED — falling earnings power
2024-03-11,SOLARINDS,"BUY ₹54.57 at ₹7,564.00 (fresh Friday signal — ACCUMULATE: 4.35× weekly, month 1.71×, ladder rising; stop ₹5,332.29; charges ₹0.06)"
2024-03-13,PRUDENT,"SELL ₹59.04 at stop ₹1,176.05 (-11.7%, charges ₹0.06) — the cash goes back to work at the next Friday screen"
2024-03-13,RATEGAIN,"SELL ₹53.99 at stop ₹730.99 (+33.6%, charges ₹0.06) — the cash goes back to work at the next Friday screen"
2024-03-13,RITES,"SELL ₹49.19 at stop ₹314.37 (-8.2%, charges ₹0.05) — the cash goes back to work at the next Friday screen"
2024-03-15,BOSCHLTD,"fresh signal NOT FUNDED — cash exhausted (BUY: 1.54× weekly, month 1.81×, ladder rising)"
2024-03-15,INTELLECT,fresh signal REFUSED — falling earnings power
2024-03-15,OIL,"SELL ₹48.71 at stop ₹344.53 (+37.1%, charges ₹0.05) — the cash goes back to work at the next Friday screen"
2024-03-15,TORNTPOWER,fresh signal REFUSED — falling earnings power
2024-03-18,FORCEMOT,"BUY ₹68.92 at ₹6,567.70 (fresh Friday signal — ACCUMULATE: 3.03× weekly, month 1.69×, ladder rising; stop ₹5,500.61; charges ₹0.08)"
2024-03-18,INDIGO,"BUY ₹68.83 at ₹3,200.00 (fresh Friday signal — ACCUMULATE: 4.67× weekly, month 1.67×, ladder rising; stop ₹2,834.99; charges ₹0.08)"
2024-03-18,JIOFIN,"BUY ₹69.24 at ₹346.95 (fresh Friday signal — BUY: 2.56× weekly, month 2.25×, ladder rising; stop ₹290.75; charges ₹0.08)"
2024-03-22,GODFRYPHLP,"RAISE STOP ₹723.58 → ₹847.14 (new box ₹935.18–₹1,228.67 sealed)"
2024-03-22,JIOFIN,RAISE STOP ₹290.75 → ₹301.05 (new box ₹318.00–₹374.50 sealed)
2024-03-27,ANANDRATHI,"SELL ₹111.18 at stop ₹862.65 (+224.7%, charges ₹0.12) — the cash goes back to work at the next Friday screen"
2024-03-28,MANKIND,fresh signal REFUSED — falling earnings power
2024-03-28,SOLARINDS,"RAISE STOP ₹5,332.29 → ₹7,980.95 (new box ₹8,401.00–₹9,290.00 sealed)"
2024-03-28,TORNTPOWER,fresh signal REFUSED — falling earnings power
2024-03-28,TRITURBINE,fresh signal REFUSED — falling earnings power
2024-04-01,DMART,signal SKIPPED — cash below half a slice
2024-04-01,SHRIRAMFIN,"BUY ₹63.50 at ₹474.20 (fresh Friday signal — ACCUMULATE: 4.97× weekly, month 1.95×, ladder rising; stop ₹424.70; charges ₹0.08)"
2024-04-01,TAX,"FY2024 settled: ₹51.62 paid (STCG ₹258.09 @20%, LTCG ₹0.00 @12.5%; losses carried forward ST ₹0.00 / LT ₹0.00)"
2024-04-12,INDIGO,"RAISE STOP ₹2,834.99 → ₹3,287.00 (new box ₹3,460.00–₹3,645.00 sealed)"
2024-04-18,CRISIL,"SELL ₹38.64 at stop ₹4,546.70 (-7.3%, charges ₹0.04) — the cash goes back to work at the next Friday screen"
2024-04-19,POWERINDIA,fresh signal REFUSED — falling earnings power
2024-04-19,THERMAX,"fresh signal NOT FUNDED — cash exhausted (BUY: 2.02× weekly, month 1.95×, ladder rising)"
2024-04-22,JUSTDIAL,"BUY ₹38.64 at ₹1,084.00 (fresh Friday signal — BUY: 11.71× weekly, month 3.19×, ladder rising; stop ₹821.08; charges ₹0.05)"
2024-04-26,FORCEMOT,"RAISE STOP ₹5,500.61 → ₹7,483.47 (new box ₹7,893.85–₹9,261.80 sealed)"
2024-04-26,SHRIRAMFIN,RAISE STOP ₹424.70 → ₹441.77 (new box ₹465.02–₹521.13 sealed)
2024-05-03,JUSTDIAL,"RAISE STOP ₹821.08 → ₹1,008.00 (new box ₹1,061.05–₹1,116.80 sealed)"
2024-05-09,JUSTDIAL,"SELL ₹35.86 at stop ₹1,008.00 (-7.0%, charges ₹0.04) — the cash goes back to work at the next Friday screen"
2024-05-10,ABREL,fresh signal REFUSED — falling earnings power
2024-05-10,BLUEDART,fresh signal REFUSED — falling earnings power
2024-05-10,INDIGO,"RAISE STOP ₹3,287.00 → ₹3,719.77 (new box ₹3,915.55–₹4,179.10 sealed)"
2024-05-10,SUPREMEIND,fresh signal REFUSED — falling earnings power
2024-05-10,SWSOLAR,fresh signal REFUSED — falling earnings power
2024-05-13,JWL,"BUY ₹35.86 at ₹490.00 (fresh Friday signal — BUY: 7.12× weekly, month 2.53×, ladder rising; stop ₹370.93; charges ₹0.04)"
2024-05-17,FORCEMOT,"RAISE STOP ₹7,483.47 → ₹8,083.65 (new box ₹8,590.00–₹10,277.85 sealed)"
2024-05-17,JIOFIN,RAISE STOP ₹301.05 → ₹317.61 (new box ₹335.40–₹394.70 sealed)
2024-05-17,TDPOWERSYS,RAISE STOP ₹124.59 → ₹129.90 (new box ₹141.57–₹180.50 sealed)
2024-05-28,FORCEMOT,"SELL ₹84.65 at stop ₹8,083.65 (+23.1%, charges ₹0.09) — the cash goes back to work at the next Friday screen"
2024-05-31,BDL,"fresh signal NOT FUNDED — cash exhausted (BUY: 2.17× weekly, month 2.34×, ladder rising)"
2024-05-31,BLUESTARCO,"fresh signal NOT FUNDED — cash exhausted (ACCUMULATE: 1.66× weekly, month 1.65×, ladder rising)"
2024-05-31,BRIGADE,"fresh signal NOT FUNDED — cash exhausted (BUY: 2.07× weekly, month 2.01×, ladder rising)"
2024-05-31,FINCABLES,"fresh signal NOT FUNDED — cash exhausted (BUY: 4.89× weekly, month 2.80×, ladder rising)"
2024-05-31,GESHIP,fresh signal REFUSED — falling earnings power
2024-05-31,GILLETTE,"fresh signal NOT FUNDED — cash exhausted (ACCUMULATE: 3.03× weekly, month 2.02×, ladder rising)"
2024-05-31,HINDALCO,"fresh signal NOT FUNDED — cash exhausted (BUY: 1.93× weekly, month 1.61×, ladder rising)"
2024-05-31,MAZDOCK,"fresh signal NOT FUNDED — cash exhausted (BUY: 2.77× weekly, month 1.54×, ladder rising)"
2024-05-31,NHPC,fresh signal REFUSED — falling earnings power
2024-05-31,PARAS,fresh signal REFUSED — falling earnings power
2024-05-31,POLICYBZR,"fresh signal NOT FUNDED — cash exhausted (ACCUMULATE: 6.67× weekly, month 2.43×, ladder rising)"
2024-05-31,PRUDENT,fresh signal REFUSED — falling earnings power
2024-05-31,TECHNOE,fresh signal REFUSED — falling earnings power
2024-05-31,THERMAX,"fresh signal NOT FUNDED — cash exhausted (BUY: 8.15× weekly, month 5.82×, ladder rising)"
2024-05-31,TITAGARH,"fresh signal NOT FUNDED — cash exhausted (BUY: 2.56× weekly, month 2.11×, ladder rising)"
2024-05-31,UNOMINDA,"fresh signal NOT FUNDED — cash exhausted (ACCUMULATE: 2.69× weekly, month 1.54×, ladder rising)"
2024-05-31,WABAG,"fresh signal NOT FUNDED — cash exhausted (ACCUMULATE: 1.54× weekly, month 1.52×, ladder rising)"
2024-05-31,WELENT,fresh signal REFUSED — falling earnings power
2024-06-03,CAMPUS,"BUY ₹69.74 at ₹286.00 (fresh Friday signal — BUY: 10.34× weekly, month 2.79×, ladder rising; stop ₹236.55; charges ₹0.08)"
2024-06-04,CUPID,"SELL ₹134.50 at stop ₹17.77 (+193.7%, charges ₹0.14) — the cash goes back to work at the next Friday screen"
2024-06-04,JIOFIN,"SELL ₹63.24 at stop ₹317.61 (-8.5%, charges ₹0.07) — the cash goes back to work at the next Friday screen"
2024-06-04,SHRIRAMFIN,"SELL ₹59.03 at stop ₹441.77 (-6.8%, charges ₹0.06) — the cash goes back to work at the next Friday screen"
2024-06-04,SOLARINDS,"SELL ₹57.45 at stop ₹7,980.95 (+5.5%, charges ₹0.06) — the cash goes back to work at the next Friday screen"
2024-06-07,ABFRL,fresh signal REFUSED — falling earnings power
2024-06-07,ASHOKLEY,"fresh signal NOT FUNDED — cash exhausted (BUY: 1.53× weekly, month 1.61×, ladder rising)"
2024-06-07,CAMPUS,RAISE STOP ₹236.55 → ₹248.05 (new box ₹261.10–₹302.35 sealed)
2024-06-07,ENDURANCE,"fresh signal NOT FUNDED — cash exhausted (BUY: 2.56× weekly, month 2.14×, ladder rising)"
2024-06-07,FINPIPE,"fresh signal NOT FUNDED — cash exhausted (BUY: 1.61× weekly, month 2.10×, ladder rising)"
2024-06-07,GESHIP,fresh signal REFUSED — falling earnings power
2024-06-07,GILLETTE,"fresh signal NOT FUNDED — cash exhausted (BUY: 1.57× weekly, month 1.73×, ladder rising)"
2024-06-07,GODFRYPHLP,"RAISE STOP ₹847.14 → ₹1,005.53 (new box ₹1,103.33–₹1,429.33 sealed)"
2024-06-07,HINDUNILVR,"fresh signal NOT FUNDED — cash exhausted (BUY: 2.72× weekly, month 1.58×, ladder rising)"
2024-06-07,INDIGO,"RAISE STOP ₹3,719.77 → ₹3,805.04 (new box ₹4,005.30–₹4,529.00 sealed)"
2024-06-07,MARICO,"fresh signal NOT FUNDED — cash exhausted (BUY: 2.41× weekly, month 2.14×, ladder rising)"
2024-06-07,MOTHERSON,"fresh signal NOT FUNDED — cash exhausted (ACCUMULATE: 1.97× weekly, month 1.85×, ladder rising)"
2024-06-07,PGEL,"fresh signal NOT FUNDED — cash exhausted (BUY: 2.35× weekly, month 3.10×, ladder rising)"
2024-06-07,PNCINFRA,"fresh signal NOT FUNDED — cash exhausted (ACCUMULATE: 2.24× weekly, month 4.56×, ladder rising)"
2024-06-07,VGUARD,"fresh signal NOT FUNDED — cash exhausted (BUY: 1.74× weekly, month 2.23×, ladder rising)"
2024-06-07,WABAG,"fresh signal NOT FUNDED — cash exhausted (BUY: 2.25× weekly, month 1.97×, ladder rising)"
2024-06-07,WHIRLPOOL,"fresh signal NOT FUNDED — cash exhausted (BUY: 1.58× weekly, month 1.84×, ladder rising)"
2024-06-10,ADANIPOWER,"BUY ₹66.81 at ₹156.60 (fresh Friday signal — BUY: 7.81× weekly, month 1.77×, ladder rising; stop ₹126.55; charges ₹0.08)"
2024-06-10,DABUR,"BUY ₹66.53 at ₹604.20 (fresh Friday signal — BUY: 3.89× weekly, month 2.59×, ladder rising; stop ₹509.91; charges ₹0.08)"
2024-06-10,FIEMIND,"BUY ₹67.02 at ₹1,320.00 (fresh Friday signal — BUY: 11.07× weekly, month 1.60×, ladder rising; stop ₹1,064.00; charges ₹0.08)"
2024-06-10,NCC,"BUY ₹62.08 at ₹327.60 (fresh Friday signal — BUY: 2.80× weekly, month 1.63×, ladder rising; stop ₹260.92; charges ₹0.07)"
2024-06-10,UNOMINDA,"BUY ₹66.69 at ₹970.00 (fresh Friday signal — BUY: 4.24× weekly, month 2.61×, ladder rising; stop ₹769.64; charges ₹0.08)"
2024-06-14,DABUR,RAISE STOP ₹509.91 → ₹552.95 (new box ₹582.05–₹633.40 sealed)
2024-06-14,JWL,RAISE STOP ₹370.93 → ₹375.35 (new box ₹446.45–₹683.45 sealed)
2024-06-14,UNOMINDA,"RAISE STOP ₹769.64 → ₹895.00 (new box ₹942.10–₹1,065.00 sealed)"
2024-06-21,FIEMIND,"RAISE STOP ₹1,064.00 → ₹1,162.80 (new box ₹1,224.00–₹1,325.80 sealed)"
2024-06-28,INDIGO,"RAISE STOP ₹3,805.04 → ₹3,976.70 (new box ₹4,186.00–₹4,609.80 sealed)"
2024-06-28,NCC,RAISE STOP ₹260.92 → ₹297.87 (new box ₹313.55–₹336.70 sealed)
2024-07-05,GODFRYPHLP,"RAISE STOP ₹1,005.53 → ₹1,302.77 (new box ₹1,371.33–₹1,496.67 sealed)"
2024-07-05,TDPOWERSYS,RAISE STOP ₹129.90 → ₹162.59 (new box ₹171.15–₹198.75 sealed)
2024-07-05,UNOMINDA,"RAISE STOP ₹895.00 → ₹981.87 (new box ₹1,033.55–₹1,188.00 sealed)"
2024-07-12,TDPOWERSYS,RAISE STOP ₹162.59 → ₹188.72 (new box ₹198.65–₹211.75 sealed)
2024-07-19,CEATLTD,"fresh signal NOT FUNDED — cash exhausted (ACCUMULATE: 2.91× weekly, month 1.90×, ladder rising)"
2024-07-19,FIEMIND,"RAISE STOP ₹1,162.80 → ₹1,257.56 (new box ₹1,323.75–₹1,382.95 sealed)"
2024-07-19,INDIACEM,fresh signal REFUSED — falling earnings power
2024-07-19,PFIZER,fresh signal REFUSED — falling earnings power
2024-07-19,STYRENIX,"fresh signal NOT FUNDED — cash exhausted (BUY: 1.94× weekly, month 5.28×, ladder rising)"
2024-07-19,SUNTECK,"fresh signal NOT FUNDED — cash exhausted (BUY: 3.28× weekly, month 1.60×, ladder rising)"
2024-07-19,TDPOWERSYS,"SELL ₹68.21 at stop ₹188.72 (+123.0%, charges ₹0.07) — the cash goes back to work at the next Friday screen"
2024-07-19,UNOMINDA,"SELL ₹67.35 at stop ₹981.87 (+1.2%, charges ₹0.07) — the cash goes back to work at the next Friday screen"
2024-07-22,INDIAGLYCO,"BUY ₹67.44 at ₹515.00 (fresh Friday signal — BUY: 3.46× weekly, month 2.25×, ladder rising; stop ₹429.42; charges ₹0.08)"
2024-07-22,PGIL,"BUY ₹67.37 at ₹405.00 (fresh Friday signal — BUY: 3.81× weekly, month 8.12×, ladder rising; stop ₹335.38; charges ₹0.08)"
2024-07-23,FIEMIND,"SELL ₹63.71 at stop ₹1,257.56 (-4.7%, charges ₹0.07) — the cash goes back to work at the next Friday screen"
2024-07-23,NCC,"SELL ₹56.32 at stop ₹297.87 (-9.1%, charges ₹0.06) — the cash goes back to work at the next Friday screen"
2024-07-26,ALIVUS,fresh signal REFUSED — falling earnings power
2024-07-26,ATUL,fresh signal REFUSED — falling earnings power
2024-07-26,BANCOINDIA,"fresh signal NOT FUNDED — cash exhausted (BUY: 4.29× weekly, month 1.70×, ladder rising)"
2024-07-26,BAYERCROP,fresh signal REFUSED — falling earnings power
2024-07-26,CASTROLIND,"fresh signal NOT FUNDED — cash exhausted (ACCUMULATE: 1.54× weekly, month 4.31×, ladder rising)"
2024-07-26,DEEPAKFERT,fresh signal REFUSED — falling earnings power
2024-07-26,HBLENGINE,"fresh signal NOT FUNDED — cash exhausted (ACCUMULATE: 1.86× weekly, month 1.74×, ladder rising)"
2024-07-26,IFCI,"fresh signal NOT FUNDED — cash exhausted (BUY: 3.27× weekly, month 1.89×, ladder rising)"
2024-07-26,INOXWIND,"fresh signal NOT FUNDED — cash exhausted (ACCUMULATE: 1.58× weekly, month 1.96×, ladder rising)"
2024-07-26,JWL,RAISE STOP ₹375.35 → ₹552.00 (new box ₹581.05–₹666.10 sealed)
2024-07-26,KSCL,"fresh signal NOT FUNDED — cash exhausted (BUY: 5.64× weekly, month 1.78×, ladder rising)"
2024-07-26,MMTC,fresh signal REFUSED — falling earnings power
2024-07-26,NFL,fresh signal REFUSED — falling earnings power
2024-07-26,NIACL,fresh signal REFUSED — falling earnings power
2024-07-26,OFSS,"fresh signal NOT FUNDED — cash exhausted (ACCUMULATE: 1.51× weekly, month 1.61×, ladder rising)"
2024-07-26,ORIENTCEM,"fresh signal NOT FUNDED — cash exhausted (ACCUMULATE: 1.96× weekly, month 3.66×, ladder rising)"
2024-07-26,SHARDACROP,fresh signal REFUSED — falling earnings power
2024-07-26,TIPSMUSIC,"fresh signal NOT FUNDED — cash exhausted (BUY: 1.74× weekly, month 1.80×, ladder rising)"
2024-07-26,WELSPUNLIV,"fresh signal NOT FUNDED — cash exhausted (BUY: 3.42× weekly, month 1.90×, ladder rising)"
2024-07-29,AVANTIFEED,"BUY ₹50.39 at ₹697.65 (fresh Friday signal — BUY: 9.75× weekly, month 3.97×, ladder rising; stop ₹558.65; charges ₹0.06)"
2024-07-29,THYROCARE,"BUY ₹70.39 at ₹261.67 (fresh Friday signal — BUY: 11.18× weekly, month 3.35×, ladder rising; stop ₹196.33; charges ₹0.08)"
2024-08-02,DABUR,RAISE STOP ₹552.95 → ₹587.15 (new box ₹618.05–₹662.35 sealed)
2024-08-02,THYROCARE,RAISE STOP ₹196.33 → ₹243.17 (new box ₹255.97–₹270.67 sealed)
2024-08-06,JWL,"SELL ₹40.30 at stop ₹552.00 (+12.7%, charges ₹0.04) — the cash goes back to work at the next Friday screen"
2024-08-09,AFFLE,"fresh signal NOT FUNDED — cash exhausted (BUY: 2.49× weekly, month 2.24×, ladder rising)"
2024-08-09,ALIVUS,fresh signal REFUSED — falling earnings power
2024-08-09,AVANTIFEED,RAISE STOP ₹558.65 → ₹596.83 (new box ₹635.50–₹764.40 sealed)
2024-08-09,CAMPUS,RAISE STOP ₹248.05 → ₹277.07 (new box ₹291.65–₹320.40 sealed)
2024-08-09,CAMS,"fresh signal NOT FUNDED — cash exhausted (ACCUMULATE: 2.86× weekly, month 2.17×, ladder rising)"
2024-08-09,CCL,fresh signal REFUSED — falling earnings power
2024-08-09,CEMPRO,"fresh signal NOT FUNDED — cash exhausted (ACCUMULATE: 3.20× weekly, month 1.67×, ladder rising)"
2024-08-09,INDIAGLYCO,RAISE STOP ₹429.42 → ₹535.82 (new box ₹564.02–₹637.50 sealed)
2024-08-09,JSWDULUX,"fresh signal NOT FUNDED — cash exhausted (BUY: 2.58× weekly, month 1.55×, ladder rising)"
2024-08-09,KFINTECH,"fresh signal NOT FUNDED — cash exhausted (BUY: 4.42× weekly, month 2.05×, ladder rising)"
2024-08-09,NEULANDLAB,"fresh signal NOT FUNDED — cash exhausted (ACCUMULATE: 2.94× weekly, month 1.78×, ladder rising)"
2024-08-09,OIL,fresh signal REFUSED — falling earnings power
2024-08-09,ONGC,"fresh signal NOT FUNDED — cash exhausted (ACCUMULATE: 1.67× weekly, month 2.01×, ladder rising)"
2024-08-09,OPTIEMUS,"fresh signal NOT FUNDED — cash exhausted (BUY: 2.24× weekly, month 2.62×, ladder rising)"
2024-08-09,PCBL,"fresh signal NOT FUNDED — cash exhausted (BUY: 4.82× weekly, month 4.13×, ladder rising)"
2024-08-09,PFIZER,fresh signal REFUSED — falling earnings power
2024-08-09,PGIL,RAISE STOP ₹335.38 → ₹388.64 (new box ₹420.00–₹524.52 sealed)
2024-08-09,TIPSMUSIC,"fresh signal NOT FUNDED — cash exhausted (BUY: 2.11× weekly, month 1.84×, ladder rising)"
2024-08-12,ADANIPOWER,"SELL ₹53.87 at stop ₹126.55 (-19.2%, charges ₹0.06) — the cash goes back to work at the next Friday screen"
2024-08-12,CERA,"BUY ₹40.30 at ₹10,499.95 (fresh Friday signal — BUY: 4.91× weekly, month 2.08×, ladder rising; stop ₹8,198.93; charges ₹0.05)"
2024-08-16,ALIVUS,fresh signal REFUSED — falling earnings power
2024-08-16,CAMPUS,"SELL ₹67.41 at stop ₹277.07 (-3.1%, charges ₹0.07) — the cash goes back to work at the next Friday screen"
2024-08-16,EPL,fresh signal REFUSED — falling earnings power
2024-08-16,FSL,"fresh signal NOT FUNDED — cash exhausted (BUY: 1.86× weekly, month 3.82×, ladder rising)"
2024-08-16,GRAVITA,"fresh signal NOT FUNDED — cash exhausted (BUY: 2.08× weekly, month 2.41×, ladder rising)"
2024-08-16,INOXWIND,"fresh signal NOT FUNDED — cash exhausted (BUY: 3.38× weekly, month 2.37×, ladder rising)"
2024-08-16,SUZLON,fresh signal REFUSED — falling earnings power
2024-08-19,SUPRIYA,"BUY ₹70.29 at ₹528.00 (fresh Friday signal — BUY: 6.86× weekly, month 2.15×, ladder rising; stop ₹361.00; charges ₹0.08)"
2024-08-19,VGUARD,"BUY ₹50.99 at ₹524.15 (fresh Friday signal — ACCUMULATE: 3.48× weekly, month 1.72×, ladder rising; stop ₹420.24; charges ₹0.06)"
2024-08-23,AVANTIFEED,RAISE STOP ₹596.83 → ₹650.13 (new box ₹684.35–₹793.00 sealed)
2024-08-23,INDIAGLYCO,RAISE STOP ₹535.82 → ₹587.91 (new box ₹618.85–₹672.40 sealed)
2024-08-23,SUPRIYA,RAISE STOP ₹361.00 → ₹470.87 (new box ₹495.65–₹539.85 sealed)
2024-08-30,GODFRYPHLP,"RAISE STOP ₹1,302.77 → ₹1,703.67 (new box ₹1,793.33–₹1,996.67 sealed)"
2024-09-06,INDIGO,"RAISE STOP ₹3,976.70 → ₹4,485.14 (new box ₹4,721.20–₹4,943.80 sealed)"
2024-09-06,SUPRIYA,RAISE STOP ₹470.87 → ₹498.75 (new box ₹525.00–₹576.00 sealed)
2024-09-06,THYROCARE,RAISE STOP ₹243.17 → ₹265.38 (new box ₹279.35–₹310.45 sealed)
2024-09-09,AVANTIFEED,"SELL ₹46.85 at stop ₹650.13 (-6.8%, charges ₹0.05) — the cash goes back to work at the next Friday screen"
2024-09-13,ABREL,fresh signal REFUSED — falling earnings power
2024-09-13,AETHER,fresh signal REFUSED — falling earnings power
2024-09-13,ALIVUS,fresh signal REFUSED — falling earnings power
2024-09-13,BECTORFOOD,"fresh signal NOT FUNDED — cash exhausted (BUY: 3.09× weekly, month 2.07×, ladder rising)"
2024-09-13,DABUR,RAISE STOP ₹587.15 → ₹602.49 (new box ₹634.20–₹655.40 sealed)
2024-09-13,EPL,fresh signal REFUSED — falling earnings power
2024-09-13,GOKULAGRO,"fresh signal NOT FUNDED — cash exhausted (BUY: 4.01× weekly, month 4.34×, ladder rising)"
2024-09-13,GREAVESCOT,fresh signal REFUSED — falling earnings power
2024-09-13,HCG,"fresh signal NOT FUNDED — cash exhausted (BUY: 2.00× weekly, month 2.46×, ladder rising)"
2024-09-13,JMFINANCIL,fresh signal REFUSED — falling earnings power
2024-09-13,JUBLPHARMA,"fresh signal NOT FUNDED — cash exhausted (BUY: 6.03× weekly, month 2.23×, ladder rising)"
2024-09-13,KALYANKJIL,"fresh signal NOT FUNDED — cash exhausted (BUY: 2.49× weekly, month 3.32×, ladder rising)"
2024-09-13,KAYNES,"fresh signal NOT FUNDED — cash exhausted (ACCUMULATE: 4.10× weekly, month 2.87×, ladder rising)"
2024-09-13,NAZARA,fresh signal REFUSED — falling earnings power
2024-09-13,PAYTM,"fresh signal NOT FUNDED — cash exhausted (BUY: 2.69× weekly, month 2.65×, ladder rising)"
2024-09-13,PCJEWELLER,fresh signal REFUSED — falling earnings power
2024-09-13,PGIL,RAISE STOP ₹388.64 → ₹434.53 (new box ₹460.60–₹547.50 sealed)
2024-09-13,PNBHOUSING,"fresh signal NOT FUNDED — cash exhausted (BUY: 1.75× weekly, month 4.25×, ladder rising)"
2024-09-13,PPLPHARMA,"fresh signal NOT FUNDED — cash exhausted (BUY: 3.04× weekly, month 2.11×, ladder rising)"
2024-09-13,SUMICHEM,fresh signal REFUSED — falling earnings power
2024-09-16,PRSMJOHNSN,"BUY ₹46.85 at ₹214.51 (fresh Friday signal — BUY: 34.86× weekly, month 11.66×, ladder rising; stop ₹154.99; charges ₹0.06)"
2024-09-19,CERA,"SELL ₹31.40 at stop ₹8,198.93 (-21.9%, charges ₹0.03) — the cash goes back to work at the next Friday screen"
2024-09-20,GODFRYPHLP,"RAISE STOP ₹1,703.67 → ₹2,086.31 (new box ₹2,196.12–₹2,440.00 sealed)"
2024-09-23,PGIL,"SELL ₹72.12 at stop ₹434.53 (+7.3%, charges ₹0.07) — the cash goes back to work at the next Friday screen"
2024-09-27,AVALON,fresh signal REFUSED — falling earnings power
2024-09-27,DIVISLAB,fresh signal REFUSED — falling earnings power
2024-09-27,HEG,fresh signal REFUSED — falling earnings power
2024-09-27,JMFINANCIL,fresh signal REFUSED — falling earnings power
2024-09-27,NEWGEN,"fresh signal NOT FUNDED — cash exhausted (BUY: 4.62× weekly, month 1.92×, ladder rising)"
2024-09-27,OPTIEMUS,"fresh signal NOT FUNDED — cash exhausted (BUY: 1.55× weekly, month 1.58×, ladder rising)"
2024-09-27,PRSMJOHNSN,RAISE STOP ₹154.99 → ₹168.72 (new box ₹186.55–₹246.00 sealed)
2024-09-27,RAINBOW,"fresh signal NOT FUNDED — cash exhausted (BUY: 4.38× weekly, month 2.04×, ladder rising)"
2024-09-27,SAPPHIRE,fresh signal REFUSED — falling earnings power
2024-09-30,VIYASH,"BUY ₹70.95 at ₹216.00 (fresh Friday signal — BUY: 5.97× weekly, month 2.57×, ladder rising; stop ₹161.73; charges ₹0.08)"
2024-10-03,DABUR,"SELL ₹66.19 at stop ₹602.49 (-0.3%, charges ₹0.07) — the cash goes back to work at the next Friday screen"
2024-10-04,BLUEDART,fresh signal REFUSED — falling earnings power
2024-10-04,HCG,"fresh signal NOT FUNDED — cash exhausted (BUY: 1.73× weekly, month 2.01×, ladder rising)"
2024-10-04,JMFINANCIL,fresh signal REFUSED — falling earnings power
2024-10-04,VGUARD,"SELL ₹40.79 at stop ₹420.24 (-19.8%, charges ₹0.04) — the cash goes back to work at the next Friday screen"
2024-10-07,BSE,"BUY ₹67.03 at ₹1,396.67 (fresh Friday signal — ACCUMULATE: 2.88× weekly, month 3.26×, ladder rising; stop ₹1,131.31; charges ₹0.08)"
2024-10-07,CEMPRO,"BUY ₹67.50 at ₹655.05 (fresh Friday signal — BUY: 3.08× weekly, month 2.56×, ladder rising; stop ₹402.23; charges ₹0.08)"
2024-10-07,INDIGO,"SELL ₹96.25 at stop ₹4,485.14 (+40.2%, charges ₹0.10) — the cash goes back to work at the next Friday screen"
2024-10-07,THYROCARE,"SELL ₹71.23 at stop ₹265.38 (+1.4%, charges ₹0.07) — the cash goes back to work at the next Friday screen"
2024-10-11,ANUP,fresh signal REFUSED — falling earnings power
2024-10-11,DIVISLAB,fresh signal REFUSED — falling earnings power
2024-10-11,JMFINANCIL,fresh signal REFUSED — falling earnings power
2024-10-11,SUPRIYA,RAISE STOP ₹498.75 → ₹500.65 (new box ₹527.00–₹608.45 sealed)
2024-10-11,VIYASH,RAISE STOP ₹161.73 → ₹172.84 (new box ₹188.50–₹240.70 sealed)
2024-10-14,PAYTM,"BUY ₹70.68 at ₹729.60 (fresh Friday signal — BUY: 1.93× weekly, month 2.08×, ladder rising; stop ₹617.60; charges ₹0.08)"
2024-10-14,SKIPPER,"BUY ₹70.32 at ₹553.00 (fresh Friday signal — BUY: 2.85× weekly, month 1.80×, ladder rising; stop ₹418.00; charges ₹0.08)"
2024-10-22,GODFRYPHLP,"SELL ₹106.03 at stop ₹2,086.31 (+145.9%, charges ₹0.11) — the cash goes back to work at the next Friday screen"
2024-10-23,VIYASH,"SELL ₹56.65 at stop ₹172.84 (-20.0%, charges ₹0.06) — the cash goes back to work at the next Friday screen"
2024-10-25,INDIAGLYCO,"SELL ₹76.82 at stop ₹587.91 (+14.2%, charges ₹0.08) — the cash goes back to work at the next Friday screen"
2024-10-25,PAYTM,RAISE STOP ₹617.60 → ₹636.31 (new box ₹669.80–₹772.85 sealed)
2024-10-25,PRSMJOHNSN,RAISE STOP ₹168.72 → ₹170.55 (new box ₹179.53–₹204.49 sealed)
2024-11-01,ANUP,fresh signal REFUSED — falling earnings power
2024-11-01,BSE,"RAISE STOP ₹1,131.31 → ₹1,231.60 (new box ₹1,331.22–₹1,663.27 sealed)"
2024-11-01,CEMPRO,RAISE STOP ₹402.23 → ₹430.14 (new box ₹491.10–₹694.30 sealed)
2024-11-01,SKIPPER,RAISE STOP ₹418.00 → ₹448.15 (new box ₹487.55–₹618.90 sealed)
2024-11-04,JSWDULUX,"BUY ₹66.46 at ₹4,518.00 (fresh Friday signal — ACCUMULATE: 4.97× weekly, month 2.52×, ladder rising; stop ₹3,311.30; charges ₹0.16)"
2024-11-04,KIRLPNU,"BUY ₹66.10 at ₹849.00 (fresh Friday signal — BUY: 4.25× weekly, month 1.99×, ladder rising; stop ₹594.25; charges ₹0.16)"
2024-11-08,AVALON,fresh signal REFUSED — falling earnings power
2024-11-08,KIRLPNU,RAISE STOP ₹594.25 → ₹752.42 (new box ₹792.02–₹867.42 sealed)
2024-11-08,PARADEEP,fresh signal REFUSED — falling earnings power
2024-11-11,FSL,"BUY ₹66.12 at ₹367.05 (fresh Friday signal — BUY: 1.56× weekly, month 1.99×, ladder rising; stop ₹309.80; charges ₹0.16)"
2024-11-11,MOTILALOFS,"BUY ₹66.30 at ₹998.05 (fresh Friday signal — ACCUMULATE: 1.60× weekly, month 4.35×, ladder rising; stop ₹788.79; charges ₹0.16)"
2024-11-22,PAYTM,RAISE STOP ₹636.31 → ₹712.50 (new box ₹750.00–₹855.10 sealed)
2024-11-22,SUPRIYA,RAISE STOP ₹500.65 → ₹574.32 (new box ₹604.55–₹689.85 sealed)
2024-11-29,FSL,RAISE STOP ₹309.80 → ₹317.79 (new box ₹334.65–₹390.85 sealed)
2024-12-06,JSWDULUX,"RAISE STOP ₹3,311.30 → ₹3,423.18 (new box ₹3,603.35–₹3,800.00 sealed)"
2024-12-06,PAYTM,RAISE STOP ₹712.50 → ₹838.09 (new box ₹882.20–₹952.00 sealed)
2024-12-06,SUPRIYA,RAISE STOP ₹574.32 → ₹717.25 (new box ₹755.00–₹833.40 sealed)
2024-12-13,CEMPRO,RAISE STOP ₹430.14 → ₹477.71 (new box ₹502.85–₹529.05 sealed)
2024-12-13,KIRLPNU,RAISE STOP ₹752.42 → ₹798.00 (new box ₹840.00–₹908.50 sealed)
2024-12-17,SUPRIYA,"SELL ₹95.16 at stop ₹717.25 (+35.8%, charges ₹0.21) — the cash goes back to work at the next Friday screen"
2024-12-20,BORORENEW,fresh signal REFUSED — falling earnings power
2024-12-20,KAYNES,"fresh signal NOT FUNDED — cash exhausted (BUY: 3.40× weekly, month 2.00×, ladder rising)"
2024-12-20,KPRMILL,fresh signal REFUSED — falling earnings power
2024-12-20,PAYTM,"RAISE STOP ₹838.09 → ₹887.49 (new box ₹934.20–₹1,007.00 sealed)"
2024-12-23,KIRLPNU,"SELL ₹61.84 at stop ₹798.00 (-6.0%, charges ₹0.14) — the cash goes back to work at the next Friday screen"
2024-12-23,ZENTEC,"BUY ₹68.45 at ₹2,555.00 (fresh Friday signal — BUY: 3.53× weekly, month 2.25×, ladder rising; stop ₹1,537.95; charges ₹0.16)"
2024-12-26,PRSMJOHNSN,"SELL ₹37.13 at stop ₹170.55 (-20.5%, charges ₹0.08) — the cash goes back to work at the next Friday screen"
2024-12-27,JSWDULUX,"SELL ₹50.12 at stop ₹3,423.18 (-24.2%, charges ₹0.11) — the cash goes back to work at the next Friday screen"
2024-12-27,PAYTM,"RAISE STOP ₹887.49 → ₹893.05 (new box ₹940.05–₹1,062.95 sealed)"
2024-12-27,SHAREINDIA,fresh signal REFUSED — falling earnings power
2024-12-27,TRIVENI,fresh signal REFUSED — falling earnings power
2024-12-30,KFINTECH,"BUY ₹68.47 at ₹1,511.45 (fresh Friday signal — BUY: 2.78× weekly, month 2.22×, ladder rising; stop ₹1,159.14; charges ₹0.16)"
2025-01-03,BSE,"RAISE STOP ₹1,231.60 → ₹1,651.54 (new box ₹1,738.47–₹1,945.98 sealed)"
2025-01-03,GHCL,fresh signal REFUSED — falling earnings power
2025-01-03,QUESS,fresh signal REFUSED — falling earnings power
2025-01-03,SFL,fresh signal REFUSED — falling earnings power
2025-01-03,SKIPPER,RAISE STOP ₹448.15 → ₹477.28 (new box ₹520.60–₹665.00 sealed)
2025-01-03,ZENTEC,"RAISE STOP ₹1,537.95 → ₹2,213.55 (new box ₹2,330.05–₹2,627.00 sealed)"
2025-01-06,JSLL,"BUY ₹46.33 at ₹2,400.00 (fresh Friday signal — ACCUMULATE: 2.32× weekly, month 1.93×, ladder rising; stop ₹2,014.22; charges ₹0.11)"
2025-01-06,LLOYDSME,"BUY ₹67.05 at ₹1,439.00 (fresh Friday signal — BUY: 2.97× weekly, month 1.94×, ladder rising; stop ₹1,064.09; charges ₹0.16)"
2025-01-09,PAYTM,"SELL ₹86.22 at stop ₹893.05 (+22.4%, charges ₹0.19) — the cash goes back to work at the next Friday screen"
2025-01-10,LLOYDSME,"RAISE STOP ₹1,064.09 → ₹1,258.75 (new box ₹1,325.00–₹1,460.00 sealed)"
2025-01-10,SKIPPER,"SELL ₹60.48 at stop ₹477.28 (-13.7%, charges ₹0.13) — the cash goes back to work at the next Friday screen"
2025-01-13,AEGISLOG,"BUY ₹62.45 at ₹834.65 (fresh Friday signal — BUY: 27.32× weekly, month 4.81×, ladder rising; stop ₹697.76; charges ₹0.15)"
2025-01-13,ZENTEC,"SELL ₹59.03 at stop ₹2,213.55 (-13.4%, charges ₹0.13) — the cash goes back to work at the next Friday screen"
2025-01-15,KFINTECH,"SELL ₹52.27 at stop ₹1,159.14 (-23.3%, charges ₹0.12) — the cash goes back to work at the next Friday screen"
2025-01-17,AEGISLOG,"RAISE STOP ₹697.76 → ₹700.36 (new box ₹778.05–₹1,037.00 sealed)"
2025-01-17,DEVYANI,fresh signal REFUSED — falling earnings power
2025-01-17,FSL,RAISE STOP ₹317.79 → ₹332.14 (new box ₹352.95–₹422.30 sealed)
2025-01-17,MOTILALOFS,"SELL ₹52.16 at stop ₹788.79 (-21.0%, charges ₹0.12) — the cash goes back to work at the next Friday screen"
2025-01-20,APOLLO,"BUY ₹63.37 at ₹131.50 (fresh Friday signal — ACCUMULATE: 1.93× weekly, month 5.79×, ladder rising; stop ₹110.19; charges ₹0.15)"
2025-01-24,AEGISLOG,"SELL ₹52.16 at stop ₹700.36 (-16.1%, charges ₹0.12) — the cash goes back to work at the next Friday screen"
2025-01-24,PARADEEP,fresh signal REFUSED — falling earnings power
2025-01-27,CREDITACC,"BUY ₹59.40 at ₹850.00 (fresh Friday signal — ACCUMULATE: 3.44× weekly, month 9.52×, ladder rising; stop ₹825.52; charges ₹0.14)"
2025-01-27,JSLL,"SELL ₹38.70 at stop ₹2,014.22 (-16.1%, charges ₹0.09) — the cash goes back to work at the next Friday screen"
2025-01-28,FSL,"SELL ₹59.56 at stop ₹332.14 (-9.5%, charges ₹0.13) — the cash goes back to work at the next Friday screen"
2025-01-28,LLOYDSME,"SELL ₹58.39 at stop ₹1,258.75 (-12.5%, charges ₹0.13) — the cash goes back to work at the next Friday screen"
2025-02-01,BLUEJET,fresh signal REFUSED — falling earnings power
2025-02-01,SRF,fresh signal REFUSED — falling earnings power
2025-02-03,ZENSARTECH,"BUY ₹60.43 at ₹947.00 (fresh Friday signal — BUY: 4.92× weekly, month 3.02×, ladder rising; stop ₹727.84; charges ₹0.14)"
2025-02-07,BLUEJET,fresh signal REFUSED — falling earnings power
2025-02-07,ZENSARTECH,RAISE STOP ₹727.84 → ₹814.20 (new box ₹857.05–₹984.95 sealed)
2025-02-14,SBICARD,fresh signal REFUSED — falling earnings power
2025-02-17,APOLLO,"SELL ₹52.86 at stop ₹110.19 (-16.2%, charges ₹0.12) — the cash goes back to work at the next Friday screen"
2025-02-17,ZENSARTECH,"SELL ₹51.72 at stop ₹814.20 (-14.0%, charges ₹0.11) — the cash goes back to work at the next Friday screen"
2025-02-21,GLAXO,fresh signal REFUSED — falling earnings power
2025-02-21,REDINGTON,fresh signal REFUSED — falling earnings power
2025-02-28,BSE,"SELL ₹78.99 at stop ₹1,651.54 (+18.2%, charges ₹0.18) — the cash goes back to work at the next Friday screen"
2025-03-03,NH,"BUY ₹57.35 at ₹1,450.00 (fresh Friday signal — BUY: 4.67× weekly, month 1.70×, ladder rising; stop ₹1,235.90; charges ₹0.14)"
2025-03-07,CREDITACC,"RAISE STOP ₹825.52 → ₹837.38 (new box ₹882.15–₹1,031.40 sealed)"
2025-03-13,NH,"RAISE STOP ₹1,235.90 → ₹1,436.97 (new box ₹1,512.60–₹1,692.50 sealed)"
2025-03-21,SARDAEN,fresh signal REFUSED — falling earnings power
2025-03-24,INDIASHLTR,"BUY ₹59.19 at ₹794.95 (fresh Friday signal — BUY: 4.59× weekly, month 1.56×, ladder rising; stop ₹692.55; charges ₹0.14)"
2025-03-28,INDIASHLTR,RAISE STOP ₹692.55 → ₹738.82 (new box ₹777.70–₹830.00 sealed)
