date,symbol,company,source,category,kind,tags,headline,attachment,ann_id,file_size,text_file
2025-10-08,SUNPHARMA,Sun Pharmaceutical Industries Ltd.,NSE,Scheme of Arrangement,scheme_other,scheme_other,Sun Pharmaceutical Industries Limited has informed the Exchange about Approval of Composite Scheme of Arrangement by NCLT,https://nsearchives.nseindia.com/corporate/SUNHARSH_08102025202235_SEIntimationforNCLTOrder.pdf,106401697,7.74 MB,text/SUNPHARMA_106401697.txt
2025-10-09,AMBUJACEM,Ambuja Cements Ltd.,NSE,Scheme of Arrangement,scheme_other,scheme_other,"Ambuja Cements Limited has informed the Exchange about Update on NCLT Order: Corrigendum Issued for Shareholders Meeting on November 20, 2025",https://nsearchives.nseindia.com/corporate/AMBUJACEM_09102025193604_ACL_NCLT_09102025.pdf,106403076,3.55 MB,text/AMBUJACEM_106403076.txt
2025-10-09,FORTIS,Fortis Healthcare Ltd.,NSE,Updates,rights_issue,rights_issue,HSBC Securities and Capital Markets (India) Private Limited has Submitted to the Exchange a copy of Letter of Offer.,https://nsearchives.nseindia.com/corporate/team_sandeshc_09102025171706_FHL.zip,106402839,2.72 MB,
2025-10-09,TMPV,Tata Motors Passenger Vehicles Ltd.,NSE,Updates,scheme_other,scheme_other,"Tata Motors Limited has informed the Exchange regarding 'Shareholder Communication - Composite Scheme of Arrangement amongst Tata Motors Limited, TML Commercial Vehicles Limited and Tata Motors Passenger Vehicles Limited under Sections 230-232 of the Companies Act, 2013'.",https://nsearchives.nseindia.com/corporate/TATAMOTORSSJS_09102025200440_NSEBSESHAREHOLDERINTIMATION.pdf,106403101,323.02 KB,text/TMPV_106403101.txt
2025-10-11,KOTAKBANK,Kotak Mahindra Bank Ltd.,NSE,General Updates,merger,merger,Update on Amalgamation of Sonata Finance Private Limited with BSS Microfinance Limited,https://nsearchives.nseindia.com/corporate/KOTAK_11102025230207_SEUpdateonBSSSonataMerger.pdf,106405093,360.04 KB,text/KOTAKBANK_106405093.txt
2025-10-13,PARADEEP,Paradeep Phosphates Ltd.,NSE,Scheme of Arrangement,scheme_other,scheme_other,Paradeep Phosphates Limited has informed the Exchange about Scheme of Arrangement,https://nsearchives.nseindia.com/corporate/PPLTD_13102025102059_Intimationofeffectivedate1.pdf,106405275,155.66 KB,text/PARADEEP_106405275.txt
2025-10-14,AMBUJACEM,Ambuja Cements Ltd.,NSE,Shareholders meeting,scheme_other,scheme_other,"Ambuja Cements Limited has informed the Exchange about Notice convening the Meeting of the Equity Shareholders of the Company pursuant to the Order passed by the Hon'ble National Company Law Tribunal, Ahmedabad Bench",https://nsearchives.nseindia.com/corporate/AMBUJACEM_14102025173756_ACL_NoticeandES_Intimation.pdf,106407397,14.02 MB,text/AMBUJACEM_106407397.txt
2025-10-14,JSWDULUX,JSW Dulux Ltd.,NSE,Public Announcement-Open Offer,rights_issue,rights_issue,"Morgan Stanley India Company Pvt Ltd (""Manager to the Offer"") has submitted to Exchange a copy of Letter of Offer to the Public Shareholders of Akzo Nobel India Ltd (""Target Company"")",https://nsearchives.nseindia.com/corporate/vipulr_14102025150240_AkzoNobelIndiaLimited_OpenOffer_LetteOffer.zip,106407097,1.36 MB,
2025-10-14,JSWDULUX,JSW Dulux Ltd.,NSE,General Updates,rights_issue,rights_issue,Akzo Nobel India Limited has informed the Exchange regarding the Letter of Offer dated 14th October 2025 received by the Company from Morgan Stanley India Company Private Limited in relation to the open offer for acquisition of equity shares from public shareholders of the Company by JSW Paints Limited and it PACs.,https://nsearchives.nseindia.com/corporate/AKZOINDIA_14102025171742_Regulation30Disclosure_OpenOffer.pdf,106407354,1.59 MB,text/JSWDULUX_106407354.txt
2025-10-15,JKCEMENT,J.K. Cement Ltd.,NSE,Amalgamation/Merger,merger,merger,JK Cement Limited has informed the Exchange about Amalgamation/Merger of Toshali Cements Pvt. Ltd with JK Cement Ltd.,https://nsearchives.nseindia.com/corporate/JKCEMENT_15102025170317_intimation_regarding_merger___compressed.pdf,106408581,7.68 MB,text/JKCEMENT_106408581.txt
2025-10-15,TMPV,Tata Motors Passenger Vehicles Ltd.,NSE,General Updates,scheme_other,scheme_other,"Tata Motors Limited has informed the Exchange about Allotment of Equity Shares pursuant to the Composite Scheme of Arrangement amongst Tata Motors Limited, TML Commercial Vehicles Limited, and Tata Motors Passenger Vehicles Limited and their respective shareholders",https://nsearchives.nseindia.com/corporate/TATAMOTORSSJS_15102025215827_NSEBSEALLOTMENT.pdf,106408923,194.77 KB,text/TMPV_106408923.txt
2025-10-16,ETERNAL,Eternal Ltd.,NSE,Sale or disposal,slump_sale,slump_sale,"Eternal limited has informed the exchange about business transfer agreement entered into between Blink Commerce Private Limited and Blinkit Foods Limited, wholly owned subsidiaries of the Company.",https://nsearchives.nseindia.com/corporate/ZOMATO_16102025232833_Eternalbistrosigned.pdf,106410477,175.59 KB,text/ETERNAL_106410477.txt
2025-10-16,HAPPSTMNDS,Happiest Minds Technologies Ltd.,NSE,Amalgamation/Merger,merger,merger,Happiest Minds Technologies Limited has informed the Exchange about Amalgamation/Merger,https://nsearchives.nseindia.com/corporate/suhask_16102025183441_Reg30SMIFinalOrderOct162025.pdf,106410019,5.02 MB,text/HAPPSTMNDS_106410019.txt
2025-10-16,VIJAYA,Vijaya Diagnostic Centre Ltd.,NSE,Amalgamation/Merger,merger,merger,Vijaya Diagnostic Centre Limited has informed the Exchange about Amalgamation/Merger,https://nsearchives.nseindia.com/corporate/VIJAYA_16102025165441_Stx_Intimation_Signed.pdf,106409862,724.64 KB,text/VIJAYA_106409862.txt
2025-10-17,IPCALAB,Ipca Laboratories Ltd.,NSE,General Updates,slump_sale,slump_sale,IPCA Laboratories Limited has informed the Exchange about Slump Sale of Company's APIs and Drug Intermediates Manufacturing unit situated at Ankleshwar,https://nsearchives.nseindia.com/corporate/IPCALAB_17102025173057_IpcaOutcomeofBoardMeeting.pdf,106411451,130.62 KB,text/IPCALAB_106411451.txt
2025-10-17,JSWSTEEL,JSW Steel Ltd.,NSE,Scheme of Arrangement,scheme_other,scheme_other,JSW Steel Limited has informed the Exchange about Scheme of Arrangement,https://nsearchives.nseindia.com/corporate/Supriya_17102025145406_Merger.pdf,106411114,227.74 KB,text/JSWSTEEL_106411114.txt
2025-10-17,PARADEEP,Paradeep Phosphates Ltd.,NSE,Press Release,merger,merger,"Paradeep Phosphates Limited has informed the Exchange regarding a press release dated October 16, 2025, titled ""Paradeep Phosphates Completes Merger with Mangalore Chemicals & Fertilizers, Boosts Capacity by over 23% and Strengthens National Reach"".",https://nsearchives.nseindia.com/corporate/PPLTD_17102025102442_intimationPressrelease17102025.pdf,106410639,310.78 KB,text/PARADEEP_106410639.txt
2025-10-17,SAMMAANCAP,Sammaan Capital Ltd.,NSE,Updates,rights_issue,rights_issue,Sammaan Capital Limited has informed the Exchange regarding 'Please find attached the copy of the Draft Letter of Offer received by the Company from Citigroup Global Markets India Private Limited in relation to the open offer to the public shareholders of the Company. '.,https://nsearchives.nseindia.com/corporate/IHFL_17102025104932_SCL_DLOF_Intimation_17Oct2025.pdf,106410681,1.84 MB,text/SAMMAANCAP_106410681.txt
2025-10-17,SKFINDIA,SKF India Ltd.,NSE,Demerger,demerger,demerger,"With reference to our intimation dated 02nd October 2025 informing the Stock Exchange(s) about the Record Date for the purpose of determining the shareholders of the SKF India Limited ( the Company ) entitled to receive equity shares of SKF India (Industrial) Limited ( SKF Industrial or Resulting Company ) pursuant to the Scheme, we wish to inform you that the Resulting Company, through its letter dated 17th October 2025 (enclosed as Annexure A), has informed us the following:a) the Board of Directors of the Resulting Company today i.e., 17th October 2025, has approved the allotment of 4,94,37,963 (Four Crores Ninety Four Lakhs Thirty Seven Thousand Nine Hundred and Sixty Three) fully paid-up equity shares of face value of &#8377; 10/- (Rupees Ten) each of the Resulting Company to the equity shareholders of the Company holding shares as on the Record Date i.e., 15th October 2025, pursuant to the Scheme; andb) noted the cancellation and reduction of the entire pre-Scheme paid-up share capital of the Resulting Company comprising of 10,000 (Ten Thousand) fully paid-up equity shares of the Resulting Company of face value of &#8377; 10/- (Rupees Ten) each, which were entirely held by the Company.The Resulting Company will make necessary application(s) for the purpose of listing of its equity shares on the BSE Limited and National Stock Exchange of India Limited (collectively referred to as Stock Exchanges). Such equity shares will remain frozen till the time listing / trading permission is granted to the Resulting Company by the Stock Exchanges.",https://nsearchives.nseindia.com/corporate/SKFINDIA22_17102025222058_NSE.pdf,106411819,550.75 KB,text/SKFINDIA_106411819.txt
2025-10-17,SOBHA,Sobha Ltd.,NSE,Monitoring Agency Report,rights_issue,rights_issue,"Sobha Limited has informed the Exchange about the Monitoring Agency Report related to Rights Issue for the Quarter ended September 30, 2025.",https://nsearchives.nseindia.com/corporate/SOBHA_17102025174931_Monitoring_Agency_report_Q2FY_25-26.pdf,106411478,839.34 KB,text/SOBHA_106411478.txt
2025-10-17,THERMAX,Thermax Ltd.,NSE,Amalgamation/Merger,merger,merger,"Thermax Limited has informed the Exchange about Merger of Buildtech Products India Private Limited, a wholly owned subsidiary with the Company.",https://nsearchives.nseindia.com/corporate/THERMAXNSE_17102025181721_IntimationtoStockExchangesOct17BMOutcome.pdf,106411548,992.25 KB,text/THERMAX_106411548.txt
2025-10-17,THERMAX,Thermax Ltd.,NSE,Scheme of Arrangement,scheme_other,scheme_other,Thermax Limited has informed the Exchange about Scheme of Arrangement,https://nsearchives.nseindia.com/corporate/THERMAXNSE_17102025182028_IntimationtoStockExchangesOct17BMOutcome.pdf,106411553,992.25 KB,text/THERMAX_106411553.txt
2025-10-17,TVSSCS,TVS Supply Chain Solutions Ltd.,NSE,Amalgamation/Merger,merger,merger,Tvs Supply Chain Solutions Limited has informed the Exchange about Amalgamation/Merger,https://nsearchives.nseindia.com/corporate/CSCOMPLIANCE_17102025223054_SPC_NCLT_order__SE_intimation.pdf,106411829,1.93 MB,text/TVSSCS_106411829.txt
2025-10-18,COFORGE,Coforge Ltd.,NSE,General Updates,scheme_other,scheme_other,"Coforge Limited has informed the Exchange about Receipt of order passed by Hon ble National Company Law Tribunal, Chandigarh Bench ( NCLT ) for inter alia convening meeting of the equity shareholders, secured creditors and unsecured creditors of Coforge Limited",https://nsearchives.nseindia.com/corporate/COFORGE_18102025174842_SE_Intimation_Coforge.pdf,106412449,696.51 KB,text/COFORGE_106412449.txt
2025-10-18,VEDL,Vedanta Ltd.,NSE,Updates,scheme_other,scheme_other,"Vedanta Limited has informed the Exchange regarding 'Disclosure under Regulation 30 of Securities and Exchange Board of India (Listing Obligations and Disclosure Requirements) Regulations, 2015 ( SEBI Listing Regulations ) Update in relation to Company Scheme Application (C.A./CAA/MB/220/2024) for Scheme of Arrangement filed by Talwandi Sabo Power Limited with National Company Law Tribunal'.",https://nsearchives.nseindia.com/corporate/VEDL_18102025130320_VEDLSEIntimationTSPLOrderSigned.pdf,106412187,1.44 MB,text/VEDL_106412187.txt
2025-10-18,VIJAYA,Vijaya Diagnostic Centre Ltd.,NSE,Amalgamation/Merger,merger,merger,Vijaya Diagnostic Centre Limited has informed the Exchange about Amalgamation/Merger,https://nsearchives.nseindia.com/corporate/VIJAYA_18102025174305_SEIntimationCTCOrderSigned.pdf,106412443,3.36 MB,text/VIJAYA_106412443.txt
2025-10-22,INFY,Infosys Ltd.,NSE,Updates,capital_reduction,capital_reduction,Infosys Limited has informed the Exchange regarding 'Update on proposal for Buyback of Equity Shares of the Company'.,https://nsearchives.nseindia.com/corporate/Infosys_22102025144043_SE_Draft_LOA_22102025.pdf,106413742,1.50 MB,text/INFY_106413742.txt
2025-10-23,VIPIND,V.I.P. Industries Ltd.,NSE,Updates,rights_issue,rights_issue,JM Financial Ltd has submitted to the Exchange a copy of letter of offer.,https://nsearchives.nseindia.com/corporate/team_bbodade_23102025154356_VIPIND.zip,106414362,1.32 MB,
2025-10-24,ECLERX,eClerx Services Ltd.,NSE,Buyback,capital_reduction,capital_reduction,eClerx Services Limited has informed the Exchange about Buyback,https://nsearchives.nseindia.com/corporate/ECLERX_24102025202904_BM_Outcome_-BB_24102025.pdf,106415634,300.27 KB,text/ECLERX_106415634.txt
2025-10-29,RADICO,Radico Khaitan Ltd,NSE,Outcome of Board Meeting,merger,merger,"Radico Khaitan Limited has informed the Exchange regarding Outcome of Board Meeting held on October 29, 2025 for Scheme of Amalgamation .",https://nsearchives.nseindia.com/corporate/RADICO_29102025142959_reg30scheme.pdf,106419233,261.03 KB,text/RADICO_106419233.txt
2025-10-29,RADICO,Radico Khaitan Ltd,NSE,Amalgamation/Merger,merger,merger,Radico Khaitan Limited has informed the Exchange about Amalgamation/Merger,https://nsearchives.nseindia.com/corporate/RADICO_29102025143303_reg30scheme.pdf,106419238,261.03 KB,text/RADICO_106419238.txt
2025-10-29,TRIVENI,Triveni Engineering & Industries Ltd.,NSE,Scheme of Arrangement,scheme_other,scheme_other,Triveni Engineering & Industries Limited has informed the Exchange about Scheme of Arrangement,https://nsearchives.nseindia.com/corporate/TRIVENI_29102025161925_NCLT_ORDER_SE.pdf,106419397,1.52 MB,text/TRIVENI_106419397.txt
2025-10-30,HINDUNILVR,Hindustan Unilever Ltd.,NSE,Demerger,demerger,demerger|scheme_other,"Sanction of Scheme of Arrangement for demerger of Ice Cream Business by Hon'ble NCLT, Mumbai Bench",https://nsearchives.nseindia.com/corporate/HINDUNILVR_30102025210005_SEIntimationFinalOrdersigned.pdf,106421461,189.49 KB,text/HINDUNILVR_106421461.txt
2025-10-30,TMPV,Tata Motors Passenger Vehicles Ltd.,NSE,General Updates,scheme_other,scheme_other,Tata Motors Passenger Vehicles Limited has informed the Exchange about change of name of TML Commercial Vehicles Limited to Tata Motors Limited pursuant to the Composite Scheme of Arrangement.,https://nsearchives.nseindia.com/corporate/TATAMOTORSSJS_30102025175401_NSEBSENAMECHANGE.pdf,106421132,2.97 MB,text/TMPV_106421132.txt
2025-10-31,SFL,Sheela Foam Ltd.,NSE,Scheme of Arrangement,merger,merger|scheme_other,Sheela Foam Limited has informed the Exchange about receipt of Certified Copy of Merger Order dated 17.09.2025 of SFL and KEL on 30.10.2025,https://nsearchives.nseindia.com/corporate/SFL_31102025164426_Intimation_of_Certified_Copy_Merger_Order_31102025.pdf,106422551,13.27 MB,text/SFL_106422551.txt
2025-11-01,GHCL,GHCL Ltd.,NSE,Record Date,capital_reduction,capital_reduction,GHCL Limited has informed the Exchange that Record date for the purpose of Buyback is 14-Nov-2025.,https://nsearchives.nseindia.com/corporate/GHCL_01112025144526_GHCL_Intimation_Buyback_Record_date.pdf,106423521,446.16 KB,text/GHCL_106423521.txt
2025-11-01,INOXGREEN,Inox Green Energy Services Ltd.,NSE,Scheme of Arrangement,scheme_other,scheme_other,"Inox Green Energy Services Limited has informed the Exchange about Scheme of Arrangement - Summary of Proceedings of the Meeting of the Equity Shareholders, Warrant Holders, Secured Creditors and Unsecured Creditors",https://nsearchives.nseindia.com/corporate/IGESL_01112025183430_IGESL_CCM_Proceedings.pdf,106423733,633.50 KB,text/INOXGREEN_106423733.txt
2025-11-02,AMBUJACEM,Ambuja Cements Ltd.,NSE,General Updates,scheme_other,scheme_other,AMBUJACEM: Ambuja Cements Limited has informed the Exchange about the update in respect of Scheme of Arrangement of Penna Cement Industries Limited (Transferor Company) With Ambuja Cements Limited (Transferee Company) and their respective shareholders.,https://nsearchives.nseindia.com/corporate/AMBUJACEM_02112025193304_Ambuja_SE_Intimation_Penna_NCLT_Order.pdf,106423973,17.24 MB,text/AMBUJACEM_106423973.txt
2025-11-02,JKPAPER,JK Paper Ltd.,NSE,General Updates,scheme_other,scheme_other,"JK Paper Limited has informed the Exchange about Update on the Meetings of Equity Shareholders, Secured Creditors (including Non-Convertible Debentures) and Unsecured Creditors of the Company held on 2nd November, 2025, pursuant to the directions of the Hon'ble National Company Law Tribunal, Ahmedabad Bench",https://nsearchives.nseindia.com/corporate/JKPAPER_02112025191154_STX_Proceedings_2025_NCLT_Meetings.pdf,106423962,328.57 KB,text/JKPAPER_106423962.txt
2025-11-03,GHCL,GHCL Ltd.,NSE,Updates,capital_reduction,capital_reduction,"GHCL Limited has informed the Exchange regarding 'Buyback up to 41,37,931 (Forty One Lakhs Thirty Seven Thousand Nine Hundred and Thirty One) fully paid up Equity Shares of &#8377;10/- (Rupees Ten only) each of GHCL Limited ( Company ) in terms of Securities and Exchange Board of India (Buy Back of Securities) Regulations, 2018 ( Buyback Regulations ) through tender route ( Buyback ).'. Certified True copy of Board Resolution.",https://nsearchives.nseindia.com/corporate/GHCL_03112025172744_GHCL_Intimation_Board_Resolution_Buyback_November2025.pdf,106424896,1.34 MB,text/GHCL_106424896.txt
2025-11-03,INOXGREEN,Inox Green Energy Services Ltd.,NSE,Scheme of Arrangement,scheme_other,scheme_other,"Inox Green Energy Services Limited has informed the Exchange about Scheme of Arrangement- Details of voting results along with scrutinizer reports with respect to the NCLT Convened meeting of the equity shareholders, warrant holders, secured creditors and unsecured creditors of the Company held on 1st November, 2025",https://nsearchives.nseindia.com/corporate/IGESL_03112025193704_IGESL_Scrutinizer_Report_VR_F_DSC.pdf,106425254,2.08 MB,text/INOXGREEN_106425254.txt
2025-11-03,THANGAMAYL,Thangamayil Jewellery Ltd.,NSE,Monitoring Agency Report,rights_issue,rights_issue,"Report of Monitoring Agency U/R 16 of SEBI (LODR) Regulations,2015 with regard to utilization of proceeds of Rights Issue",https://nsearchives.nseindia.com/corporate/THANGAMAYL_03112025165627_Q2MONITORINGAGENCYREPORT.pdf,106424818,894.84 KB,text/THANGAMAYL_106424818.txt
2025-11-03,UNOMINDA,UNO Minda Ltd.,NSE,Updates,merger,merger,UNO Minda Limited has informed the Exchange regarding 'Report Of The Audit Committee And Independent Directors Certifying That The Company Has Compensated The Eligible Shareholder Entitled To Fractional Shares Under The Scheme Of Amalgamation'.,https://nsearchives.nseindia.com/corporate/MINDAIND1_03112025184818_Intimation.pdf,106425142,6.02 MB,text/UNOMINDA_106425142.txt
2025-11-04,ABDL,Allied Blenders and Distillers Ltd.,NSE,Amalgamation/Merger,merger,merger,Scheme of Amalgamation (Merger by Absorption),https://nsearchives.nseindia.com/corporate/ABDINDIA_04112025200234_SE_Intimation_-_Scheme_sd.pdf,106427114,302.94 KB,text/ABDL_106427114.txt
2025-11-04,ABDL,Allied Blenders and Distillers Ltd.,NSE,Outcome of Board Meeting,merger,merger,Scheme of Amalgamation (Merger by Absorption),https://nsearchives.nseindia.com/corporate/ABDINDIA_04112025200447_SE_Intimation_-_Scheme_sd.pdf,106427121,302.94 KB,text/ABDL_106427121.txt
2025-11-04,ECLERX,eClerx Services Ltd.,NSE,Amalgamation/Merger,merger,merger,eClerx Services Limited has informed the Exchange about Merger of its wholly owned step down subsidiaries,https://nsearchives.nseindia.com/corporate/ECLERX_04112025184519_BSENSEReg30ECLIPSEPCC.pdf,106426926,387.84 KB,text/ECLERX_106426926.txt
2025-11-04,FSL,Firstsource Solutions Ltd.,NSE,Scheme of Arrangement,merger,merger|scheme_other,Firstsource Solutions Limited has informed the Exchange about Scheme of Merger,https://nsearchives.nseindia.com/corporate/FSL_04112025194428_OutcomeofBoardMeetingsigned1.pdf,106427070,7.23 MB,text/FSL_106427070.txt
2025-11-04,KIRLOSBROS,Kirloskar Brothers Ltd.,NSE,Disclosure of material issue,merger,merger,Kirloskar Brothers Limited has informed regarding Approval of the Scheme of Amalgamation between wholly owned subsidiaries.,https://nsearchives.nseindia.com/corporate/KIRLOSBROS_04112025170943_20251104_SE_SanctionOfMerger.pdf,106426619,804.82 KB,text/KIRLOSBROS_106426619.txt
2025-11-04,SFL,Sheela Foam Ltd.,NSE,General Updates,scheme_other,scheme_other,Sheela Foam Limited has informed the Exchange about Composite Scheme of Arrangement,https://nsearchives.nseindia.com/corporate/SFL_04112025173649_Intimation_regarding_the_receipt_of_certified_copy.pdf,106426713,286.80 KB,text/SFL_106426713.txt
2025-11-04,TRIVENI,Triveni Engineering & Industries Ltd.,NSE,General Updates,scheme_other,scheme_other,"Triveni Engineering & Industries Limited has informed the Exchange about Notice of meeting of the Secured Creditors of Triveni Engineering & Industries Limited ( Company ) convened as per directions of the National Company Law Tribunal, Allahabad Bench, vide its orders dated 17th October, 2025 and 28th October, 2025 ( NCLT Convened Meeting ) in the matter of the Composite Scheme of Arrangement amongst Triveni Engineering & Industries Limited ( Company ), Sir Shadi Lal Enterprises Limited and Triveni Power Transmission Limited and their respective shareholders and creditors.",https://nsearchives.nseindia.com/corporate/TRIVENI_04112025163924_TEIL_Secured_Creditors_Intimation_Letter.pdf,106426499,810.15 KB,text/TRIVENI_106426499.txt
2025-11-04,TRIVENI,Triveni Engineering & Industries Ltd.,NSE,General Updates,scheme_other,scheme_other,"Triveni Engineering & Industries Limited has informed the Exchange about Notice of meeting of the Unsecured Creditors of Triveni Engineering & Industries Limited ( Company ) convened as per directions of the National Company Law Tribunal, Allahabad Bench, vide its orders dated 17th October, 2025 and 28th October, 2025 ( NCLT Convened Meeting ) in the matter of the Composite Scheme of Arrangement amongst Triveni Engineering & Industries Limited ( Company ), Sir Shadi Lal Enterprises Limited and Triveni Power Transmission Limited and their respective shareholders and creditors.",https://nsearchives.nseindia.com/corporate/TRIVENI_04112025164324_TEIL_Unsecured_Creditors_Intimation_Letter.pdf,106426512,811.20 KB,text/TRIVENI_106426512.txt
2025-11-04,VIJAYA,Vijaya Diagnostic Centre Ltd.,NSE,Record Date,merger,merger,Vijaya Diagnostic Centre Limited has informed the Exchange that Record date for the purpose of Allotment of Shares pursuant to Scheme of Amalgamation is 25-Nov-2025.,https://nsearchives.nseindia.com/corporate/VIJAYA_04112025143113_VDCLRecordDate.pdf,106426196,213.62 KB,text/VIJAYA_106426196.txt
2025-11-04,VIJAYA,Vijaya Diagnostic Centre Ltd.,NSE,Updates,merger,merger,Vijaya Diagnostic Centre Limited has informed the Exchange regarding 'Updates on Scheme of Amalgamation'.,https://nsearchives.nseindia.com/corporate/VIJAYA_04112025144307_BMOutcomewithoutFinancials04112025.pdf,106426223,338.73 KB,text/VIJAYA_106426223.txt
2025-11-04,VIJAYA,Vijaya Diagnostic Centre Ltd.,NSE,Updates,merger,merger,Vijaya Diagnostic Centre Limited has informed the Exchange regarding 'Noting of Wholly Owned Subsidiary pursuant to Scheme of Amalgamation '.,https://nsearchives.nseindia.com/corporate/VIJAYA_04112025144726_BMOutcomewithoutFinancials04112025.pdf,106426235,338.73 KB,text/VIJAYA_106426235.txt
2025-11-05,RAMCOCEM,The Ramco Cements Ltd.,NSE,Outcome of Board Meeting,merger,merger,"The Ramco Cements Limited has informed the Exchange regarding Outcome of Board Meeting held on November 05, 2025. Outcome of the Board Meeting - Approval of draft scheme of amalgamation of Ramco Windfarms Limited with The Ramco Cements Limited",https://nsearchives.nseindia.com/corporate/RAMCOCEM_05112025182921_results300925.pdf,106428501,848.93 KB,text/RAMCOCEM_106428501.txt
2025-11-05,RAMCOCEM,The Ramco Cements Ltd.,NSE,Amalgamation/Merger,merger,merger,The Ramco Cements Limited has informed the Exchange about Amalgamation/Merger,https://nsearchives.nseindia.com/corporate/RAMCOCEM_05112025183337_results300925.pdf,106428507,848.93 KB,text/RAMCOCEM_106428507.txt
2025-11-05,RBLBANK,RBL Bank Ltd.,NSE,General Updates,rights_issue,rights_issue,RBL Bank Limited has informed the Exchange about copy of draft letter of offer,https://nsearchives.nseindia.com/corporate/RBLBANK_05112025131425_DraftLetterofofferIntimationNov052025_Signed.pdf,106427736,1.33 MB,text/RBLBANK_106427736.txt
2025-11-06,GODREJPROP,Godrej Properties Ltd.,NSE,Amalgamation/Merger,merger,merger,Godrej Properties Limited has informed the Exchange about Amalgamation/Merger,https://nsearchives.nseindia.com/corporate/GODREJPROP_06112025130048_SEintimationMerger.pdf,106429340,542.50 KB,text/GODREJPROP_106429340.txt
2025-11-06,HEXT,Hexaware Technologies Ltd.,NSE,General Updates,merger,merger,Hexaware Technologies Limited has informed the Exchange about General Updates - In principle approval of merger,https://nsearchives.nseindia.com/corporate/HEXAWARETECH_06112025231907_outcome_B_merged.pdf,106430938,1.08 MB,text/HEXT_106430938.txt
2025-11-06,INFY,Infosys Ltd.,NSE,Record Date,capital_reduction,capital_reduction,Infosys Limited has informed the Exchange that Record date for the purpose of Buyback is 14-Nov-2025.,https://nsearchives.nseindia.com/corporate/Infosys_06112025185538_SE_Record_date_06112025.pdf,106430479,247.88 KB,text/INFY_106430479.txt
2025-11-06,MARUTI,Maruti Suzuki India Ltd.,NSE,General Updates,merger,merger|scheme_other,Maruti Suzuki India Limited has informed the Exchange about Issuance of Order by the Hon'ble National Company Law Tribunal Principal Bench (New Delhi) (NCLT) sanctioning the scheme of amalgamation.,https://nsearchives.nseindia.com/corporate/MARUTIASHISH_06112025184630_STX_disclosure_Approval_Order_Disclosure_06112025.pdf,106430448,3.29 MB,text/MARUTI_106430448.txt
2025-11-06,RENUKA,Shree Renuka Sugars Ltd.,NSE,Acquisition,rights_issue,rights_issue,Shree Renuka Sugars Limited has informed the Exchange about Acquisition/Investment in its wholly-owned subsidiary through Right Issue by way of conversion of loan into into equity.,https://nsearchives.nseindia.com/corporate/RENUKA_06112025193046_BMOutcome.pdf,106430594,17.76 MB,text/RENUKA_106430594.txt
2025-11-06,SAMMAANCAP,Sammaan Capital Ltd.,NSE,Monitoring Agency Report,rights_issue,rights_issue,"Pursuant to the Regulation 32(6) of the Securities and Exchange Board of India (Listing Obligations and Disclosure Requirements) Regulations, 2015, as amended, read with Regulation 82(4) of the Securities and Exchange Board of India (Issue of Capital and Disclosure Requirements) Regulations, 2018, as amended, please find enclosed the Report(s) of the Monitoring Agency for the quarter ended September 30, 2025, issued by CRISIL Ratings Limited, Monitoring Agency appointed to monitor the utilization of the proceeds of the Rights Issue and Qualified Institutional Placement of the Company.",https://nsearchives.nseindia.com/corporate/IHFL_06112025181306_SCL_SE_Intimation_MA_Report06Nov25.pdf,106430343,993.50 KB,text/SAMMAANCAP_106430343.txt
2025-11-07,KIMS,Krishna Institute of Medical Sciences Ltd.,NSE,Amalgamation/Merger,merger,merger,Krishna Institute of Medical Sciences Limited has informed the Exchange about Amalgamation/Merger,https://nsearchives.nseindia.com/corporate/KIMS_07112025152246_Disclosure_to_SE.pdf,106431811,218.40 KB,text/KIMS_106431811.txt
2025-11-07,MAXHEALTH,Max Healthcare Institute Ltd.,NSE,General Updates,merger,merger,Max Healthcare Institute Limited has informed the Exchange about approval of Scheme of Amalgamation between Crosslay Remedies Limited and Jaypee Healthcare Limited,https://nsearchives.nseindia.com/corporate/MAXHEALTH_07112025224335_SE_Intimation_CRL_JHL_Merger_NCLT.pdf,106433087,2.23 MB,text/MAXHEALTH_106433087.txt
2025-11-07,RKFORGE,Ramkrishna Forgings Ltd.,NSE,General Updates,merger,merger|scheme_other,"Ramkrishna Forgings Limited has informed the Exchange about Receipt of Second Motion Petition Order of Hon''ble National Company Law Tribunal, Kolkata in relation to Scheme of Amalgamation of Mal Metalliks Private Limited, a step down wholly owned subsidiary and Multitech Auto Private Limited. a wholly owned subsidiary with Ramkrishna Casting Solution Limited (Formerly JMT Auto Limited), a wholly owned subsidiary of the Company.",https://nsearchives.nseindia.com/corporate/RKFORGE_07112025181430_RKFLMAPLMMPL2ndMotionMerger7Nov2025.pdf,106432484,1.45 MB,text/RKFORGE_106432484.txt
2025-11-08,LUMAXTECH,Lumax Auto Technologies Ltd.,NSE,Scheme of Arrangement,merger,merger|scheme_other,"Lumax Auto Technologies Limited has informed the Exchange about approval by the Board of Directors to the Scheme of Arrangement for Amalgamation of IAC International Automotive India Private Limited ('Transferor Company') with Lumax Auto Technologies Limited ('Transferee Company') on a going concern basis under Section 230 - 232 of the Companies Act, 2013.",https://nsearchives.nseindia.com/corporate/LUMAXTECH_08112025160437_LATLBMoutcome08112025.pdf,106433529,10.71 MB,text/LUMAXTECH_106433529.txt
2025-11-10,CCAVENUE,AvenuesAI Ltd.,NSE,Rights Issue,rights_issue,rights_issue,Outcome of Rights Issue Committee Meeting for Record Date and First and Final Call money payment period.,https://nsearchives.nseindia.com/corporate/INFIBEAM_10112025152042_IALOutcomeofRI10112025.pdf,106434844,3.23 MB,text/CCAVENUE_106434844.txt
2025-11-10,CCAVENUE,AvenuesAI Ltd.,NSE,Committee Meeting Updates,rights_issue,rights_issue,"Infibeam Avenues Limited has informed the Exchange regarding Outcome of Rights Issue Committee Meeting held on November 10, 2025 for Record Date and First and Final Call money payment period.",https://nsearchives.nseindia.com/corporate/INFIBEAM_10112025152250_IALOutcomeofRI10112025.pdf,106434848,3.23 MB,text/CCAVENUE_106434848.txt
2025-11-10,INFY,Infosys Ltd.,NSE,Public Announcement - Buyback of Shares,capital_reduction,capital_reduction,Infosys Limited has informed the Exchange about public Announcement - Buyback of Shares,https://nsearchives.nseindia.com/corporate/Infosys_10112025172147_SE_PublicAnnouncement_10112025.pdf,106435219,18.37 MB,text/INFY_106435219.txt
2025-11-10,TMPV,Tata Motors Passenger Vehicles Ltd.,NSE,General Updates,scheme_other,scheme_other,Tata Motors Passenger Vehicles Limited has informed the Exchange about the listing of equity shares of Tata Motors Limited (formerly TML Commercial Vehicles Limited) pursuant to the Composite Scheme of Arrangement.,https://nsearchives.nseindia.com/corporate/TATAMOTORSSJS_10112025220440_NSEBSELISTING.pdf,106435986,2.82 MB,text/TMPV_106435986.txt
2025-11-11,ADANIENT,Adani Enterprises Ltd.,NSE,Rights Issue,rights_issue,rights_issue,"Adani Enterprises Limited has informed the Exchange that the Rights Issue Committee of the Board at its meeting held on November 11, 2025, has decided to issue equity shares on rights basis in the ratio of 3 : 25, i.e 3 Equity Shares for every 25 Equity Shares held. Issue Price is Rs. 1800 per share.",https://nsearchives.nseindia.com/corporate/nishant_joshi_adani_com_11112025202726_AELoutcomeRIcommittee11112025_final.pdf,106438074,200.77 KB,text/ADANIENT_106438074.txt
2025-11-11,BELRISE,Belrise Industries Ltd.,NSE,Scheme of Arrangement,scheme_other,scheme_other,Belrise Industries Limited has informed the Exchange about the approval of Scheme of Arrangement with its wholly owned subsidiart,https://nsearchives.nseindia.com/corporate/BELRISE_11112025164415_BelriseIntimation.pdf,106437316,480.79 KB,text/BELRISE_106437316.txt
2025-11-11,ETHOSLTD,Ethos Ltd.,NSE,Monitoring Agency Report,rights_issue,rights_issue,"Report of the Monitoring Agency with respect to utilization of proceeds of the Rights Issue of Ethos Limited for the quarter ended September 30, 2025",https://nsearchives.nseindia.com/corporate/ETHOS_11112025160424_Monitoring_Agency_Report_Rights_Issue.pdf,106437221,2.30 MB,text/ETHOSLTD_106437221.txt
2025-11-11,HINDUNILVR,Hindustan Unilever Ltd.,NSE,General Updates,scheme_other,scheme_other,"Receipt of copy of Order of Scheme of Arrangement obtained from the Hon ble NCLT, Mumbai Bench",https://nsearchives.nseindia.com/corporate/HINDUNILVR_11112025175242_Final_Order_SE_Intimation_signed.pdf,106437618,1.03 MB,text/HINDUNILVR_106437618.txt
2025-11-11,SAMMAANCAP,Sammaan Capital Ltd.,NSE,Updates,capital_reduction,capital_reduction,"Sammaan Capital Limited has informed the Exchange regarding 'Sammaan Capital Limited (formerly known as Indiabulls Housing Finance Limited) ( the Company ) hereby extends an offer to all debenture holders, excluding holders of Subordinated Debt bearing ISIN INE148I08215, for purchase of its Non-Convertible Debentures. The Asset Liability Management Committee [ALCO] of the Company has decided to make this offer to all the NCD holders to purchase NCDs maturing till 30th June, 2026, on the exchange at par and hold them as treasury stock until maturity. This initiative is part of the Company s ongoing efforts to maintain a disciplined approach to liquidity and liability management through proactive Asset-Liability Management (ALM) practices. The Company has consistently maintained a strong investment and liquidity buffer to cover near- to mid-term debt repayments. The Company remains committed to maintaining a prudent and proactive approach to ALM and, wherever permissible, utilizes surplus liquidity to prepay or buy back outstanding debt instruments. This offer aligns with that philosophy and reinforces our focus on financial flexibility and balance sheet strength.Interested holders of NCDs may reach out to the Company by emailing at bondpurchase@sammaancapital.com any time prior to November 30, 2025, to proceed with the transaction.'.",https://nsearchives.nseindia.com/corporate/IHFL_11112025211853_SCL_Intimation_Purchase_bonds_maturities_upto_30062026.pdf,106438181,220.93 KB,text/SAMMAANCAP_106438181.txt
2025-11-12,ADANIENT,Adani Enterprises Ltd.,NSE,Updates,rights_issue,rights_issue,"Adani Enterprises Limited has informed the Exchange regarding submission of Letter of Offer dated November 12, 2025 for Rights Issue of Partly Paid up equity shares.",https://nsearchives.nseindia.com/corporate/nishant_joshi_adani_com_12112025205513_AELLetterofOffer.pdf,106440523,1.72 MB,text/ADANIENT_106440523.txt
2025-11-14,ABCAPITAL,Aditya Birla Capital Ltd.,NSE,General Updates,merger,merger,Aditya Birla Capital Limited has informed the Exchange about the Scheme of Amalgamation between its two wholly owned subsidiaries,https://nsearchives.nseindia.com/corporate/ABCAPITAL_14112025221123_SE_Intimation_-_GATI_-_Friday.pdf,106445807,527.30 KB,text/ABCAPITAL_106445807.txt
2025-11-14,INOXWIND,Inox Wind Ltd.,NSE,Monitoring Agency Report,rights_issue,rights_issue,Report of the Monitoring Agency with respect to utilisation of proceeds from Rights Issue of the Company,https://nsearchives.nseindia.com/corporate/INOXWIND_14112025220413_IWL_MonitoringReport.pdf,106445789,618.46 KB,text/INOXWIND_106445789.txt
2025-11-14,RCF,Rashtriya Chemicals & Fertilizers Ltd.,NSE,Outcome of Board Meeting,rights_issue,rights_issue,"Rashtriya Chemicals and Fertilizers Limited has informed the Exchange regarding Board meeting held on November 14, 2025.This is to inform that Board at its meeting held today i.e., November 14, 2025 has considered and approved the Un-audited Financial Results (Standalone and Consolidated) of the Company for the quarter and half year ended September 30, 2025. Pursuant to Regulation 33 & 52 of SEBI (Listing Obligations and Disclosure Requirements) Regulation, 2015, please find enclosed herewith the following: -1. Integrated Unaudited Financial Results (Standalone and Consolidated) for the quarter and half year ended September 30, 2025 along with the Limited Review Report issued by M/s K. Gopal Rao & Co, Chartered Accountants, Statutory Auditors of the Company (Annexure A).2. Statement of deviation or variation for proceeds of Public Issue, Rights Issue, Preferential Issue, Qualified Institutions Placement etc.: Not applicable3. Pursuant to Regulation 23(9) of SEBI (LODR), please find enclosed disclosure of Related Party Transaction for half year ended September 30,2025 (Annexure B).4. Pursuant to Regulation 52(7) & 52(7A) of SEBI (LODR), please find enclosed the Statement indicating no Deviation or Variation in the use of proceeds of issue of listed, non-convertible, Secured/Unsecured Debentures for the quarter ended September 30,2025 (Annexure C).5. As per the provisions of Regulation 54(3) of SEBI (LODR), Report in respect of Security Cover is not applicable as Secured Debentures were redeemed on Maturity i.e August 5, 20256. As per SEBI circular no. SEBI/HO/CFD/CFD-PoD-2/CIR/P/2024/185 dated December 31, 2024 please find enclosed herewith the Format for disclosing outstanding default on loans and debt securities (Annexure D).The meeting of Board of Directors commenced at 12.00 noon and concluded at 3.45. p.m.",https://nsearchives.nseindia.com/corporate/RCF_14112025155823_BMOutocme1411.pdf,106444295,2.40 MB,text/RCF_106444295.txt
2025-11-14,SHRIRAMFIN,Shriram Finance Ltd.,NSE,Action(s) taken or orders passed,merger,merger,"Shriram Finance Limited has informed the Exchange about Action(s) taken or orders passed by Superintendent of Central GST & Excise Range-I, Durgapur-I Division levying penalties of Rs.14,90,328/- and Rs.1,632/- in respect of show cause cum demand notices against erstwhile Shriram City Union Finance Limited (which was amalgamated with Shriram Finance Limited w.e.f. April 1, 2022).",https://nsearchives.nseindia.com/corporate/Mathew_14112025182048_NSEBSEReg30PenaltybyCGSTNovember142025.pdf,106445079,333.13 KB,text/SHRIRAMFIN_106445079.txt
2025-11-15,PRIVISCL,Privi Speciality Chemicals Ltd.,NSE,Outcome of Board Meeting,merger,merger,"Privi Speciality Chemicals Limited has informed the Exchange regarding Board meeting held on November 15, 2025 - for withdrawal of application filed under Regulation 37 of SEBI (LODR) Regulations, 2015 for obtaining NOC from Stock Exchanges in respect of proposed Scheme of Amalgamation.",https://nsearchives.nseindia.com/corporate/FAIRCHEMDP_15112025123350_OutcomeofBoardMeeting15112025.pdf,106446319,602.34 KB,text/PRIVISCL_106446319.txt
2025-11-15,PRIVISCL,Privi Speciality Chemicals Ltd.,NSE,General Updates,merger,merger,"Privi Speciality Chemicals Limited has informed the Exchange about outcome of the Board Meeting held on November 15,2025 for withdrawal of the application under Regulation 37 of SEBI (LODR) Regulations, 2015 for obtaining NOC from stock exchanges in respect of proposed Scheme of Amalgamation",https://nsearchives.nseindia.com/corporate/FAIRCHEMDP_15112025124419_OutcomeofBoardMeeting15112025.pdf,106446333,602.34 KB,text/PRIVISCL_106446333.txt
2025-11-17,ADANIENT,Adani Enterprises Ltd.,NSE,Scheme of Arrangement,scheme_other,scheme_other,Adani Enterprises Limited has informed the Exchange about update on Scheme of Arrangement,https://nsearchives.nseindia.com/corporate/nishant_joshi_adani_com_17112025210001_AELSEIntimation17112025.pdf,106447982,3.36 MB,text/ADANIENT_106447982.txt
2025-11-17,GHCL,GHCL Ltd.,NSE,Updates,capital_reduction,capital_reduction|rights_issue,"GHCL Limited has informed the Exchange regarding 'Submission of Letter of Offer pertaining to buyback of up to 41,37,931 fully paid-up equity shares having a face value of INR 10/- each ( Equity Shares ) of GHCL Limited ( Company ), on a proportionate basis through tender offer route ( Buyback ), pursuant to the provisions of Regulation 7 of the Securities and Exchange Board of India (Buy-Back of Securities) Regulations, 2018, as amended ( SEBI Buyback Regulations ).'.",https://nsearchives.nseindia.com/corporate/GHCL_17112025172032_GHCL_Intimation_Buyback_LOF_November2025.pdf,106447678,1.92 MB,text/GHCL_106447678.txt
2025-11-18,GABRIEL,Gabriel India Ltd.,NSE,Scheme of Arrangement,scheme_other,scheme_other,Gabriel India Limited has informed the Exchange about receipt of Observation Letter with No Objection from National Stock Exchange Limited (NSE).,https://nsearchives.nseindia.com/corporate/GABRIEL_18112025145824_SEintimation_signed.pdf,106448659,869.46 KB,text/GABRIEL_106448659.txt
2025-11-18,GABRIEL,Gabriel India Ltd.,NSE,Scheme of Arrangement,scheme_other,scheme_other,"Gabriel India Limited has informed the Exchange about receipt of Observation Letter with ""No Adverse Observation"" from BSE Limited",https://nsearchives.nseindia.com/corporate/GABRIEL_18112025230647_SE_intimation_signed.pdf,106449335,2.31 MB,text/GABRIEL_106449335.txt
2025-11-18,HINDUNILVR,Hindustan Unilever Ltd.,NSE,General Updates,scheme_other,scheme_other,Material update in connection with the Scheme of Arrangement Communication received from Kwality Wall s (India) Limited,https://nsearchives.nseindia.com/corporate/HINDUNILVR_18112025181853_HULKWILSEIntimationsigned.pdf,106449029,279.12 KB,text/HINDUNILVR_106449029.txt
2025-11-18,INFY,Infosys Ltd.,NSE,Buyback,capital_reduction,capital_reduction|rights_issue,Infosys Limited has informed the Exchange about despatch of Letter of Offer,https://nsearchives.nseindia.com/corporate/Infosys_18112025182523_SE_letter_LoF_18112025.pdf,106449047,1.54 MB,text/INFY_106449047.txt
2025-11-18,JLHL,Jupiter Life Line Hospitals Ltd.,NSE,Scheme of Arrangement,merger,merger|scheme_other,"Order passed by Hon'ble National Company Law Tribunal, Mumbai Bench ('NCLT'), in relation to the Scheme of Amalgamation",https://nsearchives.nseindia.com/corporate/JUPITER2023_18112025180325_Reg_30_NCLT_Order__1_.pdf,106448997,371.08 KB,text/JLHL_106448997.txt
2025-11-18,VIYASH,Viyash Scientific Ltd.,NSE,Scheme of Arrangement,merger,merger|scheme_other,"Intimation of the Pronouncement by Hon''ble NCLT, Hyderabad Bench approving Composite Scheme of amalgamation",https://nsearchives.nseindia.com/corporate/SEQUENT1_18112025224832_SEsigned.pdf,106449270,4.56 MB,text/VIYASH_106449270.txt
2025-11-19,CCAVENUE,AvenuesAI Ltd.,NSE,Updates,rights_issue,rights_issue,"Infibeam Avenues Limited has informed the Exchange regarding 'Call Notice for payment of First and Final Call on Partly Paid-up Equity Shares issued and allotted on Rights Issue Basis pursuant to the Letter of Offer dated June 19, 2025'.",https://nsearchives.nseindia.com/corporate/INFIBEAM_19112025173600_IntimationCallNotice19112025.pdf,106450035,4.12 MB,text/CCAVENUE_106450035.txt
2025-11-19,VIYASH,Viyash Scientific Ltd.,NSE,Scheme of Arrangement,scheme_other,scheme_other,"Written order of NCLT, Hyderabad Bench.Arrangement",https://nsearchives.nseindia.com/corporate/SEQUENT1_19112025144929_SSL_Reg_30_NCLT_Website_order_sigend.pdf,106449859,3.79 MB,text/VIYASH_106449859.txt
2025-11-20,AMBUJACEM,Ambuja Cements Ltd.,NSE,Scheme of Arrangement,scheme_other,scheme_other,Ambuja Cements Limited has informed the Exchange about update on NCLT Order date 31st October 2025: Corrigendum to the Order dated 19th November 2025,https://nsearchives.nseindia.com/corporate/AMBUJACEM_20112025164811_ACL_Order_Merged.pdf,106450987,2.26 MB,text/AMBUJACEM_106450987.txt
2025-11-20,INDIAGLYCO,India Glycols Ltd.,NSE,General Updates,scheme_other,scheme_other,India Glycols Limited has informed the Exchange about General Updates on the Scheme of Arrangement.,https://nsearchives.nseindia.com/corporate/INDIAGLYCO_20112025145105_Reg_30_Disclosure_Observation_Letter-ocr.pdf,106450895,1.75 MB,text/INDIAGLYCO_106450895.txt
2025-11-20,JKTYRE,JK Tyre & Industries Ltd.,NSE,Scheme of Arrangement,scheme_other,scheme_other,"JK Tyre & Industries Limited has informed the Exchange about Order of National Company Law Tribunal, Jaipur Bench dated 20th November 2025 sanctioning the Scheme.",https://nsearchives.nseindia.com/corporate/JKTYRE_20112025193809_Scheme.pdf,106451197,7.17 MB,text/JKTYRE_106451197.txt
2025-11-20,SANDUMA,Sandur Manganese & Iron Ores Ltd.,NSE,General Updates,merger,merger,Sandur Manganese & Iron Ores Limited has informed the Exchange about approval of Scheme of Amalgamation between the Promoter Group Companies,https://nsearchives.nseindia.com/corporate/SANDUR_20112025172854_Ltr2SEsLIPLAmalgamationSigned.pdf,106451039,294.83 KB,text/SANDUMA_106451039.txt
2025-11-20,VIYASH,Viyash Scientific Ltd.,NSE,Scheme of Arrangement,scheme_other,scheme_other,Certified order passed by NCLT Hyderabad Bench,https://nsearchives.nseindia.com/corporate/SEQUENT1_20112025184524_CO.pdf,106451134,10.55 MB,text/VIYASH_106451134.txt
2025-11-21,SKFINDIA,SKF India Ltd.,NSE,Demerger,demerger,demerger,SKF India Limited has informed the Exchange about the communication for the attention of the shareholders of the Company for apportionment of cost of acquisition of equity shares of the Company and SKF India (Industrial) Limited pursuant to the Scheme.,https://nsearchives.nseindia.com/corporate/SKFINDIA25_21112025182518_19_SE_Intimation_on_Cost_apportionment_Signed.pdf,106452100,33.86 KB,text/SKFINDIA_106452100.txt
2025-11-22,SUNPHARMA,Sun Pharmaceutical Industries Ltd.,NSE,Scheme of Arrangement,scheme_other,scheme_other,Sun Pharmaceutical Industries Limited has informed the Exchange about Effective date of Composite Scheme of Arrangement,https://nsearchives.nseindia.com/corporate/SUNSEC_22112025140941_IntimationtoSEEffectivedateScheme.pdf,106452530,263.40 KB,text/SUNPHARMA_106452530.txt
2025-11-22,VIYASH,Viyash Scientific Ltd.,NSE,Scheme of Arrangement,merger,merger|scheme_other,Update on merger scheme,https://nsearchives.nseindia.com/corporate/SEQUENT1_22112025214023_Intimation_of_Record_date1.pdf,106452678,3.04 MB,text/VIYASH_106452678.txt
2025-11-23,HINDUNILVR,Hindustan Unilever Ltd.,NSE,General Updates,scheme_other,scheme_other,Material update in connection with the Scheme of Arrangement - Communication received from Kwality Wall's (India) Limited,https://nsearchives.nseindia.com/corporate/HINDUNILVR_23112025211049_23112025SEIntimation_signed.pdf,106452768,691.90 KB,text/HINDUNILVR_106452768.txt
2025-11-23,HINDUNILVR,Hindustan Unilever Ltd.,NSE,General Updates,scheme_other,scheme_other,Material update in connection with the Scheme of Arrangement - Communication received from Kwality Wall's (India) Limited,https://nsearchives.nseindia.com/corporate/HINDUNILVR_23112025214533_InvestorPresentationKWILsigned.pdf,106452770,10.31 MB,text/HINDUNILVR_106452770.txt
2025-11-26,ADANIENT,Adani Enterprises Ltd.,NSE,Shareholders meeting,scheme_other,scheme_other,"Adani Enterprises Limited has informed the Exchange regarding Notice of meeting of Equity shareholders pursuant to the Order passed by the Hon ble National Company Law Tribunal, Ahmedabad Bench to be held on December 29, 2025",https://nsearchives.nseindia.com/corporate/nishant_joshi_adani_com_26112025213634_AELSEintimationonNCLTMeeting.pdf,106455261,27.33 MB,skipped:27.33 MB
2025-11-26,AMBUJACEM,Ambuja Cements Ltd.,NSE,Shareholders meeting,scheme_other,scheme_other,"Ambuja Cements Limited has informed the Exchange regarding Notice of Court Convened Meeting pursuant to the Order passed by the Hon'ble National Company Law Tribunal, Ahmedabad Bench, to be held on December 30, 2025",https://nsearchives.nseindia.com/corporate/AMBUJACEM_26112025204738_ACL_Notice_Disclosure.pdf,106455249,16.45 MB,text/AMBUJACEM_106455249.txt
2025-11-26,VIYASH,Viyash Scientific Ltd.,NSE,Record Date,merger,merger,Sequent Scientific Limited has informed the Exchange that Record date for the purpose of Merger is 08-Dec-2025.,https://nsearchives.nseindia.com/corporate/SEQUENT1_26112025182610_Record_date_2_Disclosure.pdf,106455159,3.04 MB,text/VIYASH_106455159.txt
2025-11-27,TANLA,Tanla Platforms Ltd.,NSE,General Updates,merger,merger|scheme_other,"Tanla Platforms Limited has informed the Exchange about Update on Scheme of Arrangement for Merger between Karix Mobile PrivateLimited ( Karix / Transferee Company ), Wholly-Owned Subsidiary of the Company andGamooga Softtech Private Limited ( Gamooga / Transferor Company ), Step-down subsidiary ofthe Company",https://nsearchives.nseindia.com/corporate/TPL_27112025200455_TPL_Reg30_MergerUpdate_Karix_Gamooga_-signed.pdf,106456173,392.03 KB,text/TANLA_106456173.txt
2025-11-28,JKTYRE,JK Tyre & Industries Ltd.,NSE,Scheme of Arrangement,merger,merger|scheme_other,JK Tyre & Industries Limited has informed the Exchange about Update on the Scheme of Amalgamation,https://nsearchives.nseindia.com/corporate/JKTYRE_28112025153518_Scheme.pdf,106456816,146.29 KB,text/JKTYRE_106456816.txt
2025-11-28,NTPC,NTPC Ltd.,NSE,General Updates,scheme_other,scheme_other,NTPC Limited has informed the Exchange about NCLT Approval of Resolution Plan submitted by Consortium of NTPC and MAHAGENCO in CIRP of Sinnar Thermal Power Limited.,https://nsearchives.nseindia.com/corporate/NTPC2_28112025212206_NTPCSE_28112025.pdf,106457135,273.02 KB,text/NTPC_106457135.txt
2025-11-28,PAYTM,One 97 Communications Ltd.,NSE,Agreements,slump_sale,slump_sale,One 97 Communications Limited has informed the Exchange about Update on execution of Business Transfer Agreement ( BTA ) and transfer of Offline Merchant Payments Business to Paytm Payments Services Limited (Wholly-Owned Subsidiary).,https://nsearchives.nseindia.com/corporate/PAYTM_28112025215648_SE_Disclosure_PPSL_Business_Transfer_Update_sd.pdf,106457145,244.06 KB,text/PAYTM_106457145.txt
2025-11-28,SKFINDIA,SKF India Ltd.,NSE,Updates,demerger,demerger|scheme_other,"Compliance Letter w.r.t. Observation Letter dated March 28, 2025 issued by National Stock Exchange of India Limited ( NSE ) in the matter of Scheme of Arrangement between SKF India Limited ( SKF India or Demerged Company or Company ) and SKF India (Industrial) Limited ( SKF Industrial or Resulting Company ) and their respective shareholders and creditors ( Scheme ).Please find attached the Compliance Letter with respect to Observation Letter dated March 28, 2025 issued by NSE in the matter of Scheme of Arrangement between SKF India Limited and SKF India (Industrial) Limited and their respective shareholders and creditors, attached herewith as Annexure 1, for your kind consideration.",https://nsearchives.nseindia.com/corporate/SKFINDIA25_28112025194055_NSE.pdf,106457093,92.06 KB,text/SKFINDIA_106457093.txt
2025-11-28,VIYASH,Viyash Scientific Ltd.,NSE,Scheme of Arrangement,scheme_other,scheme_other,Sequent Scientific Limited has informed the Exchange about Scheme of Arrangement,https://nsearchives.nseindia.com/corporate/SEQUENT1_28112025103648_Effective_Date_1_Disclosure.pdf,106456546,359.08 KB,text/VIYASH_106456546.txt
2025-11-29,HINDUNILVR,Hindustan Unilever Ltd.,NSE,Updates,scheme_other,scheme_other,FAQs on the allotment of shares of Kwality Wall s (India) Limited pursuant to the approved Scheme of Arrangement,https://nsearchives.nseindia.com/corporate/HINDUNILVR_29112025134344_SEIntimationFAQs.pdf,106457474,3.99 MB,text/HINDUNILVR_106457474.txt
2025-12-01,HINDUNILVR,Hindustan Unilever Ltd.,NSE,General Updates,scheme_other,scheme_other,Material update in connection with the Scheme of Arrangement - Communication received from Kwality Wall's (India) Limited,https://nsearchives.nseindia.com/corporate/HINDUNILVR_01122025225329_KWILSEIntimation01122025Final_signed.pdf,106458682,549.61 KB,text/HINDUNILVR_106458682.txt
2025-12-01,MARUTI,Maruti Suzuki India Ltd.,NSE,General Updates,merger,merger,"Maruti Suzuki India Limited has informed the Exchange about Intimation under Regulation 30 of the Securities and Exchange Board of India (Listing Obligations and Disclosure Requirements) Regulations, 2015 -Effectiveness of the Scheme of Amalgamation ( Scheme )",https://nsearchives.nseindia.com/corporate/MARUTIASHISH_01122025002026_StockExIntimation_EffectivnessofScheme.pdf,106457790,235.11 KB,text/MARUTI_106457790.txt
2025-12-01,RELIANCE,Reliance Industries Ltd.,NSE,Other Restructuring,merger,merger,"Merger of Star Television Productions Limited, a subsidiary of the Company with Star India Private Limited (now known as Jiostar India Private Limited), another subsidiary of the Company, effective November 30, 2025.",https://nsearchives.nseindia.com/corporate/kavinavora_01122025174049_RIL_011225.pdf,106458344,252.01 KB,text/RELIANCE_106458344.txt
2025-12-01,TECHM,Tech Mahindra Ltd.,NSE,Amalgamation/Merger,merger,merger,Tech Mahindra Limited has informed the Exchange about Plan of Merger,https://nsearchives.nseindia.com/corporate/Apekshakhemka_01122025191255_SEIntimationplanofmergerF_signed.pdf,106458462,236.72 KB,text/TECHM_106458462.txt
2025-12-01,TRENT,Trent Ltd.,NSE,Amalgamation/Merger,merger,merger,"Trent Limited has informed the Exchange about Disclosure under Regulation 30 read with Schedule III of the Securities and Exchange Board of India (Listing Obligations and Disclosure Requirements) Regulations, 2015",https://nsearchives.nseindia.com/corporate/TRENT_01122025195813_Reg30IntimationofmergerofFHLFOL.pdf,106458493,228.94 KB,text/TRENT_106458493.txt
2025-12-02,WIPRO,Wipro Ltd.,NSE,Amalgamation/Merger,merger,merger,"Wipro Limited has informed the Exchange that pursuant to Regulation 30 read with Para A of Part A of Schedule III of the SEBI (Listing Obligations and Disclosure Requirements) Regulations, 2015, it is informed that merger of Wipro Digital Inc., (wholly-owned subsidiary) with Harman Connected Services, Inc. (step-down subsidiary) is completed and is effective from December 1, 2025.",https://nsearchives.nseindia.com/corporate/Cslogin_02122025090037_Reg30SEIntimation02122025.pdf,106458786,237.83 KB,text/WIPRO_106458786.txt
2025-12-02,ZEEL,Zee Entertainment Enterprises Ltd.,NSE,News Verification,merger,merger,The Exchange has sought clarification from Zee Entertainment Enterprises Limited with respect to recent news item captioned Zee announces more layoffs as business takes a hit after failed Sony merger. The response from the Company is awaited.,-,106459239,0 Bytes,
2025-12-03,JSWSTEEL,JSW Steel Ltd.,NSE,Amalgamation/Merger,merger,merger,JSW Steel Limited has informed the Exchange about Amalgamation/Merger,https://nsearchives.nseindia.com/corporate/Supriya_03122025142728_outcomeScheme.pdf,106460031,250.27 KB,text/JSWSTEEL_106460031.txt
2025-12-03,PARADEEP,Paradeep Phosphates Ltd.,NSE,General Updates,scheme_other,scheme_other,"Paradeep Phosphates Limited has informed the Exchange about Allotment of Equity Shares pursuant to the composite scheme of arrangement by and amongst Mangalore Chemicals & Fertilizers Limited, Paradeep Phosphates Limited and their respective shareholdersand creditors",https://nsearchives.nseindia.com/corporate/PPLTD_03122025123009_Intimationofallotment.pdf,106459975,277.43 KB,text/PARADEEP_106459975.txt
2025-12-03,VEDL,Vedanta Ltd.,NSE,Acquisition,scheme_other,scheme_other,"Pursuant to Regulation 30 of Listing Regulations, as amended from time to time, we wish to inform you that the National Company Law Tribunal Kolkata ( NCLT Kolkata ) vide its Order uploaded on NCLT website on December 03, 2025 around 05:30 PM IST, has granted its approval for the Resolution Plan as submitted by Vedanta Limited for acquisition of Incab Industries Limited ( Incab or Company ) under Corporate Insolvency Resolution Process in accordance with the provisions of Insolvency and Bankruptcy Code (IBC), 2016.",https://nsearchives.nseindia.com/corporate/VEDL_03122025212754_VEDLSEIntimationIncabNCLTOrderDec32025signed.pdf,106460369,414.93 KB,text/VEDL_106460369.txt
2025-12-03,ZEEL,Zee Entertainment Enterprises Ltd.,NSE,News Verification,merger,merger,The Exchange has sought clarification from Zee Entertainment Enterprises Limited with respect to recent news item captioned Zee announces more layoffs as business takes a hit after failed Sony merger. The response from the Company is attached.,https://nsearchives.nseindia.com/corporate/ZEEL_03122025152509_ResponsetoNSE3Dec25.pdf,106460065,722.64 KB,text/ZEEL_106460065.txt
2025-12-04,GPIL,Godawari Power & Ispat Ltd.,NSE,Outcome of Board Meeting,rights_issue,rights_issue,"Godawari Power And Ispat limited has informed the Exchange regarding Board meeting held on December 04, 2025 pertaining to approval for Investment in Deccan Gold Mines Ltd (DGML) and to act as Specific Investor in the proposed Rights Issue of DGML.",https://nsearchives.nseindia.com/corporate/GPIL_04122025125555_GPILNSEBSEOUTCOMEOFBM04122025.pdf,106460903,1.02 MB,text/GPIL_106460903.txt
2025-12-04,GPIL,Godawari Power & Ispat Ltd.,NSE,Acquisition,rights_issue,rights_issue,Godawari Power And Ispat limited has informed the Exchange about Acquisition pertaining to approval for Investment in Deccan Gold Mines Ltd (DGML) and to act as Specific Investor in the proposed Rights Issue of DGML,https://nsearchives.nseindia.com/corporate/GPIL_04122025130206_GPILNSEBSEOUTCOMEOFBM04122025.pdf,106460907,1.02 MB,text/GPIL_106460907.txt
2025-12-05,DABUR,Dabur India Ltd.,NSE,Amalgamation/Merger,merger,merger,"Dabur India Limited has informed the Exchange about Observation Letter with ""no adverse observation"" received from BSE Limited in relation to the Scheme of Amalgamation of Sesa Care Private Limited with and into Dabur India Limited",https://nsearchives.nseindia.com/corporate/DABURIN_05122025152533_observationletter.pdf,106461871,878.05 KB,text/DABUR_106461871.txt
2025-12-05,DABUR,Dabur India Ltd.,NSE,Amalgamation/Merger,merger,merger,Dabur India Limited has informed the Exchange about Receipt of Observation Letter with 'no objection' from the National Stock Exchange of India Limited in relation to the Scheme of Amalgamation of Sesa Care Private Limited with and into Dabur India Limited and their respective shareholders and creditors.,https://nsearchives.nseindia.com/corporate/DABURIN_05122025165048_letternse.pdf,106461965,424.11 KB,text/DABUR_106461965.txt
2025-12-05,ECLERX,eClerx Services Ltd.,NSE,Record Date,capital_reduction,capital_reduction,eClerx Services Limited has informed the Exchange that Record date for the purpose of Buyback is 17-Dec-2025.,https://nsearchives.nseindia.com/corporate/ECLERX_05122025131322_BSENSERDBBINTIMATION.pdf,106461793,314.63 KB,text/ECLERX_106461793.txt
2025-12-05,ECLERX,eClerx Services Ltd.,NSE,General Updates,capital_reduction,capital_reduction,eClerx Services Limited has informed the Exchange about Update on Buyback,https://nsearchives.nseindia.com/corporate/ECLERX_05122025131717_BSENSERDBBINTIMATION.pdf,106461795,314.63 KB,text/ECLERX_106461795.txt
2025-12-05,INFY,Infosys Ltd.,NSE,Post Buyback Public Announcement,capital_reduction,capital_reduction,Infosys Limited has informed the Exchange about post Buyback Public Announcement,https://nsearchives.nseindia.com/corporate/Infosys_05122025154029_SE_Newspaper_Advt_05122025.pdf,106461878,10.72 MB,text/INFY_106461878.txt
2025-12-06,ECLERX,eClerx Services Ltd.,NSE,Public Announcement - Buyback of Shares,capital_reduction,capital_reduction,eClerx Services Limited has informed the Exchange about public Announcement - Buyback of Shares,https://nsearchives.nseindia.com/corporate/ECLERX_06122025111625_BSE_NSE_PAAnnouncement.pdf,106462395,13.07 MB,text/ECLERX_106462395.txt
2025-12-06,POLICYBZR,PB Fintech Ltd.,NSE,General Updates,merger,merger|scheme_other,"PB Fintech Limited has informed the Exchange regarding allotment of 5,98,90,000 equity shares pursuant to Scheme of Arrangement/Amalgamation approved by the Board of Directors through resolution passed by way of Circulation on December 06, 2025",https://nsearchives.nseindia.com/corporate/POLICYBZR_06122025192136_PB_FintechAllotmentSTXIntimation06122025.pdf,106462644,254.17 KB,text/POLICYBZR_106462644.txt
2025-12-08,LT,Larsen & Toubro Ltd.,NSE,Scheme of Arrangement,scheme_other,scheme_other,"Approval of Scheme of Arrangement of Larsen & Toubro Limited and L&T Realty Properties Limited and their respective Shareholders and Creditors under Sections 230 to 232 and other applicable provisions of the Companies Act, 2013",https://nsearchives.nseindia.com/corporate/Subhodh_08122025190237_Regulation30disclosure08122025_sd.pdf,106463447,3.45 MB,text/LT_106463447.txt
2025-12-10,ADANIENT,Adani Enterprises Ltd.,NSE,Updates,rights_issue,rights_issue,Adani Enterprises Limited has informed the Exchange regarding 'closure of the issue period of the rights issue of Adani Enterprises Limited '.,https://nsearchives.nseindia.com/corporate/nishant_joshi_adani_com_10122025200017_AELissueclosedintimation10122025.pdf,106465407,165.75 KB,text/ADANIENT_106465407.txt
2025-12-10,HINDUNILVR,Hindustan Unilever Ltd.,NSE,General Updates,scheme_other,scheme_other,Material update in connection with the Scheme of Arrangement - Communication received from Kwality Wall's (India) Limited,https://nsearchives.nseindia.com/corporate/HINDUNILVR_10122025194900_HULKWILIntiamtionCSResignationsigned.pdf,106465397,1.19 MB,text/HINDUNILVR_106465397.txt
2025-12-11,ADANIENT,Adani Enterprises Ltd.,NSE,Rights Issue,rights_issue,rights_issue,Allotment of partly paid up equity shares on rights basis,https://nsearchives.nseindia.com/corporate/nishant_joshi_adani_com_11122025212653_AELAllotment11122025__v3.pdf,106466415,214.01 KB,text/ADANIENT_106466415.txt
2025-12-11,EMBDL,Embassy Developments Ltd.,NSE,Corporate Insolvency Resolution Process,scheme_other,scheme_other,Embassy Developments Limited has informed the Exchange about Corporate Insolvency Resolution Process w.r.t. grant of stay by Hon'ble NCLAT against the impugned order passed by Hon'ble NCLT.,https://nsearchives.nseindia.com/corporate/IBREL_11122025145548_EDL_SE_Intimation_CIRP.pdf,106466091,687.90 KB,text/EMBDL_106466091.txt
2025-12-11,EMBDL,Embassy Developments Ltd.,NSE,Corporate Insolvency Resolution Process,scheme_other,scheme_other,Please refer attachment for copy of order passed by Hon'ble NCLAT granting stay on impugned order of Hon'ble NCLT.,https://nsearchives.nseindia.com/corporate/IBREL_11122025202927_EDL_SE_Intimation_NCLAT_Order_Final.pdf,106466400,402.38 KB,text/EMBDL_106466400.txt
2025-12-12,NH,Narayana Hrudayalaya Ltd.,NSE,Outcome of Board Meeting,demerger,demerger|scheme_other,"Narayana Hrudayalaya Ltd. has informed the Exchange regarding Board meeting held on December 12, 2025 regarding Approval of the Scheme of Arrangement between NH Integrated Care Private Limited( Demerged Company/NHIC ), Narayana Hrudayalaya Limited ( ResultingCompany/NHL ) and their respective Shareholders and Creditors under Sections 230 to232 and other applicable provisions of the Companies Act, 2013 ( Scheme )",https://nsearchives.nseindia.com/corporate/Narayana_12122025203257_SE_Demerger_NHL_NHIC_new.pdf,106467393,677.80 KB,text/NH_106467393.txt
2025-12-12,NH,Narayana Hrudayalaya Ltd.,NSE,Demerger,demerger,demerger|scheme_other,"Narayana Hrudayalaya Ltd. has informed the Exchange about Approval of the Scheme of Arrangement between NH Integrated Care Private Limited ( Demerged Company/NHIC ), Narayana Hrudayalaya Limited ( Resulting Company/NHL ) and their respective Shareholders and Creditors under Sections 230 to 232 and other applicable provisions of the Companies Act, 2013 ( Scheme )",https://nsearchives.nseindia.com/corporate/Narayana_12122025204510_SE_Demerger_NHL_NHIC_new.pdf,106467399,677.80 KB,text/NH_106467399.txt
2025-12-13,HINDUNILVR,Hindustan Unilever Ltd.,NSE,General Updates,scheme_other,scheme_other,Material update in connection with the Scheme of Arrangement - Communication received from Kwality Wall's (India) Limited,https://nsearchives.nseindia.com/corporate/HINDUNILVR_13122025214953_SEIntimationCostofAcquisitionFinalsigned.pdf,106467864,272.97 KB,text/HINDUNILVR_106467864.txt
2025-12-15,LUMAXTECH,Lumax Auto Technologies Ltd.,NSE,Scheme of Arrangement,scheme_other,scheme_other,"Lumax Auto Technologies Limited has informed the Exchange about Intimation under Regulation 30 of Securities and Exchange Board of India (Listing Obligations and Disclosure Requirements) Regulations, 2015 - Order reserved by the Hon'ble National Company Law Tribunal, New Delhi Bench",https://nsearchives.nseindia.com/corporate/LUMAXTECH_15122025182347_LATLIntimationIACorder15122025.pdf,106468579,384.48 KB,text/LUMAXTECH_106468579.txt
2025-12-16,CCAVENUE,AvenuesAI Ltd.,NSE,Conversion,rights_issue,rights_issue,"Infibeam Avenues Limited has informed the Exchange about Conversion of 68,21,82,616 Partly Paid-Up Equity Shares into Fully Paid-Up Equity Shares of the Company upon receipt of the Final Call Money - Rights Issue",https://nsearchives.nseindia.com/corporate/INFIBEAM_16122025180257_IntimationOutcomeRI16122025.pdf,106469546,2.95 MB,text/CCAVENUE_106469546.txt
2025-12-16,COFORGE,Coforge Ltd.,NSE,General Updates,scheme_other,scheme_other,Coforge Limited has informed the Exchange about Filing of Second Motion Petition with the Hon ble National Company Law Tribunal ( NCLT ),https://nsearchives.nseindia.com/corporate/COFORGE_16122025133006_STX_Intimation-Coforge_SMP.pdf,106469285,232.29 KB,text/COFORGE_106469285.txt
2025-12-16,ECLERX,eClerx Services Ltd.,NSE,General Updates,capital_reduction,capital_reduction,eClerx Services Limited has informed the Exchange about Update On Buy Back Of Equity Shares,https://nsearchives.nseindia.com/corporate/ECLERX_16122025183135_BSENSE_PriceChangeIntimation.pdf,106469578,291.42 KB,text/ECLERX_106469578.txt
2025-12-16,VEDL,Vedanta Ltd.,NSE,News Verification,demerger,demerger|scheme_other,The Exchange has sought clarification from Vedanta Limited with respect to recent news item captioned Vedanta demerger decks cleared after Mumbai NCLT approves plan; Stock surges. The response from the Company is awaited.,-,106469344,0 Bytes,
2025-12-16,VEDL,Vedanta Ltd.,NSE,News Verification,demerger,demerger|scheme_other,The Exchange has sought clarification from Vedanta Limited with respect to recent news item captioned Vedanta demerger decks cleared after Mumbai NCLT approves plan; Stock surges. The response from the Company is attached.,https://nsearchives.nseindia.com/corporate/VEDL_16122025163405_VEDLSEIntimationClarification16122025.pdf,106469445,277.24 KB,text/VEDL_106469445.txt
2025-12-16,VEDL,Vedanta Ltd.,NSE,Updates,demerger,demerger|scheme_other,Vedanta Limited has informed the Exchange regarding 'Update on Scheme of Arrangement for Demerger of Vedanta Limited'.,https://nsearchives.nseindia.com/corporate/VEDL_16122025225750_VEDLSEIntimationNCLTOrder16Dec_2025signed.pdf,106469803,2.95 MB,text/VEDL_106469803.txt
2025-12-16,VIYASH,Viyash Scientific Ltd.,NSE,Scheme of Arrangement,scheme_other,scheme_other,Sequent Scientific Limited has informed the Exchange about Scheme of Arrangement-Update,https://nsearchives.nseindia.com/corporate/SEQUENT1_16122025190249_Outcome_BM_Dec_16_2025.pdf,106469615,649.83 KB,text/VIYASH_106469615.txt
2025-12-17,ADANIENT,Adani Enterprises Ltd.,NSE,Outcome of Board Meeting,rights_issue,rights_issue,"Adani Enterprises Limited has informed the Exchange regarding outcome of rights issue committee meeting held on December 17, 2025.",https://nsearchives.nseindia.com/corporate/nishant_joshi_adani_com_17122025204731_AELRICOutcome17122025.pdf,106470708,141.17 KB,text/ADANIENT_106470708.txt
2025-12-17,CAMS,Computer Age Management Services Ltd.,NSE,Agreements,slump_sale,slump_sale,Computer Age Management Services Limited has informed the Exchange about Business Transfer Agreement executed between the Company and its wholly owned subsidiary on 17th December 2025.,https://nsearchives.nseindia.com/corporate/Jaiganesh_17122025181018_CAMS_BTA_with_CAMSPay.pdf,106470552,436.42 KB,text/CAMS_106470552.txt
2025-12-18,ECLERX,eClerx Services Ltd.,NSE,General Updates,capital_reduction,capital_reduction|rights_issue,eClerx Services Limited has informed the Exchange about Letter of Offer for Buy Back of Equity shares,https://nsearchives.nseindia.com/corporate/ECLERX_18122025222044_NSEBSELOF.pdf,106471735,1.68 MB,text/ECLERX_106471735.txt
2025-12-18,HEXT,Hexaware Technologies Ltd.,NSE,Amalgamation/Merger,merger,merger,Hexaware Technologies Limited has informed the Exchange about Amalgamation/Merger,https://nsearchives.nseindia.com/corporate/HEXAWARETECH_18122025211733_outcome_of_the_board_meeting.pdf,106471712,2.30 MB,text/HEXT_106471712.txt
2025-12-18,NH,Narayana Hrudayalaya Ltd.,NSE,Shareholders meeting,scheme_other,scheme_other,"Narayana Hrudayalaya Ltd. has informed the Exchange about the notice of a meeting of the equity shareholders of the Company, proposed to be held on January 19, 2026, pursuant to the directions of the Hon ble National Company Law Tribunal, Bengaluru Bench",https://nsearchives.nseindia.com/corporate/Narayana_18122025195555_SE_Notice_EGM_and_creditorsDSC.pdf,106471672,57.72 MB,skipped:57.72 MB
2025-12-18,NH,Narayana Hrudayalaya Ltd.,NSE,General Updates,scheme_other,scheme_other,"Narayana Hrudayalaya Ltd. has informed the Exchange about the notice of a meeting of Secured creditors of the Company, proposed to be held on January 19, 2026, pursuant to the directions of the Hon ble National Company Law Tribunal, Bengaluru Bench",https://nsearchives.nseindia.com/corporate/Narayana_18122025200626_SE_Notice_EGM_and_creditorsDSC.pdf,106471675,57.72 MB,skipped:57.72 MB
2025-12-18,NH,Narayana Hrudayalaya Ltd.,NSE,General Updates,scheme_other,scheme_other,"Narayana Hrudayalaya Ltd. has informed the Exchange about the notice of a meeting of Unsecured Loan Creditors of the Company, proposed to be held on January 19, 2026, pursuant to the directions of the Hon ble National Company Law Tribunal, Bengaluru Bench",https://nsearchives.nseindia.com/corporate/Narayana_18122025201004_SE_Notice_EGM_and_creditorsDSC.pdf,106471678,57.72 MB,skipped:57.72 MB
2025-12-18,NH,Narayana Hrudayalaya Ltd.,NSE,General Updates,scheme_other,scheme_other,"Narayana Hrudayalaya Ltd. has informed the Exchange about the notice of a meeting of Unsecured Trade Creditors of the Company, proposed to be held on January 19, 2026, pursuant to the directions of the Hon ble National Company Law Tribunal, Bengaluru Bench",https://nsearchives.nseindia.com/corporate/Narayana_18122025201232_SE_Notice_EGM_and_creditorsDSC.pdf,106471682,57.72 MB,skipped:57.72 MB
2025-12-19,GODIGIT,Go Digit General Insurance Ltd.,NSE,Press Release,merger,merger,"Go Digit General Insurance Limited has informed the Exchange regarding a press release dated December 19, 2025, titled ""Go Digit Infoworks Service Private Limited to Amalgamate with Go Digit General Insurance Limited"".",https://nsearchives.nseindia.com/corporate/GODIGITGI_19122025223016_GDGIL_Outcome_PressRelease.pdf,106472779,537.80 KB,text/GODIGIT_106472779.txt
2025-12-19,GODIGIT,Go Digit General Insurance Ltd.,NSE,Amalgamation/Merger,merger,merger,Go Digit General Insurance Limited has informed the Exchange about Amalgamation/Merger,https://nsearchives.nseindia.com/corporate/GODIGITGI_19122025223640_GDGIL_Outcome_PressRelease.pdf,106472785,537.80 KB,text/GODIGIT_106472785.txt
2025-12-19,PRIVISCL,Privi Speciality Chemicals Ltd.,NSE,Outcome of Board Meeting,merger,merger,"Privi Speciality Chemicals Limited has informed the Exchange regarding outcome of Board meeting held on December 19, 2025. inter alia approved Scheme of Amalgamation",https://nsearchives.nseindia.com/corporate/FAIRCHEMDP_19122025191915_OutcomeofBMReg3019122025.pdf,106472691,578.57 KB,text/PRIVISCL_106472691.txt
2025-12-19,PRIVISCL,Privi Speciality Chemicals Ltd.,NSE,Outcome of Board Meeting,merger,merger,"Privi Speciality Chemicals Limited has informed the Exchange regarding Outcome of Board Meeting held on December 19, 2025 to consider & Approve Scheme of Amalgamation",https://nsearchives.nseindia.com/corporate/FAIRCHEMDP_19122025192536_OutcomeofBMReg3019122025.pdf,106472694,578.57 KB,text/PRIVISCL_106472694.txt
2025-12-19,TRIVENI,Triveni Engineering & Industries Ltd.,NSE,Scheme of Arrangement,scheme_other,scheme_other,Triveni Engineering & Industries Limited has informed the Exchange about Scheme of Arrangement,https://nsearchives.nseindia.com/corporate/TRIVENI_19122025144154_NCLT_ORDER_16_12_2025.pdf,106472341,781.03 KB,text/TRIVENI_106472341.txt
2025-12-22,ACC,ACC Ltd.,NSE,Amalgamation/Merger,merger,merger,ACC Limited has informed the Exchange about the approval of Scheme of Amalgamation of ACC Limited (Amalgamating Company) with Ambuja Cements Limited (Amalgamated Company).,https://nsearchives.nseindia.com/corporate/ACC_1_22122025204733_ACC_Outcome_of_BM_22122025_Final.pdf,106474241,219.58 KB,text/ACC_106474241.txt
2025-12-22,AMBUJACEM,Ambuja Cements Ltd.,NSE,Amalgamation/Merger,merger,merger,Approval of Scheme of Amalgamation of ACC Limited with Ambuja Cements Limited and Orient Cement Limited with Ambuja Cements Limited,https://nsearchives.nseindia.com/corporate/AMBUJACEM_22122025204411_ACL_Outcome_BM_22122025_Final.pdf,106474239,334.36 KB,text/AMBUJACEM_106474239.txt
2025-12-22,AMBUJACEM,Ambuja Cements Ltd.,NSE,Press Release,merger,merger,Approval of Scheme of Amalgamation of ACC Limited with Ambuja Cements Limited and Orient Cement Limited with Ambuja Cements Limited,https://nsearchives.nseindia.com/corporate/AMBUJACEM_22122025205313_Ambuja_SE_Media_Release_Final.pdf,106474244,250.61 KB,text/AMBUJACEM_106474244.txt
2025-12-22,AMBUJACEM,Ambuja Cements Ltd.,NSE,General Updates,merger,merger,Ambuja Cements Limited has informed the Exchange about Capital Market Q&A on - Amalgamation of ACC Limited and Orient Cement Limited with Ambuja Cements Limited,https://nsearchives.nseindia.com/corporate/AMBUJACEM_22122025210530_Ambuja_SE_Capital_Market_QnA_Final.pdf,106474252,990.66 KB,text/AMBUJACEM_106474252.txt
2025-12-22,HCC,Hindustan Construction Co. Ltd.,NSE,Updates,rights_issue,rights_issue,Hindustan Construction Company Limited has informed the Exchange regarding 'Intimation on closure of the issue period of the Rights Issue of HindustanConstruction Company Limited '.,https://nsearchives.nseindia.com/corporate/HCC_22122025174140_Intimation_on_closure_of_the_Issue.pdf,106474069,291.03 KB,text/HCC_106474069.txt
2025-12-22,JKTYRE,JK Tyre & Industries Ltd.,NSE,General Updates,merger,merger,JK Tyre & Industries Limited has informed the Exchange about the effectiveness of the Scheme of Amalgamation (Scheme),https://nsearchives.nseindia.com/corporate/JKTYRE_22122025185244_AlterationinMOA.pdf,106474187,173.91 KB,text/JKTYRE_106474187.txt
2025-12-22,LLOYDSENT,Lloyds Enterprises Ltd.,NSE,Scheme of Arrangement,scheme_other,scheme_other,Lloyds Enterprises Limited has informed the Exchange about Scheme of Arrangement,https://nsearchives.nseindia.com/corporate/SGTL2008_22122025202542_OutcomeofBoardMeeting.pdf,106474229,1.10 MB,text/LLOYDSENT_106474229.txt
2025-12-22,ORIENTCEM,Orient Cement Ltd.,NSE,Amalgamation/Merger,merger,merger,Approval of Scheme of Amalgamation of Orient Cement Limited with Ambuja Cements Limited.,https://nsearchives.nseindia.com/corporate/ORIENTCEM_22122025203851_OCL_Outcome_BM_22122025_Final.pdf,106474237,235.66 KB,text/ORIENTCEM_106474237.txt
2025-12-22,ORIENTCEM,Orient Cement Ltd.,NSE,Amalgamation/Merger,merger,merger,Approval of Scheme of Amalgamation of Orient Cement Limited with Ambuja Cements Limited.,https://nsearchives.nseindia.com/corporate/ORIENTCEM_22122025211126_OCL_Outcome_BM_22122025_Final_V1.pdf,106474255,262.67 KB,text/ORIENTCEM_106474255.txt
2025-12-23,HCC,Hindustan Construction Co. Ltd.,NSE,Press Release,rights_issue,rights_issue,"Hindustan Construction Company Limited has informed the Exchange regarding a press release dated December 23, 2025, titled ""HCC &#8377;1 000 crore Rights Issue subscribed 200%"".",https://nsearchives.nseindia.com/corporate/HCC_23122025124204_Press_Release_.pdf,106474927,455.63 KB,text/HCC_106474927.txt
2025-12-23,TATACAP,Tata Capital Ltd.,NSE,Action(s) taken or orders passed,merger,merger,"Tata Capital Limited has informed the Exchange about the disclosure under Regulations 30 and 51 of the SEBI LODR with respect to the settlement order passed by SEBI for erstwhile Tata Motors Finance Limited, now merged with Tata Capital Limited.",https://nsearchives.nseindia.com/corporate/TATACAPITAL_23122025211420_Stock_Exchange_Intimation_-_Settlement_Order__TMFL_.pdf,106475609,276.02 KB,text/TATACAP_106475609.txt
2025-12-24,JKTYRE,JK Tyre & Industries Ltd.,NSE,Press Release,merger,merger,"JK Tyre & Industries Limited has informed the Exchange regarding a press release dated December 23, 2025, titled ""JK Tyre completes merger of Cavendish Industries Ltd., its subsidiary."".",https://nsearchives.nseindia.com/corporate/JKTYRE_24122025105457_PressRelease.pdf,106476033,176.60 KB,text/JKTYRE_106476033.txt
2025-12-26,JKTYRE,JK Tyre & Industries Ltd.,NSE,Allotment of Securities,merger,merger|scheme_other,"JK Tyre & Industries Limited has informed the Exchange regarding allotment of 14269484 securities pursuant to Scheme of Arrangement/Amalgamation at its meeting held on December 26, 2025",https://nsearchives.nseindia.com/corporate/JKTYRE_26122025122435_allotmentscheme.pdf,106478021,161.94 KB,text/JKTYRE_106478021.txt
2025-12-29,ENDURANCE,Endurance Technologies Ltd.,NSE,Amalgamation/Merger,merger,merger,Endurance Technologies Limited has informed the Exchange about Amalgamation/Merger,https://nsearchives.nseindia.com/corporate/ENDURANCE_29122025171626_Intimation29122025.pdf,106481276,586.13 KB,text/ENDURANCE_106481276.txt
2025-12-29,GRASIM,Grasim Industries Ltd.,NSE,General Updates,scheme_other,scheme_other,"Composite Scheme of Arrangement amongst Aditya Birla Renewables Limited, Essel Mining & Industries Limited, Electrotherm Renewables Private Limited, ABREL EPCCO Services Limited, ABREL Renewables EPC Limited, ABREL EPC Limited and their respective shareholders and creditors",https://nsearchives.nseindia.com/corporate/GRASIM_29122025190712_SEIntimation.pdf,106481591,689.26 KB,text/GRASIM_106481591.txt
2025-12-30,HINDUNILVR,Hindustan Unilever Ltd.,NSE,General Updates,scheme_other,scheme_other,Material update in connection with the Scheme of Arrangement - Communication received from Kwality Wall's (India) Limited,https://nsearchives.nseindia.com/corporate/HINDUNILVR_30122025214126_SEIntimation30122025signed.pdf,106483132,465.25 KB,text/HINDUNILVR_106483132.txt
2025-12-31,GPIL,Godawari Power & Ispat Ltd.,NSE,Updates,rights_issue,rights_issue,Godawari Power And Ispat limited has informed the Exchange regarding 'Updates regarding to act as Specific Investor in the Rights Issue of Deccan Gold Mines Ltd (DGML).'.,https://nsearchives.nseindia.com/corporate/GPIL_31122025133158_GPILNSEBSEUPDATESDGML31122025.pdf,106483826,519.83 KB,text/GPIL_106483826.txt
2025-12-31,PARADEEP,Paradeep Phosphates Ltd.,NSE,Updates,merger,merger,"Paradeep Phosphates Limited has informed the Exchange regarding 'Intimation of Listing of further issue of 22,16,23,331 Equity shares of Rs. 10/- each allotted pursuant to the Scheme of Amalgamation of Mangalore Chemicals & Fertilizers Limited with the Company'.",https://nsearchives.nseindia.com/corporate/PPLTD_31122025174949_PPLLettertoSE.pdf,106484263,187.92 KB,text/PARADEEP_106484263.txt
2026-01-01,AUROPHARMA,Aurobindo Pharma Ltd.,NSE,Acquisition,slump_sale,slump_sale,"Aurobindo Pharma Limited has informed the Exchange about acquisition of the branded non-oncology prescription formulations business of Khandelwal Laboratories Private Limited as a going concern, including without limitation inventory, intellectual property, employees, contracts etc. on a slump sale basis is being acquired by Auro Pharma Limited, a wholly owned subsidiary of the Company.",https://nsearchives.nseindia.com/corporate/AUROPHARMA_01012026180203_LtrToSEsAuroPharmaAcquisition01012026.pdf,106485318,259.26 KB,text/AUROPHARMA_106485318.txt
2026-01-01,DEVYANI,Devyani International Ltd.,NSE,Scheme of Arrangement,scheme_other,scheme_other,Devyani International Limited has informed the Exchange about Scheme of Arrangement,https://nsearchives.nseindia.com/corporate/DEVYANI_01012026212206_DIL_Outcome_sign.pdf,106485404,452.81 KB,text/DEVYANI_106485404.txt
2026-01-01,INDGN,Indegene Ltd.,NSE,Amalgamation/Merger,merger,merger,Indegene Limited has informed the Exchange about Amalgamation/Merger,https://nsearchives.nseindia.com/corporate/INDEGENE_01012026195311_Amalgamation_-_SEBI_Notification.pdf,106485386,1.38 MB,text/INDGN_106485386.txt
2026-01-01,SAPPHIRE,Sapphire Foods India Ltd.,NSE,Amalgamation/Merger,merger,merger,Sapphire Foods India Limited has informed the Exchange about Amalgamation/Merger,https://nsearchives.nseindia.com/corporate/SAPPHIRE_01012026205849_NSE.pdf,106485397,734.84 KB,text/SAPPHIRE_106485397.txt
2026-01-05,ECLERX,eClerx Services Ltd.,NSE,Post Buyback Public Announcement,capital_reduction,capital_reduction,eClerx Services Limited has informed the Exchange about post Buyback Public Announcement,https://nsearchives.nseindia.com/corporate/ECLERX_05012026131402_BSENSEPOPA.pdf,106487470,8.63 MB,text/ECLERX_106487470.txt
2026-01-05,HINDUNILVR,Hindustan Unilever Ltd.,NSE,General Updates,scheme_other,scheme_other,Material update in connection with the Scheme of Arrangement - Communication received from Kwality Wall's (India) Limited,https://nsearchives.nseindia.com/corporate/HINDUNILVR_05012026120352_KWILSEIntimation05012026_signed.pdf,106487384,428.44 KB,text/HINDUNILVR_106487384.txt
2026-01-07,CCAVENUE,AvenuesAI Ltd.,NSE,Committee Meeting Updates,rights_issue,rights_issue,"Infibeam Avenues Limited has informed the Exchange regarding Rights Issue Committee Meeting to be held on January 12, 2026 for Reminder cum Forfeiture Notice for payment of Call Money outstanding on Partly Paid-up Equity Shares.",https://nsearchives.nseindia.com/corporate/INFIBEAM_07012026183108_Intimation_of_RICM.pdf,106490680,3.31 MB,text/CCAVENUE_106490680.txt
2026-01-08,LLOYDSENT,Lloyds Enterprises Ltd.,NSE,Outcome of Board Meeting,rights_issue,rights_issue,"Lloyds Enterprises Limited has informed the Exchange regarding Outcome of Meeting of Right Issue Committee held on January 08, 2026.",https://nsearchives.nseindia.com/corporate/SGTL2008_08012026163905_OutcomeofRightsIssueCommitteeMeeting.pdf,106491720,844.94 KB,text/LLOYDSENT_106491720.txt
2026-01-08,VIJAYA,Vijaya Diagnostic Centre Ltd.,NSE,Allotment of Securities,merger,merger|scheme_other,"Vijaya Diagnostic Centre Limited has informed the Exchange regarding allotment of 171792 securities pursuant to Scheme of Arrangement/Amalgamation at its meeting held on January 08, 2026",https://nsearchives.nseindia.com/corporate/VIJAYA_08012026151837_Stx_Intimation_Signed.pdf,106491598,249.41 KB,text/VIJAYA_106491598.txt
2026-01-09,HEGAM,HEG Advanced Materials Ltd.,NSE,Updates,scheme_other,scheme_other,HEG Limited has informed the Exchange regarding 'Update on Composite Scheme of Arrangement'.,https://nsearchives.nseindia.com/corporate/HEG_09012026173208_StxintimationOL09012026S.pdf,106493114,608.39 KB,text/HEGAM_106493114.txt
2026-01-09,HEGAM,HEG Advanced Materials Ltd.,NSE,General Updates,scheme_other,scheme_other,HEG Limited has informed the Exchange about General Updates on 'Update on Composite Scheme of Arrangement'.,https://nsearchives.nseindia.com/corporate/HEG_09012026173902_StxintimationOL09012026S.pdf,106493123,608.39 KB,text/HEGAM_106493123.txt
2026-01-09,VEDL,Vedanta Ltd.,NSE,Updates,scheme_other,scheme_other,"Vedanta Limited has informed the Exchange regarding 'Disclosure under Regulation 30 of SEBI (Listing Obligations and Disclosure Requirements) Regulations, 2015 Update in relation to Company Petition (C.P./CAA/MB/254/2025) in Company Scheme Application (C.A./CAA/MB/220/2024) for Scheme of Arrangement filed by Talwandi Sabo Power Limited ( TSPL ) with National Company Law Tribunal, Mumbai'.",https://nsearchives.nseindia.com/corporate/VEDL_09012026200947_SEIntimationNCLTOrder09Jan2026signed.pdf,106493378,16.24 MB,text/VEDL_106493378.txt
2026-01-10,LEMONTREE,Lemon Tree Hotels Ltd.,NSE,Scheme of Arrangement,scheme_other,scheme_other,Lemon Tree Hotels Limited has informed the Exchange about Scheme of Arrangement,https://nsearchives.nseindia.com/corporate/LEMONTREE_10012026000104_LTHL_Outcome.pdf,106493640,413.74 KB,text/LEMONTREE_106493640.txt
2026-01-12,CCAVENUE,AvenuesAI Ltd.,NSE,Committee Meeting Updates,rights_issue,rights_issue,"Infibeam Avenues Limited has informed the Exchange regarding Outcome of Rights Issue Committee Meeting held on January 12, 2026 for Reminder cum Forfeiture Notice to the holders of Partly Paid-up Equity Shares.",https://nsearchives.nseindia.com/corporate/INFIBEAM_12012026155751_Outcome_Notice.pdf,106494698,3.94 MB,text/CCAVENUE_106494698.txt
2026-01-13,HEGAM,HEG Advanced Materials Ltd.,NSE,General Updates,demerger,demerger,"HEG Limited has informed the Exchange about Demerger Update Webinar Scheduled For January 19, 2026 At 16:00 Hours IST",https://nsearchives.nseindia.com/corporate/HEG_13012026190757_Stxintimation13012026.pdf,106496473,698.54 KB,text/HEGAM_106496473.txt
2026-01-14,DLF,DLF Ltd.,NSE,Amalgamation/Merger,merger,merger,DLF Limited has informed the Exchange about Amalgamation/Merger,https://nsearchives.nseindia.com/corporate/DLF_14012026182444_Letter.pdf,106497585,3.00 MB,text/DLF_106497585.txt
2026-01-14,ONESOURCE,Onesource Specialty Pharma Ltd.,NSE,General Updates,merger,merger,Onesource Specialty Pharma Limited has informed the Exchange about intimation of Amalgamation of two wholly owned subsidiaries of the Company,https://nsearchives.nseindia.com/corporate/ONESOURCECDMO_14012026164821_OneSource_Singapore_Amalgamation_Intimation.pdf,106497409,637.06 KB,text/ONESOURCE_106497409.txt
2026-01-14,TCS,Tata Consultancy Services Ltd.,NSE,Amalgamation/Merger,merger,merger,Tata Consultancy Services Limited has informed the Exchange about Amalgamation/Merger,https://nsearchives.nseindia.com/corporate/TCS_CORPCS_14012026211043_SE_disclosure_140126.pdf,106497725,283.99 KB,text/TCS_106497725.txt
2026-01-15,LLOYDSENGG,Lloyds Engineering Works Ltd.,NSE,Updates,rights_issue,rights_issue,LLOYDS ENGINEERING WORKS LIMITED has informed the Exchange regarding 'Intimation For Rights Issue Committee - For First And Final Call ofRights Issue Of Shares'.,https://nsearchives.nseindia.com/corporate/LSIL_15012026173701_IntimationforFinalCallRightIssuesigned.pdf,106498297,193.49 KB,text/LLOYDSENGG_106498297.txt
2026-01-15,LUMAXTECH,Lumax Auto Technologies Ltd.,NSE,General Updates,merger,merger|scheme_other,"Lumax Auto Technologies Limited has informed the Exchange about pronouncement of order by the Hon'ble National Company Law Tribunal, Chandigarh Bench in connection with the Scheme of Arrangement for Amalgamation between Greenfuel Energy Solutions Private Limited and Lumax Resources Private Limited",https://nsearchives.nseindia.com/corporate/LUMAXTECH_15012026202213_IntimationGESPLorder15012026.pdf,106498452,331.09 KB,text/LUMAXTECH_106498452.txt
2026-01-16,FORTIS,Fortis Healthcare Ltd.,NSE,Amalgamation/Merger,merger,merger,Fortis Healthcare Limited has informed the Exchange about scheme of merger by absorption between wholly owned subsidiaries,https://nsearchives.nseindia.com/corporate/FORTIS_16012026184350_FHL-Small_Companies_Update.pdf,106499410,847.64 KB,text/FORTIS_106499410.txt
2026-01-16,FORTIS,Fortis Healthcare Ltd.,NSE,General Updates,merger,merger,Fortis Healthcare Limited has informed the Exchange about scheme of merger by absorption between wholly owned subsidiaries,https://nsearchives.nseindia.com/corporate/FORTIS_16012026184518_FHL-Small_Companies_Update.pdf,106499415,847.64 KB,text/FORTIS_106499415.txt
2026-01-16,INDIAGLYCO,India Glycols Ltd.,NSE,Updates,scheme_other,scheme_other,India Glycols Limited has informed the Exchange regarding 'NCLT Order '.,https://nsearchives.nseindia.com/corporate/INDIAGLYCO_16012026154638_Reg_30_NCLT_Order.pdf,106499052,943.70 KB,text/INDIAGLYCO_106499052.txt
2026-01-16,SFL,Sheela Foam Ltd.,NSE,General Updates,scheme_other,scheme_other,Sheela Foam Limited has informed the Exchange about General Updates on Composite Scheme of Arrangement,https://nsearchives.nseindia.com/corporate/SFL_16012026222518_Stock_Exchange_disclosure_PL.pdf,106499593,282.97 KB,text/SFL_106499593.txt
2026-01-16,SOBHA,Sobha Ltd.,NSE,Monitoring Agency Report,rights_issue,rights_issue,"Sobha Limited has informed the Exchange about the Monitoring Agency Report related to Rights Issue for the quarter ended December 31, 2025.",https://nsearchives.nseindia.com/corporate/SOBHA_16012026183219_Monitoring_agency_report_Q3_FY_2025-26.pdf,106499394,3.41 MB,text/SOBHA_106499394.txt
2026-01-17,SAMMAANCAP,Sammaan Capital Ltd.,NSE,Updates,rights_issue,rights_issue,"Sammaan Capital Limited has informed the Exchange regarding 'Please find attached the copy of the Addendum cum Corrigendum to the Draft Letter of Offer (DLoF) and Detailed Public Statement (DPS) dated January 14, 2026 ( Corrigendum ) received by the Company from Citigroup Global Markets India Private Limited in relation to the open offer to the public shareholders of the Company.'.",https://nsearchives.nseindia.com/corporate/IHFL_17012026222105_SCL_Addendum_cum_Corrigendum_to_the_DLoF_and_DPS_Intimation_17Jan2026.pdf,106500194,5.21 MB,text/SAMMAANCAP_106500194.txt
2026-01-17,VIYASH,Viyash Scientific Ltd.,NSE,Credit Rating- Others,merger,merger,"pursuant to CompositeScheme of Amalgamation, and on the request of the Company, Crisil Limited ( Crisil ) has withdrawnthe rating assigned to the various credit facilities availed by Symed Labs Ltd",https://nsearchives.nseindia.com/corporate/SEQUENT1_17012026223600_Binder1.pdf,106500195,6.55 MB,text/VIYASH_106500195.txt
2026-01-19,HEGAM,HEG Advanced Materials Ltd.,NSE,Updates,scheme_other,scheme_other,HEG Limited has informed the Exchange regarding 'Link for Video Recording of Webinar on Update on Composite Scheme of Arrangement'.,https://nsearchives.nseindia.com/corporate/HEG_19012026214810_StxintimationVCLinks.pdf,106501369,696.79 KB,text/HEGAM_106501369.txt
2026-01-19,NH,Narayana Hrudayalaya Ltd.,NSE,Shareholders meeting,scheme_other,scheme_other,"Narayana Hrudayalaya Ltd. has informed the Exchange regarding Summary of proceedings of the General Meeting of the Equity Shareholders of the Company held on January 19, 2026 pursuant to the Order dated December 2, 2025 by the Hon'ble NCLT, Bengaluru.",https://nsearchives.nseindia.com/corporate/Narayana_19012026183338_Summary_of_Proceedings.pdf,106501183,647.11 KB,text/NH_106501183.txt
2026-01-19,NH,Narayana Hrudayalaya Ltd.,NSE,General Updates,scheme_other,scheme_other,"Narayana Hrudayalaya Ltd. has informed the Exchange about Summary of proceedings of the General Meeting of the Equity Shareholders, Secured Creditors, Unsecured Loan Creditors and Unsecured Trade Creditors of the Company held on Jan 19, 2026 pursuant to the Order dated Dec 2, 2025 by the Hon'ble NCLT, Bengaluru",https://nsearchives.nseindia.com/corporate/Narayana_19012026183908_Summary_of_Proceedings.pdf,106501195,647.11 KB,text/NH_106501195.txt
2026-01-19,UPL,UPL Ltd.,NSE,Updates,subsidiary_listing,subsidiary_listing,"UPL Limited has informed the Exchange regarding 'Filing of Draft Red Herring Prospectus (DRHP) by Advanta Enterprises Limited, a Subsidiary of the Company.'.",https://nsearchives.nseindia.com/corporate/UPL_19012026211323_UPL_Limited_SE_Intimation.pdf,106501354,776.52 KB,text/UPL_106501354.txt
2026-01-20,SFL,Sheela Foam Ltd.,NSE,General Updates,merger,merger,Sheela Foam Limited has informed the Exchange about General Updates on Merger of Staqo World Pvt Ltd with Staqo Software Pvt Ltd,https://nsearchives.nseindia.com/corporate/SFL_20012026194454_Merger_between_Staqo_World_Pvt_Ltd_and_Staqo_Software_Pvt_Lt.pdf,106502639,277.59 KB,text/SFL_106502639.txt
2026-01-21,LLOYDSENGG,Lloyds Engineering Works Ltd.,NSE,Committee Meeting Updates,rights_issue,rights_issue,"LLOYDS ENGINEERING WORKS LIMITED has informed the Exchange regarding Outcome of Rights Issue Committee / Securities Issue Committee Meeting held on January 21, 2026.",https://nsearchives.nseindia.com/corporate/LSIL_21012026115336_Outcomesigned_.pdf,106503268,210.95 KB,text/LLOYDSENGG_106503268.txt
2026-01-21,NH,Narayana Hrudayalaya Ltd.,NSE,Shareholders meeting,scheme_other,scheme_other,"Narayana Hrudayalaya Ltd. has submitted the Exchange a copy Srutinizers report of General Meeting of the Equity Shareholders of the Company held on January 19, 2026 pursuant to the Order dated December 2, 2025 by the Hon'ble NCLT, Bengaluru",https://nsearchives.nseindia.com/corporate/Narayana_21012026165631_SE_Voting_results__Scruntinizer_report.pdf,106503647,12.99 MB,text/NH_106503647.txt
2026-01-21,NH,Narayana Hrudayalaya Ltd.,NSE,General Updates,scheme_other,scheme_other,"Narayana Hrudayalaya Ltd. has informed the Exchange regarding submission of the Scrutinizer s Report for the General Meeting of the Equity Shareholders, Secured Creditors, Unsecured Loan Creditors and Unsecured Trade Creditors of the Company held on January 19, 2026, convened pursuant to the Order dated December 2, 2025 of the Hon ble NCLT, Bengaluru, along with the voting results",https://nsearchives.nseindia.com/corporate/Narayana_21012026170445_SE_Voting_results__Scruntinizer_report.pdf,106503664,12.99 MB,text/NH_106503664.txt
2026-01-21,VEDL,Vedanta Ltd.,NSE,Updates,scheme_other,scheme_other,"Vedanta Limited has informed the Exchange regarding 'Disclosure under Regulation 30 of the Securities and Exchange Board of India (Listing Obligations and Disclosure Requirements) Regulations, 2015, as amended ( SEBI Listing Regulations ) Certified Copy of the Order passed by the Hon ble National Company Law Tribunal, Mumbai Bench ( NCLT ) dated December 16, 2025, sanctioning the Composite Scheme of Arrangement between Vedanta Limited and Vedanta Aluminium Metal Limited and Talwandi Sabo Power Limited and Malco Energy Limited and Vedanta Iron and Steel Limited and their respective shareholders and creditors under Sections 230 - 232 and other applicable provisions of the Companies Act, 2013 ( Scheme )'.",https://nsearchives.nseindia.com/corporate/VEDL_21012026212023_VEDLSEIntimationNCLTOrderCertifiedCopyfinalsigned.pdf,106504014,6.02 MB,text/VEDL_106504014.txt
2026-01-22,ASTERDM,Aster DM Quality Care Ltd.,NSE,General Updates,scheme_other,scheme_other,"Aster DM Healthcare Limited has informed the Exchange about receipt of NCLT Order dated January 21, 2026",https://nsearchives.nseindia.com/corporate/ASTERDM2_22012026132757_Reg_30.pdf,106504681,621.75 KB,text/ASTERDM_106504681.txt
2026-01-22,TATACOMM,Tata Communications Ltd.,NSE,Scheme of Arrangement,scheme_other,scheme_other,Tata Communications Limited has informed the Exchange about Composite scheme of arrangement among wholly-owned subsidiaries of the Company.,https://nsearchives.nseindia.com/corporate/TATACOMM_22012026202656_18352SchemeofArrangement.pdf,106505312,287.31 KB,text/TATACOMM_106505312.txt
2026-01-23,ASTERDM,Aster DM Quality Care Ltd.,NSE,Press Release,scheme_other,scheme_other,"Aster DM Healthcare Limited has informed the Exchange regarding a press release dated January 23, 2026, titled ""Receipt of NCLT Order dated January 21, 2026"".",https://nsearchives.nseindia.com/corporate/ASTERDM2_23012026141227_Intimation-Pressrelease.pdf,106506113,1.05 MB,text/ASTERDM_106506113.txt
2026-01-23,HEGAM,HEG Advanced Materials Ltd.,NSE,Analysts/Institutional Investor Meet/Con. Call Updates,scheme_other,scheme_other,HEG Limited has informed the Exchange about Transcript of Webinar on Update on Composite Scheme of Arrangement,https://nsearchives.nseindia.com/corporate/HEG_23012026185100_Stxintimation_23012026.pdf,106506665,1.32 MB,text/HEGAM_106506665.txt
2026-01-23,KANSAINER,Kansai Nerolac Paints Ltd.,NSE,Shareholders meeting,scheme_other,scheme_other,"Notice of NCLT Convened Meeting of Equity Shareholders of Kansai Nerolac Paints Limited to be held on Friday, 27th February, 2026 at 11 a.m. (IST) through Video Conferencing/ Other Audio Visual Means.",https://nsearchives.nseindia.com/corporate/KANSAINER_23012026152136_SEIntimationMergedfile_signed.pdf,106506215,4.62 MB,text/KANSAINER_106506215.txt
2026-01-27,AADHARHFC,Aadhar Housing Finance Ltd.,NSE,Updates,rights_issue,rights_issue,JM Financial Limited has Submitted to the Exchange a copy of Letter of Offer.,https://nsearchives.nseindia.com/corporate/team_sandeshc_27012026102905_LOF.pdf,106507804,1.94 MB,text/AADHARHFC_106507804.txt
2026-01-28,BIOCON,Biocon Ltd.,NSE,General Updates,capital_reduction,capital_reduction,Biocon Limited has informed the Exchange about Intimation of record date for buy back of listed Commercial Paper issued by the Company,https://nsearchives.nseindia.com/corporate/BIOCON_28012026185155_SERecorddate_29012026_1800_Cr.pdf,106510121,230.02 KB,text/BIOCON_106510121.txt
2026-01-28,BIOCON,Biocon Ltd.,NSE,General Updates,capital_reduction,capital_reduction,Biocon Limited has informed the Exchange about Intimation of Record Date for Buy Back of Listed Commercial Paper Issued by the Company,https://nsearchives.nseindia.com/corporate/BIOCON_28012026190506_SERecorddate_29012026_200_Cr.pdf,106510159,185.58 KB,text/BIOCON_106510159.txt
2026-01-29,ABB,ABB India Ltd.,NSE,News Verification,capital_reduction,capital_reduction,"The Exchange has sought clarification from ABB India Limited with respect to recent news item captioned ABB gives confident 2026 outlook, launches $2 billion share buyback after record year.. The response from the Company is awaited.",-,106511266,0 Bytes,
2026-01-29,CGCL,Capri Global Capital Ltd.,NSE,General Updates,rights_issue,rights_issue,"Capri Global Capital Limited has informed the Exchange about General Updates on further investments in the equity shares of Capri Global Housing Finance Limited (CGHFL), a wholly owned subsidiary of the Company by way of subscription to Right Issue.",https://nsearchives.nseindia.com/corporate/CGCL_29012026223701_Outcome_of_Board_Meeting_29012026.pdf,106512132,6.77 MB,text/CGCL_106512132.txt
2026-01-29,RELIANCE,Reliance Industries Ltd.,NSE,General Updates,scheme_other,scheme_other,"We wish to inform that the Hon ble National Company Law Tribunal, Amaravati Bench ( NCLT ) vide its order dated January 19, 2026 (order uploaded on the NCLT website on January 28, 2026) has approved the resolution plan submitted by Capri Global Holdings Private Limited with the Company / Reliance Strategic Business Ventures Limited as the Equity Support Provider, for the resolution of SevenHills Healthcare Private Limited under the Corporate Insolvency Resolution Process of the Insolvency and Bankruptcy Code, 2016.",https://nsearchives.nseindia.com/corporate/kavinavora_29012026165725_SE_29012026.pdf,106511490,201.94 KB,text/RELIANCE_106511490.txt
2026-01-29,TMCV,Tata Motors Ltd.,NSE,Amalgamation/Merger,merger,merger,Tata Motors Limited has informed the Exchange about Amalgamation/Merger,https://nsearchives.nseindia.com/corporate/TMLCOMMERCIAL_29012026165323_NSEBSEFUSION.pdf,106511477,306.66 KB,text/TMCV_106511477.txt
2026-01-30,ABB,ABB India Ltd.,NSE,News Verification,capital_reduction,capital_reduction,"The Exchange has sought clarification from ABB India Limited with respect to recent news item captioned ABB gives confident 2026 outlook, launches $2 billion share buyback after record year.. The response from the Company is attached.",https://nsearchives.nseindia.com/corporate/ABB_30012026152908_NSE_Clarification_2026.pdf,106513117,188.18 KB,text/ABB_106513117.txt
2026-01-30,DBREALTY,VALOR ESTATE Ltd.,NSE,Amalgamation/Merger,merger,merger|scheme_other,Intimation of receipt of the order from Hon'ble NCLT approving the Scheme of Merger/Amalgamation of Sahyadri Agro and Dairy Private Limited with Horizontal Ventures Private Limited and their respective shareholders,https://nsearchives.nseindia.com/corporate/DBR_30012026154136_NSE.pdf,106513146,509.91 KB,text/DBREALTY_106513146.txt
2026-01-30,LLOYDSENGG,Lloyds Engineering Works Ltd.,NSE,Updates,rights_issue,rights_issue,"LLOYDS ENGINEERING WORKS LIMITED has informed the Exchange regarding 'Notice for payment of First and Final call on partly paid equity shares issued and allotted on Rights basis, pursuant to Letter of Offer dated April 19, 2025 ( First and Final Call Notice )'.",https://nsearchives.nseindia.com/corporate/LSIL_30012026224649_IntimationtoSEaboutnoticesent.pdf,106514020,260.46 KB,text/LLOYDSENGG_106514020.txt
2026-01-30,LUMAXTECH,Lumax Auto Technologies Ltd.,NSE,General Updates,merger,merger|scheme_other,"Lumax Auto Technologies Limited has informed the Exchange about the Pronouncement of Order by the Hon'ble National Company Law Tribunal, Chandigarh Bench sanctioning the Scheme of Arrangement for Amalgamation of Greenfuel Energy Solutions Private Limited and Lumax Resources Private Limited and their respective Shareholders and Creditors",https://nsearchives.nseindia.com/corporate/LUMAXTECH_30012026212718_IntimationGESPLorder30012026.pdf,106513967,1.16 MB,text/LUMAXTECH_106513967.txt
2026-01-30,RHIM,RHI MAGNESITA INDIA LTD.,NSE,Amalgamation/Merger,merger,merger,RHI MAGNESITA INDIA LTD has informed the Exchange about Amalgamation/Merger,https://nsearchives.nseindia.com/corporate/RHIM_30012026180119_Merger.pdf,106513556,310.93 KB,text/RHIM_106513556.txt
2026-01-31,BELRISE,Belrise Industries Ltd.,NSE,Amalgamation/Merger,merger,merger,"Intimation under Regulation 30 of SEBI (Listing Obligations and Disclosure Requirements) Regulation, 2015 Scheme of Amalgamation amongst Badve Autocomps Private Limited (Transferor Company 1), Eximius Infra Tech Solutions Private Limited(Transferor Company 2) (collectively referred to as Transferor Companies) and Belrise Industries Limited (Transferee Company) and their respective shareholders",https://nsearchives.nseindia.com/corporate/BELRISE_31012026191531_BM_Outcome_Scheme_Intimation.pdf,106514814,535.32 KB,text/BELRISE_106514814.txt
2026-01-31,BELRISE,Belrise Industries Ltd.,NSE,General Updates,merger,merger,"Presentation Scheme of Amalgamation amongst Badve Autocomps Private Limited (Transferor Company 1), Eximius Infra Tech Solutions Private Limited(Transferor Company 2) (collectively referred to as Transferor Companies) and Belrise Industries Limited (Transferee Company) and their respective shareholders Regulation 30 of SEBI (Listing Obligations and Disclosure Requirements) Regulations, 2015",https://nsearchives.nseindia.com/corporate/BELRISE_31012026195521_BELRISE_Investor_Presentation_Amalgamation_31012026.pdf,106514847,2.48 MB,text/BELRISE_106514847.txt
2026-01-31,HEXT,Hexaware Technologies Ltd.,NSE,General Updates,merger,merger,Hexaware Technologies Limited has informed the Exchange about Update on Merger ofsubsidiaries,https://nsearchives.nseindia.com/corporate/HEXAWARETECH_31012026184654_Merger_Netherlands.pdf,106514754,424.81 KB,text/HEXT_106514754.txt
2026-01-31,NCC,NCC Ltd.,NSE,Updates,merger,merger|scheme_other,"NCC Limited has informed the Exchange regarding 'Sanction of the Scheme of Amalgamation between NCC Infrastructure Holdings Limited and NCC Limited by NCLT, Hyderabad'.",https://nsearchives.nseindia.com/corporate/NCC_31012026131817_Ltr_SE_NCL_Order.pdf,106514377,1.62 MB,text/NCC_106514377.txt
2026-02-01,TRENT,Trent Ltd.,NSE,Amalgamation/Merger,merger,merger,"Trent Limited has informed the Exchange about Disclosure under Regulation 30 read with Schedule III of the Securities and Exchange Board of India (Listing Obligations and Disclosure Requirements) Regulations, 2015",https://nsearchives.nseindia.com/corporate/TRENT_01022026121112_Reg30IntimationofmergerofBILTSSL.pdf,106515032,231.71 KB,text/TRENT_106515032.txt
2026-02-03,JKPAPER,JK Paper Ltd.,NSE,Scheme of Arrangement,scheme_other,scheme_other,"JK Paper Limited has informed the Exchange about Order of Hon'ble National Company Law Tribunal, Ahmedabad Bench dated 3rd February 2026 sanctioning the Scheme.",https://nsearchives.nseindia.com/corporate/JKPAPER_03022026170402_STX_Order_scheme_Update.pdf,106517886,2.50 MB,text/JKPAPER_106517886.txt
2026-02-03,KANSAINER,Kansai Nerolac Paints Ltd.,NSE,General Updates,merger,merger,Intimation regarding Notice to Unsecured Creditors of Kansai Nerolac Paints Limited for Scheme of Amalgamation of Nerofix Private Limited with Kansai Nerolac Paints Limited,https://nsearchives.nseindia.com/corporate/KANSAINER_03022026190353_SE_Intimation_unsecured_creditors_Signed.pdf,106518242,1.65 MB,text/KANSAINER_106518242.txt
2026-02-03,LUMAXTECH,Lumax Auto Technologies Ltd.,NSE,General Updates,merger,merger,Lumax Auto Technologies Limited has informed the Exchange about Effectiveness of the Scheme of Amalgamation between Greenfuel Energy Solutions Private Limited and Lumax Resources Private Limited and their respective Shareholders and Creditors,https://nsearchives.nseindia.com/corporate/LUMAXTECH_03022026203736_LATLstockexchangeintimation03022026.pdf,106518413,224.90 KB,text/LUMAXTECH_106518413.txt
2026-02-03,PFC,Power Finance Corporation Ltd.,NSE,News Verification,merger,merger,The Exchange has sought clarification from Power Finance Corporation Limited with respect to recent news item captioned Govt considering merger of state-run entities PFC and REC. The response from the Company is awaited.,-,106517133,0 Bytes,
2026-02-03,PFC,Power Finance Corporation Ltd.,NSE,News Verification,merger,merger,The Exchange has sought clarification from Power Finance Corporation Limited with respect to recent news item captioned Govt considering merger of state-run entities PFC and REC. The response from the Company is attached.,https://nsearchives.nseindia.com/corporate/PFC2023_03022026164510_intimation03022026signed.pdf,106517818,493.27 KB,text/PFC_106517818.txt
2026-02-03,RECLTD,REC Ltd.,NSE,News Verification,merger,merger,The Exchange has sought clarification from REC Limited with respect to recent news item captioned Govt considering merger of state-run entities PFC and REC. The response from the Company is awaited.,-,106517138,0 Bytes,
2026-02-03,RECLTD,REC Ltd.,NSE,News Verification,merger,merger,The Exchange has sought clarification from REC Limited with respect to recent news item captioned Govt considering merger of state-run entities PFC and REC. The response from the Company is attached.,https://nsearchives.nseindia.com/corporate/RECLTD_03022026154755_Signed_Clarification_on_News_items.pdf,106517665,563.76 KB,text/RECLTD_106517665.txt
2026-02-03,RELIGARE,Religare Enterprises Ltd.,NSE,News Verification,demerger,demerger,The Exchange has sought clarification from Religare Enterprises Limited with respect to recent news item captioned Religare Enterprises likely to announce demerger and listing of Care Health Insurance. The response from the Company is awaited.,-,106517851,0 Bytes,
2026-02-03,RELIGARE,Religare Enterprises Ltd.,NSE,News Verification,demerger,demerger,The Exchange has sought clarification from Religare Enterprises Limited with respect to recent news item captioned Religare Enterprises likely to announce demerger and listing of Care Health Insurance. The response from the Company is attached.,https://nsearchives.nseindia.com/corporate/RELIGARE_03022026215719_RELCLARIFICATION.pdf,106518492,726.79 KB,text/RELIGARE_106518492.txt
2026-02-03,RUBICON,Rubicon Research Ltd.,NSE,General Updates,merger,merger,In-principle approval for the merger,https://nsearchives.nseindia.com/corporate/9823522970_03022026173952_Rubicon_Outcome_of_Board_Meeting.pdf,106517986,761.06 KB,text/RUBICON_106517986.txt
2026-02-04,ADANIENT,Adani Enterprises Ltd.,NSE,Updates,rights_issue,rights_issue,"Adani Enterprises Limited has informed the Exchange regarding 'Intimation For Conversion Of Rs. 0.50 Partly Paid-Up Equity Shares Into Rs. 0.75 Partly Paid-Up Equity Shares In Relation To The Rights Issue, Upon Receipt Of The Payment In Respect Of The First Call, To The Extent Applicable'.",https://nsearchives.nseindia.com/corporate/ADANIENT_04022026203545_Intimationconversionpptopp1stcall.pdf,106520443,181.06 KB,text/ADANIENT_106520443.txt
2026-02-04,ASTERDM,Aster DM Quality Care Ltd.,NSE,Shareholders meeting,scheme_other,scheme_other,"Aster DM Healthcare Limited has informed the Exchange regarding Notice of NCLT Convened Shareholders Meeting to be held on March 10, 2026",https://nsearchives.nseindia.com/corporate/ASTERDM2_04022026194052_Intimation.pdf,106520346,113.10 MB,skipped:113.10 MB
2026-02-04,THERMAX,Thermax Ltd.,NSE,Amalgamation/Merger,merger,merger,Thermax Limited has informed the Exchange about Amalgamation/Merger,https://nsearchives.nseindia.com/corporate/THERMAXNSE_04022026170035_SEIntimationMergerJandK.pdf,106519796,884.60 KB,text/THERMAX_106519796.txt
2026-02-05,ABFRL,Aditya Birla Fashion and Retail Ltd.,NSE,Amalgamation/Merger,merger,merger,Aditya Birla Fashion and Retail Limited has informed the Exchange about Scheme of Amalgamation of two Wholly Owned Subsidiaries.,https://nsearchives.nseindia.com/corporate/ABFRL_05022026190449_Reg_30_Jaypore_TG_Merger.pdf,106522273,3.16 MB,text/ABFRL_106522273.txt
2026-02-05,SHAREINDIA,Share India Securities Ltd.,NSE,Shareholders meeting,scheme_other,scheme_other,"We are pleased to inform that the NCLT convened meeting of the Equity Shareholders, Non-Convertible Debenture Holders, Secured and Unsecured Creditors of the Company is scheduled to be held on Friday, March 13, 2026 through VC/OAVM.",https://nsearchives.nseindia.com/corporate/SISL_05022026151050_NoticesNCLTConvenedMeeting13032026.pdf,106521532,653.21 KB,text/SHAREINDIA_106521532.txt
2026-02-06,ALKEM,Alkem Laboratories Ltd.,NSE,Amalgamation/Merger,merger,merger,Alkem Laboratories Limited has informed the Exchange about Amalgamation/Merger,https://nsearchives.nseindia.com/corporate/ALKEM_06022026135045_Regulation_30.pdf,106523405,747.50 KB,text/ALKEM_106523405.txt
2026-02-06,ETHOSLTD,Ethos Ltd.,NSE,Monitoring Agency Report,rights_issue,rights_issue,"Report of the Monitoring Agency with respect to utilization of proceeds of the Rights Issue of Ethos Limited for the quarter ended December 31, 2025",https://nsearchives.nseindia.com/corporate/ETHOS_06022026205124_MA_RI.pdf,106524505,609.75 KB,text/ETHOSLTD_106524505.txt
2026-02-09,ADANIENT,Adani Enterprises Ltd.,NSE,Committee Meeting Updates,rights_issue,rights_issue,"Adani Enterprises Limited has informed the Exchange regarding Outcome of Rights Issue Committee Meeting held on February 09, 2026.",https://nsearchives.nseindia.com/corporate/ADANIENT_09022026192746_2ndcallrecorddateintimation_Final.pdf,106526926,159.79 KB,text/ADANIENT_106526926.txt
2026-02-09,AMBUJACEM,Ambuja Cements Ltd.,NSE,Scheme of Arrangement,scheme_other,scheme_other,Ambuja Cements Limited has informed the Exchange about Sanction of Scheme of Arrangement between Sanghi Industries Limited and Ambuja Cements Limited and their respective shareholders,https://nsearchives.nseindia.com/corporate/AMBUJACEM_09022026162838_ACL_Intimation_Order_09022026.pdf,106526365,2.35 MB,text/AMBUJACEM_106526365.txt
2026-02-09,AUROPHARMA,Aurobindo Pharma Ltd.,NSE,Amalgamation/Merger,merger,merger,Aurobindo Pharma Limited has informed the Exchange about Amalgamation of two wholly owned subsidiaries of the Company.,https://nsearchives.nseindia.com/corporate/AUROPHARMA_09022026200402_LtrToSEsMergerWoS09022026.pdf,106527022,249.79 KB,text/AUROPHARMA_106527022.txt
2026-02-09,HINDUNILVR,Hindustan Unilever Ltd.,NSE,General Updates,scheme_other,scheme_other,Material Update in connection with the Scheme of Arrangement - Communication received from Kwality Wall's (India) Limited,https://nsearchives.nseindia.com/corporate/HINDUNILVR_09022026140003_09022026KWILIntimationsigned.pdf,106526063,1.11 MB,text/HINDUNILVR_106526063.txt
2026-02-09,SAMMAANCAP,Sammaan Capital Ltd.,NSE,Monitoring Agency Report,rights_issue,rights_issue,"Pursuant to the Regulation 32(6) of the Securities and Exchange Board of India (Listing Obligations and Disclosure Requirements) Regulations, 2015, as amended, read with Regulations 82(4) and 173A(4) of the Securities and Exchange Board of India (Issue of Capital and Disclosure Requirements) Regulations, 2018, as amended, please find enclosed the Report(s) of the Monitoring Agency, for the quarter ended December 31, 2025, issued by CRISIL Ratings Limited, Monitoring Agency appointed to monitor the utilization of the proceeds of the Rights Issue and Qualified Institutional Placement of the Company.Refer attached PDF for more details.",https://nsearchives.nseindia.com/corporate/IHFL_09022026144840_SCL_SE_Intimation_MAR_9Feb2026.pdf,106526141,1.04 MB,text/SAMMAANCAP_106526141.txt
2026-02-09,SKFINDUS,SKF India (Industrial) Ltd.,NSE,Updates,demerger,demerger|scheme_other,"We hereby inform you that pursuant to the Order passed by the Hon ble National Company Law Tribunal ( NCLT ) dated September 26, 2025 sanctioning the Scheme of Arrangement between SKF India Limited ( SKF India or the Demerged Company ) and SKF India (Industrial) Limited ( SKF Industrial or the Resulting Company or the Company ) and their respective shareholders and creditors ( Scheme ) In compliance with the NCLT Order, the equity shares of the Company were listed on the Main Board of BSE Limited ( BSE ) and National Stock Exchange of India Limited ( NSE ) with effect from December 05, 2025. Further, pursuant to the application made by the Company to the Registrar of Companies, Pune, the Corporate Identification Number ( CIN ) has been changed from U28140PN2024PLC236396 to L28140PN2024PLC236396 and status of the Company has been changed from Unlisted to Listed on the Master Data of the Ministry of Corporate Affairs ( MCA ) of the Company. A copy of the Company s Master Data downloaded from the MCA website is enclosed for reference.",https://nsearchives.nseindia.com/corporate/SKFINDUS25_09022026164721_NSE.pdf,106526435,266.35 KB,text/SKFINDUS_106526435.txt
2026-02-10,GABRIEL,Gabriel India Ltd.,NSE,General Updates,scheme_other,scheme_other,Gabriel India Limited has informed the Exchange about Letters sent regarding the Notice of the NCLT Convened Meeting of the Equity Shareholders,https://nsearchives.nseindia.com/corporate/GABRIEL_10022026130332_SE_intimation_one_page_signed.pdf,106527860,1.51 MB,text/GABRIEL_106527860.txt
2026-02-12,BHARATFORG,Bharat Forge Ltd.,NSE,Amalgamation/Merger,merger,merger,Bharat Forge Limited has informed the Exchange about Amalgamation/Merger,https://nsearchives.nseindia.com/corporate/ANILSHINDE_12022026134338_SEIntimationOutcomeofBoardMeeting.pdf,106531568,1.71 MB,text/BHARATFORG_106531568.txt
2026-02-12,CCAVENUE,AvenuesAI Ltd.,NSE,Committee Meeting Updates,rights_issue,rights_issue,"AvenuesAI Limited has informed the Exchange regarding Rights Issue Committee Meeting to be held on February 19, 2026 for 2nd Reminder cum Forfeiture Notice for payment of Call Money outstanding on Partly Paid-up Equity Shares.",https://nsearchives.nseindia.com/corporate/INFIBEAM_12022026172957_AvenuesAIIntimationRI12022026.pdf,106532158,3.10 MB,text/CCAVENUE_106532158.txt
2026-02-12,PETRONET,Petronet LNG Ltd.,NSE,Outcome of Board Meeting,rights_issue,rights_issue,"Petronet LNG Limited has submitted to the Exchange, the financial results for the period ended December 31, 2025.Pursuant to the SEBI Circular No. SEBI/HO/CFD/CFD-PoD-2/CIR/P/2024/185 dated 31st December 2024 read with BSE Circular No. 20250102-1 and NSE Circular No. NSE/CML/2025/02 dated 2nd January 2025, please find attached herewith the Integrated Filing (Financials) for the quarter and nine-months period ended 31st December 2025 as per SEBI (Listing Obligations and Disclosure Requirements) Regulations, 2015 containing:(i) The Unaudited Financial Results (Standalone and Consolidated) of the Company for the quarter and nine-months ended 31st December 2025 along with Independent Auditors Limited Review Report, approved by the Board of Directors of the Company at its Meeting held on 12th February 2026: Annexure I.(ii) Statement of impact of Audit Qualifications (for Audit Report with modified opinion) submitted along with Annual Audited Financial Results (Standalone and Consolidated): Not applicable for the quarter and nine-months period ended 31st December 2025. (iii) Statement on deviation or variation for proceeds of public issue, rights issue, preferential issue, qualified institutions placement etc.: Not applicable.(iv) Disclosure regarding outstanding default on loans and debt securities: Nil.The above-mentioned meeting of the Board of Directors commenced at 2:30 P.M. and concluded at 4:35 P.M.",https://nsearchives.nseindia.com/corporate/PETRONET_12022026174407_OutcomeofBoardMeeting12022026si.pdf,106532191,960.96 KB,text/PETRONET_106532191.txt
2026-02-12,PURVA,Puravankara Ltd.,NSE,Outcome of Board Meeting,merger,merger,"Puravankara Limited has informed the Exchange regarding Outcome of Board Meeting held on February 12, 2026 for reappointment of Mr. Ashish Ravi Puravankara as Managing Director, approval of Postal Ballot Notice and Merger of two Wholly owned subsidiary of the Company",https://nsearchives.nseindia.com/corporate/PURVA_12022026183050_SEINTIMATIONsd.pdf,106532354,2.72 MB,text/PURVA_106532354.txt
2026-02-12,PURVA,Puravankara Ltd.,NSE,Amalgamation/Merger,merger,merger,Puravankara Limited has informed the Exchange about Merger of two Wholly Owned Subsidiaries of the Company,https://nsearchives.nseindia.com/corporate/PURVA_12022026185215_SEINTIMATIONsd.pdf,106532463,2.72 MB,text/PURVA_106532463.txt
2026-02-13,ALKEM,Alkem Laboratories Ltd.,NSE,Amalgamation/Merger,merger,merger,Alkem Laboratories Limited has informed the Exchange about Amalgamation/Merger,https://nsearchives.nseindia.com/corporate/ALKEM_13022026140124_Reg30SchemeofArrangementAdroit13022026.pdf,106533640,279.48 KB,text/ALKEM_106533640.txt
2026-02-13,DLF,DLF Ltd.,NSE,Updates,merger,merger|scheme_other,"Intimation received from DLF Home Developers Limited (DHDL), a wholly-owned material subsidiary company, regarding approval of Scheme of Amalgamation by the Hon'ble NCLT, Chandigarh Bench, pertaining to merger of two wholly-owned subsidiary companies with DHDL.",https://nsearchives.nseindia.com/corporate/DLF_13022026170447_Letter.pdf,106534187,3.08 MB,text/DLF_106534187.txt
2026-02-13,HINDUNILVR,Hindustan Unilever Ltd.,NSE,General Updates,scheme_other,scheme_other,Material update in connection with the Scheme of Arrangement - Communication received from Kwality Wall's (India) Limited,https://nsearchives.nseindia.com/corporate/HINDUNILVR_13022026140635_SEIntimationKWIL13022026signed.pdf,106533651,2.15 MB,text/HINDUNILVR_106533651.txt
2026-02-14,AHLUCONT,Ahluwalia Contracts (India) Ltd.,NSE,Amalgamation/Merger,merger,merger,Ahluwalia Contracts (India) Limited has informed the Exchange about Amalgamation/Merger,https://nsearchives.nseindia.com/corporate/532811_14022026181116_OUT_COME_Board_Meeting.pdf,106535807,2.90 MB,text/AHLUCONT_106535807.txt
2026-02-14,RELIGARE,Religare Enterprises Ltd.,NSE,Demerger,demerger,demerger|scheme_other,Religare Enterprises Limited has informed the Exchange about Scheme of Arrangement between Religare Enterprises Limited ( Demerged Company / REL ) and Religare Finvest Limited ( Resulting Company / RFL ) and their respective shareholders and creditors ( Scheme of Arrangement or Scheme ),https://nsearchives.nseindia.com/corporate/RELIGARE_14022026205004_RELOUTCOME14022026.pdf,106536008,2.28 MB,text/RELIGARE_106536008.txt
2026-02-14,RELIGARE,Religare Enterprises Ltd.,NSE,Press Release,demerger,demerger,"Religare Enterprises Limited has informed the Exchange regarding a press release dated February 14, 2026, titled ""Religare Enterprises Ltd Announces Strategic Demerger to Unlock Shareholder Value and Accelerate Growth Across Insurance and Financial Services Businesses"".",https://nsearchives.nseindia.com/corporate/RELIGARE_14022026205154_RELOUTCOME14022026.pdf,106536009,2.28 MB,text/RELIGARE_106536009.txt
2026-02-16,AHLUCONT,Ahluwalia Contracts (India) Ltd.,NSE,Amalgamation/Merger,merger,merger,Ahluwalia Contracts (India) Limited has informed the Exchange about Amalgamation/Merger,https://nsearchives.nseindia.com/corporate/532811_16022026153957_Scheme_Ahluwalia_NSE.pdf,106536794,2.05 MB,text/AHLUCONT_106536794.txt
2026-02-17,AGARWALEYE,Dr. Agarwal's Health Care Ltd.,NSE,Amalgamation/Merger,merger,merger,Receipt of Observation Letter with no adverse observations / no objection from the Stock Exchanges in relation to the Scheme of amalgamation between Dr. Agarwal s Eye Hospital Limited and Dr. Agarwal s Health Care Limited and their respective shareholders and creditors,https://nsearchives.nseindia.com/corporate/DRAGARWALS_17022026132624_AHCL_NOC_sd.pdf,106537869,4.99 MB,text/AGARWALEYE_106537869.txt
2026-02-17,HCG,Healthcare Global Enterprises Ltd.,NSE,Rights Issue,rights_issue,rights_issue,"Healthcare Global Enterprises Limited has informed the Exchange regarding Outcome of Board Meeting held on February 17, 2026 with respect to the approval received from the board of directors of the Company ( Board ), for the issuance of fully paid-up equity shares of the Company of face value of &#8377;10 each (the Equity Shares ) for an amount not exceeding &#8377; 42,500 Lakhs (Rupees Forty Two Thousand and Five Hundred Lakhs) by way of a rights issue to the eligible equity shareholders of the Company as on the record date (to be determined and notified subsequently), in accordance with applicable laws, including the Securities and Exchange Board of India (Issue of Capital and Disclosure Requirements) Regulations, 2018, as amended, subject to such regulatory and statutory approvals, as may be required under the applicable laws.",https://nsearchives.nseindia.com/corporate/HCG1_17022026194500_Outcome_-_Rights_Issue_-_17_February_2026.pdf,106538383,350.21 KB,text/HCG_106538383.txt
2026-02-17,LLOYDSENGG,Lloyds Engineering Works Ltd.,NSE,Updates,rights_issue,rights_issue,LLOYDS ENGINEERING WORKS LIMITED has informed the Exchange regarding 'Rights Issue Committee Meeting'.,https://nsearchives.nseindia.com/corporate/LSIL_17022026151605_Outcome_for_Final_Call_Right_issue_final_signed.pdf,106537960,214.90 KB,text/LLOYDSENGG_106537960.txt
2026-02-18,DLF,DLF Ltd.,NSE,Updates,merger,merger|scheme_other,"Intimation regarding approval of Scheme of Amalgamation by the Hon'ble NCLT, Chandigarh Bench, pertaining to merger of eight subsidiary companies with Highvista Buildcon Private Limited, a subsidiary company.",https://nsearchives.nseindia.com/corporate/DLF_18022026161736_letter.pdf,106539145,3.15 MB,text/DLF_106539145.txt
2026-02-18,INDIAGLYCO,India Glycols Ltd.,NSE,Updates,scheme_other,scheme_other,India Glycols Limited has informed the Exchange regarding 'Revised Order - NCLT'.,https://nsearchives.nseindia.com/corporate/INDIAGLYCO_18022026163516_Reg_30_NCLT_16_02_2026_Final.pdf,106539173,580.81 KB,text/INDIAGLYCO_106539173.txt
2026-02-18,LUMAXTECH,Lumax Auto Technologies Ltd.,NSE,Amalgamation/Merger,merger,merger|scheme_other,"Lumax Auto Technologies Limited has informed the Exchange about the pronouncement of order by the Hon'ble National Company Law Tribunal, New Delhi Bench (Hon'ble NCLT' pertaining to the Company petition bearing No. CA (CAA)-95/ND/2025 (1st Motion) in respect of the Scheme of Amalgamation between IAC International Automotive India Private Limited (Transferor Company) and Lumax Auto Technologies Limited (Transferee Company) and their respective Shareholders and Creditors (Scheme), in accordance with the provisions of Section 230 to 232 and other applicable provisions of the Companies Act, 2013, read with the rules framed thereunder.",https://nsearchives.nseindia.com/corporate/LUMAXTECH_18022026193350_IntimationIACorder18022026.pdf,106539448,722.89 KB,text/LUMAXTECH_106539448.txt
2026-02-18,LUMAXTECH,Lumax Auto Technologies Ltd.,NSE,Amalgamation/Merger,merger,merger|scheme_other,"Lumax Auto Technologies Limited has informed the Exchange that the Hon'ble National Company Law Tribunal, New Delhi Bench ('Hon'ble NCLT'), has today i.e. February 18, 2026, pronounced the final Order, sanctioning the Scheme of Amalgamation between Lumax Ancillary Limited ( Transferor Company ) and Lumax Auto Technologies Limited ( Transferee Company ) and their respective Shareholders and Creditors ( Scheme ), in accordance with the provisions of Section 230 to 232 and other applicable provisions of the Companies Act, 2013, read with the rules framed thereunder.",https://nsearchives.nseindia.com/corporate/LUMAXTECH_18022026201529_IntimationofLAL18022026.pdf,106539463,412.26 KB,text/LUMAXTECH_106539463.txt
2026-02-19,CCAVENUE,AvenuesAI Ltd.,NSE,Committee Meeting Updates,rights_issue,rights_issue,"AvenuesAI Limited has informed the Exchange regarding Outcome of Rights Issue Committee Meeting held on February 19, 2026 for 2nd Reminder Cum Forfeiture Notice to the holders of Partly Paid-Up Equity Shares.",https://nsearchives.nseindia.com/corporate/INFIBEAM_19022026165227_AvenuesAIOutcomeRI19022026.pdf,106540249,3.44 MB,text/CCAVENUE_106540249.txt
2026-02-20,HAPPSTMNDS,Happiest Minds Technologies Ltd.,NSE,Amalgamation/Merger,merger,merger,Happiest Minds Technologies Limited has informed the Exchange about Amalgamation/Merger,https://nsearchives.nseindia.com/corporate/suhask_20022026195217_FirstMotionOrderHappiestMinds_Aureus20022026.pdf,106541416,3.08 MB,text/HAPPSTMNDS_106541416.txt
2026-02-20,INDIAGLYCO,India Glycols Ltd.,NSE,Updates,scheme_other,scheme_other,"India Glycols Limited has informed the Exchange regarding 'Notice of Meeting of the Unsecured Creditors of India Glycols Limited convened by the Hon'ble National Company Law Tribunal, Allahabad Bench, Prayagraj'.",https://nsearchives.nseindia.com/corporate/INDIAGLYCO_20022026144606_Intimation_Notice_Unsecured_Creditor_Meeting.pdf,106541026,25.06 MB,skipped:25.06 MB
2026-02-20,UPL,UPL Ltd.,NSE,Scheme of Arrangement,scheme_other,scheme_other,UPL Limited has informed the Exchange about Scheme of Arrangement,https://nsearchives.nseindia.com/corporate/UPL_20022026153902_Draft_Reg_30_Disclosure__Feb_19__Clean.pdf,106541068,556.29 KB,text/UPL_106541068.txt
2026-02-24,HCG,Healthcare Global Enterprises Ltd.,NSE,Rights Issue,rights_issue,rights_issue,"Healthcare Global Enterprises Limited has informed the Exchange that Board of Directors at its meeting held on February 24, 2026, has decided to issue equity shares on rights basis in the ratio of 1: 17 (1 Rights Equity Share for every 17 fully paid-up equity shares), to eligible equity shareholders, held as on the Record Date being March 02, 2026 at an Issue Price of Rs. 512 per share.",https://nsearchives.nseindia.com/corporate/HCG1_24022026195648_Board_Meeting_Outcome_-_24_February_2026.pdf,106543786,347.34 KB,text/HCG_106543786.txt
2026-02-24,HCG,Healthcare Global Enterprises Ltd.,NSE,Rights Issue,rights_issue,rights_issue,"Healthcare Global Enterprises Limited has informed the Exchange that Board of Directors at its meeting held on February 24, 2026, has decided to issue equity shares on rights basis in the ratio of 1: 17 (1 Rights Equity Share for every 17 fully paid-up equity shares), to eligible equity shareholders, held as on the Record Date being March 02, 2026 at an Issue Price of Rs. 512 per share.",https://nsearchives.nseindia.com/corporate/HCG1_24022026200645_Board_Meeting_Outcome_-_24_February_2026.pdf,106543789,347.34 KB,text/HCG_106543789.txt
2026-02-24,HCG,Healthcare Global Enterprises Ltd.,NSE,Record Date,rights_issue,rights_issue,Healthcare Global Enterprises Limited has informed the Exchange that Record date fixed for the purpose of Rights issue is 02-Mar-2026.,https://nsearchives.nseindia.com/corporate/HCG1_24022026200950_Board_Meeting_Outcome_-_24_February_2026.pdf,106543792,347.34 KB,text/HCG_106543792.txt
2026-02-24,LT,Larsen & Toubro Ltd.,NSE,Updates,slump_sale,slump_sale,"Larsen & Toubro Limited has informed the Exchange regarding 'Intimation of execution of Business Transfer Agreement with SuFin Limited, Wholly owned Subsidiary of the Company'.",https://nsearchives.nseindia.com/corporate/PAM_24022026142849_Intimation__Reg_30_Sufin_sgd.pdf,106543407,3.27 MB,text/LT_106543407.txt
2026-02-25,HCG,Healthcare Global Enterprises Ltd.,NSE,General Updates,rights_issue,rights_issue,"Healthcare Global Enterprises Limited has informed the Exchange about the Letter of Offer dated February 24, 2026 for Rights Issue of fully paid-up equity shares",https://nsearchives.nseindia.com/corporate/HCG1_25022026005014_HCG_-_Letter_of_Offer_-_NSE_-_24_February_2026.pdf,106544039,1.41 MB,text/HCG_106544039.txt
2026-02-26,NH,Narayana Hrudayalaya Ltd.,NSE,Shareholders meeting,scheme_other,scheme_other,"Narayana Hrudayalaya Ltd. has informed the Exchange regarding notice of a meeting of the equity shareholders of the Company, proposed to be held on April 02, 2026, pursuant to the directions of the Hon'ble National Company Law Tribunal, Bengaluru Bench",https://nsearchives.nseindia.com/corporate/Narayana_26022026195517_SE_notice_final.pdf,106545846,3.41 MB,text/NH_106545846.txt
2026-02-26,NH,Narayana Hrudayalaya Ltd.,NSE,General Updates,scheme_other,scheme_other,"Narayana Hrudayalaya Ltd. has informed the Exchange about notice of a meeting of Secured creditors of the Company, proposed to be held on April 02, 2026, pursuant to the directions of the Hon'ble National Company Law Tribunal, Bengaluru Bench",https://nsearchives.nseindia.com/corporate/Narayana_26022026195904_SE_notice_final.pdf,106545850,3.41 MB,text/NH_106545850.txt
2026-02-26,NH,Narayana Hrudayalaya Ltd.,NSE,General Updates,scheme_other,scheme_other,"Narayana Hrudayalaya Ltd. has informed the Exchange about notice of a meeting of Unsecured creditors of the Company, proposed to be held on April 02, 2026, pursuant to the directions of the Hon'ble National Company Law Tribunal, Bengaluru Bench",https://nsearchives.nseindia.com/corporate/Narayana_26022026200658_SE_notice_final.pdf,106545852,3.41 MB,text/NH_106545852.txt
2026-02-26,ONESOURCE,Onesource Specialty Pharma Ltd.,NSE,Updates,merger,merger|scheme_other,"Intimation regarding receipt of No Objection / No Adverse Observation Letter from The National Stock Exchange of India Limited / BSE Limited in relation to the draft composite scheme of arrangement and amalgamation (merger by absorption) amongst Steriscience Specialties Private Limited, Brooks Steriscience Limited, Steriscience Pte. Limited, Strides Pharma Services Private Limited and Onesource Specialty Pharma Limited and their respective shareholders (under section 230 to 232 read with section 234, section 52, section 66 of the Indian Companies Act andunder section 210 read with section 212 of The Singapore Companies Act, 1967 and other applicable provisions of the Indian Companies Act, 2013, the Singapore Companies Act, 1967 and the rules framed thereunder ( Proposed Scheme )'.",https://nsearchives.nseindia.com/corporate/ONESOURCECDMO_26022026165243_OneSource_Intimation_on_NOC.pdf,106545635,2.68 MB,text/ONESOURCE_106545635.txt
2026-02-27,ASTRAMICRO,Astra Microwave Products Ltd.,NSE,Press Release,demerger,demerger,"Demerger of Space, Meteorology and Hydrology Business into a Separate Listed Entity.",https://nsearchives.nseindia.com/corporate/ASTRAMICRO_27022026131954_PressRelease.pdf,106546517,926.71 KB,text/ASTRAMICRO_106546517.txt
2026-02-27,JPPOWER,Jaiprakash Power Ventures Ltd.,NSE,Corporate Insolvency Resolution Process,scheme_other,scheme_other,"Jaiprakash Power Ventures Limited has informed the Exchange about filing of application under Section 7 of IBC, 2016 for the initiation of CIRP before NCLT Allahabad bench. The matter is yet to come up before the Hon'ble NCLT.",https://nsearchives.nseindia.com/corporate/JPPOWER_27022026172919_JPVL_Regulation_30_Disclosure_27022026.pdf,106546764,524.56 KB,text/JPPOWER_106546764.txt
2026-02-27,LUMAXTECH,Lumax Auto Technologies Ltd.,NSE,Amalgamation/Merger,merger,merger|scheme_other,"Lumax Auto Technologies Limited has informed the Exchange with reference to the intimation dated February 18, 2026, in respect of the Scheme of Arrangement of Amalgamation between Lumax Ancillary Limited ( Transferor Company ) and Lumax Auto Technologies Limited ( Transferee Company ) and their respective Shareholders and Creditors( Scheme ), in accordance with the provisions of Section 230 to 232 and other applicable provisions of the Companies Act, 2013, read with the rules framed thereunder, that the Hon'ble National Company Law Tribunal, New Delhi Bench ('Hon'ble NCLT'), on February 18, 2026, has allowed/reserved the Second Motion petition.However, the pronouncement date of the final Order is yet to be listed by the Hon'ble NCLT.",https://nsearchives.nseindia.com/corporate/LUMAXTECH_27022026204733_LATLIntimationLAL27022026.pdf,106547007,358.54 KB,text/LUMAXTECH_106547007.txt
2026-02-28,POLYCAB,Polycab India Ltd.,NSE,Scheme of Arrangement,merger,merger|scheme_other,"Polycab India Limited has informed the Exchange that the Hon ble National Company Law Tribunal, Ahmedabad Bench ( Hon ble NCLT ), has pronounced the Order, approving the scheme of Amalgamation of Uniglobus Electricals and Electronics Private Limited ( Wholly owned Subsidiary ) with Polycab India Limited",https://nsearchives.nseindia.com/corporate/POLYCAB_28022026121241_Amalgamation_of_Uniglobus_with_PIL.pdf,106547316,267.11 KB,text/POLYCAB_106547316.txt
2026-02-28,RKFORGE,Ramkrishna Forgings Ltd.,NSE,Updates,merger,merger|scheme_other,"Ramkrishna Forgings Limited has informed the Exchange regarding 'Order of Hon ble National Company Law Tribunal, Kolkata Bench, approving the Scheme of Amalgamation of Mal Metalliks Private Limited and Multitech Auto Private Limited with Ramkrishna Casting Solutions Limited (Formerly JMT Auto Limited) and their respective shareholders and creditors'.",https://nsearchives.nseindia.com/corporate/RKFORGE_28022026121608_STExchDisclAmalg28Feb26.pdf,106547318,707.65 KB,text/RKFORGE_106547318.txt
2026-03-01,ADANIENT,Adani Enterprises Ltd.,NSE,General Updates,slump_sale,slump_sale,"Adani Enterprises Limited has informed the Exchange about Intimation regarding execution Business Transfer Agreement by Adani Defence Systems & Technologies Ltd ( ADSTL ), a wholly owned subsidiary of the Company.",https://nsearchives.nseindia.com/corporate/nishant_joshi_adani_com_01032026145924_AelIntimation01032026BTA.pdf,106547715,193.48 KB,text/ADANIENT_106547715.txt
2026-03-02,FORTIS,Fortis Healthcare Ltd.,NSE,Updates,merger,merger|scheme_other,Fortis Healthcare Limited has informed the Exchange regarding 'Effective Date Of Scheme Of Arrangement- Merger by absorption'.,https://nsearchives.nseindia.com/corporate/FORTIS_02032026015901_FHL.pdf,106547745,719.42 KB,text/FORTIS_106547745.txt
2026-03-03,PERSISTENT,Persistent Systems Ltd.,NSE,Amalgamation/Merger,merger,merger,Persistent Systems Limited has informed the Exchange about Amalgamation/Merger,https://nsearchives.nseindia.com/corporate/PERSISTENTUSER1_03032026103749_PersistentSEIntimationofMergerofPTSIintoPSIsigned.pdf,106548781,212.95 KB,text/PERSISTENT_106548781.txt
2026-03-04,UPL,UPL Ltd.,NSE,Updates,scheme_other,scheme_other,UPL Limited has informed the Exchange regarding 'Uploading of Composite Scheme of Arrangement and certain other documents on the website of the Company'.,https://nsearchives.nseindia.com/corporate/UPL_04032026180016_FAQsintimation.pdf,106549611,200.62 KB,text/UPL_106549611.txt
2026-03-05,PERSISTENT,Persistent Systems Ltd.,NSE,Amalgamation/Merger,merger,merger,Persistent Systems Limited has informed the Exchange about Amalgamation/Merger,https://nsearchives.nseindia.com/corporate/PERSISTENTUSER1_05032026131349_PersistentSystemsSEIntimationofMergerofStsrfishintoPSIsigned.pdf,106550261,212.90 KB,text/PERSISTENT_106550261.txt
2026-03-05,SHILPAMED,Shilpa Medicare Ltd.,NSE,Amalgamation/Merger,merger,merger|scheme_other,NCLT order on merger of Shilpa Therapeutics Private Limited a wholly owned subsidiary with Shilpa Media Limited,https://nsearchives.nseindia.com/corporate/SHILPAMED_05032026175212_SE_Intimation_STPL_merger.pdf,106550697,1.11 MB,text/SHILPAMED_106550697.txt
2026-03-06,IRCON,IRCON International Ltd.,NSE,News Verification,merger,merger,The Exchange has sought clarification from Ircon International Limited with respect to recent news item captioned Ministry Of Railways Proposes Merger Of IRCON And RVNL As Shares Surge. The response from the Company is awaited.,-,106551264,0 Bytes,
2026-03-06,IRCON,IRCON International Ltd.,NSE,News Verification,merger,merger,The Exchange has sought clarification from Ircon International Limited with respect to recent news item captioned Ministry Of Railways Proposes Merger Of IRCON And RVNL As Shares Surge. The response from the Company is attached.,https://nsearchives.nseindia.com/corporate/IRCON_06032026141427_STXCLARIFICATION.pdf,106551364,1.02 MB,text/IRCON_106551364.txt
2026-03-06,ONESOURCE,Onesource Specialty Pharma Ltd.,NSE,General Updates,merger,merger|scheme_other,"Onesource Specialty Pharma Limited has informed the Exchange about General Update on Composite Scheme of Amalgamation (Merger by Absorption) amongst SteriscienceSpecialties Private Limited, Brooks Steriscience Limited, Steriscience Pte. Limited, Strides PharmaServices Private Limited and Onesource Specialty Pharma Limited and their respective shareholders -",https://nsearchives.nseindia.com/corporate/ONESOURCECDMO_06032026190346_OneSource_SE_intimation.pdf,106551725,665.64 KB,text/ONESOURCE_106551725.txt
2026-03-06,RVNL,Rail Vikas Nigam Ltd.,NSE,News Verification,merger,merger,The Exchange has sought clarification from Rail Vikas Nigam Limited with respect to recent news item captioned Ministry Of Railways Proposes Merger Of IRCON And RVNL As Shares Surge. The response from the Company is awaited.,-,106551258,0 Bytes,
2026-03-06,RVNL,Rail Vikas Nigam Ltd.,NSE,News Verification,merger,merger,The Exchange has sought clarification from Rail Vikas Nigam Limited with respect to recent news item captioned Ministry Of Railways Proposes Merger Of IRCON And RVNL As Shares Surge. The response from the Company is attached.,https://nsearchives.nseindia.com/corporate/RVNL_06032026151243_Merger_news_06032026.pdf,106551408,351.92 KB,text/RVNL_106551408.txt
2026-03-06,TVSMOTOR,TVS Motor Company Ltd.,NSE,General Updates,scheme_other,scheme_other,"TVS Motor Company Limited has informed the Exchange about receipt of listing and trading approval from National Stock Exchange of India Limited and BSE Limited for listing and trading of 190,03,48,456 6% Cumulative Non-Convertible Redeemable Preference Shares ( NCRPS ) of INR 10 each bearing dist. nos 1 to 1900348456 issued by the Company pursuant to Scheme of Arrangement between the Company and its shareholders sanctioned by the Hon'ble National Company Law Tribunal, Chennai Bench (""Scheme"")",https://nsearchives.nseindia.com/corporate/TVSMOTOR_06032026213826_BSENSEIntimationListingofNCRPSSD.pdf,106551814,660.16 KB,text/TVSMOTOR_106551814.txt
2026-03-10,ASIANPAINT,Asian Paints Ltd.,NSE,Amalgamation/Merger,merger,merger|scheme_other,"We wish to inform you that the Hon ble National Company Law Tribunal, Mumbai, vide its Order dated 10th March 2026, has sanctioned the Scheme of Amalgamation of Asian Paints (Polymers) Private Limited with the Company.",https://nsearchives.nseindia.com/corporate/ASIANPAINT_10032026232223_SEintimation_sanctionofscheme_signed.pdf,106554351,5.70 MB,text/ASIANPAINT_106554351.txt
2026-03-10,DEVYANI,Devyani International Ltd.,NSE,Scheme of Arrangement,merger,merger|scheme_other,Devyani International Limited has informed the Exchange about Scheme of Amalgamation of wholly owned subsidiaries with and into the Company,https://nsearchives.nseindia.com/corporate/DEVYANI_10032026164932_DIL_Outcome_of_BM_merger_DSC.pdf,106553893,323.33 KB,text/DEVYANI_106553893.txt
2026-03-10,LALPATHLAB,Dr. Lal Path Labs Ltd.,NSE,Updates,scheme_other,scheme_other,Dr. Lal Path Labs Ltd. has informed the Exchange regarding 'Update on Voluntary Liquidation of Suburban Diagnostics (India) Private Limited (a Wholly Owned Subsidiary of the Company) Receipt of NCLT Order'.,https://nsearchives.nseindia.com/corporate/LALPATHLAB_10032026153501_Intimationdissolutionofsubrban.pdf,106553806,504.20 KB,text/LALPATHLAB_106553806.txt
2026-03-11,ASTERDM,Aster DM Quality Care Ltd.,NSE,Press Release,scheme_other,scheme_other,"Aster DM Healthcare Limited has informed the Exchange regarding a press release dated March 11, 2026, titled ""Outcome of Hon ble NCLT convened shareholders and unsecured creditors meeting held on March 10, 2026"".",https://nsearchives.nseindia.com/corporate/ASTERDM2_11032026222109_Intimation_pressrelease.pdf,106555218,1.62 MB,text/ASTERDM_106555218.txt
2026-03-11,CRAFTSMAN,Craftsman Automation Ltd.,NSE,Amalgamation/Merger,merger,merger,Craftsman Automation Limited has informed the Exchange about Amalgamation/Merger,https://nsearchives.nseindia.com/corporate/CRAFTSMAN_11032026164318_Stxintimationscheme.pdf,106554899,986.79 KB,text/CRAFTSMAN_106554899.txt
2026-03-11,LUMAXTECH,Lumax Auto Technologies Ltd.,NSE,Amalgamation/Merger,merger,merger,Lumax Auto Technologies Limited has informed the Exchange about Amalgamation/Merger,https://nsearchives.nseindia.com/corporate/LUMAXTECH_11032026192541_IntimationofLAL11032026.pdf,106555134,362.73 KB,text/LUMAXTECH_106555134.txt
2026-03-11,NH,Narayana Hrudayalaya Ltd.,NSE,Corrigendum,scheme_other,scheme_other,"Narayana Hrudayalaya Ltd. has informed the Exchange regarding Corrigendum to Notice of Extra-Ordinary General Meeting to be held on April 02, 2026 pursuant to the directions of the Hon'ble National Company Law Tribunal, Bengaluru Bench",https://nsearchives.nseindia.com/corporate/Narayana_11032026173135_SECorrigendum_to_Notices11032026.pdf,106554972,895.08 KB,text/NH_106554972.txt
2026-03-12,AMBUJACEM,Ambuja Cements Ltd.,NSE,Scheme of Arrangement,scheme_other,scheme_other,Ambuja Cements Limited has informed the Exchange about Effectiveness of Scheme of Arrangement between Sanghi Industries Limited and Ambuja Cements Limited and their respective shareholders and fixing of record date,https://nsearchives.nseindia.com/corporate/AMBUJACEM_12032026204813_SIL12032026.pdf,106556188,162.30 KB,text/AMBUJACEM_106556188.txt
2026-03-12,AMBUJACEM,Ambuja Cements Ltd.,NSE,Scheme of Arrangement,scheme_other,scheme_other,Ambuja Cements Limited has informed the Exchange about Effectiveness of Scheme of Arrangement between Sanghi Industries Limited and Ambuja Cements Limited and their respective shareholders and fixing of record date,https://nsearchives.nseindia.com/corporate/AMBUJACEM_12032026205852_ACL_12032026.pdf,106556193,160.65 KB,text/AMBUJACEM_106556193.txt
2026-03-12,AMBUJACEM,Ambuja Cements Ltd.,NSE,Record Date,demerger,demerger|merger,Ambuja Cements Limited has informed the Exchange that Record date for the purpose of Merger/HiveOff is 06-Apr-2026.,https://nsearchives.nseindia.com/corporate/AMBUJACEM_12032026210050_ACL_12032026.pdf,106556194,160.65 KB,text/AMBUJACEM_106556194.txt
2026-03-12,DBREALTY,VALOR ESTATE Ltd.,NSE,Amalgamation/Merger,merger,merger,Effective date of Scheme of Amalgamation,https://nsearchives.nseindia.com/corporate/DBR_12032026184036_SE_Intimation_of_effective_date_of_amalgamation_of_SADPL_HVPL.pdf,106556117,231.98 KB,text/DBREALTY_106556117.txt
2026-03-13,DABUR,Dabur India Ltd.,NSE,Scheme of Arrangement,merger,merger|scheme_other,"Dabur India Limited has informed the Exchange about Receipt of order dated March 12, 2026, passed by the Hon ble National Company Law Tribunal, New Delhi Bench ( NCLT ) for inter alia convening meeting of the equity shareholders and unsecured creditors of Dabur India Limited in connection with the Scheme of Amalgamation between Sesa Care Private Limited Transferor Company and Dabur India Limited Company or Transferee Company and their respective shareholders and creditors",https://nsearchives.nseindia.com/corporate/DABURU_13032026173736_Letter.pdf,106557046,923.42 KB,text/DABUR_106557046.txt
2026-03-13,INDIACEM,India Cements Ltd.,NSE,Updates,merger,merger,The India Cements Limited has informed the Exchange regarding 'Scheme of Amalgamation'.,https://nsearchives.nseindia.com/corporate/INDIACEM_13032026115610_SEsltrdt13032026ICLApprovalofSchemesd.pdf,106556708,224.10 KB,text/INDIACEM_106556708.txt
2026-03-13,LUMAXTECH,Lumax Auto Technologies Ltd.,NSE,Amalgamation/Merger,merger,merger|scheme_other,"Lumax Auto Technologies Limited has informed the Exchange about the copy of order dated March 11, 2026 (received by the Company today) passed by Hon ble National Company Law Tribunal, New Delhi Bench sanctioning the Scheme of Arrangement ofAmalgamation between Lumax Ancillary Limited ( Transferor Company ) and Lumax AutoTechnologies Limited ( Transferee Company / the Company ) and their respective Shareholders and Creditors.",https://nsearchives.nseindia.com/corporate/LUMAXTECH_13032026194219_LATLIntimationSchemeofArrangementofAmalgamation13032026.pdf,106557198,575.52 KB,text/LUMAXTECH_106557198.txt
2026-03-14,INOXGREEN,Inox Green Energy Services Ltd.,NSE,Scheme of Arrangement,scheme_other,scheme_other,Update on the Scheme of Arrangement between Inox Green Energy Services Limited and Inox Renewable Solutions Limited and their respective shareholders ( Scheme ),https://nsearchives.nseindia.com/corporate/IGESL_14032026182453_IGESL_SE_intimation_regarding_NCLT_order.pdf,106557659,1.97 MB,text/INOXGREEN_106557659.txt
2026-03-14,SHAREINDIA,Share India Securities Ltd.,NSE,Shareholders meeting,scheme_other,scheme_other,"Share India Securities Limited has submitted the Exchange a copy of voting results along with the Scrutinizer reports of the NCLT convened meetings of the Equity Shareholders, Non-Convertible Debenture Holders, Secured Creditors and Unsecured Creditors of the Company.",https://nsearchives.nseindia.com/corporate/SISL_14032026172522_Voting_Results_Scrutinizer_Reports.pdf,106557646,2.98 MB,text/SHAREINDIA_106557646.txt
2026-03-15,JKPAPER,JK Paper Ltd.,NSE,Scheme of Arrangement,scheme_other,scheme_other,JK Paper Limited has informed the Exchange about Effectiveness of Scheme of Arrangement,https://nsearchives.nseindia.com/corporate/JKPAPER_15032026112113_STX_Scheme_Effectiveness_15032026.pdf,106557820,334.15 KB,text/JKPAPER_106557820.txt
2026-03-16,ADANIENT,Adani Enterprises Ltd.,NSE,General Updates,scheme_other,scheme_other,"Adani Enterprises Limited has informed the Exchange about Intimation regarding Sanction of Composite Scheme of Arrangement by Hon ble National Company Law Tribunal, Ahmedabad Bench",https://nsearchives.nseindia.com/corporate/nishant_joshi_adani_com_16032026191229_AELSEintimationNCLTOrder16032026.pdf,106558507,4.52 MB,text/ADANIENT_106558507.txt
2026-03-17,JPPOWER,Jaiprakash Power Ventures Ltd.,NSE,Updates,scheme_other,scheme_other,Jaiprakash Power Ventures Limited has informed the Exchange regarding Hon'ble NCLT Allahabad Bench Order with respect to CIRP of Jaiprakash Associates Limited (Promoter Company ),https://nsearchives.nseindia.com/corporate/JPPOWER_17032026163809_JPVL_Disclosure_JAL_CIRP_Order_17032026_SIGNED.pdf,106559363,457.08 KB,text/JPPOWER_106559363.txt
2026-03-17,REFEX,Refex Industries Ltd.,NSE,General Updates,scheme_other,scheme_other,"Disclosure under Regulation 30 and other applicable regulations of the Securities and Exchange Board of India (Listing Obligations and Disclosure Requirements) Regulations, 2015, - Receipt of Observation Letters from the Stock Exchanges for the proposed Composite Scheme",https://nsearchives.nseindia.com/corporate/REFEX2002_17032026111030_RIL_STX_Observation_Letter_sd.pdf,106559068,2.27 MB,text/REFEX_106559068.txt
2026-03-17,SHILPAMED,Shilpa Medicare Ltd.,NSE,Amalgamation/Merger,merger,merger|scheme_other,Shilpa Medicare Limited has informed the Exchange about certified true copy of NCLT order,https://nsearchives.nseindia.com/corporate/SHILPAMED_17032026164324_SEintimation_NCLT_CTC.pdf,106559372,7.67 MB,text/SHILPAMED_106559372.txt
2026-03-17,TATASTEEL,Tata Steel Ltd.,NSE,Amalgamation/Merger,merger,merger,Tata Steel Limited has informed the Exchange about Scheme of Amalgamation amongst Neelachal Ispat Nigam Limited and Tata Steel Limited and their respective shareholders,https://nsearchives.nseindia.com/corporate/NIDHIFADNAVIS_17032026184358_Board_Outcome_-_March_17_2026.pdf,106559551,465.49 KB,text/TATASTEEL_106559551.txt
2026-03-18,GABRIEL,Gabriel India Ltd.,NSE,Shareholders meeting,scheme_other,scheme_other,"Gabriel India Limited has informed the Exchange regarding Summary of NCLT Convened Meeting held on March 18, 2026 at 11:00 AM and concluded at 11:35 AM",https://nsearchives.nseindia.com/corporate/GABRIEL_18032026131019_SE_Intimation_Outcome_final_signed.pdf,106560238,595.97 KB,text/GABRIEL_106560238.txt
2026-03-18,GABRIEL,Gabriel India Ltd.,NSE,Shareholders meeting,scheme_other,scheme_other,"Gabriel India Limited has submitted the Exchange the Scrutinizer's report and Voting Results of NCLT Convened Meeting of Equity Shareholders held on March 18, 2026 at 11:00 AM",https://nsearchives.nseindia.com/corporate/GABRIEL_18032026175000_SE_intimation_merged_signed.pdf,106560477,2.38 MB,text/GABRIEL_106560477.txt
2026-03-19,ACI,Archean Chemical Industries Ltd.,NSE,Amalgamation/Merger,merger,merger,"The Board of Archean Chemical Industries Limited, has approved the Merger of Idealis Chemicals Private Limited (Wholly Owned Subsidiary of the Company) with Idealis Mudchemie Private Limited (Wholly Owned Subsidiary of Idealis Chemicals Private Limited).",https://nsearchives.nseindia.com/corporate/ARCHEAN_19032026193736_Intimation_Merger.pdf,106561640,506.18 KB,text/ACI_106561640.txt
2026-03-19,ADANIENT,Adani Enterprises Ltd.,NSE,Updates,rights_issue,rights_issue,"Adani Enterprises Limited has informed the Exchange regarding 'Conversion Of Rs. 0.75 Partly Paid-Up Equity Shares Into Rs. 1.00 Fully Paid-Up Equity Shares In Relation To The Rights Issue By Adani Enterprises Limited, Upon Receipt Of The Payment In Respect Of The Second And Final Call Through The ASBA Facility, To The Extent Applicable'.",https://nsearchives.nseindia.com/corporate/ADANIENT_19032026170553_Intimationconversion_PPtoFP_2ndcall_final.pdf,106561489,171.77 KB,text/ADANIENT_106561489.txt
2026-03-19,AMBER,Amber Enterprises India Ltd.,NSE,Issue of Securities,rights_issue,rights_issue,"Amber Enterprises India Limited has informed you that the Board of Directors of IL JIN Electronics (India) Private Limited, a material subsidiary of Amber Enterprises India Limited, has approved the raise of additional capital aggregating to Rs. 3,28,12,28,750/- by way of a Rights Issue of equity shares.",https://nsearchives.nseindia.com/corporate/AMBER_19032026185956_SE_Intimation_Rights_Issue_19032026.pdf,106561616,327.02 KB,text/AMBER_106561616.txt
2026-03-19,AMBER,Amber Enterprises India Ltd.,NSE,Acquisition,rights_issue,rights_issue,"Amber Enterprises India Limited has informed you that the Company has approved tomake an additional investment in IL JIN Electronics (India) Private Limited (""IL JIN""), a material subsidiary of the Company, by subscribing to the Rights Issue approved by the Board of Directors of IL JIN.",https://nsearchives.nseindia.com/corporate/AMBER_19032026191142_SE_Intimation_Acquisition_19032026.pdf,106561627,548.28 KB,text/AMBER_106561627.txt
2026-03-19,CIPLA,Cipla Ltd.,NSE,Outcome of Board Meeting,merger,merger|scheme_other,"Cipla Limited has informed the Exchange regarding Outcome of Board Meeting held on March 19, 2026 regarding:1. Approved investment upto USD 100 million in the equity share capital of Cipla (EU) Limited, a whollyowned subsidiary of the Company for the purpose of providing onward financial assistance to InvaGen Pharmaceuticals Inc., wholly-owned subsidiary of Cipla (EU) Limited, to meet its capital expenditure, working capital requirements and other general corporate purposes.2. Approved Scheme of Amalgamation of Inzpera Healthsciences Limited ( Transferor Company ), wholly owned subsidiary with the Company ( Transferee Company ). The Scheme of Amalgamation is subject to necessary approvals required under the Companies Act, 2013, including approval of the Hon bleNational Company Law Tribunal, Mumbai. The proposed amalgamation will not have any material impact on the financials of the Company.",https://nsearchives.nseindia.com/corporate/CIPLA_19032026173251_Signed_OutcomeBoardmeeting19thMarch2026.pdf,106561517,206.47 KB,text/CIPLA_106561517.txt
2026-03-19,LT,Larsen & Toubro Ltd.,NSE,Scheme of Arrangement,scheme_other,scheme_other,Larsen & Toubro Limited has informed the Exchange about Scheme of Arrangement,https://nsearchives.nseindia.com/corporate/PAM_19032026161557_NSE_BSE_Response.pdf,106561443,2.15 MB,text/LT_106561443.txt
2026-03-20,JKPAPER,JK Paper Ltd.,NSE,Allotment of Securities,merger,merger|scheme_other,"JK Paper Limited has informed the Exchange regarding allotment of 1,19,16,427 equity shares pursuant to Scheme of Arrangement/Amalgamation at its meeting held on March 20, 2026",https://nsearchives.nseindia.com/corporate/JKPAPER_20032026163711_STX_intimation_allotment_20032026.pdf,106562340,660.59 KB,text/JKPAPER_106562340.txt
2026-03-20,THOMASCOOK,Thomas Cook (India) Ltd.,NSE,Scheme of Arrangement,scheme_other,scheme_other,Thomas Cook (India) Limited has informed the Exchange about Scheme of Arrangement.,https://nsearchives.nseindia.com/corporate/THOMASCOOK_20032026192146_SEBI_Intimation_Post_Board_meeting.pdf,106562592,492.82 KB,text/THOMASCOOK_106562592.txt
2026-03-20,THOMASCOOK,Thomas Cook (India) Ltd.,NSE,Amalgamation/Merger,merger,merger|scheme_other,Thomas Cook (India) Limited has informed the Exchange about Composite Scheme of Arrangement.,https://nsearchives.nseindia.com/corporate/THOMASCOOK_20032026192706_SEBI_Intimation_Post_Board_meeting.pdf,106562608,492.82 KB,text/THOMASCOOK_106562608.txt
2026-03-20,THOMASCOOK,Thomas Cook (India) Ltd.,NSE,Demerger,demerger,demerger|scheme_other,Thomas Cook (India) Limited has informed the Exchange about Composite Scheme of Arrangement.,https://nsearchives.nseindia.com/corporate/THOMASCOOK_20032026193336_SEBI_Intimation_Post_Board_meeting.pdf,106562614,492.82 KB,text/THOMASCOOK_106562614.txt
2026-03-20,THOMASCOOK,Thomas Cook (India) Ltd.,NSE,Other Restructuring,capital_reduction,capital_reduction,Thomas Cook (India) Limited has informed the Exchange about Reduction of Share Capital.,https://nsearchives.nseindia.com/corporate/THOMASCOOK_20032026194322_SEBI_Intimation_Post_Board_meeting.pdf,106562622,492.82 KB,text/THOMASCOOK_106562622.txt
2026-03-20,THOMASCOOK,Thomas Cook (India) Ltd.,NSE,Press Release,demerger,demerger,"Thomas Cook (India) Limited has informed the Exchange regarding a press release dated March 20, 2026, titled ""Thomas Cook (India) Limited announces the demerger of its Resorts and Resort Management business into Sterling Holiday Resorts Limited"".",https://nsearchives.nseindia.com/corporate/THOMASCOOK_20032026195128_Stock_Exchange_Intimation_-Press_Release.pdf,106562626,479.45 KB,text/THOMASCOOK_106562626.txt
2026-03-20,THOMASCOOK,Thomas Cook (India) Ltd.,NSE,General Updates,scheme_other,scheme_other,"Thomas Cook (India) Limited has informed the Exchange about approval of Composite Scheme of Arrangement by Board of Directors of Sterling Holiday Resorts Limited (Wholly Owned Material Subsidiary of Thomas Cook (India) Limited) under Regulation 30(9) of the Securities and Exchange Board of India (Listing Obligations and Disclosure Requirements) Regulations, 2015.",https://nsearchives.nseindia.com/corporate/THOMASCOOK_20032026211611_TCIL_SHRL_intimation_200326.pdf,106562684,642.26 KB,text/THOMASCOOK_106562684.txt
2026-03-21,DELHIVERY,Delhivery Ltd.,NSE,Amalgamation/Merger,merger,merger|scheme_other,Delhivery Limited has informed about the NCLT order approving the Scheme of Amalgamation,https://nsearchives.nseindia.com/corporate/DELHIVERYLTD_21032026081734_Reg30Disclosure_SpotonMerger_Sd.pdf,106562959,811.92 KB,text/DELHIVERY_106562959.txt
2026-03-23,CGCL,Capri Global Capital Ltd.,NSE,General Updates,rights_issue,rights_issue,"Capri Global Capital Limited has informed the Exchange about General Updates on Allotment of shares to the Company by Capri Global Housing Finance Limited ( CGHFL ), a wholly-owned subsidiary of the Company pursuant to its Rights Issue of Equity Shares",https://nsearchives.nseindia.com/corporate/CGCL_23032026185608_Reg30_Allotment_of_shares_CGHFL.pdf,106564360,437.10 KB,text/CGCL_106564360.txt
2026-03-23,GPIL,Godawari Power & Ispat Ltd.,NSE,Updates,merger,merger,Godawari Power And Ispat limited has informed the Exchange regarding 'Updates on the Scheme of Amalgamation of Godawari Energy Limited with Godawari Power And Ispat Limited and their eespective Shareholders.'.,https://nsearchives.nseindia.com/corporate/GPIL_23032026173618_GPILNSEBSEFILEDNCLTORDER23032026.pdf,106564151,915.02 KB,text/GPIL_106564151.txt
2026-03-23,JKTYRE,JK Tyre & Industries Ltd.,NSE,Updates,merger,merger,JK Tyre & Industries Limited has informed the Exchange regarding 'Report from the Audit Committee of Directors and Independent Directors of the Company certifying distribution of proceeds to eligible shareholders of fractional entitlements pursuant to the Scheme of Amalgamation of Cavendish Industries Ltd. with JK Tyre & Industries Ltd. and their respective shareholders.',https://nsearchives.nseindia.com/corporate/JKTYRE_23032026190124_ReportofACID.pdf,106564415,617.58 KB,text/JKTYRE_106564415.txt
2026-03-23,VEDL,Vedanta Ltd.,NSE,News Verification,scheme_other,scheme_other,"The Exchange has sought clarification from Vedanta Limited with respect to recent news item captioned Vedanta moves NCLAT, challenges NCLT nod to Adani's bid for acquiring Jaiprakash Associates. The response from the Company is awaited.",-,106563624,0 Bytes,
2026-03-23,VEDL,Vedanta Ltd.,NSE,News Verification,scheme_other,scheme_other,"The Exchange has sought clarification from Vedanta Limited with respect to recent news item captioned Vedanta moves NCLAT, challenges NCLT nod to Adani's bid for acquiring Jaiprakash Associates. The response from the Company is attached.",https://nsearchives.nseindia.com/corporate/VEDL_23032026150222_VEDLReplytoNewsClarificationMarch2026signed.pdf,106563886,500.68 KB,text/VEDL_106563886.txt
2026-03-24,ASIANPAINT,Asian Paints Ltd.,NSE,Amalgamation/Merger,merger,merger,"Board of Directors of Harind Chemicals and Pharmaceuticals Private Limited ( Harind ), a subsidiary of the Company, and Nova Surface-Care Centre Private Limited ( Nova ), a wholly-owned subsidiary of Harind, at their respective meetings held today i.e., Tuesday, 24th March 2026, have, inter alia, approved the Scheme of Amalgamation of Nova ( Transferor Company ) with Harind (""Transferee Company"").",https://nsearchives.nseindia.com/corporate/ASIANPAINT_24032026214017_SEintimationnovaharindmerger.pdf,106566249,238.87 KB,text/ASIANPAINT_106566249.txt
2026-03-24,LT,Larsen & Toubro Ltd.,NSE,Updates,merger,merger,"Larsen & Toubro Limited has informed the Exchange regarding 'Amalgamation of SiliConch Systems Private Limited, a step-down subsidiary of the Company with L&T Semiconductor Technologies Limited a wholly owned subsidiary'.",https://nsearchives.nseindia.com/corporate/PAM_24032026170040_SiliconchIntimation240326.pdf,106565795,305.37 KB,text/LT_106565795.txt
2026-03-25,ASHOKA,Ashoka Buildcon Ltd.,NSE,General Updates,rights_issue,rights_issue,"Ashoka Buildcon Limited has informed the Exchange about Intimation regarding allotment of shares under Rights issue to the Company by Viva Infrastructure Limited, a wholly owned subsidiary pursuant to Regulation 30 of SEBI (Listing Obligations & Disclosure Requirements) Regulations, 2015",https://nsearchives.nseindia.com/corporate/ASHOKA_25032026162948_474_ABL_BSE_NSE_VIL_Allotment_25033036.pdf,106567821,691.11 KB,text/ASHOKA_106567821.txt
2026-03-25,LTTS,L&T Technology Services Ltd.,NSE,General Updates,slump_sale,slump_sale,"L&T Technology Services Limited has informed the Exchange about entering into Business Transfer Agreement to sell and transfer the Smart World and Communication Business Unit of the Company comprising of the safe and smart segment and communication segment, on a slump sale basis to AMI Paradigm Solutions Private Limited.",https://nsearchives.nseindia.com/corporate/LTTS_25032026235007_LTTSReg30SlumpSaleFiling25032026signed.pdf,106568837,1.41 MB,text/LTTS_106568837.txt
2026-03-25,MANAPPURAM,Manappuram Finance Ltd.,NSE,Updates,rights_issue,rights_issue,Kotak Mahindra Capital Company Limited has Submitted to the Exchange a copy of Letter of Offer.,https://nsearchives.nseindia.com/corporate/team_sandeshc_25032026114853_Manappuram.zip,106566908,2.14 MB,
2026-03-25,MAXHEALTH,Max Healthcare Institute Ltd.,NSE,General Updates,scheme_other,scheme_other,Max Healthcare Institute Limited has informed the Exchange regarding Hon'ble National Company Law Tribunal order for voluntary liquidation of ET Planners Private Limited,https://nsearchives.nseindia.com/corporate/MAXHEALTH_25032026224421_SE_Intimation_ET_Planners_Liquidation_NCLT.pdf,106568667,428.88 KB,text/MAXHEALTH_106568667.txt
2026-03-25,NETWORK18,Network18 Media & Investments Ltd.,NSE,Amalgamation/Merger,merger,merger,Network18 Media & Investments Limited has informed the Exchange about Amalgamation/Merger,https://nsearchives.nseindia.com/corporate/Shambhu_25032026205214_NW18_SEDisclosure_Merger.pdf,106568620,245.29 KB,text/NETWORK18_106568620.txt
2026-03-26,OLAELEC,Ola Electric Mobility Ltd.,NSE,Press Release,capital_reduction,capital_reduction,"Ola Electric Mobility Limited has informed the Exchange regarding a press release dated March 26, 2026, titled ""Ola Electric Launches #EndICEAge Campaign: EVs Now Starting at &#8377;49,999, with Service Trust Guarantee, Buyback Guarantee and Benefits up to &#8377;50,000"".",https://nsearchives.nseindia.com/corporate/OLAELECTRIC_26032026162340_Intimation_Press_Release_Ola_Electric.pdf,106569683,866.82 KB,text/OLAELEC_106569683.txt
2026-03-26,RKFORGE,Ramkrishna Forgings Ltd.,NSE,Updates,merger,merger|scheme_other,"Ramkrishna Forgings Limited has informed the Exchange regarding 'Cessation Of Subsidiaries pursuant to a Scheme Of Amalgamation approved By Hon'Ble National Company Law Tribunal, Kolkata Bench.",https://nsearchives.nseindia.com/corporate/RKFORGE_26032026165557_DisclosureReg30Subsidiarycessationonmerger.pdf,106569809,968.95 KB,text/RKFORGE_106569809.txt
2026-03-27,COFORGE,Coforge Ltd.,NSE,General Updates,scheme_other,scheme_other,Coforge Limited has informed the Exchange about Reservation of order of Second Motion Petition by the Hon ble National Company Law Tribunal ( NCLT ),https://nsearchives.nseindia.com/corporate/COFORGE_27032026225314_STX_Intimation-Coforge_SMP_Order_Reserve.pdf,106572574,247.00 KB,text/COFORGE_106572574.txt
2026-03-27,HCG,Healthcare Global Enterprises Ltd.,NSE,Rights Issue,rights_issue,rights_issue,"This is in continuation to the meetings of the Board of Directors ( Board ) of HealthCare Global Enterprises Limited ( Company ) held on February 17, 2026, approving the offer and issue of equity shares of the Company ( Equity Shares ) on a rights basis to eligible equity shareholders of the Company ( Issue ) and our intimation dated February 24, 2026, regarding the outcome of the meeting of the Board held on February 24, 2026, approving the various terms of the Issue and the meeting of the Board held on February 24, 2026, approving the Letter of Offer.In relation to the aforesaid Issue, opened on March 11, 2026 and closed on March 25, 2026, and pursuant to the finalization of the basis of allotment of the Issue, in consultation with the Kfin Technologies Limited and ( Registrar to the Issue ) and as approved by the designated stock exchange, National Stock Exchange of India Limited, the Rights Issue Committee at its meeting held today, i.e., March 27, 2026, inter alia, considered and approved the allotment of 82,94,566 Equity Shares of Face Value of &#8377; 10 each on Rights Basis to the eligible shareholders and/ or renouncee(s) in terms of the Letter of Offer at a price of &#8377;512 per Equity Share (including a premium of &#8377;502 per Equity Share) ( Allotment ).",https://nsearchives.nseindia.com/corporate/HCG1_27032026221016_SE_Intimation_Rights_Issue_Allotment_of_shares.pdf,106572529,323.84 KB,text/HCG_106572529.txt
2026-03-27,HCG,Healthcare Global Enterprises Ltd.,NSE,Committee Meeting Updates,rights_issue,rights_issue,"This is in continuation to the meetings of the Board of Directors ( Board ) of HealthCare Global Enterprises Limited ( Company ) held on February 17, 2026, approving the offer and issue of equity shares of the Company ( Equity Shares ) on a rights basis to eligible equity shareholders of the Company ( Issue ) and our intimation dated February 24, 2026, regarding the outcome of the meeting of the Board held on February 24, 2026, approving the various terms of the Issue and the meeting of the Board held on February 24, 2026, approving the Letter of Offer.In relation to the aforesaid Issue, opened on March 11, 2026 and closed on March 25, 2026, and pursuant to the finalization of the basis of allotment of the Issue, in consultation with the Kfin Technologies Limited and ( Registrar to the Issue ) and as approved by the designated stock exchange, National Stock Exchange of India Limited, the Rights Issue Committee at its meeting held today, i.e., March 27, 2026, inter alia, considered and approved the allotment of 82,94,566 Equity Shares of Face Value of Rs. 10 each on Rights Basis to the eligible shareholders and/ or renouncee(s) in terms of the Letter of Offer at a price of Rs. 512 per Equity Share (including a premium of Rs. 502 per Equity Share) ( Allotment ).",https://nsearchives.nseindia.com/corporate/HCG1_27032026221934_SE_Intimation_Rights_Issue_Allotment_of_shares.pdf,106572532,323.84 KB,text/HCG_106572532.txt
2026-03-27,HEGAM,HEG Advanced Materials Ltd.,NSE,General Updates,scheme_other,scheme_other,HEG Limited has informed the Exchange about 'Update on Composite Scheme of Arrangement'.,https://nsearchives.nseindia.com/corporate/HEG_27032026161433_Stxintimation_27032026.pdf,106571641,608.53 KB,text/HEGAM_106571641.txt
2026-03-27,PIRAMALFIN,Piramal Finance Ltd.,NSE,Amalgamation/Merger,merger,merger,"Piramal Finance Limited has informed the Exchange about Approval of scheme of amalgamation amongst the Company and Piramal Corporate Tower Private Limited, Piramal Agastya Offices Private Limited and DHFL Investments Limited (wholly-owned subsidiaries) and their respective shareholders and creditors, subject to receipt of necessary regulatory approvals",https://nsearchives.nseindia.com/corporate/Piramalcapital_27032026152543_Intimation_Reg30_BM_Outcome_27032026_sd.pdf,106571440,654.55 KB,text/PIRAMALFIN_106571440.txt
2026-03-27,POLYCAB,Polycab India Ltd.,NSE,General Updates,merger,merger,Polycab India Limited has informed the Exchange regarding 'Intimation of Effective date of Amalgamation'.,https://nsearchives.nseindia.com/corporate/POLYCAB_27032026200018_StockExchangeIntimation.pdf,106572410,267.50 KB,text/POLYCAB_106572410.txt
2026-03-27,REFEX,Refex Industries Ltd.,NSE,General Updates,merger,merger|scheme_other,"Disclosure under Regulation 30 of the Securities and Exchange Board of India (Listing Obligations and Disclosure Requirements) Regulations, 2015, as amended ( SEBI Listing Regulations ) Filing of Company Application for Composite Scheme of Amalgamation and Arrangement before Hon ble NCLT",https://nsearchives.nseindia.com/corporate/REFEX2002_27032026132241_RIL_STX_NCLT_sd.pdf,106571130,560.37 KB,text/REFEX_106571130.txt
2026-03-28,INDIACEM,India Cements Ltd.,NSE,Updates,merger,merger,The India Cements Limited has informed the Exchange regarding 'Scheme of Amalgamation'.,https://nsearchives.nseindia.com/corporate/INDIACEM_28032026183718_SEsltrdt28032026ICLSchemeUpdate.pdf,106573194,224.50 KB,text/INDIACEM_106573194.txt
2026-03-29,EPL,EPL Ltd.,NSE,Outcome of Board Meeting,merger,merger,"EPL Limited has informed the Exchange regarding Outcome of Board Meeting held on March 29, 2026 to consider and approve the Scheme of amalgamation (by way of merger by absorption) of Indovida India Private Limited with EPL Limited and their respective shareholders ( Scheme ), along with the execution of requisite agreements in relation to the Scheme.",https://nsearchives.nseindia.com/corporate/Sonia_Gupte_29032026175230_Reg30OutcomeSd.pdf,106573420,327.87 KB,text/EPL_106573420.txt
2026-03-29,EPL,EPL Ltd.,NSE,Amalgamation/Merger,merger,merger,"EPL Limited has informed the Exchange regarding Outcome of Board Meeting held on March 29, 2026 to consider and approve the Scheme of amalgamation (by way of merger by absorption) of Indovida India Private Limited with EPL Limited and their respective shareholders ( Scheme ), along with the execution of requisite agreements in relation to the Scheme, details of which are enclosed as a part of the intimation.",https://nsearchives.nseindia.com/corporate/Sonia_Gupte_29032026180111_Reg30OutcomeSd.pdf,106573422,327.87 KB,text/EPL_106573422.txt
2026-03-29,EPL,EPL Ltd.,NSE,Analysts/Institutional Investor Meet/Con. Call Updates,merger,merger,"Intimation regarding a Conference call for Analysts/ Investors (""Conference Call"") scheduled to be held on Monday, March 30, 2026, to discuss about the Scheme of Amalgamation, is enclosed herewith.",https://nsearchives.nseindia.com/corporate/Sonia_Gupte_29032026185327_IntimationOfConcallSchemeSd.pdf,106573429,445.35 KB,text/EPL_106573429.txt
2026-03-29,EPL,EPL Ltd.,NSE,Agreements,merger,merger,"We wish to inform that the Board of Directors at its meeting held on March 29, 2026, inter alia considered and approved the execution of: (i) Merger Implementation Agreement by and amongst the Company, Indovida India Private Limited and Indorama Netherlands B.V.; (ii) Shareholders'' Agreement by and amongst the Company, Epsilon Bidco Pte. Ltd. and Indorama Netherlands B.V.; and (iii) Transition Services Agreement by and amongst the Company, Indorama Netherlands B.V. and Indorama Ventures Global Services Limited.",https://nsearchives.nseindia.com/corporate/Sonia_Gupte_29032026190330_Reg30OutcomeSd.pdf,106573430,327.87 KB,text/EPL_106573430.txt
2026-03-30,AMBUJACEM,Ambuja Cements Ltd.,NSE,News Verification,merger,merger|scheme_other,The Exchange has sought clarification from Ambuja Cements Limited with respect to recent news item captioned Ambuja Cements-Penna Cement Merger Gets Green Light from NCLT Ahmedabad.. The response from the Company is awaited.,-,106574636,0 Bytes,
2026-03-30,AMBUJACEM,Ambuja Cements Ltd.,NSE,Scheme of Arrangement,scheme_other,scheme_other,Ambuja Cements Limited has informed the Exchange about Sanction of Scheme of Arrangement between Penna Cement Industries Limited and Ambuja Cements Limited and their respective shareholders.,https://nsearchives.nseindia.com/corporate/AMBUJACEM_30032026210310_ACL_Intimation_30032026.pdf,106574975,24.69 MB,text/AMBUJACEM_106574975.txt
2026-03-30,ASHOKA,Ashoka Buildcon Ltd.,NSE,General Updates,rights_issue,rights_issue,"Ashoka Buildcon Limited has informed the Exchange about Intimation regarding allotment of shares under Rights issue to the Company by Ashoka Infrastructure Limited, a wholly owned subsidiary pursuant to Regulation 30 of SEBI (Listing Obligations & Disclosure Requirements) Regulations, 2015",https://nsearchives.nseindia.com/corporate/ASHOKA_30032026161150_477_ABL_BSE_NSE_AIL_Allotment_300326.pdf,106574258,224.63 KB,text/ASHOKA_106574258.txt
2026-03-30,DABUR,Dabur India Ltd.,NSE,Shareholders meeting,merger,merger|scheme_other,"Dabur India Limited has informed the Exchange regarding Notice of the meeting of the equity shareholders of Dabur India Limited ( Company ) to be convened as per the directions issued by the Hon ble National Company Law Tribunal, New Delhi Bench ( NCLT ) in connection with the Scheme of Amalgamation between Sesa Care Private Limited and the Company and their respective shareholders and creditors",https://nsearchives.nseindia.com/corporate/DABURU_30032026173559_Noticememberupdated.pdf,106574535,596.16 KB,text/DABUR_106574535.txt
2026-03-30,DABUR,Dabur India Ltd.,NSE,Scheme of Arrangement,merger,merger|scheme_other,"Dabur India Limited has informed the Exchange about Notice of the meeting of the unsecured creditors of Dabur India Limited ( Company ) to be convened as per the directions issued by the Hon ble National Company Law Tribunal, New Delhi Bench ( NCLT ) in connection with the Scheme of Amalgamation between Sesa Care Private Limited and the Company and their respective shareholders and creditors",https://nsearchives.nseindia.com/corporate/DABURU_30032026174007_Notice_Unsecured.pdf,106574546,381.42 KB,text/DABUR_106574546.txt
2026-03-30,LUPIN,Lupin Ltd.,NSE,General Updates,capital_reduction,capital_reduction,"Lupin Limited has informed the Exchange about Buyback of Shares by Multicare Pharmaceuticals Philippines, Inc., a subsidiary company.",https://nsearchives.nseindia.com/corporate/Lupin2_30032026094010_SE_intimation_of_Buyback_by_MPPI.pdf,106573571,247.63 KB,text/LUPIN_106573571.txt
2026-03-31,ASIANPAINT,Asian Paints Ltd.,NSE,Amalgamation/Merger,merger,merger|scheme_other,"This is in continuation to our letter bearing reference no. APL/SEC/57/2025-26/28 dated 10th March 2026, wherein it was informed that Hon ble National Company Law Tribunal, had sanctioned the Scheme of Amalgamation of Asian Paints (Polymers) Private Limited ( Transferor Company or AP Polymers ), a wholly owned subsidiary of Asian Paints Limited ( Transferee Company or Company ), with the Company ( Scheme of Amalgamation ).We wish to inform you that the Transferor Company and the Transferee Company have, today, i.e. 31st March 2026, filed the certified true copy of the Order sanctioning the Scheme of Amalgamation ( Order ) with the Registrar of Companies, Mumbai, Maharashtra ( Registrar ). Accordingly, the Effective Date of the Scheme of Amalgamation is 31st March 2026, and upon filing of the said Order with the Registrar, the Transferor Company stands dissolved without winding up.",https://nsearchives.nseindia.com/corporate/ASIANPAINT_31032026120830_Reg_30_AP_Polymers__amalgamation_order_post_receipt_of_certified_final.pdf,106575417,214.04 KB,text/ASIANPAINT_106575417.txt
2026-03-31,CCAVENUE,AvenuesAI Ltd.,NSE,General Updates,subsidiary_listing,subsidiary_listing,"AvenuesAI Limited has informed the Exchange about filing of Pre-DRHP by Rediff.com India Limited, a Subsidiary of our Company in relation to proposed IPO of Equity Shares.",https://nsearchives.nseindia.com/corporate/INFIBEAM_31032026181448_Intimation31032026.pdf,106576177,204.19 KB,text/CCAVENUE_106576177.txt
2026-03-31,LT,Larsen & Toubro Ltd.,NSE,General Updates,slump_sale,slump_sale,"Larsen & Toubro Limited has informed the Exchange about Update on transfer of L&T Sufin business to Sufin Limited, wholly owned Subsidiary of the Company, pursuant to Business Transfer Agreement (BTA) executed on February 24, 2026.",https://nsearchives.nseindia.com/corporate/PAM_31032026183506_SuFinIntimation31032026.pdf,106576253,334.29 KB,text/LT_106576253.txt
2026-03-31,LUMAXTECH,Lumax Auto Technologies Ltd.,NSE,General Updates,merger,merger,Lumax Auto Technologies Limited has informed the Exchange about Effectiveness of the Scheme of Amalgamation between Lumax Ancillary Limited and Lumax Auto Technologies Limited and their respective Shareholders and Creditors,https://nsearchives.nseindia.com/corporate/LUMAXTECH_31032026193356_LATLIntimation31032026.pdf,106576392,317.54 KB,text/LUMAXTECH_106576392.txt
2026-03-31,VEDL,Vedanta Ltd.,NSE,Updates,demerger,demerger|scheme_other,"Vedanta Limited has informed the Exchange regarding 'Extension of timelines for fulfilment of the conditions precedent under the Composite Scheme of Arrangement between Vedanta Limited ( Demerged Company or Company ) and Vedanta Aluminium Metal Limited ( Resulting Company 1 ) and Talwandi Sabo Power Limited ( Resulting Company 2 ) and Malco Energy Limited ( Resulting Company 3 ) and Vedanta Iron and Steel Limited ( Resulting Company 4 ) and their respective shareholders and creditors under Sections 230 to 232 and other applicable provisions of the Companies Act, 2013 ( Scheme )'.",https://nsearchives.nseindia.com/corporate/VEDL_31032026171850_VEDLSEIntimation31March2026Outcomesigned.pdf,106576025,576.46 KB,text/VEDL_106576025.txt
2026-03-31,WIPRO,Wipro Ltd.,NSE,Amalgamation/Merger,merger,merger,"Wipro Limited has informed that pursuant to Regulation 30 read with Para A of Part A of Schedule III of the SEBI (Listing Obligations and Disclosure Requirements) Regulations, 2015, merger of Rizing Consulting USA, LLC (step-down subsidiary) with Rizing LLC (step-down subsidiary) is completed and is effective from March 31, 2026 (Eastern Time).",https://nsearchives.nseindia.com/corporate/Wipro_Secretarial_31032026185711_Reg30SEIntimation31032026.pdf,106576331,297.05 KB,text/WIPRO_106576331.txt
2026-04-01,ABCAPITAL,Aditya Birla Capital Ltd.,NSE,General Updates,merger,merger,"Aditya Birla Capital Limited has informed the Exchange that Regional Director (North-Western Region), Ahmedabad vide its order dated 31 March 2026 has sanctioned the Scheme of Amalgamation of Wholly Owned Subsidiaries of the Company.",https://nsearchives.nseindia.com/corporate/rsrai_01042026164923_ABCL_Intimation_to_SE_GATI_1_April_2026signed.pdf,106577332,11.08 MB,text/ABCAPITAL_106577332.txt
2026-04-01,ADANIENT,Adani Enterprises Ltd.,NSE,Scheme of Arrangement,scheme_other,scheme_other,Adani Enterprises Limited has informed the Exchange about Effective Date of the Composite Scheme of Arrangement,https://nsearchives.nseindia.com/corporate/ADANIENT_01042026184830_AELSEintimation01042026.pdf,106577514,251.44 KB,text/ADANIENT_106577514.txt
2026-04-01,ADANIENT,Adani Enterprises Ltd.,NSE,Record Date,scheme_other,scheme_other,Adani Enterprises Limited has informed the Exchange that the Record date for the purpose of Allotment of equity shares of the Company in accordance with the Composite Scheme is 14-Apr-2026.,https://nsearchives.nseindia.com/corporate/ADANIENT_01042026185131_AELSEintimation01042026.pdf,106577521,251.44 KB,text/ADANIENT_106577521.txt
2026-04-01,ADANIENT,Adani Enterprises Ltd.,NSE,Updates,scheme_other,scheme_other,Adani Enterprises Limited has informed the Exchange regarding 'Meeting of Management Committee for Allotment of shares in accordance with the Composite Scheme'.,https://nsearchives.nseindia.com/corporate/ADANIENT_01042026185459_AELSEintimation01042026.pdf,106577529,251.44 KB,text/ADANIENT_106577529.txt
2026-04-01,ADANIPORTS,Adani Ports and Special Economic Zone Ltd.,NSE,General Updates,merger,merger,Adani Ports and Special Economic Zone Limited has informed the Exchange about- Update on the Scheme of Amalgamation.,https://nsearchives.nseindia.com/corporate/rkbhagia_01042026203935_SEIntimation.pdf,106577661,361.92 KB,text/ADANIPORTS_106577661.txt
2026-04-01,SAMMAANCAP,Sammaan Capital Ltd.,NSE,Updates,capital_reduction,capital_reduction,"Sammaan Capital Limited has informed the Exchange regarding 'This is to inform you that a meeting of the Securities and Investment Committee of the Company is scheduled to be held on April 7, 2026, inter alia, to consider and approve buyback of the USD denominated bonds, subject to applicable laws, regulatory approvals, and terms of the respective issue documents'.",https://nsearchives.nseindia.com/corporate/IHFL_01042026081003_SCL_USD_denominated_bonds_Buy_back_prior_Intimation.pdf,106576627,240.77 KB,text/SAMMAANCAP_106576627.txt
2026-04-01,TECHM,Tech Mahindra Ltd.,NSE,Amalgamation/Merger,merger,merger,Tech Mahindra Limited has informed the Exchange about Amalgamation/Merger,https://nsearchives.nseindia.com/corporate/Apekshakhemka_01042026134753_Stock_Exchange_Intimation_Letter-31032026.pdf,106577137,225.79 KB,text/TECHM_106577137.txt
2026-04-01,WIPRO,Wipro Ltd.,NSE,Amalgamation/Merger,merger,merger,"Wipro Limited has informed the Exchange that pursuant to Regulation 30 read with Para A of Part A of Schedule III of the SEBI (Listing Obligations and Disclosure Requirements) Regulations, 2015, the following mergers of step-down subsidiaries have been completed: 1. Capco RISC Consulting LLC has merged with The Capital Markets Company, LLC, effective March 30, 2026 (Eastern Time). 2. Cardinal US Holdings, Inc. has merged with Wipro IT Services, LLC, effective March 31, 2026 (Eastern Time). The Company received intimation to this effect on April 1, 2026.",https://nsearchives.nseindia.com/corporate/Wipro_Secretarial_01042026192737_Reg30SEIntimation01042026.pdf,106577597,250.97 KB,text/WIPRO_106577597.txt
2026-04-02,AMBUJACEM,Ambuja Cements Ltd.,NSE,News Verification,merger,merger|scheme_other,The Exchange has sought clarification from Ambuja Cements Limited with respect to recent news item captioned Ambuja Cements-Penna Cement Merger Gets Green Light from NCLT Ahmedabad.. The response from the Company is attached.,https://nsearchives.nseindia.com/corporate/AMBUJACEM_02042026191036_ACL_Reply_PennaMerger.pdf,106578714,326.66 KB,text/AMBUJACEM_106578714.txt
2026-04-02,HEGAM,HEG Advanced Materials Ltd.,NSE,Shareholders meeting,scheme_other,scheme_other,"HEG Limited has informed the Exchange regarding Notice of meetings of equity shareholders of HEG Limited ( Company ) convened pursuant to the directions of the Hon'ble National Company Law Tribunal, Indore Bench ( Tribunal ) to be held on May 05, 2026 at 02:00 PM (IST).",https://nsearchives.nseindia.com/corporate/HEG_02042026201219_Schemeintimation020426f.pdf,106578771,780.06 KB,text/HEGAM_106578771.txt
2026-04-02,HEGAM,HEG Advanced Materials Ltd.,NSE,General Updates,scheme_other,scheme_other,"HEG Limited has informed the Exchange about Notice of meetings of equity shareholders, secured creditors and unsecured creditors of HEG Limited ( Company ) convened pursuant to the directions of the Hon'ble National Company Law Tribunal, Indore Bench ( Tribunal )",https://nsearchives.nseindia.com/corporate/HEG_02042026201346_Schemeintimation020426f.pdf,106578772,780.06 KB,text/HEGAM_106578772.txt
2026-04-02,JSWENERGY,JSW Energy Ltd.,NSE,Demerger,demerger,demerger,JSW Energy Limited has informed the Exchange about Demerger,https://nsearchives.nseindia.com/corporate/KRUTIKAJSWEL_02042026162427_BSENSEObservationletter.pdf,106578427,1.88 MB,text/JSWENERGY_106578427.txt
2026-04-02,MANAPPURAM,Manappuram Finance Ltd.,NSE,Updates,rights_issue,rights_issue,"Kotak Mahindra Capital Company Ltd has submitted to the Exchange a copy of Pre-offer advertisement in accordance with Regulation 18(7) of the SEBI (SAST) Regulations, 2011, and Subsequent amendments thereto, and corrigendum to the detailed public statement and addendum to the letter of offer with respect to the open offer, for the attention of the public shareholders of the company.",https://nsearchives.nseindia.com/corporate/team_bbodade_02042026162701_Manappuram.zip,106578429,1.04 MB,
2026-04-02,NH,Narayana Hrudayalaya Ltd.,NSE,Shareholders meeting,scheme_other,scheme_other,"Narayana Hrudayalaya Ltd. has informed the Exchange regarding Summary of proceedings of the General Meeting of the Equity Shareholders of the Company held on April 02, 2026 pursuant to the Order dated February 13, 2026 by the Hon'ble NCLT, Bengaluru.",https://nsearchives.nseindia.com/corporate/Narayana_02042026161504_SE_Summary_of_proceedings.pdf,106578410,636.57 KB,text/NH_106578410.txt
2026-04-02,NH,Narayana Hrudayalaya Ltd.,NSE,General Updates,scheme_other,scheme_other,"Narayana Hrudayalaya Ltd. has informed the Exchange about Summary of proceedings of the General Meeting of the Equity Shareholders, Secured Creditors, Unsecured Creditors of the Company held on April 02 2026 pursuant to the Order dated February 13, 2026 by the Hon'ble NCLT, Bengaluru",https://nsearchives.nseindia.com/corporate/Narayana_02042026161841_SE_Summary_of_proceedings.pdf,106578419,636.57 KB,text/NH_106578419.txt
2026-04-03,APOLLOHOSP,Apollo Hospitals Enterprise Ltd.,NSE,Scheme of Arrangement,scheme_other,scheme_other,Apollo Hospitals Enterprise Limited has informed the Exchange about Scheme of Arrangement - update on receipt of NCLT order,https://nsearchives.nseindia.com/corporate/APOLLOHOSP_03042026170310_SE_let_NCLT_order.pdf,106579331,5.79 MB,text/APOLLOHOSP_106579331.txt
2026-04-03,NH,Narayana Hrudayalaya Ltd.,NSE,Shareholders meeting,scheme_other,scheme_other,"Narayana Hrudayalaya Ltd. has submitted the Exchange a copy Srutinizer's report of General Meeting of the Equity Shareholders of the Company held on April 02, 2026 pursuant to the Order dated Feb 13, 2026 by the Hon'ble NCLT, Bengaluru. Further, the company has informed the Exchange regarding voting results.",https://nsearchives.nseindia.com/corporate/Narayana_03042026185924_SE_Scruntinizer_report_April_03_2026.pdf,106579431,11.28 MB,text/NH_106579431.txt
2026-04-03,NH,Narayana Hrudayalaya Ltd.,NSE,General Updates,scheme_other,scheme_other,"Narayana Hrudayalaya Ltd. has informed the Exchange regarding submission of the Scrutinizer's Report for the General Meeting of the Equity Shareholders, Secured Creditors, Unsecured Creditors of the Company held on April 02, 2026, convened pursuant to the Order dated Feb 13, 2026 of the Hon ble NCLT, Bengaluru, along with the voting results",https://nsearchives.nseindia.com/corporate/Narayana_03042026190209_SE_Scruntinizer_report_April_03_2026.pdf,106579433,11.28 MB,text/NH_106579433.txt
2026-04-06,ADANIENT,Adani Enterprises Ltd.,NSE,Updates,rights_issue,rights_issue,"Adani Enterprises Limited has informed the Exchange regarding 'Conversion Of Partly Paid-Up Rights Equity Shares Into Fully Paid-Up Equity Shares In Relation To The Rights Issue ('Rights Issue') By Adani Enterprises Limited (The 'Company'), Upon Receipt Of The Call Monies, As Applicable, Through Modes Other Than The ASBA Facility'.",https://nsearchives.nseindia.com/corporate/ADANIENT_06042026224408_Intimationconversion_PPtoFP_NonASBA.pdf,106581131,187.03 KB,text/ADANIENT_106581131.txt
2026-04-06,AMBUJACEM,Ambuja Cements Ltd.,NSE,General Updates,scheme_other,scheme_other,"Ambuja Cements Limited has submitted a disclosure to the Exchange under the SEBI (LODR) Regulations, 2015, with respect to the Scheme of Arrangement involving Sanghi Industries Limited",https://nsearchives.nseindia.com/corporate/AMBUJACEM_06042026163215_ACL_SuspensionofSIL.pdf,106580636,235.19 KB,text/AMBUJACEM_106580636.txt
2026-04-06,AUROPHARMA,Aurobindo Pharma Ltd.,NSE,Record Date,capital_reduction,capital_reduction,Aurobindo Pharma Limited has informed the Exchange that Record date for the purpose of Buyback is 17-Apr-2026.,https://nsearchives.nseindia.com/corporate/AUROPHARMA_06042026085542_LtrToSEsOutomeBoardMeeting06042026.pdf,106579845,292.48 KB,text/AUROPHARMA_106579845.txt
2026-04-06,NH,Narayana Hrudayalaya Ltd.,NSE,Shareholders meeting,scheme_other,scheme_other,"Submission of revised Scrutinizer's report of General Meeting of the Equity Shareholders of the Company held on April 02, 2026 pursuant to the Order dated Feb 13, 2026 by the Hon'ble NCLT, Bengaluru.",https://nsearchives.nseindia.com/corporate/Narayana_06042026172225_SE_letter_revised_Scrutinizer_report.pdf,106580749,10.40 MB,text/NH_106580749.txt
2026-04-06,NH,Narayana Hrudayalaya Ltd.,NSE,General Updates,scheme_other,scheme_other,"Narayana Hrudayalaya Ltd. has informed the Exchange regarding submission of the revised Scrutinizer's Report for the General Meeting of the Equity Shareholders, held on April 02, 2026, convened pursuant to the Order dated Feb 13, 2026 of the Hon'ble NCLT, Bengaluru, along with Scrutinizer's report of Secured Creditors, Unsecured Creditors of the Company.",https://nsearchives.nseindia.com/corporate/Narayana_06042026172932_SE_letter_revised_Scrutinizer_report.pdf,106580762,10.40 MB,text/NH_106580762.txt
2026-04-07,LAURUSLABS,Laurus Labs Ltd.,NSE,Updates,scheme_other,scheme_other,Laurus Labs Limited has informed the Exchange regarding 'Update on Meetings of Unsecured Creditors in relation to the Composite Scheme of Arrangement'.,https://nsearchives.nseindia.com/corporate/LAURUSLABS_07042026171557_UpdationOnUnsecCredMeetings07042026.pdf,106582342,559.75 KB,text/LAURUSLABS_106582342.txt
2026-04-07,LEMONTREE,Lemon Tree Hotels Ltd.,NSE,Updates,demerger,demerger|merger,Lemon Tree Hotels Limited has informed the Exchange regarding 'Approval of Competition Commission of India for the acquisition of certain equity shares of Fleur Hotels Limited by Coastal Cedar Investments BV and the internal restructuring of the Company group through amalgamation and demerger'.,https://nsearchives.nseindia.com/corporate/LEMONTREE_07042026204840_Stock_Exchange_Intimation_CCI.pdf,106582661,324.07 KB,text/LEMONTREE_106582661.txt
2026-04-07,OBEROIRLTY,Oberoi Realty Ltd.,NSE,Amalgamation/Merger,merger,merger|scheme_other,NCLT approves the Scheme of Amalgamation of Nirmal Lifestyle Realty Private Limited ( NLRPL or Transferor Company ) with Oberoi Realty Limited ( ORL or Transferee Company ) and their respective shareholders ( Scheme ),https://nsearchives.nseindia.com/corporate/OBEROIRLTY_07042026190948_NLRPL_ORL_MergerOrder_07042026.pdf,106582603,1.04 MB,text/OBEROIRLTY_106582603.txt
2026-04-07,SAMMAANCAP,Sammaan Capital Ltd.,NSE,Updates,rights_issue,rights_issue,Sammaan Capital Limited has informed the Exchange regarding 'Please find attached the copy of the Letter of Offer received by the Company from Citigroup Global Markets India Private Limited in relation to the open offer to the public shareholders of the Company.'.,https://nsearchives.nseindia.com/corporate/IHFL_07042026141032_SCL_LOF_SE_Intimation_07Apr2026.pdf,106581971,1.54 MB,text/SAMMAANCAP_106581971.txt
2026-04-08,NAUKRI,Info Edge (India) Ltd.,NSE,General Updates,scheme_other,scheme_other,"Info Edge (India) Limited has informed the Exchange about Disclosure under Regulation 30 of the Securities and Exchange Board of India (Listing Obligations and Disclosure Requirements) Regulations, 2015 - First motion Order dated April 7, 2026 passed by Hon ble National Company Law Tribunal, New Delhi Bench",https://nsearchives.nseindia.com/corporate/NAUKRI2_08042026201605_Stock_Exchange_Intimation_-_Info_Edge_FMO.pdf,106584126,816.16 KB,text/NAUKRI_106584126.txt
2026-04-08,SAMMAANCAP,Sammaan Capital Ltd.,NSE,Updates,rights_issue,rights_issue,Citigroup Global Markets India Private Limited has Submitted to the Exchange a copy of Letter of Offer.,https://nsearchives.nseindia.com/corporate/team_sandeshc_08042026105920_Sammaan.zip,106583096,1.23 MB,
2026-04-09,SAMMAANCAP,Sammaan Capital Ltd.,NSE,Updates,rights_issue,rights_issue,Citigroup Global Markets India Private Limited has submitted to the exchange a copy of Letter of Offer to the Public Shareholders of the company,https://nsearchives.nseindia.com/corporate/team_bbodade_09042026183910_SAMMAANCAP.zip,106585426,1.52 MB,
2026-04-09,SAMMAANCAP,Sammaan Capital Ltd.,NSE,Updates,rights_issue,rights_issue,Sammaan Capital Limited has informed the Exchange regarding 'Please find attached the copy of the Letter of Offer together with the addendum to the Letter of Offer received by the Company from Citigroup Global Markets India Private Limited in relation to the open offer to the public shareholders of the Company.'.,https://nsearchives.nseindia.com/corporate/IHFL_09042026211243_SCL_LOF_addendum_SE_Intimation_09Apr2026.pdf,106585626,1.85 MB,text/SAMMAANCAP_106585626.txt
2026-04-10,AMBUJACEM,Ambuja Cements Ltd.,NSE,Scheme of Arrangement,scheme_other,scheme_other,Ambuja Cements Limited has informed the Exchange about Intimation of Allotment of shares pursuant to the Scheme of Arrangement between Sanghi Industries Limited and Ambuja Cements Limited and their respective shareholders,https://nsearchives.nseindia.com/corporate/AMBUJACEM_10042026201912_ACL_Allotment_of_Shares_10042026.pdf,106587081,221.68 KB,text/AMBUJACEM_106587081.txt
2026-04-10,AMBUJACEM,Ambuja Cements Ltd.,NSE,Scheme of Arrangement,scheme_other,scheme_other,Ambuja Cements Limited has informed the Exchange about effectiveness of Scheme of Arrangement between Penna Cement Industries Limited (Transferor Company) and Ambuja Cements Limited (Transferee Company) and their respective shareholders.,https://nsearchives.nseindia.com/corporate/AMBUJACEM_10042026230612_ACL_Intimation_10042026.pdf,106587160,163.28 KB,text/AMBUJACEM_106587160.txt
2026-04-10,APOLLOHOSP,Apollo Hospitals Enterprise Ltd.,NSE,Scheme of Arrangement,scheme_other,scheme_other,Apollo Hospitals Enterprise Limited has informed the Exchange about Scheme of Arrangement,https://nsearchives.nseindia.com/corporate/APOLLOHOSP_10042026152459_SE_let_NCLT_CTC.pdf,106586532,2.41 MB,text/APOLLOHOSP_106586532.txt
2026-04-14,OBEROIRLTY,Oberoi Realty Ltd.,NSE,Amalgamation/Merger,merger,merger,"Oberoi Realty Limited has informed the Exchange about Scheme of Amalgamation of Nirmal Lifestyle Realty Private Limited ( NLRPL or Transferor Company ) with Oberoi Realty Limited ( ORL or Transferee Company ) and their respective shareholders ( Scheme ) is made effective from April 14, 2026.",https://nsearchives.nseindia.com/corporate/OBEROIRLTY_14042026184949_NLRPL_ORL_Merger_Effective_14042026.pdf,106589527,317.29 KB,text/OBEROIRLTY_106589527.txt
2026-04-15,ADANIENT,Adani Enterprises Ltd.,NSE,Updates,merger,merger|scheme_other,Adani Enterprises Limited has informed the Exchange regarding 'Intimation for allotment of equity shares pursuant to the Composite Scheme of Amalgamation '.,https://nsearchives.nseindia.com/corporate/nishant_joshi_adani_com_15042026163753_AELSEintimationAllotment.pdf,106590349,148.85 KB,text/ADANIENT_106590349.txt
2026-04-15,MOTHERSON,Samvardhana Motherson International Ltd.,NSE,General Updates,merger,merger,Samvardhana Motherson International Limited has submitted with the Stock Exchange regarding merger of Foreign indirect subsidiary.,https://nsearchives.nseindia.com/corporate/MOTHERSON_15042026193921_SE_Disclosure_SMIA_Merger.pdf,106590689,655.46 KB,text/MOTHERSON_106590689.txt
2026-04-15,TRITURBINE,Triveni Turbine Ltd.,NSE,General Updates,merger,merger,Triveni Turbine Limited has informed the Exchange about General Updates under Regulation 30 of SEBI Listing Regulations- Merger between two step-down wholly owned subsidiaries of the Company.,https://nsearchives.nseindia.com/corporate/TRITURBINE_15042026170755_STX_REG30_TSE__TTAPLMerger_15042026.pdf,106590406,277.51 KB,text/TRITURBINE_106590406.txt
2026-04-17,AMBER,Amber Enterprises India Ltd.,NSE,Amalgamation/Merger,merger,merger|scheme_other,"Pursuant to Regulation 30 of SEBI LODR Regulations, we are hereby informing the exchange regarding an update on hearing of the joint first motion application bearing no. CA(CAA)/11/Chd/Pb/2026 held on 17 April 2026, filed in relation to scheme of amalgamation between the Company and AmberPR Technoplast India Private Limited, the Wholly Owned Subsidiary of the Company, wherein the Hon'ble National Company Law Tribunal has reserved the order in the application.",https://nsearchives.nseindia.com/corporate/AMBER_17042026200559_IntimationUpdateonhearingofFMA17April2026.pdf,106593072,218.43 KB,text/AMBER_106593072.txt
2026-04-17,SUNDARMFIN,Sundaram Finance Ltd.,NSE,Updates,merger,merger,"Sundaram Finance Limited has informed the Exchange regarding 'Sundaram Finance Limited has informed the Exchange regarding ''Amalgamation of Capitalgate Investment Advisors Private Limited with Sundaram Alternate Assets Limited"".'.",https://nsearchives.nseindia.com/corporate/SUNDARMFIN_17042026210443_Sd_Capitalgate_with_SAAL_Final.pdf,106593104,8.16 MB,text/SUNDARMFIN_106593104.txt
2026-04-18,APOLLOHOSP,Apollo Hospitals Enterprise Ltd.,NSE,Scheme of Arrangement,scheme_other,scheme_other,Apollo Hospitals Enterprise Limited has informed the Exchange about Scheme of Arrangement,https://nsearchives.nseindia.com/corporate/APOLLOHOSP_18042026103633_SE_let_NCLT_15042026.pdf,106593341,1.18 MB,text/APOLLOHOSP_106593341.txt
2026-04-18,PIRAMALFIN,Piramal Finance Ltd.,NSE,Amalgamation/Merger,merger,merger|scheme_other,"Piramal Finance Limited has informed the Exchange about filing of Company Scheme Application with the Honorable NCLT, Mumbai Bench on 18th April, 2026.",https://nsearchives.nseindia.com/corporate/Piramalcapital_18042026122548_Intimation_Regulation_30_Scheme_of_Amalgamation_s.pdf,106593394,681.64 KB,text/PIRAMALFIN_106593394.txt
2026-04-20,VEDL,Vedanta Ltd.,NSE,Record Date,scheme_other,scheme_other,"Vedanta Limited has informed the Exchange that Record date for the purpose of Scheme of Arrangement has been fixed as May 01, 2026",https://nsearchives.nseindia.com/corporate/VEDL_20042026170932_VEDLSEIntimationRecordDate20April2026signed.pdf,106594334,439.64 KB,text/VEDL_106594334.txt
2026-04-21,ADANIPORTS,Adani Ports and Special Economic Zone Ltd.,NSE,Updates,merger,merger,"Adani Ports and Special Economic Zone Limited has informed the Exchange regarding 'Intimation of Effective Date of Scheme of Amalgamation of Adani Harbour Services Limited, wholly owned subsidiary of the Company with Adani Ports and Special Economic Zone Limited under Sections 230 to 232 of the Companies Act, 2013'.",https://nsearchives.nseindia.com/corporate/rkbhagia_21042026190429_IntimationforSchemeEffective.pdf,106595925,1.55 MB,text/ADANIPORTS_106595925.txt
2026-04-21,AMBER,Amber Enterprises India Ltd.,NSE,Acquisition,rights_issue,rights_issue,"Pursuant to Regulation 30 of LODR Regulations, we wish to inform the exchange that in context of Rights issue process of IL JIN Electronics (India) Private Limited (""IL JIN""), a material subsidiary of the Company, the Company has been allotted 12,46,430 equity shares by IL JIN on 21st April 2026.",https://nsearchives.nseindia.com/corporate/AMBER_21042026192908_SEIntimationAllotmentofsharespursuanttorightissue21042026.pdf,106595972,217.14 KB,text/AMBER_106595972.txt
2026-04-21,AMBER,Amber Enterprises India Ltd.,NSE,General Updates,rights_issue,rights_issue,"Pursuant to Regulation 30 of LODR Regulations, we wish to inform the exchange that in context of Rights issue process of IL JIN Electronics (India) Private Limited (""IL JIN""), a material subsidiary of the Company, the Company has been allotted 12,46,430 equity shares by IL JIN on 21st April 2026.",https://nsearchives.nseindia.com/corporate/AMBER_21042026193145_SEIntimationAllotmentofsharespursuanttorightissue21042026.pdf,106595978,217.14 KB,text/AMBER_106595978.txt
2026-04-21,AUROPHARMA,Aurobindo Pharma Ltd.,NSE,Buyback,capital_reduction,capital_reduction,Aurobindo Pharma Limited has informed the Exchange about Buyback,https://nsearchives.nseindia.com/corporate/AUROPHARMA_21042026160302_LtrToSEsBuybackLOFtoShHolders2142026.pdf,106595603,1.44 MB,text/AUROPHARMA_106595603.txt
2026-04-21,MOTHERSON,Samvardhana Motherson International Ltd.,NSE,General Updates,merger,merger,Samvardhana Motherson International Limited has submitted with the Stock Exchange regarding merger of Foreign indirect subsidiary.,https://nsearchives.nseindia.com/corporate/MOTHERSON_21042026190308_SE_Disclosure_MRA_Merger.pdf,106595924,604.32 KB,text/MOTHERSON_106595924.txt
2026-04-22,LUMAXTECH,Lumax Auto Technologies Ltd.,NSE,Amalgamation/Merger,merger,merger|scheme_other,"Lumax Auto Technologies Limited has informed the Exchange that in respect of the Scheme of Amalgamation between IAC International Automotive India Private Limited ( Transferor Company ) and Lumax Auto Technologies Limited ( Transferee Company ) and their respective Shareholders and Creditors, the Hon'ble National Company Law Tribunal, New Delhi Bench ('Hon'ble NCLT') has, vide its order dated April 15, 2026, received by the Company today i.e.; April 22, 2026, allowed/reserved the order with respect to the Second Motion petition.",https://nsearchives.nseindia.com/corporate/LUMAXTECH_22042026161031_LATLIntimation22042026.pdf,106596962,721.90 KB,text/LUMAXTECH_106596962.txt
2026-04-22,SAMMAANCAP,Sammaan Capital Ltd.,NSE,Updates,demerger,demerger|scheme_other,Sammaan Capital Limited has informed the Exchange regarding 'Receipt of Observation Letters with 'no adverse observations' from BSE Limited and no objection from National Stock Exchange of India Limited in relation to the scheme of arrangement between Sammaan Capital Limited ( Company / SCL / Resulting Company ) and Sammaan Finserve Limited ( SFL / Demerged Company ) and their respective shareholders and creditors ( Scheme or Scheme of Arrangement ). '.,https://nsearchives.nseindia.com/corporate/IHFL_22042026181005_SCL_Reg_30_Disclosure.pdf,106597162,1.67 MB,text/SAMMAANCAP_106597162.txt
2026-04-23,AEQUS,Aequs Ltd.,NSE,Amalgamation/Merger,merger,merger,"Aequs Limited has approved the Scheme of Amalgamation between AeroStructures Manufacturing India Private Limited, Aequs Engineered Plastics Private Limited and Aequs Force Consumer Products Private Limited (Wholly owned subsidiaries of the Company) with the Aequs Limited.",https://nsearchives.nseindia.com/corporate/AEQUSLIMITED_23042026192337_Intimation_Merger_on_23_April_2026.pdf,106598522,261.73 KB,text/AEQUS_106598522.txt
2026-04-23,BSE,BSE Ltd.,NSE,Amalgamation/Merger,merger,merger,BSE Limited has informed the Exchange about Merger of BSE Investments Limited and BSE Administration & Supervision Limited with BSE Technologies Private Limited,https://nsearchives.nseindia.com/corporate/BSE1_23042026202455_NSEIntimation.pdf,106598625,817.72 KB,text/BSE_106598625.txt
2026-04-23,CIEINDIA,CIE Automotive India Ltd.,NSE,Amalgamation/Merger,merger,merger,CIE Automotive India Limited (the Company) has informed the Exchange about Amalgamation/Merger of CIE Aluminium Casting India Limited (the wholly owned subsidiary of the Company) with the Company.,https://nsearchives.nseindia.com/corporate/Mahindracie_23042026181846_SEintimation.pdf,106598397,445.28 KB,text/CIEINDIA_106598397.txt
2026-04-23,CYIENT,Cyient Ltd.,NSE,Press Release,capital_reduction,capital_reduction,"Cyient Limited has informed the Exchange regarding a press release dated April 23, 2026, titled ""Cyient Board Approves &#8377;720 Crore Share Buy-Back"".",https://nsearchives.nseindia.com/corporate/CYIENT_23042026171921_PRSignedFinal.pdf,106598288,841.87 KB,text/CYIENT_106598288.txt
2026-04-23,CYIENT,Cyient Ltd.,NSE,Buyback,capital_reduction,capital_reduction,Cyient Limited has informed the Exchange about Buyback,https://nsearchives.nseindia.com/corporate/CYIENT_23042026200157_BuybackSignedFinal.pdf,106598602,546.88 KB,text/CYIENT_106598602.txt
2026-04-23,GODIGIT,Go Digit General Insurance Ltd.,NSE,Scheme of Arrangement,scheme_other,scheme_other,Go Digit General Insurance Limited has informed the Exchange about receipt of Observation Letters from NSE and BSE with No Adverse Observation,https://nsearchives.nseindia.com/corporate/GODIGITGI_23042026175740_Reg_30_Disclosure_GDGIL_Scheme_NOC.pdf,106598356,4.08 MB,text/GODIGIT_106598356.txt
2026-04-26,REFEX,Refex Industries Ltd.,NSE,Acquisition,rights_issue,rights_issue,"Disclosure under Regulation 30 of the Securities and Exchange Board of India (Listing Obligations and Disclosure Requirements) Regulations, 2015 - Acquisition of equity shares in Venwind Refex Power Limited, a Subsidiary Company, pursuant to Rights Issue.",https://nsearchives.nseindia.com/corporate/REFEX2002_26042026001802_RIL_VRPL_STX_SD.pdf,106600578,782.83 KB,text/REFEX_106600578.txt
2026-04-27,APOLLOHOSP,Apollo Hospitals Enterprise Ltd.,NSE,Scheme of Arrangement,scheme_other,scheme_other,Apollo Hospitals Enterprise Limited has informed the Exchange about Scheme of Arrangement,https://nsearchives.nseindia.com/corporate/APOLLOHOSP_27042026185704_SE_Communication_27042026.pdf,106601511,925.71 KB,text/APOLLOHOSP_106601511.txt
2026-04-28,INOXGREEN,Inox Green Energy Services Ltd.,NSE,Demerger,demerger,demerger|scheme_other,"Inox Green Energy Services Limited has informed the Exchange about the Certified true copy of the final order of Hon'ble NCLT, Ahmedabad Bench.",https://nsearchives.nseindia.com/corporate/IGESL_28042026183435_IGESL_SE_Intimation_NCLT_CTC_28042026.pdf,106603052,1.67 MB,text/INOXGREEN_106603052.txt
2026-04-28,PICCADIL,Piccadily Agro Industries Ltd.,NSE,Demerger,demerger,demerger|scheme_other,"Scheme of Arrangement and Demerger between Piccadily Agro Industries Limited ('Demerged Company') and Piccadily Food & Essentials Limited ('Resulting Company') and their respective shareholders and creditors under section 230 to 232 and other applicable provisions of the Companies Act, 2013",https://nsearchives.nseindia.com/corporate/CSPICCADILY_28042026183919_8dba6b3d-8047-4e81-ad26-e695343ff853.pdf,106603059,7.68 MB,text/PICCADIL_106603059.txt
2026-04-28,SAMMAANCAP,Sammaan Capital Ltd.,NSE,Updates,capital_reduction,capital_reduction,"Sammaan Capital Limited has informed the Exchange regarding 'Sammaan Capital Limited (SCL), an IHC group company, was upgraded to CRISIL AA+/Stable on 10 April 2026, marking the beginning of an upward rating trajectory across the rating universe, for the Company. The upward trajectory will materially reduce SCL s cost of funds and enable access to significantly larger and longer-tenor funding pools.The Asset Liability Management Committee (ALCO) of SCL, as part of its ongoing efforts to reduce the cost of funds and optimise the liability profile, has approved the acquisition of NCDs, as specified in the Annexure. The securities can be tendered at par through the exchange mechanism. The NCDs so acquired will be held by the Company as treasury stock until maturity.This initiative reflects the Company s disciplined approach to liquidity and liability management through proactive Asset-Liability Management (ALM) practices. The Company maintains a strong liquidity buffer to meet near-to mid-term obligations and, where appropriate, deploys surplus liquidity toward prepayment or buyback of outstanding debt, thereby reducing the overall cost of funds. This marks the start of a structured liability management programme aimed at reducing cost of funds, rebalancing obligations, improving maturity alignment, and reinforcing financial flexibility and balance sheet strength. Holders of the specified NCDs who wish to participate in this offer may write to bondpurchase@sammaancapital.com at any time prior to May 15, 2026, to initiate the transaction process'.For details refer attached PDF file.",https://nsearchives.nseindia.com/corporate/IHFL_28042026172617_SCL_Private_Placement_Buyback_Intimation_28Apr2026.pdf,106602869,669.75 KB,text/SAMMAANCAP_106602869.txt
2026-04-29,VEDL,Vedanta Ltd.,NSE,Updates,demerger,demerger,"Vedanta Limited has informed the Exchange that pursuant to the scheme of demerger being implemented, the Board of Directors has approved the revision of the Company s Dividend Distribution Policy, effective from FY 2027.",https://nsearchives.nseindia.com/corporate/VEDL_29042026145441_3VEDSIntimationOutcomeofBM29April2026OtherMatterssigned.pdf,106604040,549.17 KB,text/VEDL_106604040.txt
2026-04-29,VEDL,Vedanta Ltd.,NSE,Updates,demerger,demerger,"Vedanta Limited has informed the Exchange regarding 'Disclosure under Regulation 30 of Securities and Exchange Board of India (Listing Obligations and Disclosure Requirements) Regulations, 2015 Post-Demerger Update'.",https://nsearchives.nseindia.com/corporate/VEDL_29042026170031_VEDLSEIntimationDemergerApr2026signed.pdf,106604264,265.70 KB,text/VEDL_106604264.txt
2026-04-30,ACE,Action Construction Equipment Ltd.,NSE,Outcome of Board Meeting,slump_sale,slump_sale,Intimation of approval for execution of Business Transfer Agreement (BTA) with ACE KATO PRIVATE LIMITED (a 50:50 Joint Venture Company as per Investment and Shareholders Agreement (ISA),https://nsearchives.nseindia.com/corporate/ACE_30042026165556_JV.pdf,106605881,259.90 KB,text/ACE_106605881.txt
2026-04-30,ACE,Action Construction Equipment Ltd.,NSE,General Updates,slump_sale,slump_sale,Action Construction Equipment Limited has informed the Exchange about Intimation of approval for execution of Business Transfer Agreement (BTA) with ACE KATO PRIVATE LIMITED (a 50:50 Joint Venture Company as per Investment and Shareholders Agreement (ISA),https://nsearchives.nseindia.com/corporate/ACE_30042026165910_JV.pdf,106605884,259.90 KB,text/ACE_106605884.txt
2026-04-30,AMBER,Amber Enterprises India Ltd.,NSE,Committee Meeting Updates,merger,merger,"Amber Enterprises India Limited has informed the Exchange that Merger & Amalgamation Committee of the Board of Directors of the Company has approved the change in the Appointed Date of the Scheme of Amalgamation of Amberpr Technoplast India Private Limited, the Wholly Owned Subsidiary of the Company with and into Amber Enterprises India Limited",https://nsearchives.nseindia.com/corporate/AMBER_30042026193235_Intimation_Amberpr_Amber_Scheme_Update_30042026.pdf,106606355,208.92 KB,text/AMBER_106606355.txt
2026-04-30,AMBER,Amber Enterprises India Ltd.,NSE,Scheme of Arrangement,merger,merger|scheme_other,"Amber Enterprises India Limited has informed the Exchange that Merger & Amalgamation Committee of the Board of Directors of the Company has approved the change in the Appointed Date of the Scheme of Amalgamation of Amberpr Technoplast India Private Limited, the Wholly Owned Subsidiary of the Company with and into Amber Enterprises India Limited.",https://nsearchives.nseindia.com/corporate/AMBER_30042026193549_Intimation_Amberpr_Amber_Scheme_Update_30042026.pdf,106606366,208.92 KB,text/AMBER_106606366.txt
2026-04-30,CYIENT,Cyient Ltd.,NSE,General Updates,capital_reduction,capital_reduction,Cyient Limited has informed the Exchange about Clarification regarding the outcome filed on 23 April 2026 -Proposal for buyback of equity shares,https://nsearchives.nseindia.com/corporate/CYIENT_30042026132447_ClarificationBMSigned.pdf,106605455,859.30 KB,text/CYIENT_106605455.txt
2026-04-30,KAJARIACER,Kajaria Ceramics Ltd.,NSE,Outcome of Board Meeting,capital_reduction,capital_reduction,Board approves Buyback of equity shares of the Company,https://nsearchives.nseindia.com/corporate/KAJARIACER_30042026150028_Outcome.pdf,106605620,2.14 MB,text/KAJARIACER_106605620.txt
2026-04-30,KAJARIACER,Kajaria Ceramics Ltd.,NSE,General Updates,capital_reduction,capital_reduction,"Disclosure under Regulation 30; 1. Appointment of EY as internal Auditor 2. Approved expansion at manufacturing facility at Srikalahasti AP 3. Approved subscription of 4.50 Crores preference shares of Kerovit Global Private Limited 4. Approved acquisition of 44,11,764 CCPS of Kajaria Bathware Private Limited 5. Approval of Buyback of equity shares of the Company.",https://nsearchives.nseindia.com/corporate/KAJARIACER_30042026150226_Outcome.pdf,106605623,2.14 MB,text/KAJARIACER_106605623.txt
2026-04-30,KAJARIACER,Kajaria Ceramics Ltd.,NSE,Buyback,capital_reduction,capital_reduction,Board approves Buyback of equity shares of the Company,https://nsearchives.nseindia.com/corporate/KAJARIACER_30042026150421_Outcome.pdf,106605624,2.14 MB,text/KAJARIACER_106605624.txt
2026-04-30,KAJARIACER,Kajaria Ceramics Ltd.,NSE,Updates,capital_reduction,capital_reduction,"In continuation of our letter dated March 25, 2026, regarding intimation of closure of Trading Window, we wish to inform you that pursuant to the Company s Code of Conduct for Prevention of Insider Trading read with the SEBI (Prohibition of Insider Trading) Regulations, 2015, the Trading Window for dealing in the Securities of the Company shall be opened after expiry of forty-eight (48) hours from the announcement of the outcome (including declaration of the Audited Financial Results of the Company for the quarter/year ended March 31, 2026 and recommendation of the Dividend for the financial year 2025-26 and Buyback of Equity Shares of the Company) of the Board Meeting of the Company held on April 30, 2026 to NSE & BSE.",https://nsearchives.nseindia.com/corporate/KAJARIACER_30042026152448_Opening_SE.pdf,106605662,289.24 KB,text/KAJARIACER_106605662.txt
2026-04-30,SUZLON,Suzlon Energy Ltd.,NSE,Scheme of Arrangement,scheme_other,scheme_other,Suzlon Energy Limited has informed the Exchange about Scheme of Arrangement,https://nsearchives.nseindia.com/corporate/SUZLON1_30042026132718_Suzlon30042026.pdf,106605466,604.36 KB,text/SUZLON_106605466.txt
2026-05-01,COFORGE,Coforge Ltd.,NSE,General Updates,merger,merger|scheme_other,"Coforge Limited has informed the Exchange about Pronouncement of order approving Scheme of Amalgamation under sections 230 to 232 of the Companies Act, 2013 by the Hon ble National Company Law Tribunal, Chandigarh Bench ( NCLT )",https://nsearchives.nseindia.com/corporate/COFORGE_01052026002144_Reg30_Intimation.pdf,106606692,642.36 KB,text/COFORGE_106606692.txt
2026-05-02,DABUR,Dabur India Ltd.,NSE,Shareholders meeting,merger,merger,"Dabur India Limited has informed the Exchange regarding Proceedings of the Meeting of Equity Shareholders and Unsecured Creditors of Dabur India Limited held on Saturday, May 02, 2026 in relation to the scheme of Amalgamation between Sesa Care Private Limited and Dabur India Limited and their respective shareholders and creditors",https://nsearchives.nseindia.com/corporate/DABURU_02052026143929_proceedings.pdf,106607306,373.22 KB,text/DABUR_106607306.txt
2026-05-02,DABUR,Dabur India Ltd.,NSE,General Updates,merger,merger,"Dabur India Limited has informed the Exchange about Proceeding of the Meeting of Equity Shareholders and Unsecured Creditors of Dabur India Limited held on Saturday, May 02, 2026 in relation to the Scheme of Amalgamation between Sesa Care Private Limited and Dabur India Limited and their respective shareholders and creditor",https://nsearchives.nseindia.com/corporate/DABURU_02052026144659_proceedings.pdf,106607310,373.22 KB,text/DABUR_106607310.txt
2026-05-04,DABUR,Dabur India Ltd.,NSE,Shareholders meeting,scheme_other,scheme_other,"Dabur India Limited has informed the Exchange about about the Voting results and report of Scrutinizer on the NCLT, convened meeting of the equity shareholders of Dabur India Limited held on May 02, 2026.",https://nsearchives.nseindia.com/corporate/DABURU_04052026180133_Equityresults.pdf,106608447,784.49 KB,text/DABUR_106608447.txt
2026-05-04,DABUR,Dabur India Ltd.,NSE,Updates,scheme_other,scheme_other,"Dabur India Limited has informed the Exchange regarding Voting results and report of Scrutinizer on the NCLT convened meeting of the unsecured creditors of Dabur India Limited held on May 02, 2026.",https://nsearchives.nseindia.com/corporate/DABURU_04052026180447_unsecuredresults.pdf,106608461,593.45 KB,text/DABUR_106608461.txt
2026-05-04,EMBDL,Embassy Developments Ltd.,NSE,Corporate Insolvency Resolution Process,scheme_other,scheme_other,"The Hon ble NCLAT has, today i.e. May 4, 2026, pronounced its order in favour of the Company, allowing its appeal, and accordingly:(i) The Hon ble NCLAT has set aside the impugned order dated December 9, 2025, passed by the Hon ble National Company Law Tribunal, New Delhi Bench ( NCLT ), which had admitted the Corporate Insolvency Resolution Process ( CIRP ) against the Company under the Insolvency and Bankruptcy Code, 2016 ( IBC );(ii) The interim protection granted earlier by the Hon ble NCLAT stands subsumed into the final order;(iii) The CIRP initiated against the Company stands quashed and closed; and(iv) All directions arising pursuant to the said NCLT order stand terminated and disposed of.In view of the above, the Company is no longer subject to CIRP and stands relieved from the insolvency proceedings.For more details, please refer attachment.",https://nsearchives.nseindia.com/corporate/EMBDL_04052026114407_EDL_Intimation_NCLAT_4May26.pdf,106607881,219.70 KB,text/EMBDL_106607881.txt
2026-05-04,INOXGREEN,Inox Green Energy Services Ltd.,NSE,Scheme of Arrangement,demerger,demerger|scheme_other,Inox Green Energy Services Limited has informed the Exchange about Scheme of Arrangement-Intimation of effective date of Scheme of Arrangement/ Demerger.,https://nsearchives.nseindia.com/corporate/IGESL_04052026182821_IGESL_SE_intimation_regarding_NCLT_effective_date_dsc.pdf,106608520,254.67 KB,text/INOXGREEN_106608520.txt
2026-05-04,SOBHA,Sobha Ltd.,NSE,Monitoring Agency Report,rights_issue,rights_issue,"Sobha Limited has informed the Exchange about the Monitoring Agency Report related to Rights Issue for the quarter ended March 31, 2026.",https://nsearchives.nseindia.com/corporate/SOBHA_04052026184404_SOBHA_Monitoring_Agency_Report_Q4_FY2026.pdf,106608550,745.11 KB,text/SOBHA_106608550.txt
2026-05-05,COFORGE,Coforge Ltd.,NSE,General Updates,merger,merger|scheme_other,"Coforge Limited has informed the Exchange about Update on Effective Date of the Scheme of Amalgamation of Cigniti Technologies Limited and Coforge Limited under sections 230 to 232 of the Companies Act, 2013 sanctioned by the Honble National Company Law Tribunal, Chandigarh Bench (NCLT)",https://nsearchives.nseindia.com/corporate/COFORGE_05052026002858_SE_Intimation_Coforge.pdf,106608987,333.91 KB,text/COFORGE_106608987.txt
2026-05-05,COFORGE,Coforge Ltd.,NSE,Record Date,merger,merger,Coforge Limited has informed the Exchange that Record date for the purpose of Record Date for issue of equity shares pursuant to Scheme of Amalgamation is 16-May-2026.,https://nsearchives.nseindia.com/corporate/COFORGE_05052026170807_Record_Date.pdf,106609832,285.84 KB,text/COFORGE_106609832.txt
2026-05-05,HEGAM,HEG Advanced Materials Ltd.,NSE,General Updates,scheme_other,scheme_other,"HEG Limited has informed the Exchange about Proceedings of the meetings of the secured creditors of HEG Limited convened pursuant to the directions of the Hon'ble National Company Law Tribunal, Indore Bench ( Tribunal )",https://nsearchives.nseindia.com/corporate/HEG_05052026192617_Stxintimation_Secured05052026.pdf,106610123,710.02 KB,text/HEGAM_106610123.txt
2026-05-05,HEGAM,HEG Advanced Materials Ltd.,NSE,General Updates,scheme_other,scheme_other,"HEG Limited has informed the Exchange about Proceedings of the meetings of the unsecured creditors of HEG Limited convened pursuant to the directions of the Hon'ble National Company Law Tribunal, Indore Bench ( Tribunal )",https://nsearchives.nseindia.com/corporate/HEG_05052026193229_Stxintimation_Unsecured05052026.pdf,106610137,709.50 KB,text/HEGAM_106610137.txt
2026-05-05,HEXT,Hexaware Technologies Ltd.,NSE,Updates,merger,merger,Hexaware Technologies Limited has informed the Exchange regarding 'Merger of Wholly Owned Subsidiary'.,https://nsearchives.nseindia.com/corporate/HEXAWARETECH_05052026140347_Draft_Stock_Exchange_intimation_-_Soft_LLC_Merger.pdf,106609468,200.60 KB,text/HEXT_106609468.txt
2026-05-06,BAJAJ-AUTO,Bajaj Auto Ltd.,NSE,Outcome of Board Meeting,capital_reduction,capital_reduction,"Bajaj Auto Limited has informed the Exchange regarding Outcome of Board Meeting held on May 06, 2026 - Buyback.",https://nsearchives.nseindia.com/corporate/lkwalimbe_bajajauto_co_in_06052026183457_Outcome_of_BM_Buyback.pdf,106611608,475.61 KB,text/BAJAJ-AUTO_106611608.txt
2026-05-06,BAJAJ-AUTO,Bajaj Auto Ltd.,NSE,Buyback,capital_reduction,capital_reduction,Bajaj Auto Limited has informed the Exchange about Buyback,https://nsearchives.nseindia.com/corporate/lkwalimbe_bajajauto_co_in_06052026191911_Outcome_of_BM_Buyback.pdf,106611709,475.61 KB,text/BAJAJ-AUTO_106611709.txt
2026-05-06,ENTERO,Entero Healthcare Solutions Ltd.,NSE,Amalgamation/Merger,merger,merger,Entero Healthcare Solutions Limited has informed the Exchange about Amalgamation/Merger,https://nsearchives.nseindia.com/corporate/ENTERO_06052026192810_SEletter.pdf,106611726,5.45 MB,text/ENTERO_106611726.txt
2026-05-06,HEGAM,HEG Advanced Materials Ltd.,NSE,Shareholders meeting,scheme_other,scheme_other,"HEG Limited has submitted the Exchange a copy Voting Result and Scrutinizer's Report of NCLT Convened Equity Shareholders Meeting, Secured Creditors Meeting and Unsecured Creditors Meeting.",https://nsearchives.nseindia.com/corporate/HEG_06052026221314_Stxintimation06052026.pdf,106611950,1.36 MB,text/HEGAM_106611950.txt
2026-05-06,HEGAM,HEG Advanced Materials Ltd.,NSE,General Updates,scheme_other,scheme_other,"HEG Limited has informed the Exchange about Voting Result and Scrutinizer's Report of NCLT Convened Equity Shareholders Meeting, Secured Creditors Meeting and Unsecured Creditors Meeting.",https://nsearchives.nseindia.com/corporate/HEG_06052026221611_Stxintimation06052026.pdf,106611951,1.36 MB,text/HEGAM_106611951.txt
2026-05-06,PRIVISCL,Privi Speciality Chemicals Ltd.,NSE,Scheme of Arrangement,merger,merger|scheme_other,"Privi Speciality Chemicals Limited has informed the Exchange about Receipt of Observation Letters from National Stock Exchange of India Limited in relation to the scheme of amalgamation between Privi Speciality Chemicals Limited ( Transferee Company/PSCL ), Privi Fine Sciences Private Limited ( Transferor Company 1/ PFSPL ) and Privi Biotechnologies Private Limited ( Transferor Company 2/ PBPL ) and their respective shareholders and creditors under sections 230 to 232 and other applicable provisions of the Companies Act, 2013 ( Scheme ).",https://nsearchives.nseindia.com/corporate/FAIRCHEMDP_06052026124923_DisclosureReg30NSEBSEsigned.pdf,106610921,147.12 KB,text/PRIVISCL_106610921.txt
2026-05-06,PRIVISCL,Privi Speciality Chemicals Ltd.,NSE,Scheme of Arrangement,scheme_other,scheme_other,"Privi Speciality Chemicals Limited has informed the Exchange regarding receipt of observation letter from BSE Limited in relation to Scheme of amalagamation between Privi Speciality Chemicals Limited ( Transferee Company/PSCL ), Privi Fine Sciences Private Limited ( Transferor Company 1/ PFSPL ) and Privi Biotechnologies Private Limited ( Transferor Company 2/ PBPL ) and their respective shareholders and creditors under sections 230 to 232 and other applicable provisions of the Companies Act, 2013 ( Scheme ).",https://nsearchives.nseindia.com/corporate/FAIRCHEMDP_06052026175731_Disclosurereg30NOCfromBSE.pdf,106611506,143.61 KB,text/PRIVISCL_106611506.txt
2026-05-07,ITC,ITC Ltd.,NSE,General Updates,merger,merger,ITC Limited has informed the Exchange about Amalgamation of Sresta Natural Bioproducts Private Limited and Wimco Limited with the Company,https://nsearchives.nseindia.com/corporate/ITC_07052026124311_SE_NCLT_.pdf,106612530,380.51 KB,text/ITC_106612530.txt
2026-05-07,PFOCUS,Prime Focus Ltd.,NSE,General Updates,scheme_other,scheme_other,"Prime Focus Limited has informed the Exchange about Intimation regarding oral pronouncement by NCLT, Mumbai Bench filed under Section 7 of the Insolvency and Bankruptcy Code, 2016",https://nsearchives.nseindia.com/corporate/PFOCUS_07052026164959_PrimeFocusLtd_Regulation30_CIRP_Disclosure.pdf,106612940,748.19 KB,text/PFOCUS_106612940.txt
2026-05-07,SAMMAANCAP,Sammaan Capital Ltd.,NSE,Updates,demerger,demerger|scheme_other,"Sammaan Capital Limited has informed the Exchange regarding 'In continuation to our earlier intimation dated December 31, 2025 informing about the decision taken by the Board of Directors of the Company approving the proposed Scheme of Arrangement between the Demerged Company, i.e. SFL and the Resulting Company, i.e. SCL and their respective shareholders and creditors under Sections 230 to 232 read with Section 52, Section 66 and other applicable provisions of the Companies Act, 2013 and the rules framed thereunder, subject to the receipt of the requisite regulatory/ statutory approvals. We further refer to our subsequent intimation dated April 22, 2026 informing about the receipt of observation letter with no adverse observations from BSE Limited on April 21, 2026, and observation letter with no objection from the National Stock Exchange of India Limited on April 22, 2026.In this regard, we would like to inform you that the Company has received a letter dated May 7, 2026 from RBI whereby RBI has accorded its no objection for the Scheme, subject to certain conditions as specified therein. The said approval from RBI is a key regulatory milestone for the implementation of the said Scheme. The Scheme remains subject to various statutory and regulatory approvals inter alia including approvals from the National Company Law Tribunal, the respective shareholders and creditors of the companies involved in the Scheme, as may be required. We request you to take this on record, and to treat the same as compliance with the applicable provisions of the SEBI LODR Regulations.'.",https://nsearchives.nseindia.com/corporate/IHFL_07052026213354_SCL_Reg_30_51_Disclosure_RBI_approval_Scheme.pdf,106613633,578.35 KB,text/SAMMAANCAP_106613633.txt
2026-05-07,TRIVENI,Triveni Engineering & Industries Ltd.,NSE,Scheme of Arrangement,scheme_other,scheme_other,Triveni Engineering & Industries Limited has informed the Exchange about Scheme of Arrangement,https://nsearchives.nseindia.com/corporate/TRIVENI_07052026193112_NCLT_ORDER_7_5_2026.pdf,106613433,363.49 KB,text/TRIVENI_106613433.txt
2026-05-08,APOLLOHOSP,Apollo Hospitals Enterprise Ltd.,NSE,Scheme of Arrangement,scheme_other,scheme_other,Apollo Hospitals Enterprise Limited has informed the Exchange about Scheme of Arrangement,https://nsearchives.nseindia.com/corporate/APOLLOHOSP_08052026182823_SE_LET-order_NCLT.pdf,106615055,882.83 KB,text/APOLLOHOSP_106615055.txt
2026-05-08,PFOCUS,Prime Focus Ltd.,NSE,General Updates,scheme_other,scheme_other,Prime Focus Limited has informed the Exchange about updates on orders of NCLT and NCLAT.,https://nsearchives.nseindia.com/corporate/PFOCUS_08052026213645_Reg30DisclosureforNCLTNCLATOrderssigned.pdf,106615408,1.17 MB,text/PFOCUS_106615408.txt
2026-05-08,TVSMOTOR,TVS Motor Company Ltd.,NSE,Amalgamation/Merger,merger,merger|scheme_other,"TVS Motor Company Limited has informed the Exchange about Compliance under Regulation 30 and 51(1) of the Securities and Exchange Board of India (LODR) Regulations, 2015 - Hon ble NCLT order sanctioning the scheme of amalgamation of Sundaram Auto Components Limited with the Company.",https://nsearchives.nseindia.com/corporate/TVSMOTOR_08052026165807_TVSMNSEBSE_SACLMERGER_sd.pdf,106614785,1.21 MB,text/TVSMOTOR_106614785.txt
2026-05-09,MEESHO,Meesho Ltd.,NSE,General Updates,rights_issue,rights_issue,Meesho Limited has informed the Exchange about additional investment through Rights Issue in a Subsidiary of the Company,https://nsearchives.nseindia.com/corporate/MEESHO_09052026002105_MLIntimationInvestmentinMPPL09May2026.pdf,106615661,460.02 KB,text/MEESHO_106615661.txt
2026-05-11,AGARWALEYE,Dr. Agarwal's Health Care Ltd.,NSE,General Updates,merger,merger|scheme_other,"Dr. Agarwal's Health Care Limited has informed the Exchange about the Receipt of Order passed by the Hon ble NCLT, Chennai Bench, in relation to the Scheme of amalgamation between Dr. Agarwal s Eye Hospital Limited and Dr. Agarwal s Health Care Limited",https://nsearchives.nseindia.com/corporate/DRAGARWALS_11052026175121_C__AHCL_NCLT_Pronouncement_cum_Order_sd.pdf,106617138,3.06 MB,text/AGARWALEYE_106617138.txt
2026-05-11,PARADEEP,Paradeep Phosphates Ltd.,NSE,Updates,scheme_other,scheme_other,"Paradeep Phosphates Limited has informed the Exchange regarding 'Report from the Audit Committee and Independent Directors of the Company certifying distribution of proceeds to eligible shareholders of fractional shares pursuant to the Composite Scheme of Arrangement amongst Paradeep Phosphates Limited, Mangalore Chemicals & Fertilizers Limited and their respective shareholders and creditors'.",https://nsearchives.nseindia.com/corporate/PPLTD_11052026185625_intimationoffractional.pdf,106617360,648.88 KB,text/PARADEEP_106617360.txt
2026-05-12,CHOICEIN,Choice International Ltd.,NSE,General Updates,merger,merger|scheme_other,NCLT Order Approving the Scheme of Amalgamation between Two Step Down Subsidiaries of the Company.,https://nsearchives.nseindia.com/corporate/CHOICE_12052026205127_upload.pdf,106619421,511.37 KB,text/CHOICEIN_106619421.txt
2026-05-12,LUMAXTECH,Lumax Auto Technologies Ltd.,NSE,Amalgamation/Merger,merger,merger|scheme_other,"Lumax Auto Technologies Limited has informed the Exchange that the Hon'ble National Company Law Tribunal, New Delhi Bench ('Hon'ble NCLT'), has vide its order pronounced on May 08, 2026, approved the Scheme of Amalgamation between IAC International Automotive India Private Limited ( Transferor Company ) and Lumax Auto Technologies Limited ( Transferee Company / the Company ) and their respective Shareholders and Creditors ( Scheme ).",https://nsearchives.nseindia.com/corporate/LUMAXTECH_12052026195846_LATLIACIntimation12052026.pdf,106619338,941.09 KB,text/LUMAXTECH_106619338.txt
2026-05-12,NAZARA,Nazara Technologies Ltd.,NSE,Updates,merger,merger,Nazara Technologies Limited updates the Exchange regarding Scheme of Amalgamation.,https://nsearchives.nseindia.com/corporate/NAZARA_12052026200139_BMOutcomeFinal2.pdf,106619343,5.80 MB,text/NAZARA_106619343.txt
2026-05-12,PFOCUS,Prime Focus Ltd.,NSE,General Updates,scheme_other,scheme_other,Prime Focus Limited has informed the Exchange about Stay of NCLT order for CIRP - Update on appellate proceedings before the Hon ble NCLAT in Comp. App. (AT) (Ins.) No. 850 of 2026,https://nsearchives.nseindia.com/corporate/PFOCUS_12052026203220_PFLNCLATReg30signed.pdf,106619395,480.62 KB,text/PFOCUS_106619395.txt
2026-05-12,PIRAMALFIN,Piramal Finance Ltd.,NSE,Amalgamation/Merger,merger,merger|scheme_other,"Piramal Finance Limited has informed the Exchange about Receipt of Order from Hon'ble NCLT, Mumbai Bench",https://nsearchives.nseindia.com/corporate/Piramalcapital_12052026183134_PFL_Scheme_of_Amalgamation_sd.pdf,106619095,894.97 KB,text/PIRAMALFIN_106619095.txt
2026-05-13,ADANIENT,Adani Enterprises Ltd.,NSE,Committee Meeting Updates,rights_issue,rights_issue,"Adani Enterprises Limited has informed the Exchange regarding Outcome Of Rights Issue Committee Meeting Held On Wednesday, May 13, 2026",https://nsearchives.nseindia.com/corporate/ADANIENT_13052026185124_outcomeofRIcommittee13052026.pdf,106621062,1.26 MB,text/ADANIENT_106621062.txt
2026-05-13,BERGEPAINT,Berger Paints India Ltd.,NSE,Updates,merger,merger,Berger Paints (I) Limited has informed the Exchange regarding 'Intimation regarding merger of CB Management Services Private Limited with MUFG Intime India Private Limited'.,https://nsearchives.nseindia.com/corporate/PAINTBERGE_13052026154136_Letter13052026changeofnameRTA.pdf,106620489,7.99 MB,text/BERGEPAINT_106620489.txt
2026-05-13,EXIDEIND,Exide Industries Ltd.,NSE,Updates,merger,merger,"Exide Industries Limited has informed the Exchange regarding merger of CB Management Services Private Limited, the Registrar and Share Transfer Agent of the Company, with MUFG Intime India Private Limited '.",https://nsearchives.nseindia.com/corporate/EXIDEIND_13052026162110_sdSERTAMerger.pdf,106620582,170.34 KB,text/EXIDEIND_106620582.txt
2026-05-13,GVT&D,GE Vernova T&D India Ltd.,NSE,Updates,merger,merger,GE Vernova T&D India Limited has informed the Exchange regarding 'Intimation regarding merger of CB Management Services Private Limited with MUFG Intime India Private Limited '.,https://nsearchives.nseindia.com/corporate/GETDIL1_13052026184259_GEVTDIntimationformergerofRTAMay132026.pdf,106621041,371.65 KB,text/GVT&D_106621041.txt
2026-05-13,HCG,Healthcare Global Enterprises Ltd.,NSE,Monitoring Agency Report,rights_issue,rights_issue,"Monitoring Agency Report for the quarter ended March 31, 2026 - in relation to the Rights Issue of the Company.",https://nsearchives.nseindia.com/corporate/HCG2_13052026132309_Monitoring_Agency_Report_12_May_2026.pdf,106620239,437.18 KB,text/HCG_106620239.txt
2026-05-13,LLOYDSENGG,Lloyds Engineering Works Ltd.,NSE,General Updates,merger,merger,Intimation of Approval received from Competition Commission of India ( CCI ) for Application seeking approval for Scheme of Merger,https://nsearchives.nseindia.com/corporate/LSIL_13052026152913_Intimationsigned_.pdf,106620460,629.67 KB,text/LLOYDSENGG_106620460.txt
2026-05-13,ONESOURCE,Onesource Specialty Pharma Ltd.,NSE,General Updates,merger,merger|scheme_other,"Onesource Specialty Pharma Limited has informed the Exchange Update on Composite Scheme of Arrangement and Amalgamation (Merger by Absorption) amongstSteriscience Specialties Private Limited, Brooks Steriscience Limited, Steriscience Pte. Limited, Strides Pharma Services Private Limited and Onesource Specialty Pharma Limited and their respective shareholders (under section 230 to 232 read with section 234, section 52, section 66 of the Indian Companies Act and under section 210 read with section 212 of The Singapore Companies Act, 1967 and other applicable provisions of the Indian Companies Act, 2013, the Singapore Companies Act, 1967 and the rules framed thereunder ( Proposed Scheme )",https://nsearchives.nseindia.com/corporate/ONESOURCECDMO_13052026132816_OS_Update_Project_Theo_II.pdf,106620245,645.64 KB,text/ONESOURCE_106620245.txt
2026-05-13,SCHNEIDER,Schneider Electric Infrastructure Ltd.,NSE,Updates,merger,merger,Schneider Electric Infrastructure Limited has informed the Exchange regarding 'Intimation for merger of Registrar and Share Transfer Agent (RTA) of the Company with another Company.'.,https://nsearchives.nseindia.com/corporate/SCHNEIDER_13052026104920_Intimation_RTA_Merger_2026.pdf,106619906,11.09 MB,text/SCHNEIDER_106619906.txt
2026-05-13,TIMKEN,Timken India Ltd.,NSE,Updates,merger,merger,"We are in receipt of communication stating that CB Management Services Private Limited (Registrar and Transfer Agent) has amalgamated with MUFG Intime India Private Limited with effect from 8 May, 2026 pursuant to Order passed by Regional Director (WR), Registrar of Companies, Mumbai. You may note that MUFG Intime India Private Limited will act as Registrar and Transfer Agent of the Company and they have also informed the Company regarding change in their email ID.New email address for investor queries is: Investor.helpdesk@in.mpms.mufg.com.For time being, there is no other change in communication details of Registrar and Transfer Agent. If there is any change in means of communication with Registrar and Transfer Agent, such details will be updated on Company s website at https://www.timken.com/en-in/investors/investor-services/ You are kindly requested to take note of above.",https://nsearchives.nseindia.com/corporate/TIMKEN_13052026125724_Letter13052026.pdf,106620199,200.03 KB,text/TIMKEN_106620199.txt
2026-05-14,CMSINFO,CMS Info Systems Ltd.,NSE,Press Release,capital_reduction,capital_reduction,"CMS Info Systems Limited has informed the Exchange regarding a press release dated May 14, 2026, titled ""CMS Info Systems Q4 Services Revenue Crosses &#8377;600 Cr for the First Time; EBITDA Margin Expands 280 bps to 25.6%; Board Approves &#8377;168 Cr Buyback"".",https://nsearchives.nseindia.com/corporate/CMSINFO_14052026215253_Binder1.pdf,106623591,599.02 KB,text/CMSINFO_106623591.txt
2026-05-14,CMSINFO,CMS Info Systems Ltd.,NSE,Outcome of Board Meeting,capital_reduction,capital_reduction,"The Board of Directors of the Company at their meeting held today i.e. May 14, 2026 have 1. Recommended Final Dividend and 2. Approved Buyback of fully paid equity shares of the Company",https://nsearchives.nseindia.com/corporate/CMSINFO_14052026215606_FinalOutcome14052026signedfinal.pdf,106623593,8.24 MB,text/CMSINFO_106623593.txt
2026-05-14,CMSINFO,CMS Info Systems Ltd.,NSE,Record Date,capital_reduction,capital_reduction,CMS Info Systems Limited has informed the Exchange that Record date for the purpose of Buyback is 22-May-2026.,https://nsearchives.nseindia.com/corporate/CMSINFO_14052026215707_FinalOutcome14052026signedfinal.pdf,106623594,8.24 MB,text/CMSINFO_106623594.txt
2026-05-14,IFBIND,IFB Industries Ltd.,NSE,Updates,merger,merger,IFB Industries Limited has informed the Exchange regarding ''. Merger of CB Management Services Private Limited with MUFG Intime India Private Limited,https://nsearchives.nseindia.com/corporate/IFBIND1_14052026104910_RTA_Merger.pdf,106621946,14.44 MB,text/IFBIND_106621946.txt
2026-05-14,JSWSTEEL,JSW Steel Ltd.,NSE,Scheme of Arrangement,scheme_other,scheme_other,JSW Steel Limited has informed the Exchange about Scheme of Arrangement,https://nsearchives.nseindia.com/corporate/Snigdha_14052026153825_Scheme.pdf,106622471,354.44 KB,text/JSWSTEEL_106622471.txt
2026-05-14,TRIVENI,Triveni Engineering & Industries Ltd.,NSE,Scheme of Arrangement,scheme_other,scheme_other,"Triveni Engineering & Industries Limited has informed the Exchange about Scheme of Arrangement - Intimation of receipt of certified copy of Order sanctioning the Scheme of Arrangement by the Hon ble National Company Law Tribunal, Allahabad Bench",https://nsearchives.nseindia.com/corporate/TRIVENI_14052026115402_NCLT_ORDER_7_5_2026_INTIMATION.pdf,106622031,28.08 MB,skipped:28.08 MB
2026-05-15,AUROPHARMA,Aurobindo Pharma Ltd.,NSE,Closure of Buy Back,capital_reduction,capital_reduction,"Aurobindo Pharma Limited has informed the Exchange regarding Closure of Buy Back with effect from May 15, 2026",https://nsearchives.nseindia.com/corporate/AUROPHARMA_15052026185830_LtrToSEsExtinguishmentBuyback15052026.pdf,106625422,856.70 KB,text/AUROPHARMA_106625422.txt
2026-05-15,CELLO,Cello World Ltd.,NSE,Scheme of Arrangement,scheme_other,scheme_other,Cello World Limited has informed the Exchange about Scheme of Arrangement,https://nsearchives.nseindia.com/corporate/CELLO2023_15052026192852_CWL_Upload_Signed.pdf,106625521,6.43 MB,text/CELLO_106625521.txt
2026-05-15,SAMMAANCAP,Sammaan Capital Ltd.,NSE,Monitoring Agency Report,rights_issue,rights_issue,"Pursuant to the Regulation 32(6) of the Securities and Exchange Board of India (Listing Obligations and Disclosure Requirements) Regulations, 2015, as amended, read with Regulations 82(4), 162A(4) and 173A(4) of the Securities and Exchange Board of India (Issue of Capital and Disclosure Requirements) Regulations, 2018, as amended, please find enclosed the Report(s) of the Monitoring Agency, for the quarter ended March 31, 2026, issued by CRISIL Ratings Limited, Monitoring Agency appointed to monitor the utilization of the proceeds of the Rights Issue, Qualified Institutional Placement and Preferential Issue of the Company.Refer attached PDF file for more details.",https://nsearchives.nseindia.com/corporate/IHFL_15052026190900_SCL_SE_Intimation_MA_Reports.pdf,106625459,1.18 MB,text/SAMMAANCAP_106625459.txt
2026-05-15,WELSPUNLIV,Welspun Living Ltd.,NSE,Buyback,capital_reduction,capital_reduction,Welspun Living Limited has informed the Exchange about Buyback,https://nsearchives.nseindia.com/corporate/WELSPUNIND_15052026141412_OUTCOME_FINAL_WLL_15052026.pdf,106624417,9.59 MB,text/WELSPUNLIV_106624417.txt
2026-05-15,WELSPUNLIV,Welspun Living Ltd.,NSE,Record Date,capital_reduction,capital_reduction,Welspun Living Limited has informed the Exchange that Record date for the purpose of Buyback is 22-May-2026.,https://nsearchives.nseindia.com/corporate/WELSPUNIND_15052026220428_OUTCOME_FINAL_WLL_15052026.pdf,106625802,9.59 MB,text/WELSPUNLIV_106625802.txt
2026-05-16,KEC,Kec International Ltd.,NSE,Amalgamation/Merger,merger,merger,"The Board of Directors of the Company approved a Scheme of Merger by Absorption of KEC Spur Infrastructure Private Limited, a wholly owned subsidiary, with the Company, subject to requisite approvals.",https://nsearchives.nseindia.com/corporate/KEC_16052026222932_SEIntimationSchemeofMerger.pdf,106626766,368.10 KB,text/KEC_106626766.txt
2026-05-16,LLOYDSENT,Lloyds Enterprises Ltd.,NSE,Scheme of Arrangement,scheme_other,scheme_other,Lloyds Enterprises Limited has informed the Exchange about receipt of Observation Letter with No Adverse Observation Letter from BSE Limited and Observation Letter conveying No Objection from National Stock Exchange of India Limited in relation to Composite Scheme of Arrangement,https://nsearchives.nseindia.com/corporate/SGTL2008_16052026122256_IntimationMerger.pdf,106626088,3.82 MB,text/LLOYDSENT_106626088.txt
2026-05-18,CMSINFO,CMS Info Systems Ltd.,NSE,Public Announcement - Buyback of Shares,capital_reduction,capital_reduction,CMS Info Systems Limited has informed the Exchange about Public Announcement - Buyback of Shares along with copy of Board Resolution,https://nsearchives.nseindia.com/corporate/CMSINFO_18052026155318_Binder2.pdf,106627593,17.71 MB,text/CMSINFO_106627593.txt
2026-05-18,LUMAXTECH,Lumax Auto Technologies Ltd.,NSE,General Updates,merger,merger,Lumax Auto Technologies Limited has informed the Exchange about the Effectiveness of the Scheme of Amalgamation between IAC International Automotive India Private Limited ( Transferor Company ) and Lumax Auto Technologies Limited ( Transferee Company ) and their respective Shareholders and Creditors.,https://nsearchives.nseindia.com/corporate/LUMAXTECH_18052026122257_LATLstockexchangeintimation18052026.pdf,106627248,321.98 KB,text/LUMAXTECH_106627248.txt
2026-05-18,TIMKEN,Timken India Ltd.,NSE,Amalgamation/Merger,merger,merger,Timken India Limited has informed the Exchange about Amalgamation/Merger,https://nsearchives.nseindia.com/corporate/TIMKEN_18052026220351_SE_OutcomeofBoardMeeting.pdf,106628443,2.34 MB,text/TIMKEN_106628443.txt
2026-05-19,GABRIEL,Gabriel India Ltd.,NSE,General Updates,scheme_other,scheme_other,Gabriel India Limited has informed the Exchange about receipt of the certified copy of the NCLT order pursuant to the Composite Scheme of Arrangement,https://nsearchives.nseindia.com/corporate/GABRIEL_19052026190240_Order_SEintimation_signed.pdf,106630076,7.21 MB,text/GABRIEL_106630076.txt
2026-05-19,LLOYDSENGG,Lloyds Engineering Works Ltd.,NSE,Amalgamation/Merger,merger,merger,"LLOYDS ENGINEERING WORKS LIMITED has informed the Exchange about Intimation for Non-Objection Certificate received from BSE Limited and National Stock Exchange of India Limited for ''Scheme'' of Merger approved by Board of Directors in its meeting held on December 29, 2025",https://nsearchives.nseindia.com/corporate/LSIL_19052026144737_IntimationNOCLEWLsigned.pdf,106629339,2.05 MB,text/LLOYDSENGG_106629339.txt
2026-05-19,LLOYDSENT,Lloyds Enterprises Ltd.,NSE,General Updates,merger,merger,"Lloyds Enterprises Limited has informed the Exchange Regarding No Objection Certificate From National Stock Exchange Of India Limited And BSE Limited To Lloyds Engineering Works Limited, A Material Subsidiary Of Company For Proposed Scheme Of Merger",https://nsearchives.nseindia.com/corporate/SGTL2008_19052026174536_IntimationofNOC_LEWL.pdf,106629798,4.15 MB,text/LLOYDSENT_106629798.txt
2026-05-19,NAUKRI,Info Edge (India) Ltd.,NSE,General Updates,scheme_other,scheme_other,"Disclosure under Regulation 30 of the Securities and Exchange Board of India (Listing Obligations and Disclosure Requirements) Regulations, 2015- Appeal filed before Hon ble National Company Law Appellate Tribunal against the order dated April 07, 2026 passed by Hon ble National Company Law Tribunal, New Delhi",https://nsearchives.nseindia.com/corporate/NAUKRI2_19052026150854_IEIL-NCLATAppeal.pdf,106629366,446.80 KB,text/NAUKRI_106629366.txt
2026-05-19,TRIVENI,Triveni Engineering & Industries Ltd.,NSE,Scheme of Arrangement,scheme_other,scheme_other,"Triveni Engineering & Industries Limited has informed the Exchange about Scheme of Arrangement - Submission of certified copy of Rectification Order passed by the Hon ble National Company Law Tribunal, Allahabad Bench in connection with the sanction of Composite Scheme of Arrangement",https://nsearchives.nseindia.com/corporate/TRIVENI_19052026130144_TEIL_NCLT_ORDER_18_5_2026.pdf,106629170,32.55 MB,skipped:32.55 MB
2026-05-19,WELSPUNLIV,Welspun Living Ltd.,NSE,Buyback,capital_reduction,capital_reduction,Welspun Living Limited has informed the Exchange about Board Resolution for Buyback of Equity Shares,https://nsearchives.nseindia.com/corporate/WELSPUNIND_19052026165332_WLL_BB_SE_BR_signed.pdf,106629611,436.09 KB,text/WELSPUNLIV_106629611.txt
2026-05-19,WELSPUNLIV,Welspun Living Ltd.,NSE,Public Announcement - Buyback of Shares,capital_reduction,capital_reduction,Welspun Living Limited has informed the Exchange about public Announcement - Buyback of Shares,https://nsearchives.nseindia.com/corporate/WELSPUNIND_19052026174452_WLL_BB_SE_PA_SIGNED.pdf,106629796,14.48 MB,text/WELSPUNLIV_106629796.txt
2026-05-19,ZYDUSLIFE,Zydus Lifesciences Ltd.,NSE,Record Date,capital_reduction,capital_reduction,Zydus Lifesciences Limited has informed the Exchange that Record date for the purpose of Buyback is 29-May-2026.,https://nsearchives.nseindia.com/corporate/Cadilahc_19052026142457_OutcomeofBM_Buyback.pdf,106629301,1007.88 KB,text/ZYDUSLIFE_106629301.txt
2026-05-19,ZYDUSLIFE,Zydus Lifesciences Ltd.,NSE,Updates,capital_reduction,capital_reduction,Zydus Lifesciences Limited has informed the Exchange regarding 'Intention of promoters to participate in buyback'.,https://nsearchives.nseindia.com/corporate/Cadilahc_19052026191601_PromoterIntentionIntimation19052026.pdf,106630126,717.93 KB,text/ZYDUSLIFE_106630126.txt
2026-05-19,ZYDUSLIFE,Zydus Lifesciences Ltd.,NSE,Buyback,capital_reduction,capital_reduction,Zydus Lifesciences Limited has informed the Exchange about Buyback,https://nsearchives.nseindia.com/corporate/Cadilahc_19052026194629_BoardResolutiontoSEs.pdf,106630211,1.35 MB,text/ZYDUSLIFE_106630211.txt
2026-05-20,APOLLOHOSP,Apollo Hospitals Enterprise Ltd.,NSE,Amalgamation/Merger,merger,merger,Apollo Hospitals Enterprise Limited has informed the Exchange about Amalgamation/Merger,https://nsearchives.nseindia.com/corporate/APOLLOHOSP_20052026181700_SE_outcome_Board_Meeting.pdf,106632018,12.45 MB,text/APOLLOHOSP_106632018.txt
2026-05-20,GABRIEL,Gabriel India Ltd.,NSE,Record Date,demerger,demerger,Gabriel India Limited has informed the Exchange that Record date for the purpose of determining shareholders of demerged undertaking to allot shares is 29-May-2026.,https://nsearchives.nseindia.com/corporate/GABRIEL_20052026144829_Record_date_Intimation.pdf,106631355,527.49 KB,text/GABRIEL_106631355.txt
2026-05-20,LENSKART,Lenskart Solutions Ltd.,NSE,Amalgamation/Merger,merger,merger,Lenskart Solutions Limited has informed the Exchange about Merger,https://nsearchives.nseindia.com/corporate/LENSKART_20052026162603_Outcome_Intimation_-_BM_dated_20052026_signed.pdf,106631592,11.50 MB,text/LENSKART_106631592.txt
2026-05-20,STAR,Strides Pharma Science Ltd.,NSE,General Updates,demerger,demerger|scheme_other,"Strides Pharma Science Limited has informed about Pronouncement of Order by the Hon ble NCLT, Bengaluru Bench regarding Scheme of Arrangement for Demerger of Demerged Undertaking of Arco Lab Private Limited, a wholly owned subsidiary of Strides Pharma Science Limited.",https://nsearchives.nseindia.com/corporate/STRIDES_532531_20052026131652_SEintimationALDemerger.pdf,106631225,550.87 KB,text/STAR_106631225.txt
2026-05-20,TRIVENI,Triveni Engineering & Industries Ltd.,NSE,Scheme of Arrangement,scheme_other,scheme_other,Triveni Engineering & Industries Limited has informed the Exchange about Scheme of Arrangement,https://nsearchives.nseindia.com/corporate/TRIVENI_20052026001610_TEIL_Effectiveness.pdf,106630687,872.96 KB,text/TRIVENI_106630687.txt
2026-05-20,TRIVENI,Triveni Engineering & Industries Ltd.,NSE,Scheme of Arrangement,scheme_other,scheme_other,"Triveni Engineering & Industries Limited has informed the Exchange about Scheme of Arrangement - Record Date for issue of equity shares pursuant to Composite Scheme of Arrangement amongst Triveni Engineering and Industries Limited (the Company), Sir Shadi Lal Enterprises Limited (SSEL) and Triveni Power Transmission Limited (TPTL), and their respective shareholders and creditors pursuant to the provisions of Sections 230 to 232 of the Companies Act, 2013 ( Scheme ).",https://nsearchives.nseindia.com/corporate/TRIVENI_20052026172713_RECORD_DATE_SSEL_3_JUNE_2026.pdf,106631779,381.97 KB,text/TRIVENI_106631779.txt
2026-05-20,TRIVENI,Triveni Engineering & Industries Ltd.,NSE,General Updates,scheme_other,scheme_other,"Triveni Engineering & Industries Limited has informed the Exchange about General Updates - Record Date for issue of equity shares pursuant to Composite Scheme of Arrangement amongst Triveni Engineering and Industries Limited (the Company), Sir Shadi Lal Enterprises Limited (SSEL) and Triveni Power Transmission Limited (TPTL), and their respective shareholders and creditors pursuant to the provisions of Sections 230 to 232 of the Companies Act, 2013 ( Scheme ).",https://nsearchives.nseindia.com/corporate/TRIVENI_20052026173021_RECORD_DATE_SSEL_3_JUNE_2026.pdf,106631791,381.97 KB,text/TRIVENI_106631791.txt
2026-05-21,APOLLOHOSP,Apollo Hospitals Enterprise Ltd.,NSE,Scheme of Arrangement,scheme_other,scheme_other,Apollo Hospitals Enterprise Limited has informed the Exchange about Scheme of Arrangement - NCLT Convened meeting of equity shareholders,https://nsearchives.nseindia.com/corporate/APOLLOHOSP_21052026222514_SE_equity_shareholders_notice-ocr.pdf,106634908,1.32 MB,text/APOLLOHOSP_106634908.txt
2026-05-21,APOLLOHOSP,Apollo Hospitals Enterprise Ltd.,NSE,Scheme of Arrangement,scheme_other,scheme_other,Apollo Hospitals Enterprise Limited has informed the Exchange about Scheme of Arrangement - NCLT convened meeting of unsecured creditors,https://nsearchives.nseindia.com/corporate/APOLLOHOSP_21052026222637_SE_unsecured_creditors_notice-ocr.pdf,106634911,1.34 MB,text/APOLLOHOSP_106634911.txt
2026-05-21,APOLLOHOSP,Apollo Hospitals Enterprise Ltd.,NSE,Scheme of Arrangement,scheme_other,scheme_other,Apollo Hospitals Enterprise Limited has informed the Exchange about Scheme of Arrangement - NCLT convened meeting of secured creditors,https://nsearchives.nseindia.com/corporate/APOLLOHOSP_21052026222751_SE_secured_creditors_notice-ocr.pdf,106634913,1.34 MB,text/APOLLOHOSP_106634913.txt
2026-05-21,DATAMATICS,Datamatics Global Services Ltd.,NSE,Amalgamation/Merger,merger,merger,Datamatics Global Services Limited has informed the Exchange about Amalgamation/Merger,https://nsearchives.nseindia.com/corporate/DGSL_21052026192354_SEOutcomeUploaded.pdf,106634541,3.88 MB,text/DATAMATICS_106634541.txt
2026-05-21,INDIAGLYCO,India Glycols Ltd.,NSE,Updates,scheme_other,scheme_other,India Glycols Limited has informed the Exchange regarding Update on NCLT Hearing''.,https://nsearchives.nseindia.com/corporate/INDIAGLYCO_21052026205329_Final_Upload.pdf,106634765,244.71 KB,text/INDIAGLYCO_106634765.txt
2026-05-21,ZYDUSLIFE,Zydus Lifesciences Ltd.,NSE,Updates,capital_reduction,capital_reduction,Zydus Lifesciences Limited has informed the Exchange regarding 'Public Announcement on Buyback'.,https://nsearchives.nseindia.com/corporate/Cadilahc_21052026131019_PAstockexchanges.pdf,106633369,21.28 MB,text/ZYDUSLIFE_106633369.txt
2026-05-22,DALBHARAT,Dalmia Bharat Ltd.,NSE,Press Release,slump_sale,slump_sale,"Dalmia Bharat Limited has informed the Exchange regarding a press release dated May 22, 2026, titled ""Press Release on Execution of Business Transfer Agreement to acquire 5.2 MnTPA Cement capacity in Central Region from Jaiprakash Associates Ltd (acquired by Adani Group)"".",https://nsearchives.nseindia.com/corporate/DALBHARAT_22052026010801_DBL_Press_Release_22052026.pdf,106635169,1.04 MB,text/DALBHARAT_106635169.txt
2026-05-22,GABRIEL,Gabriel India Ltd.,NSE,Scheme of Arrangement,scheme_other,scheme_other,Gabriel India Limited has informed the Exchange about effective date of the Composite Scheme of Arrangement,https://nsearchives.nseindia.com/corporate/GABRIEL_22052026172555_SE_Intimation_Effective_Date_GIL_signed.pdf,106636452,262.98 KB,text/GABRIEL_106636452.txt
2026-05-22,MAHSEAMLES,Maharashtra Seamless Ltd.,NSE,Scheme of Arrangement,scheme_other,scheme_other,Maharashtra Seamless Limited has informed the Exchange about Scheme of Arrangement,https://nsearchives.nseindia.com/corporate/MAHSEAMLES_22052026193239_StockExchangeIntimationDemerger.pdf,106636938,590.73 KB,text/MAHSEAMLES_106636938.txt
2026-05-22,MOTHERSON,Samvardhana Motherson International Ltd.,NSE,General Updates,merger,merger,Samvardhana Motherson International Limited has submitted with the Stock Exchange regarding Merger of indirect wholly owned subsidiary with its holding company.,https://nsearchives.nseindia.com/corporate/MOTHERSON_22052026191527_SE_Disclosure_Merger_of_Foreign_Subsidiary.pdf,106636879,702.39 KB,text/MOTHERSON_106636879.txt
2026-05-22,RBLBANK,RBL Bank Ltd.,NSE,Updates,rights_issue,rights_issue,J.P. Morgan India Private Limited has submitted to the Exchange a copy of Letter of Offer.,https://nsearchives.nseindia.com/corporate/team_bbodade_22052026175407_RBLBANK.zip,106636553,1.65 MB,
2026-05-22,RBLBANK,RBL Bank Ltd.,NSE,Updates,rights_issue,rights_issue,"RBL Bank Limited has informed the Exchange regarding Letter of Offer dated May 22, 2026.",https://nsearchives.nseindia.com/corporate/RBLBANK_22052026180634_LetterofOfferdatedMay222026.pdf,106636605,1.93 MB,text/RBLBANK_106636605.txt
2026-05-22,RHIM,RHI MAGNESITA INDIA LTD.,NSE,General Updates,merger,merger,Intimation regarding Scheme of Merger/ Amalgamation of Intermetal Engineers (India) Private Limited i.e. wholly owned Subsidiary of RHI Magnesita India Limited ( the Company ) with and into Ashwath Technologies Private Limited i.e. wholly owned subsidiary of Intermetal Engineers (India) Private Limited,https://nsearchives.nseindia.com/corporate/RHIM_22052026213006_20260522IntimationrelatedwithMerger.pdf,106637162,558.00 KB,text/RHIM_106637162.txt
2026-05-22,WIPRO,Wipro Ltd.,NSE,Record Date,capital_reduction,capital_reduction,Wipro Limited has informed the Exchange that Record date for the purpose of Buyback is 05-Jun-2026.,https://nsearchives.nseindia.com/corporate/Cslogin_22052026162704_SEIntimationrecorddate.pdf,106636192,262.75 KB,text/WIPRO_106636192.txt
2026-05-23,KAJARIACER,Kajaria Ceramics Ltd.,NSE,Shareholders meeting,capital_reduction,capital_reduction,Postal Ballot Notice Buyback of Equity Shares of Kajaria Ceramics Limited,https://nsearchives.nseindia.com/corporate/KAJARIACER_23052026112034_NoticePB.pdf,106637565,1.72 MB,text/KAJARIACER_106637565.txt
2026-05-25,APOLLOHOSP,Apollo Hospitals Enterprise Ltd.,NSE,Scheme of Arrangement,scheme_other,scheme_other,Apollo Hospitals Enterprise Limited has informed the Exchange about Scheme of Arrangement,https://nsearchives.nseindia.com/corporate/APOLLOHOSP_25052026162532_Se_let_advt_intimation.pdf,106639234,6.32 MB,text/APOLLOHOSP_106639234.txt
2026-05-25,CMSINFO,CMS Info Systems Ltd.,NSE,Buyback,capital_reduction,capital_reduction|rights_issue,"CMS Info Systems Limited has informed the Exchange about Submission of Letter of Offer dated May 23, 2026 for the Buyback of up to 49,39,126 fully paid&#8208;up equity shares of face value of Rs. 10 at Rs. 340.",https://nsearchives.nseindia.com/corporate/CMSINFO_25052026184821_Combined.pdf,106639784,2.01 MB,text/CMSINFO_106639784.txt
2026-05-25,WELSPUNLIV,Welspun Living Ltd.,NSE,Buyback,capital_reduction,capital_reduction|rights_issue,Welspun Living Limited has informed the Exchange about Letter of Offer in relation to Buyback of Equity shares of the Company.,https://nsearchives.nseindia.com/corporate/WELSPUNIND_25052026145226_WelspunLivingLimited_BuybackOffer__SE_LOF_signed.pdf,106639003,3.34 MB,text/WELSPUNLIV_106639003.txt
2026-05-25,WIPRO,Wipro Ltd.,NSE,Public Announcement - Buyback of Shares,capital_reduction,capital_reduction,Wipro Limited has informed the Exchange about public Announcement - Buyback of Shares,https://nsearchives.nseindia.com/corporate/Cslogin_25052026170905_SEIntimationPA.pdf,106639407,10.80 MB,text/WIPRO_106639407.txt
2026-05-25,WIPRO,Wipro Ltd.,NSE,Press Release,capital_reduction,capital_reduction,"Wipro Limited has informed the Exchange regarding a press release dated May 25, 2026, titled ""Wipro issues Public Announcement Regarding Buyback Offer"".",https://nsearchives.nseindia.com/corporate/Cslogin_25052026175357_SEIntimationPressRelease.pdf,106639565,367.32 KB,text/WIPRO_106639565.txt
2026-05-26,PIRAMALFIN,Piramal Finance Ltd.,NSE,Amalgamation/Merger,merger,merger,"Piramal Finance Limited has informed the Exchange about receipt of Order from Honourable NCLAT, Delhi Bench, allowing dispensation from convening equity shareholders meeting in relation to the Scheme of Amalgamation amongst the Company, Piramal Corporate Tower Private Limited, Piramal Agastya Offices Private Limited and DHFL Investments Limited.",https://nsearchives.nseindia.com/corporate/Piramalcapital_26052026191730_PFL_Intimation_26052026_sd_2.pdf,106642063,876.18 KB,text/PIRAMALFIN_106642063.txt
2026-05-26,RBA,Restaurant Brands Asia Ltd.,NSE,Updates,rights_issue,rights_issue,Motilal Oswal Investment Advisors Ltd has submitted to the Exchange a copy of letter of Offer.,https://nsearchives.nseindia.com/corporate/team_bbodade_26052026175530_RBA.pdf,106641730,1.10 MB,text/RBA_106641730.txt
2026-05-26,SIEMENS,Siemens Ltd.,NSE,Amalgamation/Merger,merger,merger,Siemens Limited has informed the Exchange about Amalgamation/Merger,https://nsearchives.nseindia.com/corporate/SIEMENS_26052026172353_SRAPL_Post_BM_Intimation_26_May_2026.pdf,106641623,229.01 KB,text/SIEMENS_106641623.txt
2026-05-27,CELLO,Cello World Ltd.,NSE,Amalgamation/Merger,merger,merger,Cello World Limited has informed the Exchange about Amalgamation/Merger,https://nsearchives.nseindia.com/corporate/CELLO2023_27052026225115_BMOutcome.pdf,106644552,12.02 MB,text/CELLO_106644552.txt
2026-05-27,ZYDUSLIFE,Zydus Lifesciences Ltd.,NSE,Buyback,capital_reduction,capital_reduction,Zydus Lifesciences Limited has informed the Exchange about addendum to the Public Announcement for the buyback of equity shares,https://nsearchives.nseindia.com/corporate/Cadilahc_27052026181421_AddendumintimationtoSE_27052026.pdf,106643899,890.54 KB,text/ZYDUSLIFE_106643899.txt
2026-05-28,ZYDUSLIFE,Zydus Lifesciences Ltd.,NSE,Buyback,capital_reduction,capital_reduction,Zydus Lifesciences Limited has informed the Exchange about newspaper publication of addendum to Public Announcement for Buyback,https://nsearchives.nseindia.com/corporate/Cadilahc_28052026143005_SEcoverletterAddendumtoPA28052026.pdf,106645063,6.38 MB,text/ZYDUSLIFE_106645063.txt
2026-05-29,TI,Tilaknagar Industries Ltd.,NSE,Amalgamation/Merger,merger,merger,"Tilaknagar Industries Limited has informed the Exchange that the Board at its Meeting today i.e. Friday, May 29, 2026, has inter-alia considered and approved, subject to the receipt of requisite approval, consents and sanctions, the Scheme of Amalgamation under Section 230 to 232 and other applicable provisions of the Companies Act, 2013 read with relevant rules framed thereunder, for amalgamation of two wholly owned subsidiaries of Tilaknagar Industries Limited ( TIL or the Company or Transferee Company ), viz., (i) Punjabexpo Breweries Private Limited; and (ii) Vahni Distilleries Private Limited (collectively referred to as the Transferor Companies and individually as the Transferor Company ) with TIL ( the Scheme of Amalgamation ).",https://nsearchives.nseindia.com/corporate/gthakur_29052026204900_TIMergerintimationMay2026.pdf,106648216,3.23 MB,text/TI_106648216.txt
2026-05-30,ACI,Archean Chemical Industries Ltd.,NSE,Disclosure of material issue,rights_issue,rights_issue,"Archean Chemical Industries Limited has informed regarding subscription to the rights issue of equity shares of its wholly owned subsidiary, Acume Chemicals Private Limited ( Acume Chemicals ).",https://nsearchives.nseindia.com/corporate/ARCHEAN_30052026123438_Intimation_Acume.pdf,106648958,619.03 KB,text/ACI_106648958.txt
2026-05-31,ZYDUSLIFE,Zydus Lifesciences Ltd.,NSE,Buyback,capital_reduction,capital_reduction,Zydus Lifesciences Limited has informed the Exchange about Buyback,https://nsearchives.nseindia.com/corporate/Cadilahc_31052026202317_LetterofOffertoSE31052026.pdf,106650400,2.10 MB,text/ZYDUSLIFE_106650400.txt
2026-06-01,AGARWALEYE,Dr. Agarwal's Health Care Ltd.,NSE,Shareholders meeting,scheme_other,scheme_other,"Dr. Agarwal's Health Care Limited has informed the Exchange regarding Notice Convening Meeting Of The Equity Shareholders Of The Company Pursuant To The Order Of Hon'ble NCLT, Chennai Bench",https://nsearchives.nseindia.com/corporate/DRAGARWALS_01062026121516_AHCL_Equity_sd.pdf,106650787,4.35 MB,text/AGARWALEYE_106650787.txt
2026-06-01,AGARWALEYE,Dr. Agarwal's Health Care Ltd.,NSE,Amalgamation/Merger,merger,merger|scheme_other,"Dr. Agarwal's Health Care Limited has informed the Exchange about the Notice Convening Meeting Of The Secured Creditors Of The Company Pursuant To The Order Of Hon'ble NCLT, Chennai Bench",https://nsearchives.nseindia.com/corporate/DRAGARWALS_01062026122013_AHCL_Secured_sd.pdf,106650800,4.14 MB,text/AGARWALEYE_106650800.txt
2026-06-01,AGARWALEYE,Dr. Agarwal's Health Care Ltd.,NSE,Amalgamation/Merger,merger,merger|scheme_other,"Dr. Agarwal's Health Care Limited has informed the Exchange about the Notice Convening Meeting Of The Unsecured Creditors Of The Company Pursuant To The Order Of Hon'ble NCLT, Chennai Bench",https://nsearchives.nseindia.com/corporate/DRAGARWALS_01062026122730_AHCL_Unsecured_sd.pdf,106650806,4.14 MB,text/AGARWALEYE_106650806.txt
2026-06-01,RAMCOCEM,The Ramco Cements Ltd.,NSE,General Updates,merger,merger,The Ramco Cements Limited has informed the Exchange about General Updates - Updates On Scheme Of Amalgamation,https://nsearchives.nseindia.com/corporate/RAMCOCEM_01062026101538_ordertoses.pdf,106650562,194.61 KB,text/RAMCOCEM_106650562.txt
2026-06-01,RBLBANK,RBL Bank Ltd.,NSE,Updates,rights_issue,rights_issue,J.P. Morgan India Private Limited has Submitted to the Exchange a copy of Letter of Offer.,https://nsearchives.nseindia.com/corporate/team_sandeshc_01062026112411_RBL.pdf,106650703,1.72 MB,text/RBLBANK_106650703.txt
2026-06-01,STAR,Strides Pharma Science Ltd.,NSE,General Updates,demerger,demerger,STAR: Strides Pharma Science Limited has informed Effective Date for the Scheme of Demerger involving Arco Lab Private Limited ( Arco Lab ) and Pivot Path Private Limited ( Pivot Path ).,https://nsearchives.nseindia.com/corporate/STRIDES_532531_01062026172449_SEIntimationEffectivedate.pdf,106651283,477.79 KB,text/STAR_106651283.txt
2026-06-01,ZYDUSLIFE,Zydus Lifesciences Ltd.,NSE,Buyback,capital_reduction,capital_reduction,Zydus Lifesciences Limited has informed the Exchange about Buyback,https://nsearchives.nseindia.com/corporate/Cadilahc_01062026171046_LetterofOffertoSE_Revised.pdf,106651262,2.03 MB,text/ZYDUSLIFE_106651262.txt
2026-06-01,ZYDUSLIFE,Zydus Lifesciences Ltd.,NSE,Buyback,capital_reduction,capital_reduction,Zydus Lifesciences Limited has informed the Exchange about Buyback,https://nsearchives.nseindia.com/corporate/Cadilahc_01062026171539_LetterofOffertoSE_Revised.pdf,106651264,2.03 MB,text/ZYDUSLIFE_106651264.txt
2026-06-03,CMSINFO,CMS Info Systems Ltd.,NSE,General Updates,capital_reduction,capital_reduction,"Please find attached herewith the Clarificatory letter from Mr. Rajiv Kaul, Exec VC & CEO Intention to participate in the ongoing Buyback",https://nsearchives.nseindia.com/corporate/CMSINFO_03062026124406_SEletterRkletter.pdf,106653472,658.54 KB,text/CMSINFO_106653472.txt
2026-06-03,HFCL,HFCL Ltd.,NSE,Agreements,slump_sale,slump_sale,HFCL Limited has informed the Exchange about the Business Transfer Agreement,https://nsearchives.nseindia.com/corporate/AHMED_03062026205319_HFCL_Stock_Exchange_Announcement_03062026.pdf,106654146,523.86 KB,text/HFCL_106654146.txt
2026-06-03,JSWENERGY,JSW Energy Ltd.,NSE,General Updates,scheme_other,scheme_other,"JSW Energy Limited has informed the Exchange about the receipt of Order of the Hon ble National Company Law Tribunal, Mumbai Bench ( Hon ble Tribunal ) for holding meetings of the Equity Shareholders and Unsecured Creditors of the Company",https://nsearchives.nseindia.com/corporate/KRUTIKAJSWEL_03062026190312_LettertoBSENSEfinal03062026.pdf,106654046,278.81 KB,text/JSWENERGY_106654046.txt
2026-06-03,THERMAX,Thermax Ltd.,NSE,General Updates,merger,merger|scheme_other,"Thermax Limited has informed the Exchange about order passed by the Hon'ble National Company Law Tribunal, Mumbai Bench approving the Scheme of Merger by Absorption of Buildtech Products India Private Limited with the Company.",https://nsearchives.nseindia.com/corporate/THERMAXNSE_03062026121020_SEintimationNCLTapprovalMerger.pdf,106653398,992.27 KB,text/THERMAX_106653398.txt
2026-06-04,ACC,ACC Ltd.,NSE,Amalgamation/Merger,merger,merger,ACC Limited has informed the Exchange about Receipt of Observation Letters with ''no adverse observations'' from the BSE Limited and ''No Objection'' from The National Stock Exchange of India Limited in relation to the Scheme of Amalgamation of ACC Limited (Amalgamating Company) with Ambuja Cements Limited (Amalgamated Company).,https://nsearchives.nseindia.com/corporate/ACC_1_04062026194620_ACC_NOC_-_Covering.pdf,106655228,1.59 MB,text/ACC_106655228.txt
2026-06-04,AMBUJACEM,Ambuja Cements Ltd.,NSE,Amalgamation/Merger,merger,merger,Ambuja Cements Limited has informed the Exchange about receipt of Observation Letters with ''no adverse observations'' from the BSE Limited and ''No Objection'' from The National Stock Exchange of India Limited in relation to the Scheme of Amalgamation of ACC Limited (Amalgamating Company) with Ambuja Cements Limited (Amalgamated Company),https://nsearchives.nseindia.com/corporate/AMBUJACEM_04062026193536_ACL_NOC-covering.pdf,106655218,1.54 MB,text/AMBUJACEM_106655218.txt
2026-06-04,AMBUJACEM,Ambuja Cements Ltd.,NSE,Amalgamation/Merger,merger,merger,"Ambuja Cements Limited has informed the Exchange about Receipt of Observation Letters with ""no adverse objection"" from the BSE Limited and ""no objection"" from the National Stock Exchange of India Limited in relation to the Scheme of Amalgamation of Orient Cement Limited (""Transferor Company"") with Ambuja Cements Limited (""Transferee Company"").",https://nsearchives.nseindia.com/corporate/AMBUJACEM_04062026194218_ACL_NOC_Intimation.pdf,106655223,2.04 MB,text/AMBUJACEM_106655223.txt
2026-06-04,COFORGE,Coforge Ltd.,NSE,Allotment of Securities,merger,merger|scheme_other,"Coforge Limited has informed the Exchange regarding allotment of 12671602 securities pursuant to Scheme of Arrangement/Amalgamation at its meeting held on Jun 03, 2026",https://nsearchives.nseindia.com/corporate/COFORGE_04062026001858_Allotment_Intimation.pdf,106654337,287.00 KB,text/COFORGE_106654337.txt
2026-06-04,ORIENTCEM,Orient Cement Ltd.,NSE,Amalgamation/Merger,merger,merger,"Orient Cement Limited has informed the Exchange about Receipt of Observation Letters with ""no adverse objection"" from the BSE Limited and ""no objection"" from the National Stock Exchange of India Limited in relation to the Scheme of Amalgamation of Orient Cement Limited (""Transferor Company"") with Ambuja Cements Limited (""Transferee Company"").",https://nsearchives.nseindia.com/corporate/ORIENTCEM_04062026193509_OCL_NOC_Intimation.pdf,106655224,1.86 MB,text/ORIENTCEM_106655224.txt
2026-06-04,TRIVENI,Triveni Engineering & Industries Ltd.,NSE,General Updates,scheme_other,scheme_other,"Triveni Engineering & Industries Limited has informed the Exchange about General Updates - Material update in connection with the Composite Scheme of Arrangement amongst Triveni Engineering &amp; Industries Ltd. (TEIL) and Sir Shadi Lal Enterprises Limited (SSEL) and Triveni Power Transmission Ltd (TPTL) and their respective shareholders under Sections 230 to 232 and other applicable provisions of the Companies Act, 2013 ( Scheme )",https://nsearchives.nseindia.com/corporate/TRIVENI_04062026185550_TPTL_Material_Update.pdf,106655172,3.71 MB,text/TRIVENI_106655172.txt
2026-06-05,HAPPSTMNDS,Happiest Minds Technologies Ltd.,NSE,Scheme of Arrangement,scheme_other,scheme_other,Happiest Minds Technologies Limited has informed the Exchange about Scheme of Arrangement,https://nsearchives.nseindia.com/corporate/suhask_05062026194136_SE_Final_order__Puresoftware.pdf,106656368,13.50 MB,text/HAPPSTMNDS_106656368.txt
2026-06-05,RADICO,Radico Khaitan Ltd,NSE,Updates,merger,merger,Radico Khaitan Limited has informed the Exchange regarding 'Update on Scheme of Amalgamation'.,https://nsearchives.nseindia.com/corporate/RADICO_05062026153557_IntimationunderReg30.pdf,106655965,930.22 KB,text/RADICO_106655965.txt
2026-06-06,ADVENZYMES,Advanced Enzyme Tech Ltd.,NSE,Acquisition,rights_issue,rights_issue,"Further to the intimation letter dated August 02, 2025, we hereby inform that the Companyhas completed an additional investment of &#8377; 2.5 million in the wholly owned subsidiaryof the Company Advanced Nutrazyme Private Limited [ ANPL ] by way of investing inthe rights issue of 2,50,000 Equity Shares of &#8377; 10 each. With this, the investment of theCompany in ANPL has increased to &#8377;3 million divided into 3,00,000 Equity Shares of &#8377;10each.",https://nsearchives.nseindia.com/corporate/AETL_06062026204331_Intimation06062026.pdf,106656976,498.49 KB,text/ADVENZYMES_106656976.txt
2026-06-08,AMBER,Amber Enterprises India Ltd.,NSE,Scheme of Arrangement,scheme_other,scheme_other,"Pursuant to Regulation 30 of SEBI LODR Regulations, we hereby inform the exchange that the Company has received an Order dated 5th June 2026 on 8th June 2026, passed by Hon'ble National Company Law Tribunal, Chandigarh Bench, bearing Order No. CA(CAA) No. 11/Chd/Pb/2026, wherein the Hon'ble Tribunal approved the dispensation of the meeting of equity shareholders, secured and unsecured creditors of AmberPR Technoplast India Private Limited and Amber Enterprises India Limited and the First Motion Application has been allowed by the Hon'ble Tribunal and stands disposed of accordingly.",https://nsearchives.nseindia.com/corporate/AMBER_08062026190432_SE_Intimation_Scheme_of_Arrangement_Amber_08062026.pdf,106657787,21.74 MB,text/AMBER_106657787.txt
2026-06-08,INTELLECT,Intellect Design Arena Ltd.,NSE,Press Release,demerger,demerger,"Intellect Design Arena Limited has informed the Exchange regarding a press release dated Jun 08, 2026, titled ""Press Release - Intellect announces strategic carve-out of Purple Fabric into an independent Line of Business; Appoints Deepak Dastrala as CEO"".",https://nsearchives.nseindia.com/corporate/INTELLECT_08062026102710_PRdated08062026.pdf,106657189,1.66 MB,text/INTELLECT_106657189.txt
2026-06-08,PERSISTENT,Persistent Systems Ltd.,NSE,Amalgamation/Merger,merger,merger,Persistent Systems Limited has informed the Exchange about Amalgamation/Merger as a part of internal restructuring,https://nsearchives.nseindia.com/corporate/PERSISTENTUSER1_08062026204457_PSLIntimationofProposedMergerofMAIPLwithPSLsigned.pdf,106657882,275.68 KB,text/PERSISTENT_106657882.txt
2026-06-09,ANURAS,Anupam Rasayan India Ltd.,NSE,General Updates,rights_issue,rights_issue,"Anupam Rasayan India Limited has informed the Exchange about Draft Letter of Offer filed by the Manager to the Offer with SEBI yesterday, relating to the mandatory open offer by our Company to the public shareholders of Bliss GVS Pharma Limited",https://nsearchives.nseindia.com/corporate/ANURAS_09062026195237_ARILSLDSTX20260609027DraftLetterofOffer.pdf,106659093,1.01 MB,text/ANURAS_106659093.txt
2026-06-09,GABRIEL,Gabriel India Ltd.,NSE,General Updates,scheme_other,scheme_other,Gabriel India Limited has informed the Exchange about allotment of shares pursuant to approval of the Composite Scheme of Arrangement,https://nsearchives.nseindia.com/corporate/GABRIEL_09062026230855_SE_Intimation_-_Allotment_of_Shares_signed.pdf,106659276,247.34 KB,text/GABRIEL_106659276.txt
2026-06-09,TRIVENI,Triveni Engineering & Industries Ltd.,NSE,Scheme of Arrangement,scheme_other,scheme_other,Triveni Engineering & Industries Limited has informed the Exchange about Scheme of Arrangement,https://nsearchives.nseindia.com/corporate/TRIVENI_09062026161816_Allotment_of_Equity_Shares.pdf,106658713,1.05 MB,text/TRIVENI_106658713.txt
2026-06-09,WIPRO,Wipro Ltd.,NSE,General Updates,capital_reduction,capital_reduction|rights_issue,"Wipro Limited has informed the Further to our letter dated May 25, 2026, we are enclosing herewith copy of the Letter of Offer and Tender Form in relation to the Buyback. The Letter of Offer and Tender Form will also be available on the website of the Company at https://www.wipro.com/investors/buy-back/.",https://nsearchives.nseindia.com/corporate/Cslogin_09062026060552_SEIntimationLoF09062026.pdf,106658141,1.26 MB,text/WIPRO_106658141.txt
2026-06-10,ASTRAMICRO,Astra Microwave Products Ltd.,NSE,Demerger,demerger,demerger|scheme_other,"Announcement of approval of the Scheme of Arrangement by the Board of Directors of Astra Microwave Products Limited ( AMPL / Demerged Company ) pursuant the Regulation 30 of the SEBI (Listing Obligations and Disclosure Requirements) Regulations, 2015, as amended ( SEBI Listing Regulation ).",https://nsearchives.nseindia.com/corporate/ASTRAMICRO_10062026123059_Letter.pdf,106659640,507.24 KB,text/ASTRAMICRO_106659640.txt
2026-06-10,ASTRAMICRO,Astra Microwave Products Ltd.,NSE,Outcome of Board Meeting,demerger,demerger|scheme_other,"Announcement of approval of the Scheme of Arrangement by the Board of Directors of Astra Microwave Products Limited ( AMPL / Demerged Company ) pursuant the Regulation 30 of the SEBI (Listing Obligations and Disclosure Requirements) Regulations, 2015, as amended ( SEBI Listing Regulation )",https://nsearchives.nseindia.com/corporate/ASTRAMICRO_10062026123601_Letter.pdf,106659682,507.24 KB,text/ASTRAMICRO_106659682.txt
2026-06-10,PFC,Power Finance Corporation Ltd.,NSE,General Updates,merger,merger,Power Finance Corporation Limited has informed the Exchange about Presidential Approval for the proposed merger of REC Limited into PFC,https://nsearchives.nseindia.com/corporate/PFC2023_10062026191224_Intimation_10062026signed.pdf,106660163,261.56 KB,text/PFC_106660163.txt
2026-06-10,RECLTD,REC Ltd.,NSE,General Updates,merger,merger,Intimation regarding Presidential Approval for the proposed merger of REC Limited into Power Finance Corporation Limited.,https://nsearchives.nseindia.com/corporate/RECLTD_10062026190415_Signed_Intimation_PresidentialConsent100626.pdf,106660151,524.77 KB,text/RECLTD_106660151.txt
2026-06-11,CYIENT,Cyient Ltd.,NSE,Record Date,capital_reduction,capital_reduction,Cyient Limited has informed the Exchange that Record date for the purpose of Buyback is 17-Jun-2026.,https://nsearchives.nseindia.com/corporate/CYIENT_11062026175046_IntimationofRecorddateSigned.pdf,106661142,226.28 KB,text/CYIENT_106661142.txt
2026-06-11,SONATSOFTW,Sonata Software Ltd.,NSE,Action(s) taken or orders passed,merger,merger|scheme_other,Sonata Software Limited has informed the Exchange about sanction of Scheme of Arrangement and Amalgamation by Hon'ble NCLT Chennai Bench,https://nsearchives.nseindia.com/corporate/SONATSOFTW_11062026224403_schemeofamalgamationintimation.pdf,106661431,1.80 MB,text/SONATSOFTW_106661431.txt
2026-06-12,CYIENT,Cyient Ltd.,NSE,Public Announcement - Buyback of Shares,capital_reduction,capital_reduction,Cyient Limited has informed the Exchange about public Announcement - Buyback of Shares,https://nsearchives.nseindia.com/corporate/CYIENT_12062026175254_Public_Announcment_cyient_1206_signed.pdf,106662230,5.25 MB,text/CYIENT_106662230.txt
2026-06-12,WELSPUNLIV,Welspun Living Ltd.,NSE,Post Buyback Public Announcement,capital_reduction,capital_reduction,Welspun Living Limited has informed the Exchange about post Buyback Public Announcement,https://nsearchives.nseindia.com/corporate/WELSPUNIND_12062026173802_PBPA_SE_Letter_Final_Signed.pdf,106662213,4.42 MB,text/WELSPUNLIV_106662213.txt
2026-06-13,SAMMAANCAP,Sammaan Capital Ltd.,NSE,Updates,demerger,demerger|scheme_other,"Sammaan Capital Limited has informed the Exchange regarding 'This is further to our earlier intimations dated December 31, 2025, April 22, 2026 and May 7, 2026 with respect to the proposed Scheme of Arrangement, subject to the receipt of the requisite regulatory/ statutory approvals.We wish to inform you that the NCLT, vide its order dated June 12, 2026 (hereinafter referred to as the Order ) which was uploaded on June 12, 2026 on the NCLT website, has allowed the first motion application filed in relation to the Scheme.The NCLT vide its Order, has inter alia: (i) Dispensed with the meeting of the equity shareholders of the Demerged Company;(ii) Dispensed with the meeting of the secured and unsecured creditors of the Resulting Company and the Demerged Company;(iii) Directed convening of the meeting of the equity shareholders of the Resulting Company, for approving the Scheme through video conferencing or any other audio-visual means capable of being recorded.A copy of the Order is enclosed herewith and is also available on the website of the Company at https://www.sammaancapital.com/scheme-of-arrangement. The Company would be filing an application with the NCLT seeking certain clarifications/ modifications with respect to the above Order. '.",https://nsearchives.nseindia.com/corporate/IHFL_13062026155450_SCL_Reg_30_51_Disclosure_FMO_Scheme_13June26.pdf,106662760,473.99 KB,text/SAMMAANCAP_106662760.txt
2026-06-15,APOLLOHOSP,Apollo Hospitals Enterprise Ltd.,NSE,Scheme of Arrangement,scheme_other,scheme_other,Apollo Hospitals Enterprise Limited has informed the Exchange about Scheme of Arrangement - Additional information in relation to the scheme,https://nsearchives.nseindia.com/corporate/APOLLOHOSP_15062026144530_SE_let_addl_info_scheme.pdf,106663325,2.13 MB,text/APOLLOHOSP_106663325.txt
2026-06-15,CYIENT,Cyient Ltd.,NSE,General Updates,capital_reduction,capital_reduction,"Cyient Limited has informed the Exchange about Submission pursuant to Regulation 5(v) of the Securities and Exchange Board of India (Buy-Back of Securities) Regulations, 2018, as amended (Buyback Regulations)",https://nsearchives.nseindia.com/corporate/CYIENT_15062026155956_LetterandResolutionsBuybackSigned.pdf,106663400,716.23 KB,text/CYIENT_106663400.txt
2026-06-15,DEVYANI,Devyani International Ltd.,NSE,Scheme of Arrangement,scheme_other,scheme_other,Devyani International Limited has informed the Exchange about update on Scheme of Arrangement,https://nsearchives.nseindia.com/corporate/DEVYANI_15062026174347_SE_Intimation_-_ObserationLetter_merged_DSC.pdf,106663533,4.67 MB,text/DEVYANI_106663533.txt
2026-06-15,MAHSEAMLES,Maharashtra Seamless Ltd.,NSE,General Updates,scheme_other,scheme_other,Maharashtra Seamless Limited has informed the Exchange about update on Scheme of Arrangement,https://nsearchives.nseindia.com/corporate/MAHSEAMLES_15062026171330_MSLIntimation.pdf,106663493,338.01 KB,text/MAHSEAMLES_106663493.txt
2026-06-15,SAPPHIRE,Sapphire Foods India Ltd.,NSE,Scheme of Arrangement,scheme_other,scheme_other,Sapphire Foods India Limited has informed the Exchange about update on Scheme of Arrangement,https://nsearchives.nseindia.com/corporate/SAPPHIRE_15062026201824_NSE.pdf,106663736,1.96 MB,text/SAPPHIRE_106663736.txt
2026-06-16,KAJARIACER,Kajaria Ceramics Ltd.,NSE,Record Date,capital_reduction,capital_reduction,Kajaria Ceramics Limited has informed the Exchange that Record date for the purpose of Buyback is 29-Jun-2026.,https://nsearchives.nseindia.com/corporate/KAJARIACER_16062026161642_Disclosure.pdf,106664530,273.44 KB,text/KAJARIACER_106664530.txt
2026-06-18,BAJAJ-AUTO,Bajaj Auto Ltd.,NSE,Record Date,capital_reduction,capital_reduction,Bajaj Auto Limited has informed the Exchange that Record date for the purpose of Buyback is 24-Jun-2026.,https://nsearchives.nseindia.com/corporate/lkwalimbe_bajajauto_co_in_18062026150952_SE_Disclosure_of_Record_Date_BB.pdf,106666727,174.43 KB,text/BAJAJ-AUTO_106666727.txt
2026-06-18,JSWENERGY,JSW Energy Ltd.,NSE,Shareholders meeting,scheme_other,scheme_other,"JSW Energy Limited has informed the Exchange regarding Notice of NCLT convened meeting of the Equity Shareholders of JSW Energy Limited to be held on July 20, 2026 as per the directions of the Hon ble National Company Law Tribunal, Mumbai Bench",https://nsearchives.nseindia.com/corporate/KRUTIKAJSWEL_18062026214925_LettertoSEnoticetoequityshareholdersFinal.pdf,106667224,2.21 MB,text/JSWENERGY_106667224.txt
2026-06-18,JSWENERGY,JSW Energy Ltd.,NSE,General Updates,scheme_other,scheme_other,"JSW Energy Limited has informed the Exchange about the Notice of NCLT convened meeting of the Equity Shareholders of JSW Energy Limited to be held on 20th July 2026 as per the directions of the Hon ble National Company Law Tribunal, Mumbai Bench",https://nsearchives.nseindia.com/corporate/KRUTIKAJSWEL_18062026215338_LettertoSEnoticetoequityshareholdersFinal.pdf,106667226,2.21 MB,text/JSWENERGY_106667226.txt
2026-06-18,JSWENERGY,JSW Energy Ltd.,NSE,Shareholders meeting,scheme_other,scheme_other,"JSW Energy Limited has informed the Exchange regarding the Notice of NCLT convened meeting of the Unsecured Creditors of JSW Energy Limited to be held on July 20, 2026 as per the directions of the Hon ble National Company Law Tribunal, Mumbai Bench",https://nsearchives.nseindia.com/corporate/KRUTIKAJSWEL_18062026222502_LettertoSEnoticetounsecuredcreditors_Final.pdf,106667241,1.99 MB,text/JSWENERGY_106667241.txt
2026-06-18,JSWENERGY,JSW Energy Ltd.,NSE,General Updates,scheme_other,scheme_other,"JSW Energy Limited has informed the Exchange about the Notice of NCLT convened meeting of the Unsecured Creditors of JSW Energy Limited to be held on 20th July 2026 as per the directions of the Hon ble National Company Law Tribunal, Mumbai Bench",https://nsearchives.nseindia.com/corporate/KRUTIKAJSWEL_18062026223032_LettertoSEnoticetounsecuredcreditors_Final.pdf,106667252,1.99 MB,text/JSWENERGY_106667252.txt
2026-06-19,APOLLOHOSP,Apollo Hospitals Enterprise Ltd.,NSE,Scheme of Arrangement,scheme_other,scheme_other,Apollo Hospitals Enterprise Limited has informed the Exchange about Scheme of Arrangement,https://nsearchives.nseindia.com/corporate/APOLLOHOSP_19062026102054_SE_Communc_19062026.pdf,106667597,1.25 MB,text/APOLLOHOSP_106667597.txt
2026-06-19,ASTERDM,Aster DM Quality Care Ltd.,NSE,General Updates,merger,merger|scheme_other,"Aster DM Healthcare Limited has informed the Exchange regarding order passed by the Hon ble National Company Law Tribunal, Hyderabad Bench, approving the Scheme of Amalgamation",https://nsearchives.nseindia.com/corporate/ASTERDM2_19062026174047_SE_Intimation.pdf,106668156,341.99 KB,text/ASTERDM_106668156.txt
2026-06-19,CMSINFO,CMS Info Systems Ltd.,NSE,Closure of Buy Back,capital_reduction,capital_reduction,"CMS Info Systems Limited has informed the Exchange regarding Closure of Buy Back with effect from Jun 19, 2026",https://nsearchives.nseindia.com/corporate/CMSINFO_19062026154926_ExtinguishmentofSharesSEIntimationFinal.pdf,106667962,283.83 KB,text/CMSINFO_106667962.txt
2026-06-19,CYIENT,Cyient Ltd.,NSE,Buyback,capital_reduction,capital_reduction|rights_issue,Cyient Limited has informed the Exchange about Letter of Offer for Buyback of equity shares,https://nsearchives.nseindia.com/corporate/CYIENT_19062026215324_19062026OfferLetterSigned.pdf,106668421,1.16 MB,text/CYIENT_106668421.txt
2026-06-19,JSWENERGY,JSW Energy Ltd.,NSE,General Updates,demerger,demerger|scheme_other,"JSW Energy Limited has informed the Exchange about Newspaper Advertisement Notice of the NCLT convened meetings of Equity Shareholders and Unsecured Creditors to approve the proposed scheme of arrangement between GE Power India Limited (""Demerged Company"") and JSW Energy Limited (""Company"" or ""Resulting Company"") and their respective shareholders under Sections 230 to 232 and other applicable provisions of the Companies Act, 2013.",https://nsearchives.nseindia.com/corporate/KRUTIKAJSWEL_19062026153401_LettertoBSENSEnewspaperpublicationClean.pdf,106667935,1.35 MB,text/JSWENERGY_106667935.txt
2026-06-19,PATANJALI,Patanjali Foods Ltd.,NSE,General Updates,rights_issue,rights_issue,"Patanjali Foods Limited has informed the Exchange about Investment through Rights Issue in Contemporary Agro Private Limited, Wholly Owned Subsidiary of the Company.",https://nsearchives.nseindia.com/corporate/RUCHI_19062026120929_Letter.pdf,106667733,252.65 KB,text/PATANJALI_106667733.txt
2026-06-19,VIKRAMSOLR,Vikram Solar Ltd.,NSE,Corporate Insolvency Resolution Process,scheme_other,scheme_other,"Vikram Solar Limited has informed the Exchange about copy of the order passed by Hon'ble National Company Law Tribunal, Kolkata Bench",https://nsearchives.nseindia.com/corporate/VSLCS_19062026181440_VSLINTIMATION19062026.pdf,106668232,958.03 KB,text/VIKRAMSOLR_106668232.txt
2026-06-19,WELSPUNLIV,Welspun Living Ltd.,NSE,Buyback,capital_reduction,capital_reduction,Welspun Living Limited has informed the Exchange about Certificate of Extinguishment of Equity Shares pursuant to Buyback,https://nsearchives.nseindia.com/corporate/WELSPUNIND_19062026182823_ExtinguishmentCertificate_2026-Signed.pdf,106668256,627.25 KB,text/WELSPUNLIV_106668256.txt
2026-06-20,CYIENT,Cyient Ltd.,NSE,Buyback,capital_reduction,capital_reduction|rights_issue,Cyient Limited has informed the Exchange about Addendum to the Letter of Offer - Buyback,https://nsearchives.nseindia.com/corporate/CYIENT_20062026222500_AddendumLetterofOfferSigned.pdf,106668970,351.44 KB,text/CYIENT_106668970.txt
2026-06-20,JSWENERGY,JSW Energy Ltd.,NSE,General Updates,demerger,demerger|scheme_other,"JSW Energy Limited has informed the Exchange about Notice of the NCLT convened meetings of Equity Shareholders and Unsecured Creditors to approve the proposed scheme of arrangement between GE Power India Limited (""Demerged Company"") and JSW Energy Limited (""Company"" or ""Resulting Company"") and their respective shareholders under Sections 230 to 232 and other applicable provisions of the Companies Act, 2013.",https://nsearchives.nseindia.com/corporate/KRUTIKAJSWEL_20062026132255_LettertoBSENSEnewspaperpublicationCleanBS.pdf,106668706,4.28 MB,text/JSWENERGY_106668706.txt
2026-06-20,JSWENERGY,JSW Energy Ltd.,NSE,General Updates,demerger,demerger|scheme_other,"JSW Energy Limited has informed the Exchange about Notice of the NCLT convened meetings of Equity Shareholders and Unsecured Creditors to approve the proposed scheme of arrangement between GE Power India Limited (""Demerged Company"") and JSW Energy Limited (""Company"" or ""Resulting Company"") and their respective shareholders under Sections 230 to 232 and other applicable provisions of the Companies Act, 2013.",https://nsearchives.nseindia.com/corporate/KRUTIKAJSWEL_20062026145940_LettertoBSENSEnewspaperpublicationClean.pdf,106668742,1.36 MB,text/JSWENERGY_106668742.txt
2026-06-20,RAMCOCEM,The Ramco Cements Ltd.,NSE,General Updates,merger,merger,The Ramco Cements Limited has informed the Exchange about General Updates - Updates on Scheme of Amalgamation,https://nsearchives.nseindia.com/corporate/RAMCOCEM_20062026122739_secmotpet.pdf,106668667,199.71 KB,text/RAMCOCEM_106668667.txt
2026-06-22,BAJAJ-AUTO,Bajaj Auto Ltd.,NSE,Updates,capital_reduction,capital_reduction,Bajaj Auto Limited has informed the Exchange regarding ''Shareholder Resolution for Buyback of Equity Shares''.,https://nsearchives.nseindia.com/corporate/lkwalimbe_bajajauto_co_in_22062026154339_BB_-_Disclosure_Resolution_with_Annexures_.pdf,106669555,7.22 MB,text/BAJAJ-AUTO_106669555.txt
2026-06-22,BAJAJ-AUTO,Bajaj Auto Ltd.,NSE,Updates,capital_reduction,capital_reduction,"Bajaj Auto Limited has informed the Exchange regarding ""Shareholder Resolution for Buyback of Equity Shares"" - Revised",https://nsearchives.nseindia.com/corporate/lkwalimbe_bajajauto_co_in_22062026214622_Shareholders_Resolution_with_Annexures.pdf,106670087,9.70 MB,text/BAJAJ-AUTO_106670087.txt
2026-06-22,TIMKEN,Timken India Ltd.,NSE,Action(s) taken or orders passed,merger,merger,"Pursuant to Regulation 30 of Securities and Exchange Board of India (Listing Obligations and Disclosure Requirements) Regulations, 2015, we hereby inform about an Order passed by Hon ble High Court of Gujarat at Ahmedabad in the matter of Antifriction Bearings Corporation Limited (amalgamated with Timken India Limited) V/s Anil Ambalal Modi. For more details please see attachment.",https://nsearchives.nseindia.com/corporate/TIMKEN_22062026174429_SE_Intimation_Court_Order22062026.pdf,106669777,1.26 MB,text/TIMKEN_106669777.txt
2026-06-23,KITEX,Kitex Garments Ltd.,NSE,Scheme of Arrangement,scheme_other,scheme_other,Kitex Garments Limited has informed the Exchange about update on Scheme of Arrangement between Kitex Childrenswear Limited and Kitex Garments Limited and their respective shareholders and creditors (Scheme) - Notice for convening of the meetings,https://nsearchives.nseindia.com/corporate/KITEX_23062026123857_KGL_Notice_of_court-convened_meetings_signed.pdf,106670664,464.46 KB,text/KITEX_106670664.txt
2026-06-24,APOLLOHOSP,Apollo Hospitals Enterprise Ltd.,NSE,Scheme of Arrangement,scheme_other,scheme_other,Apollo Hospitals Enterprise Limited has informed the Exchange about Scheme of Arrangement,https://nsearchives.nseindia.com/corporate/APOLLOHOSP_24062026205745_se_nclt_proceedings_1.pdf,106673349,4.47 MB,text/APOLLOHOSP_106673349.txt
2026-06-24,ASTERDM,Aster DM Quality Care Ltd.,NSE,General Updates,merger,merger|scheme_other,Aster DM Healthcare Limited has informed the Exchange about receipt of certified true copy of the order of NCLT sanctioning Scheme of Amalgamation,https://nsearchives.nseindia.com/corporate/ASTERDM2_24062026163557_Intimation_CTC.pdf,106672742,339.33 KB,text/ASTERDM_106672742.txt
2026-06-24,LT,Larsen & Toubro Ltd.,NSE,Scheme of Arrangement,scheme_other,scheme_other,Larsen & Toubro Limited has informed the Exchange about Scheme of Arrangement,https://nsearchives.nseindia.com/corporate/PAM_24062026190028_Reg3024062026signed1.pdf,106673222,4.83 MB,text/LT_106673222.txt
2026-06-24,REFEX,Refex Industries Ltd.,NSE,General Updates,merger,merger|scheme_other,"Disclosure under Regulation 30 of the Securities and Exchange Board of India (Listing Obligations and Disclosure Requirements) Regulations, 2015 ( SEBI Listing Regulations ) regarding the order passed by Hon'ble NCLT in connection with the Composite Scheme of Amalgamation and Arrangement for convening of meeting",https://nsearchives.nseindia.com/corporate/REFEX2002_24062026193439_RIL_NCLT_order.pdf,106673279,378.20 KB,text/REFEX_106673279.txt
2026-06-25,ASTERDM,Aster DM Quality Care Ltd.,NSE,Outcome of Board Meeting,merger,merger|scheme_other,"Aster DM Healthcare Limited has informed the Exchange regarding Outcome of Board Meeting held on June 25, 2026: noting of NCLT Order and Fixation of Record Date pursuant to the Scheme of Amalgamation",https://nsearchives.nseindia.com/corporate/ASTERDM2_25062026152347_SE_Outcomesigned.pdf,106674642,442.74 KB,text/ASTERDM_106674642.txt
2026-06-25,ASTRAL,Astral Ltd.,NSE,Scheme of Arrangement,scheme_other,scheme_other,Astral Limited has informed the Exchange about Scheme of Arrangement,https://nsearchives.nseindia.com/corporate/ASTRAL_25062026191121_Outcome_of_BM_Astral_25062026.pdf,106675772,1.67 MB,text/ASTRAL_106675772.txt
2026-06-25,KAJARIACER,Kajaria Ceramics Ltd.,NSE,Public Announcement - Buyback of Shares,capital_reduction,capital_reduction,Submission of Public Announcement and Shareholders Resolution for Buyback of Equity Shares of Kajaria Ceramics Limited ( Company ) through tender offer,https://nsearchives.nseindia.com/corporate/KAJARIACER_25062026104835_Letters_PA.pdf,106673799,5.91 MB,text/KAJARIACER_106673799.txt
2026-06-26,APOLLOHOSP,Apollo Hospitals Enterprise Ltd.,NSE,Scheme of Arrangement,scheme_other,scheme_other,Apollo Hospitals Enterprise Limited has informed the Exchange about Scheme of Arrangement,https://nsearchives.nseindia.com/corporate/APOLLOHOSP_26062026115527_SE_Scrutinizer_Report.pdf,106676434,6.09 MB,text/APOLLOHOSP_106676434.txt
2026-06-26,IPCALAB,Ipca Laboratories Ltd.,NSE,Amalgamation/Merger,merger,merger,IPCA Laboratories Limited has informed the Exchange about Amalgamation/Merger,https://nsearchives.nseindia.com/corporate/IPCALAB_26062026131639_IpcaOutcomeofMeeting26062026.pdf,106676673,167.70 KB,text/IPCALAB_106676673.txt
2026-06-26,WIPRO,Wipro Ltd.,NSE,Post Buyback Public Announcement,capital_reduction,capital_reduction,Wipro Limited has informed the Exchange about post Buyback Public Announcement,https://nsearchives.nseindia.com/corporate/Cslogin_26062026181043_SEIntimationPostBuybackPA.pdf,106677712,4.12 MB,text/WIPRO_106677712.txt
2026-06-27,PRICOLLTD,Pricol Ltd.,NSE,Demerger,demerger,demerger,Pricol Limited has informed the Exchange about Demerger,https://nsearchives.nseindia.com/corporate/PRICOLLTD_27062026153350_sedisclosure.pdf,106678449,1.37 MB,text/PRICOLLTD_106678449.txt
2026-06-27,PRICOLLTD,Pricol Ltd.,NSE,Press Release,demerger,demerger,Pricol Limited submitted the copy of media note with respect to Scheme of Demerger,https://nsearchives.nseindia.com/corporate/PRICOLLTD_27062026153703_sedisclosure.pdf,106678451,1.37 MB,text/PRICOLLTD_106678451.txt
2026-06-28,PFC,Power Finance Corporation Ltd.,NSE,Amalgamation/Merger,merger,merger,"Outcome of Board Meeting held on June 28, 2026",https://nsearchives.nseindia.com/corporate/PFC2023_28062026231625_INTIMATION28062026SIGNEDPFC.pdf,106678772,978.74 KB,text/PFC_106678772.txt
2026-06-29,BAJAJ-AUTO,Bajaj Auto Ltd.,NSE,Updates,capital_reduction,capital_reduction|rights_issue,Bajaj Auto Limited has informed the Exchange regarding ''Letter of offer for the buyback of equity shares''.,https://nsearchives.nseindia.com/corporate/lkwalimbe_bajajauto_co_in_29062026132634_SE_with_LoF.pdf,106679236,1.66 MB,text/BAJAJ-AUTO_106679236.txt
2026-06-30,VIKRAMSOLR,Vikram Solar Ltd.,NSE,Corporate Insolvency Resolution Process,scheme_other,scheme_other,"Vikram Solar Limited has informed the Exchange about NCLAT order dated June 29, 2026 for setting aside NCLT order dated June 12, 2026",https://nsearchives.nseindia.com/corporate/VSLCS_30062026173927_VSL_submission_of_NCLAT_order_dated_June_29_2026.pdf,106681733,643.10 KB,text/VIKRAMSOLR_106681733.txt
2026-06-30,WIPRO,Wipro Ltd.,NSE,General Updates,capital_reduction,capital_reduction,"Wipro Limited has informed the Exchange about Completion of extinguishment of 60,00,00,000 (Sixty Crore) Equity Shares of Wipro Limited (the Company ) pursuant to Buyback",https://nsearchives.nseindia.com/corporate/Wipro_Secretarial_30062026180028_SEIntimation30062026.pdf,106681813,1.92 MB,text/WIPRO_106681813.txt
2026-07-01,ASTERDM,Aster DM Quality Care Ltd.,NSE,General Updates,merger,merger,"Aster DM Healthcare Limited has informed the Exchange regarding Effective Date of the Scheme, Change in Promoter category and Amended MoA & AOA of the Company pursuant to the Scheme of Amalgamation.",https://nsearchives.nseindia.com/corporate/ASTERDM2_01072026175016_Effective_Date_sign.pdf,106683545,519.98 KB,text/ASTERDM_106683545.txt
2026-07-01,KAJARIACER,Kajaria Ceramics Ltd.,NSE,Buyback,capital_reduction,capital_reduction|rights_issue,Kajaria Ceramics Limited has informed the Exchange about the Letter of Offer for Buyback of equity shares of the Company,https://nsearchives.nseindia.com/corporate/KAJARIACER_01072026113649_Letter_of__Offer.pdf,106682974,1.39 MB,text/KAJARIACER_106682974.txt
2026-07-01,LUPIN,Lupin Ltd.,NSE,General Updates,capital_reduction,capital_reduction,"Lupin Limited has informed the Exchange about update on acquisition of minority shareholding in Multicare Pharmaceuticals Philippines, Inc. (MPPI), a subsidiary company and Buyback of shares by MPPI.",https://nsearchives.nseindia.com/corporate/Lupin2_01072026181350_SE_Intimation_Completion_of_Acquisition_Buyback.pdf,106683609,265.63 KB,text/LUPIN_106683609.txt
2026-07-02,ABFRL,Aditya Birla Fashion and Retail Ltd.,NSE,General Updates,merger,merger|scheme_other,"ABFRL: Aditya Birla Fashion and Retail Limited has informed the Exchange about Pronouncement of Order by Hon ble National Company Law Tribunal, Mumbai Bench, regarding the Scheme of Amalgamation amongst Jaypore E-Commerce Private Limited, TG Apparel & Decor Private Limited and Aditya Birla Fashion and Retail Limited and their respective Shareholders and Creditors.",https://nsearchives.nseindia.com/corporate/ABFRL_02072026181255_SE_Pronouncement_of_order.pdf,106684787,489.97 KB,text/ABFRL_106684787.txt
2026-07-02,AGARWALEYE,Dr. Agarwal's Health Care Ltd.,NSE,Shareholders meeting,scheme_other,scheme_other,"Summary of the Proceedings of the NCLT convened Meeting of the Equity Shareholders of Dr. Agarwal's Health Care Limited held on July 02, 2026",https://nsearchives.nseindia.com/corporate/DRAGARWALS_02072026210602_C__AHCL_PROCEEDINGS_EQUITY_Final_sd.pdf,106684958,6.05 MB,text/AGARWALEYE_106684958.txt
2026-07-02,AGARWALEYE,Dr. Agarwal's Health Care Ltd.,NSE,General Updates,scheme_other,scheme_other,"Summary of the Proceedings of the NCLT convened Meeting of the Secured Creditors of Dr. Agarwal's Health Care Limited held on July 02, 2026",https://nsearchives.nseindia.com/corporate/DRAGARWALS_02072026224708_C23_AHCL_PROCEEDINGS_SECURED_CRS_Final_sd.pdf,106685018,6.02 MB,text/AGARWALEYE_106685018.txt
2026-07-02,AGARWALEYE,Dr. Agarwal's Health Care Ltd.,NSE,General Updates,scheme_other,scheme_other,"Voting results and the Consolidated Scrutinizer's Report on the NCLT convened meeting of the Secured Creditors of Dr. Agarwal's Health Care Limited held on July 02, 2026.",https://nsearchives.nseindia.com/corporate/DRAGARWALS_02072026225353_C24_AHCL_VOTING_RESULTS_SECURED.pdf,106685021,3.68 MB,text/AGARWALEYE_106685021.txt
2026-07-02,AGARWALEYE,Dr. Agarwal's Health Care Ltd.,NSE,General Updates,scheme_other,scheme_other,"Summary of the Proceedings of the Hon'ble NCLT convened Meeting of the Unsecured Creditors of Dr. Agarwal's Health Care Limited held on July 02, 2026",https://nsearchives.nseindia.com/corporate/DRAGARWALS_02072026225755_C25__AHCL_PROCEEDINGS_UNSECURED_CRS_-_Final_sd.pdf,106685023,5.99 MB,text/AGARWALEYE_106685023.txt
2026-07-02,AGARWALEYE,Dr. Agarwal's Health Care Ltd.,NSE,General Updates,scheme_other,scheme_other,"Voting results and the Consolidated Scrutinizer's Report on the NCLT convened meeting of the Unsecured Creditors of Dr. Agarwal's Health Care Limited held on July 02, 2026.",https://nsearchives.nseindia.com/corporate/DRAGARWALS_02072026230156_C26_AHCL_VOTING_RESULTS_UNSECURED.pdf,106685029,3.66 MB,text/AGARWALEYE_106685029.txt
2026-07-02,ASTERDM,Aster DM Quality Care Ltd.,NSE,Press Release,merger,merger,"Aster DM Healthcare Limited has informed the Exchange regarding a press release dated July 02, 2026, titled ""Successful completion of the merger between Aster DM Healthcare and Quality Care India Limited"".",https://nsearchives.nseindia.com/corporate/ASTERDM2_02072026133737_SE.pdf,106684404,632.17 KB,text/ASTERDM_106684404.txt
2026-07-02,HEGAM,HEG Advanced Materials Ltd.,NSE,General Updates,scheme_other,scheme_other,HEG Limited has informed the Exchange about Update on Composite Scheme of Arrangement.,https://nsearchives.nseindia.com/corporate/HEG_02072026152733_Stxintimation_02072026S.pdf,106684488,608.76 KB,text/HEGAM_106684488.txt
2026-07-02,LENSKART,Lenskart Solutions Ltd.,NSE,Amalgamation/Merger,merger,merger,"LENSKART: Lenskart Solutions Limited has informed the Exchange about approval of Scheme of Amalgamation of Dealskart Online Services Private Limited and Lenskart Eyetech Private Limited, wholly-owned subsidiaries of the Company, with and into Lenskart Solutions Limited and their respective shareholders and creditors",https://nsearchives.nseindia.com/corporate/LENSKART_02072026163151_Outcome_Intimation_-_BM_dated_02072026_signed.pdf,106684597,710.03 KB,text/LENSKART_106684597.txt
2026-07-03,INDIAGLYCO,India Glycols Ltd.,NSE,General Updates,scheme_other,scheme_other,India Glycols Limited has informed the Exchange about General Updates on the Scheme of Arrangement.,https://nsearchives.nseindia.com/corporate/INDIAGLYCO_03072026194503_SE_Intimation_NCLT_Order.pdf,106686271,597.17 KB,text/INDIAGLYCO_106686271.txt
2026-07-03,JSWSTEEL,JSW Steel Ltd.,NSE,Amalgamation/Merger,merger,merger|scheme_other,Receipt of final order issued by Hon ble National Company Law Tribunal in respect of Scheme of Amalgamation of ARCL and MCL and JRDL with JSW Steel Limited.,https://nsearchives.nseindia.com/corporate/jessydenny_03072026104440_Merger_approval.pdf,106685359,464.68 KB,text/JSWSTEEL_106685359.txt
2026-07-03,REFEX,Refex Industries Ltd.,NSE,Shareholders meeting,scheme_other,scheme_other,"Notice of court convened meeting of equity shareholders of Refex Industries Limited to be held on Wednesday, August 05, 2026 at 11:00 AM as per the order of Hon'ble National Company Law Tribunal, Chennai Bench",https://nsearchives.nseindia.com/corporate/REFEX2002_03072026161907_RIL_SH_STX_sd.pdf,106685825,1.95 MB,text/REFEX_106685825.txt
2026-07-03,REFEX,Refex Industries Ltd.,NSE,General Updates,scheme_other,scheme_other,"Notice of Court Convened meeting of Secured Creditors of Refex Industries Limited to be held on Wednesday, August 05, 2026 at 11:30 AM as per the order of Hon'ble National Company Law Tribunal, Chennai Bench",https://nsearchives.nseindia.com/corporate/REFEX2002_03072026164248_RIL_SC_STX_sd.pdf,106685873,2.06 MB,text/REFEX_106685873.txt
2026-07-03,REFEX,Refex Industries Ltd.,NSE,General Updates,scheme_other,scheme_other,"Notice of Court Convened meeting of Unsecured Creditors of Refex Industries Limited to be held on Wednesday, August 05, 2026 at 12:00 PM as per the order of Hon'ble National Company Law Tribunal, Chennai Bench",https://nsearchives.nseindia.com/corporate/REFEX2002_03072026164405_RIL_USC_STX_sd.pdf,106685874,2.04 MB,text/REFEX_106685874.txt
2026-07-04,BELRISE,Belrise Industries Ltd.,NSE,Scheme of Arrangement,merger,merger|scheme_other,"We wish to inform that the Company has received observation letters in terms of Regulation 37 of the Listing Regulations from National Stock Exchanges of India Limited and BSE Limited both dated July 3, 2026 with ""no adverse observations"" regarding scheme amalgamation (Merger by Absorption) amongst Badve Autocomps Private Limited, Eximius Infra Tech Solutions Private Limited and Belrise Industries Limited and their respective shareholders under Section 230 to 232 read with other applicable provisions of the Companies Act, 2013.",https://nsearchives.nseindia.com/corporate/BELRISE_04072026113639_BELRISE_Intimation_of_Obervation_Letter_04072026_NEW.pdf,106686572,1.98 MB,text/BELRISE_106686572.txt
2026-07-04,LOTUSDEV,SRI LOTUS DEVELOPERS AND REALTY Ltd.,NSE,Acquisition,rights_issue,rights_issue,Sri Lotus Developers and Realty Limited has informed the Exchange about Completion of Acquisition in its Wholly Owned Subsidiaries via Right Issue,https://nsearchives.nseindia.com/corporate/SRILOTUS_04072026152336_RightIssueWOSCompletion.pdf,106686706,482.20 KB,text/LOTUSDEV_106686706.txt
2026-07-05,ASTRAL,Astral Ltd.,NSE,Outcome of Board Meeting,scheme_other,scheme_other,"Astral Limited has informed the Exchange regarding Outcome of Board Meeting held on July 05, 2026 - Update on Composite scheme of Arrangement",https://nsearchives.nseindia.com/corporate/ASTRAL_05072026145557_Reg30Astral05072026.pdf,106686970,457.83 KB,text/ASTRAL_106686970.txt
2026-07-05,ASTRAL,Astral Ltd.,NSE,Scheme of Arrangement,scheme_other,scheme_other,Astral Limited has informed the Exchange about Update on Composite Scheme of Arrangement,https://nsearchives.nseindia.com/corporate/ASTRAL_05072026150046_Reg30Astral05072026.pdf,106686971,457.83 KB,text/ASTRAL_106686971.txt
2026-07-05,PIRAMALFIN,Piramal Finance Ltd.,NSE,Amalgamation/Merger,merger,merger|scheme_other,Piramal Finance Limited has informed the Exchange about Filing of Company Petition in Company Scheme Application No. C.A. CAA84MB2026 with the Honorable NCLT seeking sanction of the Scheme.,https://nsearchives.nseindia.com/corporate/Piramalcapital_05072026000032_PFL__Intimation_04072026_sd.pdf,106686950,727.53 KB,text/PIRAMALFIN_106686950.txt
2026-07-07,NAZARA,Nazara Technologies Ltd.,NSE,Updates,merger,merger,"Nazara Technologies Limited informs the Exchange regarding 'Disclosure under Regulation 30 of the SEBI (LODR) Regulations, 2015 - Update on withdrawal of the Scheme of Amalgamation.",https://nsearchives.nseindia.com/corporate/NAZARA_07072026225343_WithdrawalIntimation.pdf,106689777,426.64 KB,text/NAZARA_106689777.txt
2026-07-07,OLAELEC,Ola Electric Mobility Ltd.,NSE,News Verification,scheme_other,scheme_other,The Exchange has sought clarification from Ola Electric Mobility Limited with respect to recent news item captioned Ola Electric Shares Slip 5% Amid Reports Of Two Suppliers Moving NCLT Over Dues.. The response from the Company is awaited.,-,106689426,0 Bytes,
2026-07-07,RELIGARE,Religare Enterprises Ltd.,NSE,Demerger,demerger,demerger|scheme_other,"Religare Enterprises Limited has informed the Exchange about receipt of Observation Letter with no objection from National Stock Exchange of India Limited and no adverse observations from BSE Limited in relation to the Scheme of Arrangement between Religare Enterprises Limited ( Demerged Company / REL ) and Religare Finvest Limited ( Resulting Company / RFL ) and their respective shareholders and creditors (""Scheme"")",https://nsearchives.nseindia.com/corporate/RELIGARE_07072026181514_RELUPDATE07072026.pdf,106689465,2.52 MB,text/RELIGARE_106689465.txt
2026-07-08,OLAELEC,Ola Electric Mobility Ltd.,NSE,News Verification,scheme_other,scheme_other,The Exchange has sought clarification from Ola Electric Mobility Limited with respect to recent news item captioned Ola Electric Shares Slip 5% Amid Reports Of Two Suppliers Moving NCLT Over Dues.. The response from the Company is attached.,https://nsearchives.nseindia.com/corporate/OLAELECTRIC_08072026103801_Stock_Exchange_Clarification_NSE.pdf,106690084,507.45 KB,text/OLAELEC_106690084.txt
2026-07-09,GODREJPROP,Godrej Properties Ltd.,NSE,Amalgamation/Merger,merger,merger,Godrej Properties Limited has informed the Exchange about Amalgamation/Merger,https://nsearchives.nseindia.com/corporate/GODREJPROP_09072026164417_SEIntimation09072026.pdf,106692187,718.42 KB,text/GODREJPROP_106692187.txt
2026-07-09,GODREJPROP,Godrej Properties Ltd.,NSE,Updates,merger,merger|scheme_other,Godrej Properties Limited has informed the Exchange regarding 'NCLT Order of Approval of Merger'.,https://nsearchives.nseindia.com/corporate/GODREJPROP_09072026164652_SEIntimation09072026.pdf,106692197,718.42 KB,text/GODREJPROP_106692197.txt
2026-07-10,ABFRL,Aditya Birla Fashion and Retail Ltd.,NSE,General Updates,merger,merger|scheme_other,"Aditya Birla Fashion and Retail Limited has informed the Exchange about Certified copy of order passed by Hon'ble NCLT regarding Scheme of Amalgamation amongst Jaypore E-Commerce Private Limited, TG Apparel & Decor Private Limited and Aditya Birla Fashion and Retail Limited and their respective Shareholders and Creditors",https://nsearchives.nseindia.com/corporate/ABFRL_10072026183449_SE.pdf,106694021,21.43 MB,text/ABFRL_106694021.txt
2026-07-10,FLUOROCHEM,Gujarat Fluorochemicals Ltd.,NSE,Scheme of Arrangement,demerger,demerger|scheme_other,"Gujarat Fluorochemicals Limited has informed the Exchange about Intimation of receipt of No Objection Letters from BSE Limited (BSE) and National Stock Exchange of India Limited ( NSE ) in relation to the Composite Scheme of Arrangement between Inox Leasing and Finance Limited (Demerged Company/Transferor Company), Inox Holdings and Investments Limited (Resulting Company) and Gujarat Fluorochemicals Limited (Transferee Company) and their respective Shareholders",https://nsearchives.nseindia.com/corporate/FLUOROCHEM_10072026124249_GFCL_Intimation_for_NOC_for_Scheme_of_Arrangement_10July2026.pdf,106693309,2.08 MB,text/FLUOROCHEM_106693309.txt
2026-07-10,GREAVESCOT,Greaves Cotton Ltd.,NSE,Press Release,rights_issue,rights_issue,"Greaves Cotton Limited has informed the Exchange regarding a press release dated July 10, 2026, titled "" Greaves Cotton Reinforces Commitment to Greaves Electric Mobility with Proposed &#8377;331 Crore Rights Issue Subscription ."".",https://nsearchives.nseindia.com/corporate/GREAVESCOT_10072026114359_Greavescot_Press_Release_10072026.pdf,106693198,1.19 MB,text/GREAVESCOT_106693198.txt
2026-07-10,KITEX,Kitex Garments Ltd.,NSE,Scheme of Arrangement,scheme_other,scheme_other,Kitex Garments Limited has informed the Exchange about update on Scheme of Arrangement between Kitex Childrenswear Limited and Kitex Garments Limited and their respective shareholders and creditors - Addendum to notice of meeting of equity shareholders.,https://nsearchives.nseindia.com/corporate/KITEX_10072026191902_Addendum_to_notice_of_meeting_to_shareholders.pdf,106694106,3.08 MB,text/KITEX_106694106.txt
2026-07-11,TRIVENI,Triveni Engineering & Industries Ltd.,NSE,Scheme of Arrangement,demerger,demerger|scheme_other,"Triveni Engineering & Industries Limited has informed the Exchange about Scheme of Arrangement - Intimation under Regulation 30 & 42 of the SEBI (LODR) Regulations, 2015 about fixation of Wednesday, July 22, 2026 as the Demerger Record Date pursuant to the Scheme",https://nsearchives.nseindia.com/corporate/TRIVENI_11072026100700_TEIL_RECORD_DATE.pdf,106694562,425.00 KB,text/TRIVENI_106694562.txt
2026-07-11,TRIVENI,Triveni Engineering & Industries Ltd.,NSE,Updates,demerger,demerger,"Triveni Engineering & Industries Limited has informed the Exchange regarding ' Intimation under Regulation 30 & 42 of the SEBI (LODR) Regulations, 2015 about fixation of Wednesday, July 22, 2026 as the Demerger Record Date pursuant to the Scheme'.",https://nsearchives.nseindia.com/corporate/TRIVENI_11072026100950_TEIL_RECORD_DATE.pdf,106694563,425.00 KB,text/TRIVENI_106694563.txt
2026-07-11,TVSSCS,TVS Supply Chain Solutions Ltd.,NSE,Amalgamation/Merger,merger,merger|scheme_other,"We would like to inform that Hon'ble National Company Law Tribunal, Chennai Bench has sanctioned the Scheme of Amalgamation.",https://nsearchives.nseindia.com/corporate/CSCOMPLIANCE_11072026205407_TVS_SCS_NCLT_order_Disclsore_SIGNED.pdf,106694969,2.29 MB,text/TVSSCS_106694969.txt
2026-07-12,AIIL,Authum Investment & Infrastructure Ltd.,NSE,General Updates,scheme_other,scheme_other,Authum Investment & Infrastructure Limited has informed the Exchange about Updates on NCLT order in relation to Acquisition of Vaz Investment & Infrastructure Limited,https://nsearchives.nseindia.com/corporate/Authum123_12072026000756_Reg30annoucemnetVAZ.pdf,106694997,214.58 KB,text/AIIL_106694997.txt
2026-07-13,ADANIENT,Adani Enterprises Ltd.,NSE,Updates,rights_issue,rights_issue,"Adani Enterprises Limited has informed the Exchange regarding 'Conversion of partly paid-up Rights Equity Shares into fully paid-up equity shares in relation to the rights issue by the Company, upon receipt of the Call Monies, as applicable'.",https://nsearchives.nseindia.com/corporate/nishant_joshi_adani_com_13072026184341_IntimationconversionPPtoFP13072026.pdf,106696004,203.68 KB,text/ADANIENT_106696004.txt
2026-07-13,ASTERDM,Aster DM Quality Care Ltd.,NSE,General Updates,merger,merger,Aster DM Healthcare Limited has informed the Exchange about allotment of equity shares to the shareholders of transferor Company (QCIL) pursuant to the scheme of Amalgamation,https://nsearchives.nseindia.com/corporate/ASTERDM2_13072026162505_SEAllotmentJuly2026s.pdf,106695681,792.83 KB,text/ASTERDM_106695681.txt
2026-07-13,ROUTE,Route Mobile Ltd.,NSE,Press Release,slump_sale,slump_sale,"ROUTE MOBILE LIMITED has informed the Exchange regarding a press release dated July 13, 2026, titled ""Route Mobile signs Business Transfer Agreement through its subsidiary, Route Connect Private Limited, to acquire Heltar Technologies Private Limited's AI-drivenomnichannel customer engagement business"".",https://nsearchives.nseindia.com/corporate/ROUTE_13072026194425_Upload.pdf,106696122,3.77 MB,text/ROUTE_106696122.txt
2026-07-13,SAMMAANCAP,Sammaan Capital Ltd.,NSE,Updates,scheme_other,scheme_other,"Sammaan Capital Limited has informed the Exchange regarding 'This is further to our earlier intimation dated June 13, 2026, in relation to the proposed Scheme of Arrangement, wherein we had informed that the NCLT, vide its order dated June 12, 2026 ( Order ), had allowed the first motion application filed in connection with the Scheme. We had also informed that the Company would be filing an application before the NCLT seeking certain clarifications/modifications to the aforesaid Order ( Clarification Application ).We wish to inform you that the NCLT, vide its order dated July 10, 2026 ( Clarification Order ), which was uploaded on July 13, 2026 on the NCLT website, has allowed the Clarification Application filed by the Company in relation to the Scheme.A copy of the Clarification Order is enclosed herewith and is also available on the website of the Company at https://www.sammaancapital.com/scheme-of-arrangement.For details refer attached PDF.",https://nsearchives.nseindia.com/corporate/IHFL_13072026183537_SCL_Reg_30_51_Disclosure_FMCO_Scheme_13Jul26.pdf,106695985,693.31 KB,text/SAMMAANCAP_106695985.txt
2026-07-14,NBCC,NBCC (India) Ltd.,NSE,Outcome of Board Meeting,merger,merger|scheme_other,"NBCC (India) Limited has informed the Exchange regarding Outcome of Board Meeting held on July 14, 2026.Pursuant to Regulation 30 and Part A of Schedule III of Securities and Exchange Board of India (Listing Obligations and Disclosure Requirements) Regulations, 2015, it is hereby informed that the Board of Directors at its meeting held on 14th July 2026, has considered and approved the Scheme of Arrangement for Merger of HSCC (India) Limited ( HSCC / Transferor Company ) wholly owned subsidiary with NBCC (India) Limited ( NBCC / Transferee Company ), on a going concern basis, under the provisions of Sections 230 to 232 of the Companies Act, 2013 read with relevant provisions of the SEBI (LODR) Regulations, 2015, and other applicable laws, regulations and guidelines.",https://nsearchives.nseindia.com/corporate/NBCC_14072026155154_Intimation_outcome_of_Board_Meeting_14072026.pdf,106697091,336.58 KB,text/NBCC_106697091.txt
2026-07-14,TRIVENI,Triveni Engineering & Industries Ltd.,NSE,Record Date,demerger,demerger|merger,Triveni Engineering & Industries Limited has informed the Exchange that Record date for the purpose of Merger/HiveOff is 22-Jul-2026.,https://nsearchives.nseindia.com/corporate/TRIVENI_14072026105638_TEIL_RECORD_DATE.pdf,106696625,425.00 KB,text/TRIVENI_106696625.txt
2026-07-15,AMBER,Amber Enterprises India Ltd.,NSE,Amalgamation/Merger,merger,merger|scheme_other,"Pursuant to Regulation 30 of SEBI LODR Regulations, we hereby inform the exchange that the Company has received an order dated 03rd July 2026, passed by Hon'ble National Company law Tribunal, Chandigarh Bench in CP (CAA) No. 18/Chd/Pb/2026 connected with CA(CAA) No. 11/Chd/Pb/2026 received by the Company on 15th July 2026. The said order in relation to the scheme is annexed in the disclosure.",https://nsearchives.nseindia.com/corporate/AMBER_15072026183458_SEIntimationDisclosureRegulation30AmberSMPOrder.pdf,106699077,564.17 KB,text/AMBER_106699077.txt
2026-07-15,IEX,Indian Energy Exchange Ltd.,NSE,Updates,subsidiary_listing,subsidiary_listing,"Indian Energy Exchange Limited has informed the Exchange regarding 'Filing of DRHP of Indian Gas Exchange Limited , An Associate Company of Indian Energy Exchange Limited, with SEBI & BSE on July 14, 2026.'.",https://nsearchives.nseindia.com/corporate/IEX_15072026114919_Signed_IEX_Intimation_IGX_DRHP_14_07_2026.pdf,106698276,302.43 KB,text/IEX_106698276.txt
2026-07-15,SAMMAANCAP,Sammaan Capital Ltd.,NSE,Updates,capital_reduction,capital_reduction,"Sammaan Capital Limited has informed the Exchange regarding 'Pursuant to Regulation 29(1) of the SEBI (Listing Obligations and Disclosure Requirements) Regulations, 2015, as amended ( LODR Regulations ), this is to inform you that a meeting of the Securities Issuance and Investment Committee of the Company is scheduled to be held on or after July 20, 2026, inter alia, to consider, and if thought fit, approve the proposal for buyback of the USD denominated bonds, subject to applicable laws, regulatory approvals, market conditions and terms of the respective issue documents.'.",https://nsearchives.nseindia.com/corporate/IHFL_15072026101741_SCL_Reg_29_Disclosure_prior_intimation_meeting_15Jul26.pdf,106698103,978.07 KB,text/SAMMAANCAP_106698103.txt
2026-07-16,CYIENT,Cyient Ltd.,NSE,Closure of Buy Back,capital_reduction,capital_reduction,"Cyient Limited has informed the Exchange regarding Closure of Buy Back with effect from July 15, 2026",https://nsearchives.nseindia.com/corporate/CYIENT_16072026213658_16072026IntimationofExtinguishmentofEquitysharesSigned4.pdf,106700726,2.61 MB,text/CYIENT_106700726.txt
2026-07-16,WEWORK,WeWork India Management Ltd.,NSE,Other Restructuring,capital_reduction,capital_reduction,WeWork India Management Limited has informed the Exchange about Reduction of Share Capital (Securities Premium Account) of the Company,https://nsearchives.nseindia.com/corporate/WEWORK_16072026210710_WeWork_BM_Outcome_-_Q1.pdf,106700705,6.94 MB,text/WEWORK_106700705.txt
2026-07-17,INDIAGLYCO,India Glycols Ltd.,NSE,Updates,scheme_other,scheme_other,"India Glycols Limited has informed the Exchange regarding 'Update on hearing before NCLT, Allahabad Bench at Prayagraj'.",https://nsearchives.nseindia.com/corporate/INDIAGLYCO_17072026182456_SE_Intimation_NCLT.pdf,106701894,415.55 KB,text/INDIAGLYCO_106701894.txt
2026-07-18,NBCC,NBCC (India) Ltd.,NSE,Updates,merger,merger|scheme_other,"NBCC (India) Limited has informed the Exchange regarding 'Intimation under Regulation 37(6) of SEBI (Listing Obligations and Disclosure Requirements) Regulations, 2015 Scheme of Arrangement for Merger between HSCC (India) Limited with NBCC (India) Limited and their respective Shareholders and Creditors'.",https://nsearchives.nseindia.com/corporate/NBCC_18072026152154_IntimationofSchemeofMergerHSCCwithNBCC.pdf,106702568,14.65 MB,text/NBCC_106702568.txt
2026-07-20,AMBUJACEM,Ambuja Cements Ltd.,NSE,General Updates,merger,merger,"Ambuja Cements Limited has informed the Exchange about the update in respect of Scheme of Amalgamation of Orient Cement Limited ""Transferor Company"" with Ambuja Cements Limited ""Transferee Company"".",https://nsearchives.nseindia.com/corporate/AMBUJACEM_20072026223542_ACL_NCLT_ORDER_20072026.pdf,106704167,1.58 MB,text/AMBUJACEM_106704167.txt
2026-07-20,INDIAGLYCO,India Glycols Ltd.,NSE,Updates,scheme_other,scheme_other,India Glycols Limited has informed the Exchange regarding 'Update on Scheme of Arrangement'.,https://nsearchives.nseindia.com/corporate/INDIAGLYCO_20072026184456_NCLTOrder.pdf,106703875,1.07 MB,text/INDIAGLYCO_106703875.txt
2026-07-20,JSWENERGY,JSW Energy Ltd.,NSE,Shareholders meeting,scheme_other,scheme_other,"JSW Energy Limited has informed the Exchange regarding the Outcome and Proceedings of the meetings of Equity Shareholders and Unsecured Creditors convened pursuant to the Order dated 2nd June 2026 of the Hon ble National Company Law Tribunal, Mumbai Bench ( NCLT )",https://nsearchives.nseindia.com/corporate/KRUTIKAJSWEL_20072026211535_Final.pdf,106704092,967.23 KB,text/JSWENERGY_106704092.txt
2026-07-20,JSWENERGY,JSW Energy Ltd.,NSE,General Updates,scheme_other,scheme_other,"JSW Energy Limited has informed the Exchange regarding the Outcome and Proceedings of the meetings of Equity Shareholders and Unsecured Creditors convened pursuant to the Order dated 2nd June 2026 of the Hon ble National Company Law Tribunal, Mumbai Bench ( NCLT )",https://nsearchives.nseindia.com/corporate/KRUTIKAJSWEL_20072026211834_Final.pdf,106704095,967.23 KB,text/JSWENERGY_106704095.txt
2026-07-20,KAJARIACER,Kajaria Ceramics Ltd.,NSE,Post Buyback Public Announcement,capital_reduction,capital_reduction,"Post-Buyback public announcement regarding Buyback of Equity Shares of Kajaria Ceramics Limited by way of tender offer from existing shareholders pursuant to the provisions of the Securities and Exchange Board of India (Buy-back of Securities) Regulations, 2018 and the Companies Act, 2013",https://nsearchives.nseindia.com/corporate/KAJARIACER_20072026123529_Post_BB_PA.pdf,106703242,1.61 MB,text/KAJARIACER_106703242.txt
2026-07-20,MINDACORP,Minda Corporation Ltd.,NSE,Disclosure of material issue,rights_issue,rights_issue,Minda Corporation Limited has informed regarding acquisition of further shares in Spark Minda Green Mobility Systems Private Limited(WOS) under right issue.,https://nsearchives.nseindia.com/corporate/MINDACORP_20072026114755_Intimationforinvestmentinsubsysigned.pdf,106703167,390.26 KB,text/MINDACORP_106703167.txt
2026-07-20,ORIENTCEM,Orient Cement Ltd.,NSE,General Updates,merger,merger,"Orient Cement Limited has informed the Exchange about the update in respect of Scheme of Amalgamation of Orient Cement Limited ""Transferor Company"" with Ambuja Cements Limited ""Transferee Company"".",https://nsearchives.nseindia.com/corporate/ORIENTCEM_20072026230958_OCL_NCLT_ORDER_20072026.pdf,106704204,1.56 MB,text/ORIENTCEM_106704204.txt
2026-07-20,RUBICON,Rubicon Research Ltd.,NSE,Outcome of Board Meeting,merger,merger,"Rubicon Research Limited has informed the Exchange regarding Outcome of Board Meeting held on July 20, 2026.1. Date of 27th Annual General Meeting and Record Date for payment of final dividend on equity shares for the financial year 2025-26.2. Update on the merger of Kia Health Tech Private Limited, WOS, with Rubicon Research Limited",https://nsearchives.nseindia.com/corporate/9823522970_20072026173221_RRLOutcomeofBM20072026.pdf,106703674,369.62 KB,text/RUBICON_106703674.txt
2026-07-20,SOBHA,Sobha Ltd.,NSE,Monitoring Agency Report,rights_issue,rights_issue,"Sobha Limited has informed the Exchange about the Monitoring Agency Report related to Rights Issue for the quarter ended June 30, 2026.",https://nsearchives.nseindia.com/corporate/SOBHA_20072026170303_Monitoring_agency_report_Q1_FY2026-27.pdf,106703608,1.58 MB,text/SOBHA_106703608.txt
2026-07-20,TECHM,Tech Mahindra Ltd.,NSE,General Updates,merger,merger,"Tech Mahindra Limited has informed the Exchange about Notice to Shareholders regarding Scheme of Merger between Zen3 Infosolutions Private Limited, Tech Mahindra Enterprise Services Limited, Begig Private Limited and Tech Mahindra Limited",https://nsearchives.nseindia.com/corporate/TECHM_20072026170100_SE_Intimation_F_S.pdf,106703602,473.57 KB,text/TECHM_106703602.txt
2026-07-20,TORNTPHARM,Torrent Pharmaceuticals Ltd.,NSE,General Updates,merger,merger,"Torrent Pharmaceuticals Limited has informed the Exchange about General Updates - Allotment of 4,19,22,416 fully paid-up Equity shares of the Company to the eligible shareholders of J. B. Chemicals & Pharmaceuticals Limited as on the Record Date i.e. 17th July, 2026, in terms Scheme of Amalgamation of J. B. Chemicals & Pharmaceuticals Limited with Torrent Pharmaceuticals Limited and their respective shareholders",https://nsearchives.nseindia.com/corporate/TORNTPHARM_20072026124412_SE_Intimation_Allotment_of_shares.pdf,106703247,344.19 KB,text/TORNTPHARM_106703247.txt
2026-07-21,ANANTRAJ,Anant Raj Ltd.,NSE,Scheme of Arrangement,scheme_other,scheme_other,Anant Raj Limited has informed the Exchange about Scheme of Arrangement,https://nsearchives.nseindia.com/corporate/ANANTRAJ_21072026184608_Outcome_21072026.pdf,106705469,7.79 MB,text/ANANTRAJ_106705469.txt
2026-07-21,ANANTRAJ,Anant Raj Ltd.,NSE,Press Release,demerger,demerger,"Anant Raj Limited has informed the Exchange regarding a press release dated July 21, 2026, titled ""Anant Raj Board Approves Strategic Demerger to Create Two Focused Independent Listed Companies"".",https://nsearchives.nseindia.com/corporate/ANANTRAJ_21072026190031_Intimation_Press_Release_21072026.pdf,106705511,1.03 MB,text/ANANTRAJ_106705511.txt
2026-07-21,ANURAS,Anupam Rasayan India Ltd.,NSE,General Updates,rights_issue,rights_issue,"Anupam Rasayan India Limited has informed the Exchange about Letter of Offer regarding the open offer for acquisition of fully paid-up equity shares of Bliss GVS Pharma Limited from the Public Shareholders, by the Company together with PAC.",https://nsearchives.nseindia.com/corporate/ANURAS_21072026213132_ARILSLDSTX20260721034LOF.pdf,106705707,1.34 MB,text/ANURAS_106705707.txt
2026-07-21,CRISIL,CRISIL Ltd.,NSE,Amalgamation/Merger,merger,merger,Please find intimation of amalgamation of Crisil Canada Inc. and Crisil PriceMetrix Co.,https://nsearchives.nseindia.com/corporate/CRISIL_21072026225243_SignedBSENSE.pdf,106705788,259.03 KB,text/CRISIL_106705788.txt
2026-07-22,ETERNAL,Eternal Ltd.,NSE,Sale or disposal,slump_sale,slump_sale,"Eternal limited has informed the exchange regarding business transfer agreement between Company and Carthero Technologies Private Limited, wholly owned subsidiary of the Company.",https://nsearchives.nseindia.com/corporate/ZOMATO_22072026151124_Eternalouctomesigned.pdf,106706473,3.03 MB,text/ETERNAL_106706473.txt
2026-07-22,INOXGREEN,Inox Green Energy Services Ltd.,NSE,Scheme of Arrangement,scheme_other,scheme_other,Inox Green Energy Services Limited has informed the Exchange about fixation of Record Date pursuant to scheme of Arrangement.,https://nsearchives.nseindia.com/corporate/IGESL_22072026195858_IGESL_SE_intimation_regarding_NCLT_Record_date_dsc.pdf,106707119,262.74 KB,text/INOXGREEN_106707119.txt
2026-07-22,INOXGREEN,Inox Green Energy Services Ltd.,NSE,Record Date,scheme_other,scheme_other,Inox Green Energy Services Limited has informed the Exchange that Record date pursuant to Scheme of Arrangement. is 01-Aug-2026.,https://nsearchives.nseindia.com/corporate/IGESL_22072026222526_IGESL_Record_Date_Scheme.pdf,106707241,262.74 KB,text/INOXGREEN_106707241.txt
2026-07-22,JSWENERGY,JSW Energy Ltd.,NSE,Shareholders meeting,scheme_other,scheme_other,"JSW Energy Limited has submitted the Voting Results and Scrutinizer's Reports of the meetings of Equity Shareholders and Unsecured Creditors convened pursuant to the Order dated 2nd June 2026 of the Hon ble National Company Law Tribunal, Mumbai Bench ( NCLT )",https://nsearchives.nseindia.com/corporate/KRUTIKAJSWEL_22072026123650_Final__1_.pdf,106706283,2.66 MB,text/JSWENERGY_106706283.txt
2026-07-22,KAJARIACER,Kajaria Ceramics Ltd.,NSE,Closure of Buy Back,capital_reduction,capital_reduction,"Completion of extinguishment of 21,50,000 (Twenty-One Lacs Fifty Thousand) Equity Shares of Re. 1/- each of Kajaria Ceramics Limited ( Company ) and reconciliation of the Share Capital of the Company",https://nsearchives.nseindia.com/corporate/KAJARIACER_22072026152813_Disclosure_extinguishement.pdf,106706513,485.91 KB,text/KAJARIACER_106706513.txt
2026-07-22,RUBICON,Rubicon Research Ltd.,NSE,Updates,merger,merger,"Filing of Scheme of Merger of Kia Health Tech Private Limited (Wholly Owned Subsidiary) with Rubicon Research Limited For Disclosure Purposes Only, in terms of the Exemption under Paragraph 4 of SEBI Master Circular No. SEBI/HO/CFD/POD-2/P/CIR/2023/93 dated June 20, 2023",https://nsearchives.nseindia.com/corporate/9823522970_22072026195714_RRLSEIntimationKIARubicon_Merger22ndJuly_2026.pdf,106707117,18.28 MB,text/RUBICON_106707117.txt
2026-07-22,TIPSMUSIC,Tips Music Ltd.,NSE,Buyback,capital_reduction,capital_reduction,"Tips Music Limited has informed the Exchange about Deferred the proposal for the Buyback of fully paid-up equity shares of the Company. The said proposal will be considered and approved at the meeting of the Board of Directors of the Company which is scheduled to be held on Wednesday, August 5, 2026.",https://nsearchives.nseindia.com/corporate/TIPSINDLTD_22072026135104_TIPSMUSICoutcomePf.pdf,106706375,992.41 KB,text/TIPSMUSIC_106706375.txt
2026-07-23,CYIENT,Cyient Ltd.,NSE,Updates,capital_reduction,capital_reduction,Cyient Limited has informed the Exchange regarding 'Dissolution of Buyback Committee-2026'.,https://nsearchives.nseindia.com/corporate/CYIENT_23072026175104_BuybackSigned.pdf,106708374,373.33 KB,text/CYIENT_106708374.txt
2026-07-24,BAJAJ-AUTO,Bajaj Auto Ltd.,NSE,Closure of Buy Back,capital_reduction,capital_reduction,"Bajaj Auto Limited has informed the Exchange regarding completion of extinguishment of 46,94,000 shares & Closure of Buy Back with effect from July 24, 2026",https://nsearchives.nseindia.com/corporate/lkwalimbe_bajajauto_co_in_24072026152616_Extinguishment_completion_filing_SE.pdf,106709710,1.31 MB,text/BAJAJ-AUTO_106709710.txt
2026-07-24,HEGAM,HEG Advanced Materials Ltd.,NSE,Press Release,scheme_other,scheme_other,"HEG Limited has informed the Exchange regarding a press release dated July 24, 2026, titled ""Press Release being issued by the Company in relation to its Q1 FY27financial results and update on the Composite Scheme of Arrangement."".",https://nsearchives.nseindia.com/corporate/HEG_24072026160341_Stxintimation24072026R.pdf,106709782,1.03 MB,text/HEGAM_106709782.txt
2026-07-24,KITEX,Kitex Garments Ltd.,NSE,Scheme of Arrangement,scheme_other,scheme_other,"Kitex Garments Limited has informed the Exchange about Update on Scheme of Arrangement being the proceedings of meetings convened on July 24, 2026 pursuant to the order of Hon''ble NCLT, Kochi Bench for considering the Scheme of Arrangement between Kitex Childrenswear Ltd and Kitex Garments Ltd and their respective shareholders and creditors",https://nsearchives.nseindia.com/corporate/KITEX_24072026235531_KGL_Proceedings_of_meetings_240726s.pdf,106710743,872.21 KB,text/KITEX_106710743.txt
2026-07-24,TIMKEN,Timken India Ltd.,NSE,Updates,merger,merger|scheme_other,"In furtherance to our earlier communication dated 18 May, 2026 regarding Amalgamation ofTimken GGB Technology Private Limited (a wholly owned subsidiary) with the Company, wewrite to inform you that National Company Law Tribunal (NCLT) has accepted first motionapplication for Scheme of Amalgamation amongst Timken India Limited and Timken GGBTechnology Private Limited and the Company is now in the process of submitting secondmotion application to NCLT.Copy of the Order received from NCLT is available on the Company s website athttps://www.timken.com/en-in/investors/statutory-compliances/.You are kindly requested to take note of above.",https://nsearchives.nseindia.com/corporate/TIMKEN_24072026165125_SE_Intimation24072026.pdf,106709889,199.81 KB,text/TIMKEN_106709889.txt
2026-07-25,LAURUSLABS,Laurus Labs Ltd.,NSE,General Updates,scheme_other,scheme_other,Laurus Labs Limited has informed the Exchange about Update On Composite Scheme of Arrangement,https://nsearchives.nseindia.com/corporate/LAURUSLABS_25072026170941_NCLTOrder25072026.pdf,106711080,579.15 KB,text/LAURUSLABS_106711080.txt
2026-07-27,COALINDIA,Coal India Ltd.,NSE,General Updates,rights_issue,rights_issue,Investment in Rights Issue of CIL Rajasthan Akshay Urja Limited (CRAUL) a subsidiary of CIL,https://nsearchives.nseindia.com/corporate/COALINDIA_27072026184728_right_issue.pdf,106712394,428.09 KB,text/COALINDIA_106712394.txt
2026-07-27,KITEX,Kitex Garments Ltd.,NSE,Scheme of Arrangement,scheme_other,scheme_other,"Kitex Garments Limited has informed the Exchange about update on Scheme of Arrangement being the voting results along with scrutinizers report with respect to equity shareholders and unsecured creditors meetings held on July 24, 2026.",https://nsearchives.nseindia.com/corporate/KITEX_27072026203249_KGL_VR_CCMs.pdf,106712636,3.07 MB,text/KITEX_106712636.txt
2026-07-28,AIIL,Authum Investment & Infrastructure Ltd.,NSE,General Updates,scheme_other,scheme_other,Authum Investment & Infrastructure Limited has informed the Exchange about the receipt of NCLT approval in the matter of Wind World (India) Limited,https://nsearchives.nseindia.com/corporate/Authum123_28072026152511_SE_Intimation_Reg30_Windworld_updates_signed.pdf,106713597,3.08 MB,text/AIIL_106713597.txt
2026-07-28,INOXGREEN,Inox Green Energy Services Ltd.,NSE,General Updates,scheme_other,scheme_other,Inox Green Energy Services Limited has informed the Exchange about General Updates - Receipt of NCLT Approval by the Consortium in the matter of Wind World (India) Limited,https://nsearchives.nseindia.com/corporate/IGESL_28072026203453_IGESL_Reg30_WWILf.pdf,106714335,263.81 KB,text/INOXGREEN_106714335.txt
2026-07-28,LT,Larsen & Toubro Ltd.,NSE,Amalgamation/Merger,merger,merger,"Larsen & Toubro Limited has informed the Exchange about Amalgamation/Merger of L&T Power Development Limited, a wholly owned subsidiary of the Company, with the Company",https://nsearchives.nseindia.com/corporate/PAM_28072026172853_LTJune2026.pdf,106713891,12.09 MB,text/LT_106713891.txt
2026-07-28,NAUKRI,Info Edge (India) Ltd.,NSE,General Updates,merger,merger,"Info Edge (India) Limited has informed the Exchange about Disclosure under Regulation 30 of the Securities and Exchange Board of India (Listing Obligations and Disclosure Requirements) Regulations, 2015-Judgment passed by the Hon ble National Company Law Appellate Tribunal, Principal Bench New Delhi, in connection with the Scheme of Amalgamation",https://nsearchives.nseindia.com/corporate/NAUKRI2_28072026175553_Stock_Exchange_Intimation_-_Info_Edge_NCLAT_Judgement.pdf,106713986,854.58 KB,text/NAUKRI_106713986.txt
2026-07-29,ACC,ACC Ltd.,NSE,General Updates,merger,merger,"ACC Limited has informed the Exchange about the update in respect of Scheme of Amalgamation of ACC Limited ""Amalgamating Company"" with Ambuja Cements Limited ""Amalgamated Company"".",https://nsearchives.nseindia.com/corporate/ACC_1_29072026200048_NCLT_Merger_Disclosure.pdf,106716104,15.97 MB,text/ACC_106716104.txt
2026-07-29,AMBUJACEM,Ambuja Cements Ltd.,NSE,General Updates,merger,merger,"Ambuja Cements Limited has informed the Exchange about the update in respect of Scheme of Amalgamation of ACC Limited ""Amalgamating Company"" with Ambuja Cements Limited ""Amalgamated Company"".",https://nsearchives.nseindia.com/corporate/AMBUJACEM_29072026194426_ACL_NCLT_order_SE_intimation_29072026.pdf,106716071,16.14 MB,text/AMBUJACEM_106716071.txt
2026-07-29,ASTRAL,Astral Ltd.,NSE,Outcome of Board Meeting,scheme_other,scheme_other,"Astral Limited has informed the Exchange regarding Outcome of Board Meeting held on July 29, 2026 - Update on Composite Scheme of Arrangement",https://nsearchives.nseindia.com/corporate/ASTRAL_29072026190057_Reg_30_of_BM_Astral.pdf,106715962,441.11 KB,text/ASTRAL_106715962.txt
2026-07-29,ASTRAL,Astral Ltd.,NSE,Scheme of Arrangement,scheme_other,scheme_other,Astral Limited has informed the Exchange about Update on the Composite Scheme of Arrangement,https://nsearchives.nseindia.com/corporate/ASTRAL_29072026190321_Reg_30_of_BM_Astral.pdf,106715969,441.11 KB,text/ASTRAL_106715969.txt
2026-07-29,GODIGIT,Go Digit General Insurance Ltd.,NSE,News Verification,merger,merger,The Exchange has sought clarification from Go Digit General Insurance Limited with respect to recent news item captioned CCI clears Go Digit Infoworks merger with insurer; Fairfax entity to hold 57.28% stake. The response from the Company is awaited.,-,106715065,0 Bytes,
2026-07-29,GODIGIT,Go Digit General Insurance Ltd.,NSE,News Verification,merger,merger,The Exchange has sought clarification from Go Digit General Insurance Limited with respect to recent news item captioned CCI clears Go Digit Infoworks merger with insurer; Fairfax entity to hold 57.28% stake. The response from the Company is attached.,https://nsearchives.nseindia.com/corporate/GODIGITGI_29072026150100_NSE_Response.pdf,106715247,671.18 KB,text/GODIGIT_106715247.txt
2026-07-29,GODIGIT,Go Digit General Insurance Ltd.,NSE,Scheme of Arrangement,scheme_other,scheme_other,Go Digit General Insurance Limited has informed the Exchange about receipt of approval from the Competition Commission of India,https://nsearchives.nseindia.com/corporate/GODIGITGI_29072026183522_GDGIL_Reg_30_SE_Disclosure_CCI.pdf,106715859,1011.08 KB,text/GODIGIT_106715859.txt
2026-07-29,HEGAM,HEG Advanced Materials Ltd.,NSE,General Updates,scheme_other,scheme_other,HEG Limited has informed the Exchange about Intimation to physical shareholder- Important Action Required- Update KYC Details and Dematerialize your Shares of HEG Limited Before the Record Date for Allotment of Equity Shares of HEG Graphite Limited pursuant to the Composite Scheme of Arrangement,https://nsearchives.nseindia.com/corporate/HEG_29072026184211_StxintimationSpecimenLetterSS.pdf,106715886,1001.47 KB,text/HEGAM_106715886.txt
2026-07-29,M&M,Mahindra & Mahindra Ltd.,NSE,Outcome of Board Meeting,slump_sale,slump_sale,"Approval for Sale, Transfer & Disposal of Company s Truck and Bus Division to SML Mahindra Limited, on a slump sale basis under Business Transfer Agreement",https://nsearchives.nseindia.com/corporate/AmitDodani_29072026135535_SEIntimationSlumpSaleMTBD.pdf,106715152,715.19 KB,text/M&M_106715152.txt
2026-07-29,M&M,Mahindra & Mahindra Ltd.,NSE,Sale or disposal,slump_sale,slump_sale,"Approval for Sale, Transfer & Disposal of Company s Truck and Bus Division to SML Mahindra Limited, on a slump sale basis under Business Transfer Agreement",https://nsearchives.nseindia.com/corporate/AmitDodani_29072026140051_SEIntimationSlumpSaleMTBD.pdf,106715158,715.19 KB,text/M&M_106715158.txt
2026-07-29,SMLMAH,SML Mahindra Ltd.,NSE,Outcome of Board Meeting,slump_sale,slump_sale,SML Mahindra Limited has informed the Exchange regarding Acquisition of Mahindra & Mahindra s Truck and Bus Division by the Company on a Slump Sale basis under Business Transfer Agreement,https://nsearchives.nseindia.com/corporate/SMLISUZU_29072026135542_SMlSEIntimation29072026.pdf,106715153,705.35 KB,text/SMLMAH_106715153.txt
2026-07-29,SMLMAH,SML Mahindra Ltd.,NSE,General Updates,slump_sale,slump_sale,SML Mahindra Limited has informed the Exchange about Acquisition of Mahindra & Mahindra s Truck and Bus Division by the Company on a Slump Sale basis under Business Transfer Agreement,https://nsearchives.nseindia.com/corporate/SMLISUZU_29072026141035_SMlSEIntimation29072026.pdf,106715173,705.35 KB,text/SMLMAH_106715173.txt
2026-07-29,TRIVENI,Triveni Engineering & Industries Ltd.,NSE,General Updates,scheme_other,scheme_other,"Material update in connection with the Composite Scheme of Arrangement amongst Triveni Engineering & Industries Ltd. (TEIL) and Sir Shadi Lal Enterprises Limited (SSEL) and Triveni Power Transmission Ltd (TPTL) and their respective shareholders under Sections 230 to 232 and other applicable provisions of the Companies Act, 2013 ( Scheme )",https://nsearchives.nseindia.com/corporate/TRIVENI_29072026171231_TPTL_Disclosure_28_07_2026.pdf,106715561,4.07 MB,text/TRIVENI_106715561.txt
2026-07-29,UPL,UPL Ltd.,NSE,Scheme of Arrangement,scheme_other,scheme_other,"UPL Limited has informed the Exchange about receipt of Observation Letters from BSE Limited and National Stock Exchange of India Limited in relation to Composite Scheme of Arrangement amongst the Company ( UPL 1 ), UPL Sustainable Agri Solutions Limited ( UPL SAS ), UPL Global Sustainable Agri Solutions Limited ( UPL 2 ), UPL Crop Protection Holdings Limited ( UPL Cayman 1 ).",https://nsearchives.nseindia.com/corporate/UPL_29072026205347_Reg_30_Scheme_of_Arrangement.pdf,106716200,976.41 KB,text/UPL_106716200.txt
2026-07-29,ZENSARTECH,Zensar Technolgies Ltd.,NSE,General Updates,merger,merger,Zensar Technologies Limited has informed the Exchange about in-principle approval for Merger of the following US-based step-down subsidiary(ies) of the Company.,https://nsearchives.nseindia.com/corporate/ZENSARTECH_29072026202807_SE_Intimation_Merger.pdf,106716160,347.42 KB,text/ZENSARTECH_106716160.txt
2026-07-30,M&M,Mahindra & Mahindra Ltd.,NSE,Amalgamation/Merger,merger,merger,Mahindra & Mahindra Limited has informed the Exchange about Amalgamation/Merger,https://nsearchives.nseindia.com/corporate/AmitDodani_30072026130044_SEIntimationMICMLMerger.pdf,106716941,402.58 KB,text/M&M_106716941.txt
2026-07-30,THERMAX,Thermax Ltd.,NSE,Amalgamation/Merger,merger,merger,Thermax Limited has informed the Exchange about Amalgamation/Merger,https://nsearchives.nseindia.com/corporate/THERMAXNSE_30072026161015_SEIntimationOutcomesigned.pdf,106717266,7.04 MB,text/THERMAX_106717266.txt
2026-07-30,THERMAX,Thermax Ltd.,NSE,Demerger,demerger,demerger,Thermax Limited has informed the Exchange about Demerger,https://nsearchives.nseindia.com/corporate/THERMAXNSE_30072026162015_SEIntimationOutcomesigned.pdf,106717292,7.04 MB,text/THERMAX_106717292.txt
2026-07-30,THERMAX,Thermax Ltd.,NSE,Scheme of Arrangement,scheme_other,scheme_other,Thermax Limited has informed the Exchange about Scheme of Arrangement,https://nsearchives.nseindia.com/corporate/THERMAXNSE_30072026163005_SEIntimationOutcomesigned.pdf,106717314,7.04 MB,text/THERMAX_106717314.txt
2026-07-30,VEDL,Vedanta Ltd.,NSE,Scheme of Arrangement,scheme_other,scheme_other,Vedanta Limited has informed the Exchange about Scheme of Arrangement,https://nsearchives.nseindia.com/corporate/VEDL_30072026152112_VEDLSEIntimationDemergerofSurplusAssetsfinalsigned.pdf,106717158,5.28 MB,text/VEDL_106717158.txt
2026-07-30,VEDL,Vedanta Ltd.,NSE,Press Release,demerger,demerger,"Vedanta Limited has informed the Exchange regarding a press release dated July 30, 2026, titled ""Vedanta Announces Demerger of Surplus Real Estate Assets to Unlock Value "".",https://nsearchives.nseindia.com/corporate/VEDL_30072026152326_VEDLSEIntimationDemergerofSurplusAssetsfinalsigned.pdf,106717160,5.28 MB,text/VEDL_106717160.txt
2026-07-30,VEDL,Vedanta Ltd.,NSE,Updates,demerger,demerger,"Vedanta Limited has informed the Exchange regarding ' Intimation under Regulations 30 and 51 of the Securities and Exchange Board of India (Listing Obligations and Disclosure Requirements) Regulations, 2015 (as amended from time to time) ( Listing Regulations ) - Vedanta Limited announces demerger of its Real Estate Business '.",https://nsearchives.nseindia.com/corporate/VEDL_30072026152434_VEDLSEIntimationDemergerofSurplusAssetsfinalsigned.pdf,106717161,5.28 MB,text/VEDL_106717161.txt
2026-07-31,GAIL,GAIL (India) Ltd.,NSE,Scheme of Arrangement,scheme_other,scheme_other,GAIL (India) Limited has informed the Exchange about Scheme of Arrangement,https://nsearchives.nseindia.com/corporate/DEVIKA_31072026140652_KLL_Signed.pdf,106718953,307.86 KB,text/GAIL_106718953.txt
2026-07-31,INDIAGLYCO,India Glycols Ltd.,NSE,Updates,scheme_other,scheme_other,"India Glycols Limited has informed the Exchange regarding 'Material Update in connection with Ennature Bio Pharma Limited with reference toObservation letter no. NSE/LIST/48932 dated 17th November, 2025 and no.DCS/AMAL/TS/R37/3905/2025-26 dated 19th November, 2025 (""Observation Letters""), issuedby the National Stock Exchange of India Limited and BSE Limited (collectively the ""StockExchanges""), respectively, received in relation to the Scheme of Arrangement.'.",https://nsearchives.nseindia.com/corporate/INDIAGLYCO_31072026171050_SE.pdf,106719409,1.49 MB,text/INDIAGLYCO_106719409.txt
2026-07-31,ZENSARTECH,Zensar Technolgies Ltd.,NSE,General Updates,merger,merger,Zensar Technologies Limited has informed the Exchange about the update on merger of US Subsidiary,https://nsearchives.nseindia.com/corporate/ZENSARTECH_31072026144829_SE_Intimation_Update_Merger_BVLS.pdf,106719036,631.25 KB,text/ZENSARTECH_106719036.txt
2026-08-01,JSWSTEEL,JSW Steel Ltd.,NSE,General Updates,merger,merger,Effectiveness of the Scheme of Amalgamation of Amba River Coke Limited and Monnet Cement Limited and JSW Retail and Distribution Limited with JSW Steel Limited and their respective shareholders.,https://nsearchives.nseindia.com/corporate/jessydenny_01082026141540_SE_Intimation_merger.pdf,106720696,2.03 MB,text/JSWSTEEL_106720696.txt
2026-08-01,RELIANCE,Reliance Industries Ltd.,NSE,Other Restructuring,merger,merger,"Radisys Cayman Limited, a step-down subsidiary of the Company, incorporated under the laws of Cayman Islands, has been merged with its holding company Radisys International LLC (incorporated in the State of Delaware), w.e.f. July 31, 2026.",https://nsearchives.nseindia.com/corporate/kavinavora_01082026230836_SE_01082026.pdf,106721173,225.53 KB,text/RELIANCE_106721173.txt
2026-08-02,GREAVESCOT,Greaves Cotton Ltd.,NSE,Acquisition,rights_issue,rights_issue,"Greaves Cotton Limited has informed the Exchange about allotment of equity shares by its material subsidiary, Greaves Electric Mobility Limited pursuant to rights issue",https://nsearchives.nseindia.com/corporate/GREAVESCOT_02082026133432_SE_Intimation_-_Rights_Issue_in_GEML_Post_Allotmentsd.pdf,106721233,183.32 KB,text/GREAVESCOT_106721233.txt
2026-08-03,ABDL,Allied Blenders and Distillers Ltd.,NSE,Amalgamation/Merger,merger,merger,Update on Scheme of Amalgamation (merger by absorption) of Deccan Star Distilleries India Private Limited ( Transferor Company 1 ) and Sarthak Blenders & Bottlers Private Limited( Transferor Company 2 ) with and into Allied Blenders and Distillers Limited ( TransfereeCompany ) and their respective Shareholders,https://nsearchives.nseindia.com/corporate/ABDINDIA_03082026194252_SE_Intimation_-_WOS_sd.pdf,106722773,8.48 MB,text/ABDL_106722773.txt
2026-08-03,ETHOSLTD,Ethos Ltd.,NSE,Monitoring Agency Report,rights_issue,rights_issue,"Report of the Monitoring Agency with respect to utilization of proceeds of the Rights Issue of Ethos Limited for the quarter ended June 30, 2026",https://nsearchives.nseindia.com/corporate/ETHOS_03082026172250_Cover_letter.pdf,106722255,637.46 KB,text/ETHOSLTD_106722255.txt
2026-08-03,GREAVESCOT,Greaves Cotton Ltd.,NSE,Press Release,rights_issue,rights_issue,"Greaves Cotton Limited has informed the Exchange regarding a press release dated August 03, 2026, issued by Greaves Electric Mobility Limited, subsidiary of the Company titled ""Greaves Electric Mobility's Rights Issue offer of INR 530 Crore fully subscribed"".",https://nsearchives.nseindia.com/corporate/GREAVESCOT_03082026101629_GCL_PR_GEMLRIsd.pdf,106721434,573.05 KB,text/GREAVESCOT_106721434.txt
2026-08-03,TRIVENI,Triveni Engineering & Industries Ltd.,NSE,Scheme of Arrangement,scheme_other,scheme_other,Allocation of cost of acquisition of Equity Shares of Triveni Engineering & Industries Ltd. and Triveni Power Transmission Ltd.,https://nsearchives.nseindia.com/corporate/TRIVENI_03082026144221_COST_OF_ACQUISITION_TPTL.pdf,106721855,341.24 KB,text/TRIVENI_106721855.txt
2026-08-04,BELRISE,Belrise Industries Ltd.,NSE,Agreements,slump_sale,slump_sale,"Belrise Industries Limited has informed the Exchange that the Board of Directors of the Company has approved the acqusition of india tipper body business of Hyva (india) Pvt. Ltd. vide entering into Business Transfer Agreement (""BTA"") at a consideration of USD 5.65 million (approximately INR 543.88 Million)",https://nsearchives.nseindia.com/corporate/BELRISE_04082026134949_Belrise_Intimation_of_Signing_BTA_04082026.pdf,106723715,239.10 KB,text/BELRISE_106723715.txt
2026-08-04,GODREJPROP,Godrej Properties Ltd.,NSE,Amalgamation/Merger,merger,merger,Godrej Properties Limited has informed the Exchange about Amalgamation of Godrej Housing Projects Private Limited.,https://nsearchives.nseindia.com/corporate/GODREJPROP_04082026114320_SEIntimationMergerGHPPL04082026.pdf,106723389,474.00 KB,text/GODREJPROP_106723389.txt
2026-08-04,LT,Larsen & Toubro Ltd.,NSE,Shareholders meeting,scheme_other,scheme_other,"Larsen & Toubro Limited has informed the Exchange regarding Proceedings of NCLT Convened Meeting held on August 04, 2026. Further, the company has submitted the Exchange a copy of Srutinizers report along with voting results.",https://nsearchives.nseindia.com/corporate/PAM_04082026194655_OutcomeNCLTConvenedMeeting04082026_1.pdf,106725057,3.94 MB,text/LT_106725057.txt
2026-08-04,LT,Larsen & Toubro Ltd.,NSE,Scheme of Arrangement,scheme_other,scheme_other,"Larsen & Toubro Limited has informed the Exchange about Scheme of Arrangement - Summary of Proceedings, Voting Results and Scrutinizer's Report of the NCLT convened meeting of equity shareholders of the Company held on August 4, 2026",https://nsearchives.nseindia.com/corporate/PAM_04082026195008_OutcomeNCLTConvenedMeeting04082026_1.pdf,106725069,3.94 MB,text/LT_106725069.txt
2026-08-04,UNOMINDA,UNO Minda Ltd.,NSE,Amalgamation/Merger,merger,merger,UNO Minda Limited has informed the Exchange about Amalgamation/Merger,https://nsearchives.nseindia.com/corporate/MINDAIND1_04082026144401_Outcome_merger.pdf,106723854,2.45 MB,text/UNOMINDA_106723854.txt
2026-08-04,UNOMINDA,UNO Minda Ltd.,NSE,Outcome of Board Meeting,merger,merger,"UNO Minda Limited has informed the Exchange regarding outcome of Board Meeting concluded on August 04, 2026 for scheme of merger of Minda Onkyo India Pvt. Ltd. with Uno Minda Ltd.",https://nsearchives.nseindia.com/corporate/MINDAIND1_04082026144848_Outcome_merger.pdf,106723870,2.45 MB,text/UNOMINDA_106723870.txt
2026-08-05,ADANIPOWER,Adani Power Ltd.,NSE,General Updates,merger,merger,Adani Power Limited has informed the Exchange about Update on the Scheme of Amalgamation.,https://nsearchives.nseindia.com/corporate/ADANIPOWER_05082026130712_APLNCLTorderAhmedabad05082026.pdf,106726020,2.35 MB,text/ADANIPOWER_106726020.txt
2026-08-05,AUROPHARMA,Aurobindo Pharma Ltd.,NSE,Amalgamation/Merger,merger,merger,Aurobindo Pharma Limited has informed the Exchange about proposal of merger of the two wholly owned stepdown subsidiaries with a wholly owned subsidiary of the Company.,https://nsearchives.nseindia.com/corporate/AUROPHARMA_05082026201159_LtrToSEsEugiaMerger05082026.pdf,106727400,249.98 KB,text/AUROPHARMA_106727400.txt
2026-08-05,CRISIL,CRISIL Ltd.,NSE,Amalgamation/Merger,merger,merger,Update on amalgamation Of Crisil Canada Inc. and Crisil PriceMetrix Inc.,https://nsearchives.nseindia.com/corporate/CRISIL_05082026162628_SignedBSENSE.pdf,106726513,239.81 KB,text/CRISIL_106726513.txt
2026-08-05,M&MFIN,Mahindra & Mahindra Financial Services Ltd.,NSE,Amalgamation/Merger,merger,merger,Mahindra & Mahindra Financial Services Limited has informed the Exchange about Outcome of Board Meeting - Scheme of Merger,https://nsearchives.nseindia.com/corporate/M_MFIN_05082026105251_SEIntimationMergersigned.pdf,106725694,581.51 KB,text/M&MFIN_106725694.txt
2026-08-05,REFEX,Refex Industries Ltd.,NSE,Shareholders meeting,scheme_other,scheme_other,"Intimation under Regulation 30 of SEBI (Listing Obligations and Disclosure Requirements) Regulations 2015 - Proceedings of NCLT convened Equity Shareholders, Secured Creditors and Unsecured Creditors Meeting held on Wednesday August 05, 2026",https://nsearchives.nseindia.com/corporate/REFEX2002_05082026230439_RIL.pdf,106727700,450.68 KB,text/REFEX_106727700.txt
2026-08-05,TVSMOTOR,TVS Motor Company Ltd.,NSE,Amalgamation/Merger,merger,merger|scheme_other,TVS Motor Company Limited has informed the Exchange about Composite Scheme of Amalgamation amongst Home Credit India Finance Private Limited and STPL Trading and Services Private Limited and TVS Housing Finance Private Limited and TVS Credit Services Limited and their respective shareholders,https://nsearchives.nseindia.com/corporate/TVSMOTOR_05082026151929_Reg30TVSCSMERGER_sd.pdf,106726321,282.96 KB,text/TVSMOTOR_106726321.txt
2026-08-06,HCG,Healthcare Global Enterprises Ltd.,NSE,Monitoring Agency Report,rights_issue,rights_issue,"Pursuant to the Regulation 32(6) of SEBI (Listing Obligations and Disclosure Requirements) Regulations, 2015 read with Regulation 82(4) of SEBI (Issue of Capital and Disclosure Requirements) Regulations, 2018, please find enclosed herewith the Monitoring Agency Report, for the quarter ended June 30, 2026, issued by CARE Ratings Limited, in respect of utilization of Rights Issue proceeds.",https://nsearchives.nseindia.com/corporate/HCG1_06082026203432_SE_Intimation_Monitoring_Agency_30_June_2026.pdf,106729823,489.72 KB,text/HCG_106729823.txt
2026-08-06,LLOYDSENGG,Lloyds Engineering Works Ltd.,NSE,General Updates,rights_issue,rights_issue,"LLOYDS ENGINEERING WORKS LIMITED has informed the Exchange about the variation in the object of the Rights Issue of shares as disclosed in the Letter of Offer dated April 19, 2025.",https://nsearchives.nseindia.com/corporate/LSIL_06082026165925_Variation_in_the_object_of_Rights_Issue_final_signed.pdf,106728922,243.15 KB,text/LLOYDSENGG_106728922.txt
2026-08-07,NHPC,NHPC Ltd.,NSE,General Updates,merger,merger,NHPC Limited has informed the Exchange that MCA has fixed 25.08.2026 as hearing date in the matter of scheme of amalgamation between JPCL and NHPC Limited.,https://nsearchives.nseindia.com/corporate/NHPC_07082026165247_STX_Letter_Hearing_Datesigned.pdf,106731464,1.59 MB,text/NHPC_106731464.txt
2026-08-07,REFEX,Refex Industries Ltd.,NSE,Shareholders meeting,demerger,demerger|merger|scheme_other,"Submission of Voting Results along with the Consolidated Scrutinizer's Report for the Court Convened meetings of Equity Shareholders, Secured Creditors and Unsecured Creditors held on August 05, 2026 in connection with the Composite Scheme of Amalgamation & Arrangement amongst Refex Green Mobility Limited (Transferor Company), Refex Industries Limited (Transferee Company or Demerged Company) and Refex Mobility Limited (Resulting Company)",https://nsearchives.nseindia.com/corporate/REFEX2002_07082026175813_RIL-NCLT_Convened_meeting_Scrutinizers_Report.pdf,106731818,1.68 MB,text/REFEX_106731818.txt
2026-08-07,RELIGARE,Religare Enterprises Ltd.,NSE,General Updates,demerger,demerger,Religare Enterprises Limited has informed the Exchange about Intimation under Regulation 30 of SEBI LODR Regulations 2015-Update on Demerger Scheme,https://nsearchives.nseindia.com/corporate/RELIGARE_07082026114525_RELUPDATE07082026_RBI.pdf,106730552,610.35 KB,text/RELIGARE_106730552.txt
2026-08-10,GODREJPROP,Godrej Properties Ltd.,NSE,Amalgamation/Merger,merger,merger,Godrej Properties Limited has informed the Exchange about Amalgamation/Merger,https://nsearchives.nseindia.com/corporate/GODREJPROP_10082026184729_SEIntimationMerger10082026.pdf,106735181,1.71 MB,text/GODREJPROP_106735181.txt
2026-08-11,ADVENZYMES,Advanced Enzyme Tech Ltd.,NSE,Public Announcement - Buyback of Shares,capital_reduction,capital_reduction,Advanced Enzyme Technologies Limited has informed the Exchange about public Announcement - Buyback of Shares,https://nsearchives.nseindia.com/corporate/AETL_11082026181705_Intimation_NP.pdf,106737284,20.30 MB,text/ADVENZYMES_106737284.txt
2026-08-11,ADVENZYMES,Advanced Enzyme Tech Ltd.,NSE,Buyback,capital_reduction,capital_reduction,Advanced Enzyme Technologies Limited has submitted the Exchange the Board Resolution of Buyback,https://nsearchives.nseindia.com/corporate/AETL_11082026182030_IntimationBR.pdf,106737312,602.75 KB,text/ADVENZYMES_106737312.txt
2026-08-11,CCAVENUE,AvenuesAI Ltd.,NSE,Outcome of Board Meeting,merger,merger|rights_issue,"AvenuesAI Limited has informed the Exchange regarding Outcome of Board Meeting held on August 11, 2026 for Unaudited (Standalone And Consolidated) Financial Results, Update Increase in Investment limit, Scheme of Amalgamation, Variation in Objects of the Rights Issue, Consolidation of Equity Shares and Convening of 16th Annual General Meeting.",https://nsearchives.nseindia.com/corporate/INFIBEAM_11082026142405_OutcomeofBMRI110826.pdf,106736497,1.73 MB,text/CCAVENUE_106736497.txt
2026-08-11,CCAVENUE,AvenuesAI Ltd.,NSE,Amalgamation/Merger,merger,merger,"AvenuesAI Limited has informed the Exchange about amalgamation of Nueromind Technologies Private Limited ( Transferor Company ), the Wholly Owned Subsidiary, with and into AvenuesAI Limited ( Transferee Company )",https://nsearchives.nseindia.com/corporate/INFIBEAM_11082026142750_OutcomeofBM.pdf,106736504,1.25 MB,text/CCAVENUE_106736504.txt
2026-08-11,CCAVENUE,AvenuesAI Ltd.,NSE,General Updates,rights_issue,rights_issue,AvenuesAI Limited has informed the Exchange about Variation in Objects of the Rights Issue.,https://nsearchives.nseindia.com/corporate/INFIBEAM_11082026143748_OutcomeofBM.pdf,106736528,1.25 MB,text/CCAVENUE_106736528.txt
2026-08-11,LT,Larsen & Toubro Ltd.,NSE,General Updates,slump_sale,slump_sale,"Larsen & Toubro Limited has informed the Exchange about Execution of Business Transfer Agreement with Vyoma.AI Limited (Vyoma), Wholly owned Subsidiary of the Company and execution of Share Purchase Agreement towards sale of entire stake held in L&T Network Services Private Limited to Vyoma",https://nsearchives.nseindia.com/corporate/PAM_11082026155835_Intimation11082026.pdf,106736706,1.43 MB,text/LT_106736706.txt
2026-08-14,ASTERDM,Aster DM Quality Care Ltd.,NSE,General Updates,merger,merger,Aster DM Quality Care Limited has informed the Exchange about regarding receipt of trading approval for Equity shares allotted in terms of Scheme of Amalgamation,https://nsearchives.nseindia.com/corporate/ASTERDM2_14082026183405_SEIntsign.pdf,106745119,911.16 KB,text/ASTERDM_106745119.txt
2026-08-14,BLUESTARCO,Blue Star Ltd.,NSE,Sale or disposal,slump_sale,slump_sale,"Blue Star Limited has informed the Exchange about Execution of Business Transfer Agreement by Blue Star Engineering & Electronics Limited, a wholly owned subsidiary of the Company",https://nsearchives.nseindia.com/corporate/BLUESTARCO_14082026210130_Stock_Exchange-Project_Bombay.pdf,106745647,328.48 KB,text/BLUESTARCO_106745647.txt
2026-08-14,GODIGIT,Go Digit General Insurance Ltd.,NSE,Amalgamation/Merger,merger,merger|scheme_other,Go Digit General Insurance Limited has informed the Exchange about receipt of NCLT order allowing the first motion application filed in relation to the Scheme,https://nsearchives.nseindia.com/corporate/GODIGITGI_14082026131708_GDGIL_NCLT_Interim_Order_SE_Intimation_Final.pdf,106743932,932.33 KB,text/GODIGIT_106743932.txt
2026-08-14,SAMMAANCAP,Sammaan Capital Ltd.,NSE,Monitoring Agency Report,rights_issue,rights_issue,"Pursuant to the Regulation 32(6) of the Securities and Exchange Board of India (Listing Obligations and Disclosure Requirements) Regulations, 2015, as amended, read with Regulations 82(4), 162A(4) and 173A(4) of the Securities and Exchange Board of India (Issue of Capital and Disclosure Requirements) Regulations, 2018, as amended, please find enclosed the Report(s) of the Monitoring Agency, for the quarter ended June 30, 2026, issued by CRISIL Ratings Limited, Monitoring Agency appointed to monitor the utilization of the proceeds of the Rights Issue, Qualified Institutional Placement and Preferential Issue of the Company.",https://nsearchives.nseindia.com/corporate/IHFL_14082026182605_SCL_SE_Intimation_Monitoring_Agency_Report.pdf,106745078,1.21 MB,text/SAMMAANCAP_106745078.txt
2026-08-14,ZENSARTECH,Zensar Technolgies Ltd.,NSE,General Updates,merger,merger,Zensar Technologies Limited has informed the Exchange about the merger of M3BI LLC with Zensar Technologies Inc.,https://nsearchives.nseindia.com/corporate/ZENSARTECH_14082026131655_SE_Intimation_Update_Merger_M3Bi_LLC.pdf,106743931,312.04 KB,text/ZENSARTECH_106743931.txt
2026-08-17,PICCADIL,Piccadily Agro Industries Ltd.,NSE,Demerger,demerger,demerger,"Piccadily Agro Industries Limited has informed the Exchange that Company has received no adverse observation letters dated August 14, 2026 from BSE Limited and National Stock Exchange of India Limited",https://nsearchives.nseindia.com/corporate/CSPICCADILY_17082026165215_approval.pdf,106747033,2.41 MB,text/PICCADIL_106747033.txt
2026-08-17,VBL,Varun Beverages Ltd.,NSE,General Updates,merger,merger,"In continuation to our earlier disclosure dated July 2, 2026 wherein we had informed that the Board of Directors of The Beverage Company Proprietary Limited ( Bevco , a subsidiary of the company) and Twizza Proprietary Limited ( Twizza , a step-down subsidiary of the company) approved the merger of Twizza with its holding company i.e. Bevco, subject to applicable laws in South Africa, we would like to update that the above-mentioned merger of Twizza with Bevco has been completed and consequently, Twizza is ceased to be a step-down subsidiary of the Company. The above information was received today (at 06:59 P.M. IST) by our Company.The detailed disclosure as required under Regulation 30 read with Para A of Part A of Schedule III of the SEBI (Listing Obligations and Disclosure Requirements) Regulations, 2015 and SEBI Master Circular No. HO/49/14/14(7)2025-CFD-POD2/I/3762/2026 dated January 30, 2026 had already been submitted in our earlier intimation dated July 2, 2026.",https://nsearchives.nseindia.com/corporate/VBL_17082026202812_Update_TwizzaMerger.pdf,106747478,173.46 KB,text/VBL_106747478.txt
2026-08-18,AIIL,Authum Investment & Infrastructure Ltd.,NSE,General Updates,rights_issue,rights_issue,Authum Investment & Infrastructure Limited has informed the Exchange about Subscribing to Shares of its Subsidiary Company ISARC through Rights Issue,https://nsearchives.nseindia.com/corporate/Authum123_18082026213744_REG30ISARC.pdf,106748901,357.88 KB,text/AIIL_106748901.txt
2026-08-18,BLS,BLS International Services Ltd.,NSE,Amalgamation/Merger,merger,merger,BLS International Services Limited has informed the Exchange about Merger of Step down Subsidiary of the Company,https://nsearchives.nseindia.com/corporate/BLS_18082026184734_Intimation_of_merger.pdf,106748724,609.87 KB,text/BLS_106748724.txt
2026-08-18,HAPPSTMNDS,Happiest Minds Technologies Ltd.,NSE,Scheme of Arrangement,scheme_other,scheme_other,Happiest Minds Technologies Limited has informed the Exchange about Scheme of Arrangement,https://nsearchives.nseindia.com/corporate/suhask_18082026204306_Reg30AureusFinalOrder18082026.pdf,106748867,19.17 MB,text/HAPPSTMNDS_106748867.txt
2026-08-18,HCC,Hindustan Construction Co. Ltd.,BSE-screener,Announcement under Regulation 30 (LODR)-Issue of Securities,rights_issue,rights_issue,"AGM approved raising up to ₹800 crore via QIP, preferential allotment, rights issue or combination.",https://www.bseindia.com/xml-data/corpfiling/AttachLive/68d36c1d-4b84-4cc9-9f02-b1b52f41fa25.pdf,68d36c1d-4b84-4cc9-9f02-b1b52f41fa25,,failed:http404
2026-08-18,HEGAM,HEG Advanced Materials Ltd.,NSE,Scheme of Arrangement,demerger,demerger|scheme_other,"HEG Limited has informed the Exchange about copy of the Order passed by the Hon ble National Company Law Tribunal, Indore Bench ( Tribunal ), sanctioning the Composite Scheme of Arrangement amongst HEG Limited ( Company or Demerged Company or Transferee Company ), HEG Graphite Limited ( Resulting Company ) and Bhilwara Energy Limited ( Transferor Company ) and their respective shareholders and creditors under Sections 230 to 232 and other applicable provisions of the Companies Act, 2013 ( Scheme ).",https://nsearchives.nseindia.com/corporate/HEG_18082026191322_Stxintimation18082026.pdf,106748767,1.03 MB,text/HEGAM_106748767.txt
2026-08-18,HEGAM,HEG Advanced Materials Ltd.,NSE,General Updates,scheme_other,scheme_other,"HEG Limited has informed the Exchange about copy of the Order passed by the Hon ble National Company Law Tribunal, Indore Bench ( Tribunal ), sanctioning the Composite Scheme of Arrangement.",https://nsearchives.nseindia.com/corporate/HEG_18082026191542_Stxintimation18082026.pdf,106748773,1.03 MB,text/HEGAM_106748773.txt
2026-08-18,MOTHERSON,Samvardhana Motherson International Ltd.,NSE,General Updates,capital_reduction,capital_reduction,"Samvardhana Motherson International Limited has submitted with the Stock Exchange status update on scheme undertaken by Motherson Technology Services Limited (MTSL), a subsidiary of the Company, for capital reduction of MTSL.",https://nsearchives.nseindia.com/corporate/MOTHERSON_18082026143040_SE_Disclosure_MTSL_NCLT_Order.pdf,106748213,1017.04 KB,text/MOTHERSON_106748213.txt
2026-08-18,RHIM,RHI MAGNESITA INDIA LTD.,NSE,General Updates,merger,merger,RHI MAGNESITA INDIA LTD has informed the Exchange about completion of merger of wholly owned subsidiary company,https://nsearchives.nseindia.com/corporate/RHIM_18082026163936_IntimationofcompletionofmergerF.pdf,106748403,1.73 MB,text/RHIM_106748403.txt
2026-08-19,CIPLA,Cipla Ltd.,NSE,Amalgamation/Merger,merger,merger|scheme_other,"Cipla Limited has informed the Exchange about receipt of order from Hon'ble NCLT, Mumbai Bench.",https://nsearchives.nseindia.com/corporate/CIPLA_19082026170119_NCLTorderintimationsigned.pdf,106749787,366.78 KB,text/CIPLA_106749787.txt
2026-08-19,HEGAM,HEG Advanced Materials Ltd.,NSE,Press Release,scheme_other,scheme_other,"HEG Limited has informed the Exchange regarding a press release dated August 19, 2026, titled ""NCLT Order sanctioning the Composite Scheme of Arrangement"".",https://nsearchives.nseindia.com/corporate/HEG_19082026200249_Stxintimation_PressRelease.pdf,106750163,3.48 MB,text/HEGAM_106750163.txt
2026-08-20,INDIAGLYCO,India Glycols Ltd.,NSE,Updates,scheme_other,scheme_other,India Glycols Limited has informed the Exchange regarding 'Receipt of NCLT Order'.,https://nsearchives.nseindia.com/corporate/INDIAGLYCO_20082026201232_Final_UPLOAD_SIGNED.pdf,106751553,3.32 MB,text/INDIAGLYCO_106751553.txt
2026-08-21,INDIAGLYCO,India Glycols Ltd.,NSE,Record Date,demerger,demerger|merger,India Glycols Limited has informed the Exchange that Record date for the purpose of Merger/HiveOff is 02-Sep-2026.,https://nsearchives.nseindia.com/corporate/INDIAGLYCO_21082026184049_SE_RECORD_DATE.pdf,106752852,448.18 KB,text/INDIAGLYCO_106752852.txt
2026-08-21,INDIAGLYCO,India Glycols Ltd.,NSE,Updates,scheme_other,scheme_other,"India Glycols Limited has informed the Exchange regarding 'Material Update in Connection with Ennature Bio Pharma Limited with reference toObservation letter no. NSE/LIST/48932 dated 17t November, 2025 and no.DCS/AMAL/TS/R37/3905/2025-26 dated 19"" November, 2025 (""Observation Letters ),issued by the National Stock Exchange of India Limited and BSE Limited (collectively the""Stock Exchanges ), respectively, received in relation to the Scheme of Arrangement.'.",https://nsearchives.nseindia.com/corporate/INDIAGLYCO_21082026193154_SE_EBL_Annexures_fINAL_upload.pdf,106752941,1.43 MB,text/INDIAGLYCO_106752941.txt
2026-08-21,INDIAGLYCO,India Glycols Ltd.,NSE,Updates,scheme_other,scheme_other,"India Glycols Limited has informed the Exchange regarding 'Material Update in Connection with IGL Spirits Limited with reference to Observationlefter no. NSE/LIST/48932 dated 17t November, 2025 and no.DCS/AMAL/TS/R37/3905/2025-26 dated 19"" November, 2025 (""Observation Letters ),issued by the National Stock Exchange of India Limited and BSE Limited (collectively the""Stock Exchanges ), respectively, received in relation to the Scheme of Arrangement.'.",https://nsearchives.nseindia.com/corporate/INDIAGLYCO_21082026193326_SE_IGSL_Annures_Final_Upload.pdf,106752944,3.67 MB,text/INDIAGLYCO_106752944.txt
2026-08-21,NHPC,NHPC Ltd.,NSE,Updates,merger,merger,NHPC Limited has informed the Exchange regarding 'Postponement of final hearing date in the matter of scheme of amalgamation between Jalpower Corporation Limited and NHPC Limited'.,https://nsearchives.nseindia.com/corporate/NHPC_21082026183450_STX_Postponement_Hearingdate_merger_JPCL.pdf,106752826,1.61 MB,text/NHPC_106752826.txt
2026-08-21,SHAREINDIA,Share India Securities Ltd.,NSE,General Updates,merger,merger|scheme_other,"Share India Securities Limited has informed the Exchange that the Hon'ble NCLT, Ahmedabad Bench-I has approved the Scheme of Amalgamation of Silverleaf Capital Services Private Limited with Share India Securities Limited vide order dated August 20, 2026.",https://nsearchives.nseindia.com/corporate/SISL_21082026150332_Reg30NCLTOrderFinalSigned.pdf,106752378,4.68 MB,text/SHAREINDIA_106752378.txt
2026-08-24,AEGISLOG,Aegis Logistics Ltd.,NSE,Agreements,slump_sale,slump_sale,Aegis Logistics Limited has informed the Exchange about Execution of BTA Between the Company and Aegis Terminal (Pipavav) Limited ('ATPL').,https://nsearchives.nseindia.com/corporate/AEGISCHEM_24082026185437_ALL_SEintimation_AmmoniaBTA_Signed.pdf,106754669,349.03 KB,text/AEGISLOG_106754669.txt
2026-08-24,AEGISVOPAK,Aegis Vopak Terminals Ltd.,NSE,Agreements,slump_sale,slump_sale,"Aegis Vopak Terminals Limited has informed the Exchange about Business Transfer Agreement executed between Aegis Logistics Limited and Aegis Terminal (Pipavav) Limited, subsidiary company.",https://nsearchives.nseindia.com/corporate/AVTL_24082026183946_AVTL_Amnomia_Terminal_BTA_Exceution_S.pdf,106754631,748.45 KB,text/AEGISVOPAK_106754631.txt
2026-08-24,DABUR,Dabur India Ltd.,NSE,Scheme of Arrangement,merger,merger|scheme_other,"Dabur India Limited has informed the Exchange about update related to Scheme of Amalgamation between Sesa Care Private Limited and Dabur India Limited- Order Reserved for the Second Motion Petition by the Hon'ble National Company Law Tribunal, New Delhi Bench",https://nsearchives.nseindia.com/corporate/DABUR_24082026163614_NCLT_order.pdf,106754314,152.84 KB,text/DABUR_106754314.txt
2026-08-24,HEGAM,HEG Advanced Materials Ltd.,NSE,Outcome of Board Meeting,scheme_other,scheme_other,"HEG Limited has informed the Exchange regarding Outcome of Board Meeting held on August 24, 2026 related to Effective Date of Scheme, Record Date for Scheme, Reconstitution of Committees, Noting of Certified Copy of Hon'ble NCLT Order for Composite Scheme of Arrangement etc.",https://nsearchives.nseindia.com/corporate/HEG_24082026182755_FinalOutcome24082026.pdf,106754610,1.70 MB,text/HEGAM_106754610.txt
2026-08-24,HEGAM,HEG Advanced Materials Ltd.,NSE,General Updates,scheme_other,scheme_other,"HEG Limited has informed the Exchange about Relinquishment of Shri Ravi Jhunjhunwala from the office of Chairman, Managing Director & Chief Executive Officer and Key Managerial Personnel pursuant to the effectiveness of the Composite Scheme of Arrangement i.e. September 1, 2026 and continue as the NonExecutive Non Independent Director of the Company, liable to retire by rotation.",https://nsearchives.nseindia.com/corporate/HEG_24082026185355_FinalOutcome24082026.pdf,106754675,1.70 MB,text/HEGAM_106754675.txt
2026-08-24,HEGAM,HEG Advanced Materials Ltd.,NSE,Change in Management,scheme_other,scheme_other,"HEG Limited has informed the Exchange about Cessation of Senior Management Personnel of the Company consequent upon transfer of their employment to HEG Graphite Limited pursuant to the effectiveness of the Composite Scheme of Arrangement w.e.f September 1, 2026.",https://nsearchives.nseindia.com/corporate/HEG_24082026191652_FinalOutcome24082026.pdf,106754713,1.70 MB,text/HEGAM_106754713.txt
2026-08-24,INDHOTEL,Indian Hotels Co. Ltd.,NSE,Amalgamation/Merger,merger,merger|scheme_other,The Indian Hotels Company Limited has informed the Exchange about Scheme of Arrangement between Oriental Hotels Limited and The Indian Hotels Company Limited and their respective shareholders,https://nsearchives.nseindia.com/corporate/bakhtawar_irani_tajhotels_com_24082026085942_Reg_30_IHCL_FINAL.pdf,106753714,251.64 KB,text/INDHOTEL_106753714.txt
2026-08-24,INDHOTEL,Indian Hotels Co. Ltd.,NSE,Press Release,merger,merger,"The Indian Hotels Company Limited has informed the Exchange regarding a press release dated August 24, 2026, titled IHCL and Oriental Hotels Limited announce Merger"".",https://nsearchives.nseindia.com/corporate/bakhtawar_irani_tajhotels_com_24082026090803_Press_Release_FINAL.pdf,106753741,464.05 KB,text/INDHOTEL_106753741.txt
2026-08-24,INDHOTEL,Indian Hotels Co. Ltd.,BSE-screener,Announcement under Regulation 30 (LODR)-Investor Presentation,merger,merger,The investor presentation on merger of The Indian Hotels Company Limited with Oriental Hotels Limited.,https://www.bseindia.com/xml-data/corpfiling/AttachLive/4afc8793-d744-41db-bb49-8b93c05a5056.pdf,4afc8793-d744-41db-bb49-8b93c05a5056,,text/INDHOTEL_4afc8793-d744-41db-bb49-8b93c05a5056.txt
2026-08-24,INOXGREEN,Inox Green Energy Services Ltd.,NSE,Scheme of Arrangement,scheme_other,scheme_other,Intimation regarding allotment of equity shares pursuant to the Scheme of Arrangement between Inox Green Energy Services Limited and Inox Renewable Solutions Limited and their respective shareholders,https://nsearchives.nseindia.com/corporate/IGESL_24082026202300_IGESL_SE_intimation_Allotment_IRSL_24082026.pdf,106754817,259.81 KB,text/INOXGREEN_106754817.txt
2026-08-25,GODREJPROP,Godrej Properties Ltd.,NSE,Acquisition,scheme_other,scheme_other,"Godrej Properties Limited has informed the Exchange that the Hon ble National Company Law Tribunal, Mumbai Bench has vide its order dated August 25, 2026 , approved the selective reduction of equity share capital of Godrej Redevelopers (Mumbai) Private Limited, a step-down subsidiary of the Company.",https://nsearchives.nseindia.com/corporate/GODREJPROP_25082026190035_SEIntimationGRMPL.pdf,106756247,409.70 KB,text/GODREJPROP_106756247.txt
2026-08-25,HEGAM,HEG Advanced Materials Ltd.,NSE,Press Release,demerger,demerger,"HEG Limited has informed the Exchange regarding a press release dated August 25, 2026, titled ""HEG Demerger to Take Effect from September 1, 2026; Record Date Fixed for September 7, 2026; and Changes in leadership pursuant to the Scheme becoming effective from September 1, 2026"".",https://nsearchives.nseindia.com/corporate/HEG_25082026170347_HEG_Final_Press_Realease_Intimation.pdf,106755876,1.06 MB,text/HEGAM_106755876.txt
2026-08-25,JSFB,Jana Small Finance Bank Ltd.,NSE,News Verification,merger,merger,"The Exchange has sought clarification from Jana Small Finance Bank Limited with respect to recent news item captioned Jana Small Finance Bank, Federal Bank shares fall up to 4% amid merger buzz. The response from the Company is awaited.",-,106755526,0 Bytes,
2026-08-25,JSFB,Jana Small Finance Bank Ltd.,NSE,News Verification,merger,merger,"The Exchange has sought clarification from Jana Small Finance Bank Limited with respect to recent news item captioned Jana Small Finance Bank, Federal Bank shares fall up to 4% amid merger buzz. The response from the Company is attached.",https://nsearchives.nseindia.com/corporate/sanath_rao_janabank_com_25082026151220_Clarification.pdf,106755626,216.80 KB,text/JSFB_106755626.txt
2026-08-25,SONATSOFTW,Sonata Software Ltd.,NSE,Updates,merger,merger,Sonata Software Limited has informed the Exchange regarding 'intimation on effective date of merger of wholly owned subsidiary with the Company'.,https://nsearchives.nseindia.com/corporate/SONATSOFTW_25082026131832_intimationoneffectivedateofmerger.pdf,106755530,222.12 KB,text/SONATSOFTW_106755530.txt
2026-08-26,DEVYANI,Devyani International Ltd.,NSE,Scheme of Arrangement,scheme_other,scheme_other,Devyani International Limited has informed the Exchange about Amended Scheme of Arrangement,https://nsearchives.nseindia.com/corporate/DEVYANI_26082026192549_DILReg30DislcosureDSC.pdf,106757915,326.62 KB,text/DEVYANI_106757915.txt
2026-08-26,IRB,IRB Infrastructure Developers Ltd.,NSE,Scheme of Arrangement,merger,merger|scheme_other,IRB Infrastructure Developers Limited has informed the Exchange about Scheme of Amalgamation of certain wholly owned subsidiaries with IRB Infrastructure Developers Limited.,https://nsearchives.nseindia.com/corporate/IRB_26082026164245_IRBIDL_Outcome_Scheme_of_Amalgamation.pdf,106757508,349.70 KB,text/IRB_106757508.txt
2026-08-26,RUBICON,Rubicon Research Ltd.,BSE-screener,Shareholder Meeting / Postal Ballot-Scrutinizer''s Report,merger,merger,"27th AGM voting results released; 9 resolutions passed, including final dividend, ESOP 2026, and subsidiary merger.",https://www.bseindia.com/xml-data/corpfiling/AttachLive/28587f02-884a-4812-9955-aa8b460a9b3d.pdf,28587f02-884a-4812-9955-aa8b460a9b3d,,text/RUBICON_28587f02-884a-4812-9955-aa8b460a9b3d.txt
2026-08-26,RUBICON,Rubicon Research Ltd.,BSE-screener,Shareholder Meeting / Postal Ballot-Outcome of AGM,merger,merger,"Rubicon Research held its 27th AGM on August 26, 2026; discussed dividend, ESOPs, and subsidiary merger proposal.",https://www.bseindia.com/xml-data/corpfiling/AttachLive/d60e8ad3-af49-4bb7-8924-e9c9c39fdd07.pdf,d60e8ad3-af49-4bb7-8924-e9c9c39fdd07,,text/RUBICON_d60e8ad3-af49-4bb7-8924-e9c9c39fdd07.txt
2026-08-26,SAPPHIRE,Sapphire Foods India Ltd.,NSE,Scheme of Arrangement,scheme_other,scheme_other,Sapphire Foods India Limited has informed the Exchange about Scheme of Arrangement,https://nsearchives.nseindia.com/corporate/SAPPHIRE_26082026194258_NSE.pdf,106757949,588.00 KB,text/SAPPHIRE_106757949.txt
2026-08-26,TIMETECHNO,Time Technoplast Ltd.,NSE,Outcome of Board Meeting,merger,merger,"The Board of Directors of Time Technoplast Limited ( TTL ) at its meeting held today i.e. on August 26, 2026, inter-alia, transacted and approved the following businesses: 1. In-principle Approval for Merger of TPL Plastech Limited (Subsidiary Company) with Time Technoplast Limited (Holding Company), Subject to Further Approvals, 2. Board Decides Not to Proceed with Acquisition of Ebullient Packaging Private Limited ('EPPL'), 3. Approved Investment in Equity Shares of Time Intercontinental Limited (TICL)",https://nsearchives.nseindia.com/corporate/TIMETECHNO_26082026214027_TTLOutcome26082026.pdf,106758041,5.04 MB,text/TIMETECHNO_106758041.txt
2026-08-26,TIMETECHNO,Time Technoplast Ltd.,NSE,General Updates,merger,merger,"In-principle Approval for Merger of TPL Plastech Limited (Subsidiary Company) with Time Technoplast Limited (Holding Company), Subject to Further Approvals",https://nsearchives.nseindia.com/corporate/TIMETECHNO_26082026214917_TTLOutcome26082026.pdf,106758052,5.04 MB,text/TIMETECHNO_106758052.txt
2026-08-27,ACC,ACC Ltd.,NSE,Shareholders meeting,merger,merger|scheme_other,"ACC Limited has informed the exchange about the meeting of Equity Shareholders of the Company pursuant to the Order passed by Hon'ble National Company Law Tribunal, Ahmedabad Bench, in respect of Scheme of Amalgamation of ACC Limited with Ambuja Cements Limited.",https://nsearchives.nseindia.com/corporate/ACC_1_27082026175205_ACC_Shareholder_Meeting_Cover.pdf,106759267,18.19 MB,text/ACC_106759267.txt
2026-08-27,LICHSGFIN,LIC Housing Finance Ltd.,NSE,Disclosure of material issue,scheme_other,scheme_other,LIC Housing Finance Limited has informed regarding Clarification with respect to Media Reports concerning NCLT Order in the Personal Insolvency Proceedings of Dr. Subhash Chandra,https://nsearchives.nseindia.com/corporate/LICHSGFIN_27082026174623_Clarification_on_Media_News_27082026.pdf,106759231,571.05 KB,text/LICHSGFIN_106759231.txt
2026-08-29,ASTERDM,Aster DM Quality Care Ltd.,NSE,Amalgamation/Merger,merger,merger,"Aster DM Quality Care Limited has informed the Exchange about Scheme of Amalgamation of KIMSHEALTH Executive Leisure Private Limited with Spiceretreat Hospitality Services Private Limited, step-down subsidiaries of the Company",https://nsearchives.nseindia.com/corporate/ASTERDM2_29082026183851_SE_Int_09082026.pdf,106761575,951.29 KB,text/ASTERDM_106761575.txt
2026-08-31,GESHIP,Great Eastern Shipping Co. Ltd.,NSE,Public Announcement - Buyback of Shares,capital_reduction,capital_reduction,The Great Eastern Shipping Company Limited has informed the Exchange about public Announcement - Buyback of Shares,https://nsearchives.nseindia.com/corporate/GESHIP_31082026180630_seletter.pdf,106762745,4.56 MB,text/GESHIP_106762745.txt
2026-08-31,GESHIP,Great Eastern Shipping Co. Ltd.,NSE,Buyback,capital_reduction,capital_reduction,The Great Eastern Shipping Company Limited has informed the Exchange about Board Resolution pertaining to Buyback,https://nsearchives.nseindia.com/corporate/GESHIP_31082026180834_seletter.pdf,106762753,4.56 MB,text/GESHIP_106762753.txt
2026-08-31,HAPPSTMNDS,Happiest Minds Technologies Ltd.,NSE,Press Release,merger,merger,"Happiest Minds Technologies Limited has informed the Exchange regarding a press release dated August 31, 2026, titled ""Happiest Minds Technologies announces merger with ITC Infotech to create a scaled, AI First Global Technology Services Enterprise with US$ 1 billion Revenue by FY28"".",https://nsearchives.nseindia.com/corporate/suhask_31082026194116_Reg30PressRelease31082026.pdf,106763094,566.42 KB,text/HAPPSTMNDS_106763094.txt
2026-08-31,HAPPSTMNDS,Happiest Minds Technologies Ltd.,NSE,Press Release (Revised),merger,merger,"Happiest Minds Technologies Limited has informed the Exchange regarding a revised press release dated August 31, 2026, titled ""Happiest Minds Technologies announces merger with ITC Infotech to create a scaled, AI First Global Technology Services Enterprise with US$ 1 billion Revenue by FY28 "".",https://nsearchives.nseindia.com/corporate/suhask_31082026200535_Reg30PressRelease31082026.pdf,106763150,569.05 KB,text/HAPPSTMNDS_106763150.txt
2026-08-31,HAPPSTMNDS,Happiest Minds Technologies Ltd.,NSE,Scheme of Arrangement,scheme_other,scheme_other,Happiest Minds Technologies Limited has informed the Exchange about Scheme of Arrangement,https://nsearchives.nseindia.com/corporate/suhask_31082026202856_Reg30SchemeofarrangementAugust312026.pdf,106763190,642.72 KB,text/HAPPSTMNDS_106763190.txt
2026-08-31,MUTHOOTFIN,Muthoot Finance Ltd.,NSE,Amalgamation/Merger,merger,merger,Muthoot Finance Limited has informed the Exchange about Amalgamation/Merger,https://nsearchives.nseindia.com/corporate/MUTHOOTFIN_31082026155537_OutcomeBM31826sd.pdf,106762383,631.61 KB,text/MUTHOOTFIN_106762383.txt
2026-08-31,MUTHOOTFIN,Muthoot Finance Ltd.,BSE-screener,Shareholder Meeting / Postal Ballot-Outcome of AGM,merger,merger,"AGM on Aug 31, 2026 disclosed FY26 results, 300% dividend, MD transition, and Muthoot Money merger proposal.",https://www.bseindia.com/xml-data/corpfiling/AttachLive/fd002859-e48b-4366-bd43-068e4ce0c8e2.pdf,fd002859-e48b-4366-bd43-068e4ce0c8e2,,text/MUTHOOTFIN_fd002859-e48b-4366-bd43-068e4ce0c8e2.txt
2026-08-31,PVRINOX,PVR INOX Ltd.,NSE,Outcome of Board Meeting,capital_reduction,capital_reduction,"PVR INOX Limited has informed the Exchange regarding Outcome of Board Meeting held on August 31, 2026 to consider and approve buyback of the equity shares of the Company as well as matters incidental and ancillary thereto.",https://nsearchives.nseindia.com/corporate/PVRINOXLTD_31082026184245_OutcomeofBoardmeeting31082026.pdf,106762896,587.45 KB,text/PVRINOX_106762896.txt
2026-08-31,PVRINOX,PVR INOX Ltd.,NSE,Record Date,capital_reduction,capital_reduction,PVR INOX Limited has informed the Exchange that Record date for the purpose of Buyback is 04-Sep-2026.,https://nsearchives.nseindia.com/corporate/PVRINOXLTD_31082026184723_OutcomeofBoardmeeting31082026.pdf,106762937,587.45 KB,text/PVRINOX_106762937.txt
2026-09-01,GODIGIT,Go Digit General Insurance Ltd.,NSE,Scheme of Arrangement,scheme_other,scheme_other,Go Digit General Insurance Limited has informed the Exchange about Scheme of Arrangement - Receipt of detailed order of the approval of the Scheme from the Competition Commission of India,https://nsearchives.nseindia.com/corporate/GODIGITGI_01092026203602_GDGIL_Reg_30_SE_Disclosure_CCI_Detailed_Order_signed.pdf,106765115,2.32 MB,text/GODIGIT_106765115.txt
2026-09-01,INDIAGLYCO,India Glycols Ltd.,NSE,Updates,scheme_other,scheme_other,India Glycols Limited has informed the Exchange regarding 'Effectiveness of the Scheme of Arrangement'.,https://nsearchives.nseindia.com/corporate/INDIAGLYCO_01092026161552_SE_Intimation_Effective_Date.pdf,106764323,855.24 KB,text/INDIAGLYCO_106764323.txt
2026-09-01,ITC,ITC Ltd.,NSE,General Updates,merger,merger,ITC Limited has informed the Exchange about Amalgamation of Blazeclan Technologies Private Limited and Cloudlytics Technologies Private Limited with ITC Infotech India Limited,https://nsearchives.nseindia.com/corporate/ITC_01092026164254_SE_NCLT_.pdf,106764408,354.40 KB,text/ITC_106764408.txt
2026-09-01,KFINTECH,Kfin Technologies Ltd.,NSE,Amalgamation/Merger,merger,merger|scheme_other,KFINTECH: KFin Technologies Limited has informed the Exchange that Board of Directors of the Company at their meeting held today have approved the Composite Scheme of Amalgamation.,https://nsearchives.nseindia.com/corporate/KFINTECHNSE_01092026191540_Intimation.pdf,106764947,382.69 KB,text/KFINTECH_106764947.txt
2026-09-01,LT,Larsen & Toubro Ltd.,NSE,Scheme of Arrangement,scheme_other,scheme_other,Larsen & Toubro Limited has informed the Exchange about Scheme of Arrangement,https://nsearchives.nseindia.com/corporate/PAM_01092026184703_Reg30192026.pdf,106764848,3.58 MB,text/LT_106764848.txt
2026-09-01,LTTS,L&T Technology Services Ltd.,NSE,General Updates,slump_sale,slump_sale,"LTTS: L&T Technology Services Limited has informed the Exchange regarding completion of sale of the Smart World and Communication Business Unit of the Company to AMI Paradigm Solutions Private Limited, pursuant to the Business Transfer Agreement.",https://nsearchives.nseindia.com/corporate/LTTS_01092026202357_SWCTransactionUpdate_sd.pdf,106765091,340.60 KB,text/LTTS_106765091.txt
2026-09-01,THOMASCOOK,Thomas Cook (India) Ltd.,NSE,General Updates,scheme_other,scheme_other,Thomas Cook (India) Limited has informed the Exchange about receipt of Observation Letter from BSE Limited in relation to Composite Scheme of Arrangement.,https://nsearchives.nseindia.com/corporate/THOMASCOOK_01092026160534_Stock_Exchange_Intimation-_SE_Observation_Letter.pdf,106764303,2.19 MB,text/THOMASCOOK_106764303.txt
2026-09-01,THYROCARE,Thyrocare Technologies Ltd.,NSE,Updates,merger,merger,Thyrocare Technologies Limited has informed the Exchange regarding Communication Received from API Holdings Limited regarding Approval of Scheme of Amalgamation of Docon Technologies Private Limited with API Holdings Limited,https://nsearchives.nseindia.com/corporate/THYROCARE_01092026172441_SE_Intimation-Reg-30_signed.pdf,106764536,675.40 KB,text/THYROCARE_106764536.txt
2026-09-02,ANANDRATHI,Anand Rathi Wealth Ltd.,NSE,Acquisition,rights_issue,rights_issue,"Anand Rathi Wealth Limited has informed the Exchange about Intimation of further investment through subscribing right issue of equity shares of its wholly owned subsidiary ""Anand Rathi FME (IFSC) Private Limited",https://nsearchives.nseindia.com/corporate/ANANDRATHI_02092026165549_IFSCASd.pdf,106766246,354.65 KB,text/ANANDRATHI_106766246.txt
2026-09-02,COALINDIA,Coal India Ltd.,NSE,General Updates,subsidiary_listing,subsidiary_listing,"Disclosure under Regulation 30 of SEBI LODR, 2015 Filing of DRHP of Mahanadi Coalfields Limited (MCL), a wholly owned Subsidiary of CIL.",https://nsearchives.nseindia.com/corporate/COALINDIA_02092026103250_Draft_letter_to_stock_exchange_DRHP_MCL_signed.pdf,106765555,335.28 KB,text/COALINDIA_106765555.txt
2026-09-02,GESHIP,Great Eastern Shipping Co. Ltd.,NSE,Updates,capital_reduction,capital_reduction,"The Great Eastern Shipping Company Limited has informed the Exchange about that the Company has, on September 01, 2026, sent an intimation through electronic mode regarding the open market buyback offer to all its shareholders as on the date of making the Public Announcement",https://nsearchives.nseindia.com/corporate/GESHIP_02092026151209_letter.pdf,106766031,1.14 MB,text/GESHIP_106766031.txt
2026-09-02,PVRINOX,PVR INOX Ltd.,NSE,General Updates,capital_reduction,capital_reduction,"PVR INOX Limited has submitted to the Stock Exchange a copy of Board Resolution passed on August 31, 2026 pertaining to Buy-back of equity shares of the Company.",https://nsearchives.nseindia.com/corporate/PVRINOXLTD_02092026143409_PVRINOXBoardResolutionBuyback02092026.pdf,106765952,2.16 MB,text/PVRINOX_106765952.txt
2026-09-02,PVRINOX,PVR INOX Ltd.,NSE,Public Announcement - Buyback of Shares,capital_reduction,capital_reduction,PVR INOX Limited has informed the Exchange about public Announcement for Buy-back of equity shares of the Company.,https://nsearchives.nseindia.com/corporate/PVRINOXLTD_02092026145929_PVRINOXPublicAnnouncement02092026.pdf,106766001,47.82 MB,skipped:47.82 MB
2026-09-02,THOMASCOOK,Thomas Cook (India) Ltd.,NSE,General Updates,scheme_other,scheme_other,Thomas Cook (India) Limited has informed the Exchange about receipt of Observation Letter from National Stock Exchange of India Limited in relation to Composite Scheme of Arrangement.,https://nsearchives.nseindia.com/corporate/THOMASCOOK_02092026135158_Stock_Exchange_Intimation-_NSE_Observation_Letter.pdf,106765918,582.36 KB,text/THOMASCOOK_106765918.txt
2026-09-03,CIPLA,Cipla Ltd.,NSE,General Updates,merger,merger|scheme_other,"Notice to shareholders and creditors in accordance with NCLT Order dated 18th August, 2026 regarding merger of Inzpera Healthsciences Limited with the Company.",https://nsearchives.nseindia.com/corporate/CIPLA_03092026164718_Final_SEINT_V2f_signed.pdf,106768073,614.68 KB,text/CIPLA_106768073.txt
2026-09-03,GESHIP,Great Eastern Shipping Co. Ltd.,NSE,Buyback,capital_reduction,capital_reduction,"The Great Eastern Shipping Company Limited has informed the Exchange about Commencement of Buyback on September 04, 2026",https://nsearchives.nseindia.com/corporate/GESHIP_03092026160700_commencementofbuyback.pdf,106767918,300.65 KB,text/GESHIP_106767918.txt
2026-09-04,PVRINOX,PVR INOX Ltd.,NSE,Public Announcement - Buyback of Shares,capital_reduction,capital_reduction,"PVR INOX Limited has informed the Exchange about issuance of a Corrigendum to the Public Announcement dated September 01, 2026 ( Corrigendum to the PA ) for the notice of the Eligible Shareholders.",https://nsearchives.nseindia.com/corporate/PVRINOXLTD_04092026163925_PVRINOXCorrigendum04092026.pdf,106769917,9.62 MB,text/PVRINOX_106769917.txt
2026-09-04,TIPSMUSIC,Tips Music Ltd.,NSE,Public Announcement - Buyback of Shares,capital_reduction,capital_reduction,Tips Music Limited has informed the Exchange about public Announcement and Shareholders Resolution - Buyback of Shares,https://nsearchives.nseindia.com/corporate/TIPSINDLTD_04092026130547_TIPSMUSIC_BB_PAp.pdf,106769591,24.98 MB,text/TIPSMUSIC_106769591.txt
2026-09-05,PHOENIXLTD,Phoenix Mills Ltd.,NSE,Amalgamation/Merger,merger,merger|scheme_other,"The Phoenix Mills Limited has informed the Exchange about sanction of scheme of merger and amalgamation between subsidiary companies by National Company Law Tribunal, Chennai Bench.",https://nsearchives.nseindia.com/corporate/PHOENIXLTD_05092026105632_bg_-PML_new_MergerAstrea_sd.pdf,106770861,270.13 KB,text/PHOENIXLTD_106770861.txt
2026-09-07,INDIAGLYCO,India Glycols Ltd.,NSE,Updates,scheme_other,scheme_other,"India Glycols Limited has informed the Exchange regarding 'Material Update in Connection with IGL Spirits Limited with reference to Observation letter no. NSE/LIST/48932 dated 17th November, 2025 and no. DCS/AMAL/TS/R37/3905/2025-26 dated 19th November, 2025 (""Observation Letters""), issued by the National Stock Exchange of India Limited and BSE Limited (collectively the ""Stock Exchanges""), respectively, received in relation to the Scheme of Arrangement.'.",https://nsearchives.nseindia.com/corporate/INDIAGLYCO_07092026183435_IGL_Spirits_Upload.pdf,106773296,1.45 MB,text/INDIAGLYCO_106773296.txt
2026-09-07,INDIAGLYCO,India Glycols Ltd.,NSE,Updates,scheme_other,scheme_other,"India Glycols Limited has informed the Exchange regarding 'Material Update in Connection with Ennature Bio Pharma Limited with reference to Observation letter no. NSE/LIST/48932 dated 17th November, 2025 and no. DCS/AMAL/TS/R37/3905/2025-26 dated 19th November, 2025 (""Observation Letters""), issued by the National Stock Exchange of India Limited and BSE Limited (collectively the ""Stock Exchanges""), respectively, received in relation to the Scheme of Arrangement.'.",https://nsearchives.nseindia.com/corporate/INDIAGLYCO_07092026184352_SE_EBL_Upload.pdf,106773320,1.51 MB,text/INDIAGLYCO_106773320.txt
2026-09-07,PVRINOX,PVR INOX Ltd.,NSE,Buyback,capital_reduction,capital_reduction|rights_issue,PVR INOX Limited has submitted to Stock Exchange the Letter of offer for Buy-back of equity shares.,https://nsearchives.nseindia.com/corporate/PVRINOXLTD_07092026210319_PVRINOXLOF07092026.pdf,106773624,1.58 MB,text/PVRINOX_106773624.txt
2026-09-08,SHAREINDIA,Share India Securities Ltd.,NSE,General Updates,merger,merger|scheme_other,"Share India Securities Limited has informed the Exchange that the Company on September 07, 2026, has received a certified true copy of the Order of the Hon ble NCLT, Ahmedabad Bench I, approving the Scheme of Amalgamation of Silverleaf Capital Services Private Limited with Share India Securities Limited.",https://nsearchives.nseindia.com/corporate/SISL_08092026153238_REG30NCLTCTCORDER08092026signed.pdf,106774653,7.55 MB,text/SHAREINDIA_106774653.txt
2026-09-09,MUTHOOTFIN,Muthoot Finance Ltd.,BSE-screener,Announcement under Regulation 30 (LODR)-Acquisition,rights_issue,rights_issue,Muthoot Finance subscribed to Asia Asset Finance PLC rights issue: 3.29 crore shares for LKR 10.97 crore.,https://www.bseindia.com/xml-data/corpfiling/AttachLive/72b7fc26-8ffe-4089-8104-824545e72f41.pdf,72b7fc26-8ffe-4089-8104-824545e72f41,,text/MUTHOOTFIN_72b7fc26-8ffe-4089-8104-824545e72f41.txt
2026-09-09,NATCOPHARM,NATCO Pharma Ltd.,NSE,Rights Issue,rights_issue,rights_issue,Intimation of Draft letter of Offer,https://nsearchives.nseindia.com/corporate/NATCOPHARM_09092026174838_SE_DLOF_Intimation.pdf,106776681,4.40 MB,text/NATCOPHARM_106776681.txt
2026-09-09,SIEMENS,Siemens Ltd.,NSE,Amalgamation/Merger,merger,merger|scheme_other,"Order dated September 07, 2026 of the Hon''ble National Company Law Tribunal, Mumbai Bench - inter alia, dispensing the meeting of equity shareholders and unsecured creditors of Transferor Company and Transferee Company, is attached herewith.",https://nsearchives.nseindia.com/corporate/SIEMENS_09092026101753_SE_Intimation_-_SRAPL_-_09092026.pdf,106775966,199.62 KB,text/SIEMENS_106775966.txt
2026-09-09,TIPSMUSIC,Tips Music Ltd.,NSE,Corrigendum,capital_reduction,capital_reduction,Tips Music Limited has informed the Exchange regarding Corrigendum to the Public Announcement in relation to the buyback of equity shares,https://nsearchives.nseindia.com/corporate/TIPSINDLTD_09092026113217_TIPSMUSIC_CPA.pdf,106776053,5.45 MB,text/TIPSMUSIC_106776053.txt
2026-09-09,TMCV,Tata Motors Ltd.,NSE,General Updates,merger,merger|scheme_other,"Tata Motors Limited has informed the Exchange about notices to Shareholders and Creditors regarding Composite Scheme of Amalgamation amongst Tata Motors Limited, TMF Holdings Limited and TMF Business Services Limited.",https://nsearchives.nseindia.com/corporate/TMLCOMMERCIAL_09092026231222_NSEBSETMF.pdf,106777141,3.20 MB,text/TMCV_106777141.txt
2026-09-09,TSFINV,TSF Investments Ltd.,BSE-screener,General Updates,merger,merger|scheme_other,NCLT sanctioned merger of Forge 2000 Private Limited into Axles India Limited on 27 August 2026.,https://nsearchives.nseindia.com/corporate/SUNDARMHLD_09092026161357_SDNSEUPDATES09092026NCLT.pdf,SUNDARMHLD_09092026161357_SDNSEUPDATES09092026NCLT,,text/TSFINV_SUNDARMHLD_09092026161357_SDNSEUPDATES09.txt
2026-09-10,BHARATFORG,Bharat Forge Ltd.,NSE,Amalgamation/Merger,merger,merger,Bharat Forge Limited has informed the Exchange about Amalgamation/Merger,https://nsearchives.nseindia.com/corporate/ANILSHINDE_10092026193859_SEIntimation-_Merger.pdf,106778095,214.38 KB,text/BHARATFORG_106778095.txt
2026-09-10,INDGN,Indegene Ltd.,NSE,Amalgamation/Merger,merger,merger,Indegene Limited has informed the Exchange about Amalgamation/Merger of Indirect Wholly Owned Subsidiaries of the Company in Germany,https://nsearchives.nseindia.com/corporate/INDEGENE_10092026195438_tofilemergergermany.pdf,106778110,269.76 KB,text/INDGN_106778110.txt
2026-09-10,PHOENIXLTD,Phoenix Mills Ltd.,NSE,Amalgamation/Merger,merger,merger,The Phoenix Mills Limited has informed the Exchange about effective date of scheme of merger and amalgamation between subsidiary companies.,https://nsearchives.nseindia.com/corporate/PHOENIXLTD_10092026164716_PMLEffectivedateintimation_10092026_sd.pdf,106777786,266.56 KB,text/PHOENIXLTD_106777786.txt
2026-09-10,SAMMAANCAP,Sammaan Capital Ltd.,NSE,Shareholders meeting,scheme_other,scheme_other,"Summary of Proceedings of Meeting of Equity Shareholders of Sammaan Capital Limited ( the Company ) held on Thursday, September 10, 2026 pursuant to the Order dated June 12, 2026 read with Rectification / Clarification Order dated July 10, 2026 of the Hon ble National Company Law Tribunal, New Delhi Bench.",https://nsearchives.nseindia.com/corporate/IHFL_10092026154305_SCL_NCLT_Proceedings_ShareholdersMeeting.pdf,106777703,328.49 KB,text/SAMMAANCAP_106777703.txt
2026-09-10,SAMMAANCAP,Sammaan Capital Ltd.,NSE,Shareholders meeting,scheme_other,scheme_other,"Please find enclosed Voting Result and Scrutinizer s Report on National Company Law Tribunal, New Delhi Bench, convened meeting of the Equity Shareholders of Sammaan Capital Limited held on Thursday, September 10, 2026.",https://nsearchives.nseindia.com/corporate/IHFL_10092026174919_SCL_Outcome_of_NCLT_EquityShareholders.pdf,106777937,1.23 MB,text/SAMMAANCAP_106777937.txt
2026-09-11,BPCL,Bharat Petroleum Corporation Ltd.,BSE-screener,"Intimation Under Regulation 30 Of SEBI (LODR) Regulations, 2015",merger,merger,"Gujarat authority issued two orders on 8 Sep 2026, demanding stamp duty and penalties on amalgamation and land matters.",https://www.bseindia.com/xml-data/corpfiling/AttachLive/1132b13b-3f7b-46b0-b9ae-1a36a0fc7160.pdf,1132b13b-3f7b-46b0-b9ae-1a36a0fc7160,,text/BPCL_1132b13b-3f7b-46b0-b9ae-1a36a0fc7160.txt
2026-09-11,CCAVENUE,AvenuesAI Ltd.,NSE,Committee Meeting Updates,rights_issue,rights_issue,AvenuesAI Limited has informed the Exchange regarding Outcome of Rights Issue Committee Meeting - Conversion and Forfeiture of Partly Paid-up Equity Shares.,https://nsearchives.nseindia.com/corporate/INFIBEAM_11092026181121_RIOutcome11092026.pdf,106779176,650.38 KB,text/CCAVENUE_106779176.txt
2026-09-11,DIACABS,Diamond Power Infrastructure Ltd.,NSE,Press Release,scheme_other,scheme_other,"Diamond Power Infrastructure Limited has informed the Exchange regarding a press release dated September 11, 2026, titled ""Diamond Power Exits the NCLT Framework a Full Year Ahead of Schedule"".",https://nsearchives.nseindia.com/corporate/DIACABS_11092026104334_Regulation30PressRelease.pdf,106778566,369.59 KB,text/DIACABS_106778566.txt
2026-09-11,LLOYDSENGG,Lloyds Engineering Works Ltd.,NSE,Shareholders meeting,scheme_other,scheme_other,LLOYDS ENGINEERING WORKS LIMITED has informed the Exchange regarding Notice of Court Convened Meeting of Unsecured Creditors of the Company pursuant to the order of NCLT,https://nsearchives.nseindia.com/corporate/LSIL_11092026221713_Covering_and_Notice_of_unsecured_creditors_signed.pdf,106779420,1.77 MB,text/LLOYDSENGG_106779420.txt
2026-09-11,VIJAYA,Vijaya Diagnostic Centre Ltd.,NSE,Outcome of Board Meeting,slump_sale,slump_sale,"Vijaya Diagnostic Centre Limited has informed the Exchange regarding Outcome of Board Meeting held on September 11, 2026. (Approval for execution of Business Transfer Agreement (""BTA"") for 100% acquisition of integrated diagnostic business undertaking of Arya Wellness Centre, Guwahati, Assam on a slump sale basis subject to the fulfilment of Conditions Precedent (CPs) and other terms and conditions as set out in the BTA.",https://nsearchives.nseindia.com/corporate/VIJAYA_11092026195905_Stx_BM_Outcome_Acquisition_Signed.pdf,106779326,378.12 KB,text/VIJAYA_106779326.txt
2026-09-12,SIEMENS,Siemens Ltd.,NSE,Amalgamation/Merger,merger,merger,Siemens Limited has informed the Exchange about the notices to equity shareholders and unsecured creditors of Siemens Limited - Scheme of Amalgamation,https://nsearchives.nseindia.com/corporate/SiemensRaj_12092026120046_SEIntimation.pdf,106779637,407.19 KB,text/SIEMENS_106779637.txt
2026-09-12,WEWORK,WeWork India Management Ltd.,NSE,Updates,capital_reduction,capital_reduction|scheme_other,WeWork India Management Limited has informed the Exchange regarding 'e-filing of application in Form RSC-1 with the Hon ble National Company Law Tribunal for Reduction of Share Capital (Securities Premium Account) of the Company'.,https://nsearchives.nseindia.com/corporate/WEWORK_12092026101618_NCLT_RSC1_Efiling_Intimation.pdf,106779618,3.18 MB,text/WEWORK_106779618.txt
2026-09-15,SHAREINDIA,Share India Securities Ltd.,NSE,Acquisition,rights_issue,rights_issue,"Pursuant to Regulation 30 of the SEBI (LODR) Regulations, 2015, please find enclosed herewith the intimation regarding the dilution of the Company s shareholding in Silverleaf Securities Research Private Limited, a subsidiary of the Company, pursuant to non-participation in the Rights Issue.",https://nsearchives.nseindia.com/corporate/SISL_15092026174654_Reg30_silverleaf150926.pdf,106780844,565.77 KB,text/SHAREINDIA_106780844.txt
2026-09-16,ABREL,Aditya Birla Real Estate Ltd.,NSE,Cessation,slump_sale,slump_sale,"Aditya Birla Real Estate Limited has informed the Exchange regarding cessation of Mr. Ajay Kumar Gupta as CEO of erstwhile Century Pulp and Paper ( CPP ) business division on account of sale of the CPP business division to ITC Limited as a going concern on slump sale basis and therefore, he has ceased as Senior Management Personnel ( SMP ) of the Company w.e.f. 16th September, 2026",https://nsearchives.nseindia.com/corporate/CENTURYTEX_16092026181557_FinalAKGCessationIntimation.pdf,106782189,852.90 KB,text/ABREL_106782189.txt
2026-09-16,SHRIRAMFIN,Shriram Finance Ltd.,NSE,General Updates,capital_reduction,capital_reduction,"Shriram Finance Limited has informed the Exchange about a meeting of Banking & Finance Committee of the Company is scheduled to be held on or after Monday, September 21, 2026, inter-alia, to consider and if thought fit, approve the proposal to buyback of its debt securities.",https://nsearchives.nseindia.com/corporate/Mathew_16092026200330_BSENSE_IntimationofBFCMeetingSept162026.pdf,106782386,335.26 KB,text/SHRIRAMFIN_106782386.txt
2026-09-16,TRIVENI,Triveni Engineering & Industries Ltd.,NSE,Scheme of Arrangement,scheme_other,scheme_other,Triveni Engineering & Industries Limited has informed the Exchange about Scheme of Arrangement - Reports from Audit Committee and Independent Directors of the Company,https://nsearchives.nseindia.com/corporate/TRIVENI_16092026132125_AC_AND_ID_REPORTS_16_9_2026.pdf,106781704,7.12 MB,text/TRIVENI_106781704.txt
2026-09-16,TRIVENI,Triveni Engineering & Industries Ltd.,BSE-screener,Announcement under Regulation 30 (LODR)-Scheme of Arrangement,scheme_other,scheme_other,Audit Committee and Independent Directors certified ₹12.25 lakh fractional share proceeds distribution completed on 9 Sept 2026.,https://www.bseindia.com/xml-data/corpfiling/AttachLive/2757a087-edfc-460f-8685-a143575f9359.pdf,2757a087-edfc-460f-8685-a143575f9359,,text/TRIVENI_2757a087-edfc-460f-8685-a143575f9359.txt
2026-09-16,TRIVENI,Triveni Engineering & Industries Ltd.,BSE-screener,Announcement under Regulation 30 (LODR)-Scheme of Arrangement,scheme_other,scheme_other,"Audit Committee and Independent Directors certified ₹12.25 lakh fractional share proceeds distributed on September 9, 2026.",https://www.bseindia.com/xml-data/corpfiling/AttachLive/ea7b2594-89ef-423f-8a3d-05fa594a1bd4.pdf,ea7b2594-89ef-423f-8a3d-05fa594a1bd4,,text/TRIVENI_ea7b2594-89ef-423f-8a3d-05fa594a1bd4.txt
2026-09-17,CELLO,Cello World Ltd.,NSE,Updates,merger,merger|scheme_other,Cello World Limited has informed the Exchange regarding 'Report From The Audit And Independent Directors Committee Pursuant To Composite Scheme Of Amalgamation'.,https://nsearchives.nseindia.com/corporate/CELLO2023_17092026195120_Intimation_signed.pdf,106783628,4.81 MB,text/CELLO_106783628.txt
2026-09-17,CELLO,Cello World Ltd.,BSE-screener,Report From The Audit And Independent Directors Committee Pursuant To Composite ,merger,merger|scheme_other,Audit Committee and Independent Directors certify compensation to Wim Plast shareholders for fractional entitlements under the amalgamation scheme.,https://www.bseindia.com/xml-data/corpfiling/AttachLive/607666d2-08f9-46bf-8d83-987cc2c7c2c1.pdf,607666d2-08f9-46bf-8d83-987cc2c7c2c1,,text/CELLO_607666d2-08f9-46bf-8d83-987cc2c7c2c1.txt
2026-09-17,KITEX,Kitex Garments Ltd.,BSE-screener,Announcement under Regulation 30 (LODR)-Newspaper Publication,scheme_other,scheme_other,"Newspaper publication of notice of hearing as per the direction of Honorable NCLT, Kochi Bench in the matter of Scheme of Arrangement between Kitex Childrenswear …",https://www.bseindia.com/xml-data/corpfiling/AttachLive/d860400d-13d2-4f7d-aa6e-dd59546c90cb.pdf,d860400d-13d2-4f7d-aa6e-dd59546c90cb,,text/KITEX_d860400d-13d2-4f7d-aa6e-dd59546c90cb.txt
2026-09-18,ACMESOLAR,ACME Solar Holdings Ltd.,NSE,Amalgamation/Merger,merger,merger,"ACME Solar has informed the Exchange about the Scheme of Amalgamationamongst ACME Pokhran Solar Private Limited, ACME Sikar Solar Private Limited, ACME Eco Clean Energy Private Limited and ACME Solar Holdings Limited and their respective shareholders and creditors",https://nsearchives.nseindia.com/corporate/ACMECS_18092026195938_intimation18092026.pdf,106784931,231.92 KB,text/ACMESOLAR_106784931.txt
2026-09-18,HSCL,Himadri Speciality Chemical Ltd.,NSE,Updates,demerger,demerger|scheme_other,"This is to inform you that a meeting of the Board of Directors ( Board ) of Himadri Speciality Chemical Ltd ( Company ) is scheduled to be held on Monday, 21 September 2026, inter-alia, to consider and approve the proposed Scheme of Arrangement between Dalmia Bharat Refractories Limited ( DBRL ) and Himadri Speciality Chemical Ltd ( HSCL or Company ) and their respective shareholders and creditors pursuant to Section 230 to 232 read with other applicable provisions of the Companies Act, 2013 and the rules framed thereunder for demerger of the Tyre Business of DBRL.",https://nsearchives.nseindia.com/corporate/HSCL_18092026224508_NoticeofBmstockex21092026.pdf,106785073,244.78 KB,text/HSCL_106785073.txt
2026-09-18,VIPIND,V.I.P. Industries Ltd.,NSE,Outcome of Board Meeting,rights_issue,rights_issue,"VIP Industries Limited has informed the Exchange that the Board its meeting held today, i.e., Friday, September 18, 2026, has, inter alia, approved the proposal for raising funds for an aggregate amount not exceeding &#8377; 500 crores (Rupees Five Hundred Crores) during FY 2026-27, in one or more tranches. The funds may be raised through the issuance of equity shares having a face value of &#8377; 2 each and/or debt securities, convertible securities, depository receipts (ADR/GDR), FCCBs, warrants, preference shares or other eligible securities or any other financial instrument (hereinafter referred to as Securities ). VIP is back on the growth path after several quarters; the proposed fund raise will further accelerate Company s ongoing growth initiatives, funding of working capital and enhancing capabilities that will support long-term value creation. These investments aim to reinforce the company's market leadership and position it to capture emerging growth opportunities in the luggage and travel ecosystem.The proposed fund raising may be undertaken through one or more permissible modes, including but not limited to a public issue, rights issue, qualified institutions placement, debt issue, preferential issue or any other permissible mode and/or combination thereof as may be permitted under applicable laws, subject to receipt of such statutory, regulatory, shareholders', stock exchange, and other approvals, permissions, and sanctions as may be required.",https://nsearchives.nseindia.com/corporate/VIPINDUSTRIES_18092026160937_SEUpload.pdf,106784489,3.45 MB,text/VIPIND_106784489.txt
2026-09-19,EMAMILTD,Emami Ltd.,NSE,Public Announcement - Buyback of Shares,capital_reduction,capital_reduction,Emami Limited has informed the Exchange about public Announcement - Buyback of Shares,https://nsearchives.nseindia.com/corporate/EMAMILTD2_19092026114641_NSEDocuments.zip,106785247,50.88 MB,
2026-09-21,HSCL,Himadri Speciality Chemical Ltd.,NSE,Outcome of Board Meeting,demerger,demerger|scheme_other,"Himadri Speciality Chemical Limited has informed the Exchange regarding Outcome of Board Meeting held on September 21, 2026 approving Scheme of Arrangement between Dalmia Bharat Refractories Limited ( Demerged Company ) and Himadri Speciality Chemical Ltd ( Resulting Company ) and their respective shareholders and creditors under Section 230-232 and other applicable provisions of the Companies Act, 2013",https://nsearchives.nseindia.com/corporate/HSCL_21092026100138_Boardoutcome21092026.pdf,106785732,3.41 MB,text/HSCL_106785732.txt
2026-09-21,HSCL,Himadri Speciality Chemical Ltd.,NSE,Demerger,demerger,demerger|scheme_other,"Himadri Speciality Chemical Limited has informed the Exchange about Scheme of Arrangement between Dalmia Bharat Refractories Limited ( Demerged Company ) and Himadri Speciality Chemical Ltd ( Resulting Company ) and their respective shareholders and creditors under Section 230-232 and other applicable provisions of the Companies Act, 2013",https://nsearchives.nseindia.com/corporate/HSCL_21092026100728_Boardoutcome21092026.pdf,106785747,3.41 MB,text/HSCL_106785747.txt
2026-09-21,NATCOPHARM,NATCO Pharma Ltd.,NSE,Updates,rights_issue,rights_issue,Natco Pharma Limited has informed the Exchange regarding 'Intimation regarding receipt of In-Principle Approval for the Rights Issue '.,https://nsearchives.nseindia.com/corporate/NATCOPHARM_21092026224748_SE_Intimation_IP_Approval_21092026.pdf,106786811,2.76 MB,text/NATCOPHARM_106786811.txt
2026-09-22,LEMONTREE,Lemon Tree Hotels Ltd.,NSE,Scheme of Arrangement,scheme_other,scheme_other,"Lemon Tree Hotels Limited has informed that the Company has received the Observation Letters with no objection from the NSE and no adverse observations from the BSE on September 22, 2026.",https://nsearchives.nseindia.com/corporate/LEMONTREE_22092026213712_Intimation_signed.pdf,106788361,2.57 MB,text/LEMONTREE_106788361.txt
2026-09-22,NHPC,NHPC Ltd.,NSE,General Updates,merger,merger,NHPC Limited has informed the Exchange that MCA has fixed 28.09.2026 as hearing date in the matter of scheme of amalgamation between JPCL and NHPC Limited. The other details are given in the attached letter.,https://nsearchives.nseindia.com/corporate/NHPC_22092026190857_STX_JPCL_NHPC_Merger_hearing_date_.pdf,106788220,331.35 KB,text/NHPC_106788220.txt
2026-09-22,NHPC,NHPC Ltd.,BSE-screener,Intimation For The Date Of Hearing In The Matter Of Scheme Of Amalgamation Betwe,merger,merger,MCA set 28.09.2026 hearing for Jalpower Corporation-NHPC amalgamation scheme.,https://www.bseindia.com/xml-data/corpfiling/AttachLive/171f77ca-d36e-4665-999f-a938ae5e5420.pdf,171f77ca-d36e-4665-999f-a938ae5e5420,,text/NHPC_171f77ca-d36e-4665-999f-a938ae5e5420.txt
2026-09-23,GODIGIT,Go Digit General Insurance Ltd.,NSE,Scheme of Arrangement,merger,merger|scheme_other,Go Digit General Insurance Limited has informed the Exchange about update in relation to Scheme of Amalgamation of the Company,https://nsearchives.nseindia.com/corporate/GODIGITGI_23092026193034_GDGIL_-_Intimation_to_Exchanges_final_signed.pdf,106790002,1.72 MB,text/GODIGIT_106790002.txt
2026-09-23,WAAREEENER,Waaree Energies Ltd.,NSE,Amalgamation/Merger,merger,merger,"Waaree Energies Limited has informed the Exchange about Scheme of Amalgamation of Indosolar Limited with Waaree Energies Limited and their respective shareholders pursuant to Sections 230 to 232 of the Companies Act, 2013.",https://nsearchives.nseindia.com/corporate/WAAREE_23092026201432_OutcomeofWEL_signed1.pdf,106790062,580.87 KB,text/WAAREEENER_106790062.txt
2026-09-24,PRIVISCL,Privi Speciality Chemicals Ltd.,NSE,Shareholders meeting,scheme_other,scheme_other,"Privi Speciality Chemicals Limited has informed the Exchange regarding Notice of Shareholders Meeting Convened in accordance with the order of Hon'ble NCLT, to be held on October 27, 2026 @12:30pm",https://nsearchives.nseindia.com/corporate/FAIRCHEMDP_24092026185207_LettertoSENoticeofShholdeMeeting.pdf,106792105,16.76 MB,text/PRIVISCL_106792105.txt
2026-09-24,PRIVISCL,Privi Speciality Chemicals Ltd.,BSE-screener,"Shareholders Meeting- NCLT Convened Meeting On October 27,2026.",scheme_other,scheme_other,"Shareholders Meeting- NCLT Convened Meeting On October 27,2026.",https://www.bseindia.com/xml-data/corpfiling/AttachLive/c4638ef5-bd53-4e70-8456-5d01b4ee3bf5.pdf,c4638ef5-bd53-4e70-8456-5d01b4ee3bf5,,text/PRIVISCL_c4638ef5-bd53-4e70-8456-5d01b4ee3bf5.txt
2026-09-24,USHAMART,Usha Martin Ltd.,NSE,Outcome of Board Meeting,slump_sale,slump_sale,"USHAMART: Usha Martin Limited has informed the Exchange regarding Outcome of Board Meeting held on September 24, 2026 related to Slump Sale of the Business Undertaking of U M Cables Limited ( Wholly Owned Subsidiary ).",https://nsearchives.nseindia.com/corporate/USHAMART_24092026215114_SEDisclosure24092026.pdf,106792353,820.88 KB,text/USHAMART_106792353.txt
2026-09-24,USHAMART,Usha Martin Ltd.,BSE-screener,Board Meeting Outcome for Disclosure Under Regulation 30 Of The SEBI (LODR) Regu,slump_sale,slump_sale,"Usha Martin approves sale of UM Cables business to RR Kabel for Rs. 77 crore, subject to approvals.",https://www.bseindia.com/xml-data/corpfiling/AttachLive/d326f558-00e5-410b-a9bd-9d7693c8863c.pdf,d326f558-00e5-410b-a9bd-9d7693c8863c,,text/USHAMART_d326f558-00e5-410b-a9bd-9d7693c8863c.txt
2026-09-24,WAAREEENER,Waaree Energies Ltd.,NSE,Outcome of Board Meeting,merger,merger,"Waaree Energies Limited has informed the Exchange regarding Scheme of Amalgamation of Indosolar Limited with Waaree Energies Limited and their respective shareholders pursuant to Sections 230 to 232 of the Companies Act, 2013.",https://nsearchives.nseindia.com/corporate/WAAREE_24092026154903_OutcomeofBoardMeeting_WEL_signed.pdf,106791288,286.71 KB,text/WAAREEENER_106791288.txt
2026-09-25,ADANIPOWER,Adani Power Ltd.,NSE,General Updates,merger,merger,Adani Power Limited has informed the Exchange about Update on the Scheme of Amalgamation,https://nsearchives.nseindia.com/corporate/ADANIPOWER_25092026135512_APLNCLTorderMumbai24092026.pdf,106793348,713.75 KB,text/ADANIPOWER_106793348.txt
2026-09-25,ADANIPOWER,Adani Power Ltd.,NSE,General Updates,merger,merger,Adani Power Limited has informed the Exchange about Update on the Scheme of Amalgamation,https://nsearchives.nseindia.com/corporate/ADANIPOWER_25092026192110_APLSchemebecomingeffective10WOS25092026.pdf,106794813,130.84 KB,text/ADANIPOWER_106794813.txt
2026-09-25,CIEINDIA,CIE Automotive India Ltd.,NSE,Amalgamation/Merger,merger,merger,CIE Automotive India Limited has informed the Exchange about Update on the Merger of CIE Aluminium Casting India Limited (Wholly Owned Subsidiary of the Company) with the Company,https://nsearchives.nseindia.com/corporate/Mahindracie_25092026134416_SEintimation.pdf,106793333,624.99 KB,text/CIEINDIA_106793333.txt
2026-09-25,CIEINDIA,CIE Automotive India Ltd.,BSE-screener,Announcement under Regulation 30 (LODR)-Scheme of Arrangement,merger,merger|scheme_other,NCLT allowed merger of CIE Aluminium Casting India into CIE Automotive India on 24 September 2026.,https://www.bseindia.com/xml-data/corpfiling/AttachLive/b56b3728-bf9d-4943-ab84-f17c40bbf5b6.pdf,b56b3728-bf9d-4943-ab84-f17c40bbf5b6,,text/CIEINDIA_b56b3728-bf9d-4943-ab84-f17c40bbf5b6.txt
2026-09-25,DABUR,Dabur India Ltd.,BSE-screener,Announcement under Regulation 30 (LODR)-Scheme of Arrangement,merger,merger|scheme_other,"NCLT sanctioned Dabur's merger with Sesa Care; appointed date April 1, 2026.",https://www.bseindia.com/xml-data/corpfiling/AttachLive/0a70da97-67f3-40e5-9ccb-46a93709a15d.pdf,0a70da97-67f3-40e5-9ccb-46a93709a15d,,text/DABUR_0a70da97-67f3-40e5-9ccb-46a93709a15d.txt
2026-09-25,DABUR,Dabur India Ltd.,NSE,Scheme of Arrangement,merger,merger|scheme_other,"Dabur India Limited has informed the Exchange about pronouncement of order by the Hon'ble National Company Law Tribunal, New Delhi Bench (""NCLT""), approving the Scheme of Amalgamation between Sesa Care Private Limited and Dabur India Limited under Section 230 to 232 of the Companies Act, 2013",https://nsearchives.nseindia.com/corporate/DABURA_25092026113223_Letter.pdf,106792875,790.75 KB,text/DABUR_106792875.txt
2026-09-25,KANSAINER,Kansai Nerolac Paints Ltd.,NSE,General Updates,merger,merger|scheme_other,Kansai Nerolac Paints Limited has informed the Exchange about the NCLT Order sanctioning the Scheme of Amalgamation of Nerofix Private Limited with Kansai Nerolac Paints Limited.,https://nsearchives.nseindia.com/corporate/KANSAINER_25092026182039_s_SEintimationmergerorder.pdf,106794562,1.55 MB,text/KANSAINER_106794562.txt
2026-09-25,KANSAINER,Kansai Nerolac Paints Ltd.,BSE-screener,Announcement under Regulation 30 (LODR)-Scheme of Arrangement,merger,merger|scheme_other,NCLT sanctioned merger of Nerofix Private Limited into Kansai Nerolac on 24 September 2026; effective after ROC filing.,https://www.bseindia.com/xml-data/corpfiling/AttachLive/be58f554-50db-41e5-a46b-b01049b772d4.pdf,be58f554-50db-41e5-a46b-b01049b772d4,,text/KANSAINER_be58f554-50db-41e5-a46b-b01049b772d4.txt
2026-09-25,KOTAKBANK,Kotak Mahindra Bank Ltd.,NSE,General Updates,merger,merger,"Intimation of Scheme of Amalgamation of Kotak Mahindra Investments Limited with Kotak Alternate Asset Managers Limited, both, wholly-owned subsidiaries of the Bank",https://nsearchives.nseindia.com/corporate/KMBLTAB_25092026201322_KMBLLODRV2250926.pdf,106794905,290.37 KB,text/KOTAKBANK_106794905.txt
2026-09-25,KOTAKBANK,Kotak Mahindra Bank Ltd.,BSE-screener,Intimation Of Scheme Of Amalgamation Of Kotak Mahindra Investments Limited With ,merger,merger,Kotak subsidiaries KMIL and KAAML approved amalgamation; share exchange 7 KAAML shares for 6 KMIL shares.,https://www.bseindia.com/xml-data/corpfiling/AttachLive/244199f3-2f28-42f2-8784-944dddb24d43.pdf,244199f3-2f28-42f2-8784-944dddb24d43,,text/KOTAKBANK_244199f3-2f28-42f2-8784-944dddb24d43.txt
2026-09-25,NATCOPHARM,NATCO Pharma Ltd.,NSE,Rights Issue,rights_issue,rights_issue,"Natco Pharma Limited has informed the Exchange that Board of Directors at its meeting held on September 25, 2026, has decided to issue equity shares on rights basis in the ratio of 2 : 21, i.e 2 Equity Shares for every 21 Equity Shares held at an Issue Price of Rs. 750 per share (including a premium of &#8377; 748/- (Rupees Seven Hundred and Forty Eight only) per Rights Equity Share)",https://nsearchives.nseindia.com/corporate/NATCOPHARM_25092026111109_OutcomeofBM_25092026.pdf,106792851,255.38 KB,text/NATCOPHARM_106792851.txt
2026-09-25,PRESTIGE,Prestige Estates Projects Ltd.,NSE,General Updates,subsidiary_listing,subsidiary_listing,Prestige Estates Projects Limited has informed the Exchange about the withdrawal of DRHP by Subsidiary,https://nsearchives.nseindia.com/corporate/PRESTIGE_25092026182037_Emerald_-_PEPL_DRHP_Withdrawal_Intimaiton.pdf,106794560,170.96 KB,text/PRESTIGE_106794560.txt
2026-09-25,RRKABEL,R R Kabel Ltd.,NSE,Acquisition,slump_sale,slump_sale,RRKABEL: R R Kabel Limited has informed the Exchange about the execution of the Business Transfer Agreement for purchase and acquisition of the Business Undertaking of U M Cables Limited by the Company.,https://nsearchives.nseindia.com/corporate/RRKL1995_25092026165354_Intimation_Reg_30_BTA.pdf,106794107,617.47 KB,text/RRKABEL_106794107.txt
2026-09-25,RRKABEL,R R Kabel Ltd.,BSE-screener,Announcement under Regulation 30 (LODR)-Acquisition,slump_sale,slump_sale,R R Kabel executed BTA on 25 Sep 2026 to acquire UMCL’s business undertaking via slump sale.,https://www.bseindia.com/xml-data/corpfiling/AttachLive/6475207e-8791-4597-8172-63f950f2643e.pdf,6475207e-8791-4597-8172-63f950f2643e,,text/RRKABEL_6475207e-8791-4597-8172-63f950f2643e.txt
2026-09-25,SAMMAANCAP,Sammaan Capital Ltd.,NSE,Updates,scheme_other,scheme_other,"It is hereby informed that the Hon ble National Company Law Tribunal, New Delhi Bench vide its Order dated September 21, 2026, has admitted the Second Motion Petition in connection with the proposed Scheme of Arrangement between the Company and Sammaan Finserve Limited and has fixed the next date of hearing as November 16, 2026. The Company has received the Order on September 25, 2026. For details refer attached PDF.",https://nsearchives.nseindia.com/corporate/IHFL_25092026184549_SCL_Regulation_30_SMP_Order_25Sep2026.pdf,106794702,512.07 KB,text/SAMMAANCAP_106794702.txt
2026-09-25,SIEMENS,Siemens Ltd.,NSE,Updates,capital_reduction,capital_reduction,Siemens Limited has informed the Exchange regarding 'Approval for reduction of share capital of C&S Electric Limited (a subsidiary of Siemens Limited)'.,https://nsearchives.nseindia.com/corporate/SiemensRaj_25092026192017_Disclosure_-_Capital_Reduction.pdf,106794809,123.53 KB,text/SIEMENS_106794809.txt
2026-09-25,SIEMENS,Siemens Ltd.,BSE-screener,Approval For Reduction Of Share Capital Of C&S Electric Limited (A Subsidiary Of,capital_reduction,capital_reduction|scheme_other,"NCLT approved reduction of 343,948 C&S Electric shares; Siemens to become sole owner.",https://www.bseindia.com/xml-data/corpfiling/AttachLive/bd149a3d-c618-4586-a666-4b8d5e0e71a5.pdf,bd149a3d-c618-4586-a666-4b8d5e0e71a5,,text/SIEMENS_bd149a3d-c618-4586-a666-4b8d5e0e71a5.txt
2026-09-25,USHAMART,Usha Martin Ltd.,BSE-screener,"Disclosure Under Regulation 30 Of The SEBI (LODR) Regulations, 2015 ('Listing Re",slump_sale,slump_sale,Usha Martin executed BTA on 25 Sep 2026 to sell U M Cables business to R R Kabel via slump sale.,https://www.bseindia.com/xml-data/corpfiling/AttachLive/0414ed91-c5f9-4baa-b129-a4b9ab7a7fd6.pdf,0414ed91-c5f9-4baa-b129-a4b9ab7a7fd6,,text/USHAMART_0414ed91-c5f9-4baa-b129-a4b9ab7a7fd6.txt
2026-09-26,DABUR,Dabur India Ltd.,NSE,Scheme of Arrangement,merger,merger|scheme_other,"Dabur India Limited has informed the Exchange about Upload of order passed by the Hon'ble National Company Law Tribunal, New Delhi Bench (""NCLT""), approving the Scheme of Amalgamation between Sesa Care Private Limited and Dabur India Limited under section 230 to 232 of the Companies Act, 2013.",https://nsearchives.nseindia.com/corporate/DABURA_26092026133123_Dabur_STXIntimation_Pronouncement_Order.pdf,106795450,888.71 KB,text/DABUR_106795450.txt
2026-09-26,DABUR,Dabur India Ltd.,BSE-screener,Announcement under Regulation 30 (LODR)-Scheme of Arrangement,merger,merger|scheme_other,"NCLT uploaded order sanctioning Sesa Care amalgamation into Dabur India on September 25, 2026.",https://www.bseindia.com/xml-data/corpfiling/AttachLive/48e68f82-81f8-4830-8909-261103c45d60.pdf,48e68f82-81f8-4830-8909-261103c45d60,,text/DABUR_48e68f82-81f8-4830-8909-261103c45d60.txt
2026-09-28,AMBUJACEM,Ambuja Cements Ltd.,NSE,Shareholders meeting,scheme_other,scheme_other,"Ambuja Cements Limited has informed the Exchange regarding outcome and proceedings of NCLT Convened General Meeting held on September 28, 2026. Further, the company has submitted the Exchange a copy of Scrutinizers report along with voting results",https://nsearchives.nseindia.com/corporate/AMBUJACEM_28092026210644_ACL__NCLT_OUTCOME_28092026.pdf,106799053,4.28 MB,text/AMBUJACEM_106799053.txt
2026-09-28,BLACKBUCK,Blackbuck Ltd.,NSE,General Updates,rights_issue,rights_issue,BLACKBUCK LIMITED has informed the Exchange about Investment in wholly owned subsidiary through Rights Issue,https://nsearchives.nseindia.com/corporate/ZINKA2015_28092026155703_Intimation_Right_Issue_in_Subsidiary.pdf,106797593,497.50 KB,text/BLACKBUCK_106797593.txt
2026-09-28,BLACKBUCK,Blackbuck Ltd.,BSE-screener,"Announcement Under Regulation 30 Of The SEBI (LODR) Regulations, 2015.",rights_issue,rights_issue,"BlackBuck invested ₹21.999 crore in WOS TZF via rights issue on September 28, 2026.",https://www.bseindia.com/xml-data/corpfiling/AttachLive/25f6f5e6-9961-4ae7-97fa-26908d6cf6d0.pdf,25f6f5e6-9961-4ae7-97fa-26908d6cf6d0,,text/BLACKBUCK_25f6f5e6-9961-4ae7-97fa-26908d6cf6d0.txt
2026-09-28,GODIGIT,Go Digit General Insurance Ltd.,NSE,Shareholders meeting,scheme_other,scheme_other,"Go Digit General Insurance Limited has informed the Exchange regarding Notice convening meeting of equity shareholders of the Company in accordance with the order of Hon'ble NCLT, Mumbai Bench",https://nsearchives.nseindia.com/corporate/GODIGITGI_28092026232919_GDGIL_Reg_30_SE_Intimation_for_Notice_of_NCLT_convened_meeting.pdf,106799229,2.64 MB,text/GODIGIT_106799229.txt
2026-09-28,GODIGIT,Go Digit General Insurance Ltd.,NSE,General Updates,scheme_other,scheme_other,"Go Digit General Insurance Limited has informed the Exchange about Notice convening meeting of equity shareholders of the Company in accordance with the order of Hon'ble NCLT, Mumbai Bench",https://nsearchives.nseindia.com/corporate/GODIGITGI_28092026233103_GDGIL_Reg_30_SE_Intimation_for_Notice_of_NCLT_convened_meeting.pdf,106799233,2.64 MB,text/GODIGIT_106799233.txt
2026-09-28,GODIGIT,Go Digit General Insurance Ltd.,BSE-screener,Intimation Regarding The Notice Convening Meeting Of Equity Shareholders Of The ,merger,merger|scheme_other,Shareholder meeting on 5 Nov 2026 to approve amalgamation of Go Digit Infoworks Services into Go Digit General Insurance.,https://www.bseindia.com/xml-data/corpfiling/AttachLive/8270bae7-ab6b-42e3-8624-66c92dbd9129.pdf,8270bae7-ab6b-42e3-8624-66c92dbd9129,,text/GODIGIT_8270bae7-ab6b-42e3-8624-66c92dbd9129.txt
2026-09-28,GODIGIT,Go Digit General Insurance Ltd.,BSE-screener,Intimation Regarding The Notice Convening Meeting Of Equity Shareholders Of The ,merger,merger|scheme_other,Shareholder meeting on 5 Nov 2026 to approve amalgamation of Go Digit Infoworks Services into Go Digit General Insurance.,https://www.bseindia.com/xml-data/corpfiling/AttachLive/f2ad896a-7c80-4dc3-970b-4bf6715bae61.pdf,f2ad896a-7c80-4dc3-970b-4bf6715bae61,,text/GODIGIT_f2ad896a-7c80-4dc3-970b-4bf6715bae61.txt
2026-09-28,JMFINANCIL,JM Financial Ltd.,BSE-screener,Announcement under Regulation 30 (LODR)-Acquisition,rights_issue,rights_issue,"JMFCSL invested ₹162.59 crore in JMFARC rights issue, raising holding to 84.87%.",https://www.bseindia.com/xml-data/corpfiling/AttachLive/3a8a9712-eebd-452c-a8eb-389b55683f30.pdf,3a8a9712-eebd-452c-a8eb-389b55683f30,,text/JMFINANCIL_3a8a9712-eebd-452c-a8eb-389b55683f30.txt
2026-09-28,NATCOPHARM,NATCO Pharma Ltd.,NSE,Committee Meeting Updates,rights_issue,rights_issue,Natco Pharma Limited has informed the Exchange regarding Outcome of Fund Raising Committee Meeting approving the Letter of Offer for Rights Issue,https://nsearchives.nseindia.com/corporate/NATCOPHARM_28092026205152_Outcome_FundRaising_Committee_Meeting_28092026.pdf,106799031,4.11 MB,text/NATCOPHARM_106799031.txt
2026-09-28,NATCOPHARM,NATCO Pharma Ltd.,BSE-screener,Board Meeting Outcome for Outcome Of Fund Raising Committee Meeting Approving Th,rights_issue,rights_issue,"Natco Pharma approved rights issue of up to 17,058,082 shares at ₹750, aggregating up to ₹12,794 million.",https://www.bseindia.com/xml-data/corpfiling/AttachLive/59db9b53-64d4-4b60-86e0-281fee2d2641.pdf,59db9b53-64d4-4b60-86e0-281fee2d2641,,text/NATCOPHARM_59db9b53-64d4-4b60-86e0-281fee2d2641.txt
2026-09-28,ORIENTCEM,Orient Cement Ltd.,NSE,Shareholders meeting,scheme_other,scheme_other,"Orient Cement Limited has informed the Exchange regarding outcome and proceedings of NCLT Convened General Meeting held on September 28, 2026. Further, the company has submitted the Exchange a copy of Scrutinizers report along with voting results.",https://nsearchives.nseindia.com/corporate/ORIENTCEM_28092026202922_OCL_Outcome_28092026.pdf,106798995,4.38 MB,text/ORIENTCEM_106798995.txt
2026-09-28,ORIENTCEM,Orient Cement Ltd.,BSE-screener,Shareholder Meeting / Postal Ballot-Outcome of Court Convened Meeting,merger,merger,"Orient Cement shareholders approved amalgamation with Ambuja Cements on September 28, 2026.",https://www.bseindia.com/xml-data/corpfiling/AttachLive/c02565e4-9b3c-4fef-a0e9-6fc6a279a917.pdf,c02565e4-9b3c-4fef-a0e9-6fc6a279a917,,text/ORIENTCEM_c02565e4-9b3c-4fef-a0e9-6fc6a279a917.txt
2026-09-28,PVRINOX,PVR INOX Ltd.,NSE,Post Buyback Public Announcement,capital_reduction,capital_reduction,PVR INOX Limited has informed the Exchange about post Buyback Public Announcement.,https://nsearchives.nseindia.com/corporate/PVRINOXLTD_28092026165647_PVRINOXPostOfferPublicAnnouncement28092026.pdf,106797890,13.93 MB,text/PVRINOX_106797890.txt
2026-09-29,ACC,ACC Ltd.,NSE,Shareholders meeting,scheme_other,scheme_other,"ACC Limited has informed the Exchange regarding outcome and proceedings of NCLT Convened General Meeting held on September 29, 2026. Further, the company has submitted the Exchange a copy of Scrutinizers report along with voting results.",https://nsearchives.nseindia.com/corporate/ACC_1_29092026200638_ACC_Outcome_Cover_Final.pdf,106801194,4.28 MB,text/ACC_106801194.txt
2026-09-29,AMBUJACEM,Ambuja Cements Ltd.,NSE,Shareholders meeting,merger,merger|scheme_other,"Ambuja Cements Limited has informed the Exchange regarding outcome and proceedings of NCLT Convened General Meeting held on September 29, 2026 in relation to the Scheme of Amalgamation of ACC Limited with the Company. Further, the company has submitted the Exchange a copy of Scrutinizers report along with voting results.",https://nsearchives.nseindia.com/corporate/AMBUJACEM_29092026204018_Outcome_NCLT_Meeting_ACL1.pdf,106801238,2.93 MB,text/AMBUJACEM_106801238.txt
2026-09-29,BLS,BLS International Services Ltd.,BSE-screener,Announcement under Regulation 30 (LODR)-Restructuring,slump_sale,slump_sale,"ATPL approved slump sale of JLG lending business to TVAM for Rs. 59.49 lakh, expected in 90 days.",https://www.bseindia.com/xml-data/corpfiling/AttachLive/69324bf1-48eb-402d-acf2-9eb5114eba41.pdf,69324bf1-48eb-402d-acf2-9eb5114eba41,,text/BLS_69324bf1-48eb-402d-acf2-9eb5114eba41.txt
2026-09-29,GODIGIT,Go Digit General Insurance Ltd.,BSE-screener,Announcement under Regulation 30 (LODR)-Newspaper Publication,scheme_other,scheme_other,Newspaper Publication regarding the Notice convening meeting of Equity shareholders of the Company pursuant to order of the Hon''ble NCLT,https://www.bseindia.com/xml-data/corpfiling/AttachLive/ec36dc38-5b8f-4419-8a53-754107ea82ec.pdf,ec36dc38-5b8f-4419-8a53-754107ea82ec,,text/GODIGIT_ec36dc38-5b8f-4419-8a53-754107ea82ec.txt
2026-09-29,HEGAM,HEG Advanced Materials Ltd.,BSE-screener,"Apportionment Of The Cost Of Acquisition Of Equity Shares Of The Company, Betwee",demerger,demerger|scheme_other,"NCLT-approved demerger executed; shareholders receive HEG Graphite shares, with 27.60%/72.40% cost apportionment.",https://www.bseindia.com/xml-data/corpfiling/AttachLive/b6a9a434-753d-4da2-8de3-3658d5b3fb76.pdf,b6a9a434-753d-4da2-8de3-3658d5b3fb76,,text/HEGAM_b6a9a434-753d-4da2-8de3-3658d5b3fb76.txt
2026-09-29,JSWCEMENT,JSW Cement Ltd.,NSE,Scheme of Arrangement,scheme_other,scheme_other,"JSW Cement Limited (the ""Company"") at its meeting held on September 29, 2026, has ,inter alia, subject to approval of the shareholders of the Company, considered and approved the Scheme of Arrangement between Shiva Cement Limited ( SCL or the Transferor Company ) and JSW Cement Limited ( the Transferee Company or JCL or the Company ).",https://nsearchives.nseindia.com/corporate/JSWCL_29092026192108_JCL_Post_BM_Intimation_signed.pdf,106801054,210.78 KB,text/JSWCEMENT_106801054.txt
2026-09-29,JSWCEMENT,JSW Cement Ltd.,NSE,Press Release,scheme_other,scheme_other,"In continuation of our disclosure dated September 29, 2026, we submit herewith a Press Release on the Outcome of the Board Meeting of JSW Cement held on September 29, 2026 Approving Scheme of Arrangement.",https://nsearchives.nseindia.com/corporate/JSWCL_29092026210016_Press_Release_Upload.pdf,106801256,4.06 MB,text/JSWCEMENT_106801256.txt
2026-09-29,JSWCEMENT,JSW Cement Ltd.,BSE-screener,Announcement under Regulation 30 (LODR)-Scheme of Arrangement,merger,merger|scheme_other,"Board approved merger of Shiva Cement into JSW Cement; 5:41 share swap, subject to shareholder and NCLT approvals.",https://www.bseindia.com/xml-data/corpfiling/AttachLive/c683658f-e10d-47ea-948e-4599b15073bd.pdf,c683658f-e10d-47ea-948e-4599b15073bd,,text/JSWCEMENT_c683658f-e10d-47ea-948e-4599b15073bd.txt
2026-09-29,JSWCEMENT,JSW Cement Ltd.,BSE-screener,Announcement under Regulation 30 (LODR)-Press Release / Media Release,merger,merger,"Boards approved merger of Shiva Cement into JSW Cement; shareholders to get 5 shares per 41, completion in 12-14 months.",https://www.bseindia.com/xml-data/corpfiling/AttachLive/cceba6e6-d719-4d44-a374-284fd9615345.pdf,cceba6e6-d719-4d44-a374-284fd9615345,,text/JSWCEMENT_cceba6e6-d719-4d44-a374-284fd9615345.txt
2026-09-29,MAXHEALTH,Max Healthcare Institute Ltd.,BSE-screener,"Disclosure Under Regulation 30 Of The SEBI (LODR) Regulations, 2015",scheme_other,scheme_other,"NCLT hearing on BRS Capital petitions against Kalinga Hospital adjourned to October 29, 2026.",https://www.bseindia.com/xml-data/corpfiling/AttachLive/05828a87-dc47-4378-95a0-9b9f8f451ce0.pdf,05828a87-dc47-4378-95a0-9b9f8f451ce0,,text/MAXHEALTH_05828a87-dc47-4378-95a0-9b9f8f451ce0.txt
2026-09-29,PVRINOX,PVR INOX Ltd.,BSE-screener,"Disclosures under Reg. 29(2) of SEBI (SAST) Regulations, 2011",capital_reduction,capital_reduction,"GFL Limited sold 5,02,200 PVR Inox shares in buyback on September 24, 2026.",https://www.bseindia.com/xml-data/corpfiling/AttachLive/60A936E0_35C8_45BD_A41A_53E9374E1029_111334.pdf,60A936E0_35C8_45BD_A41A_53E9374E1029_111334,,text/PVRINOX_60A936E0_35C8_45BD_A41A_53E9374E1029_111.txt
2026-09-29,TIMETECHNO,Time Technoplast Ltd.,NSE,Scheme of Arrangement,merger,merger|scheme_other,Time Technoplast Limited has informed the Exchange about approval of the scheme of amalgamation (merger by absorption) of TPL Plastech Limited with Time Technoplast Limited and their respective shareholders and creditors.,https://nsearchives.nseindia.com/corporate/TIMETECHNO_29092026204808_Outcome29092026_signed.pdf,106801242,2.61 MB,text/TIMETECHNO_106801242.txt
2026-09-29,TIMETECHNO,Time Technoplast Ltd.,BSE-screener,Board Meeting Outcome for Board Meeting Outcome For Scheme Of Amalgamation (Merg,merger,merger,"Board approved TPL Plastech merger with Time Technoplast effective April 1, 2026; 403:1,000 swap.",https://www.bseindia.com/xml-data/corpfiling/AttachLive/20e144d5-6160-48ac-b16c-38bc2f40d08d.pdf,20e144d5-6160-48ac-b16c-38bc2f40d08d,,text/TIMETECHNO_20e144d5-6160-48ac-b16c-38bc2f40d08d.txt
2026-09-29,TIMETECHNO,Time Technoplast Ltd.,BSE-screener,Announcement under Regulation 30 (LODR)-Scheme of Arrangement,merger,merger|scheme_other,"Board approved merger of TPL Plastech with Time Technoplast, effective April 1, 2026; 403 shares for 1,000.",https://www.bseindia.com/xml-data/corpfiling/AttachLive/d8ae9a9b-2ad5-4aa1-a79e-f50a03f1daa1.pdf,d8ae9a9b-2ad5-4aa1-a79e-f50a03f1daa1,,text/TIMETECHNO_d8ae9a9b-2ad5-4aa1-a79e-f50a03f1daa1.txt
2026-09-30,ADANIENT,Adani Enterprises Ltd.,NSE,Outcome of Board Meeting,rights_issue,rights_issue,"Adani Enterprises Limited has informed the Exchange regarding Outcome of Rights Issue Committee Meeting held on Wednesday September 30, 2026.",https://nsearchives.nseindia.com/corporate/nishant_joshi_adani_com_30092026171121_OutcomeRICommittee30092026.pdf,106802802,448.88 KB,text/ADANIENT_106802802.txt
2026-09-30,AMBUJACEM,Ambuja Cements Ltd.,NSE,Shareholders meeting,merger,merger|scheme_other,"Ambuja Cements Limited has informed the Exchange regarding the Combined Scrutinizer''s Report of NCLT Convened Meeting of Equity Shareholders pursuant to the Order passed by Hon'ble National Company Law Tribunal, Ahmedabad Bench in relation to the Scheme of Amalgamation of ACC Limited with the Company.",https://nsearchives.nseindia.com/corporate/AMBUJACEM_30092026193225_ACL_Consol_Upload.pdf,106803611,2.77 MB,text/AMBUJACEM_106803611.txt
2026-09-30,EMAMILTD,Emami Ltd.,BSE-screener,Announcement under Regulation 30 (LODR)-Daily Buy Back of equity shares,capital_reduction,capital_reduction,Emami bought back 8.30 lakh shares on 30 Sep 2026; cumulative buyback reached 52.67 lakh.,https://www.bseindia.com/xml-data/corpfiling/AttachLive/4cc2ef63-168f-454e-b0fc-ba66aba80088.pdf,4cc2ef63-168f-454e-b0fc-ba66aba80088,,text/EMAMILTD_4cc2ef63-168f-454e-b0fc-ba66aba80088.txt
2026-09-30,GODIGIT,Go Digit General Insurance Ltd.,BSE-screener,Announcement under Regulation 30 (LODR)-Newspaper Publication,scheme_other,scheme_other,Newspaper Publication regarding the Notice convening meeting of Equity shareholders of the Company pursuant to order of the Hon''ble NCLT - Chhatrapati Sambhajinagar edition,https://www.bseindia.com/xml-data/corpfiling/AttachLive/3bdfa897-d2b5-4d20-aab4-b5beb3d03381.pdf,3bdfa897-d2b5-4d20-aab4-b5beb3d03381,,text/GODIGIT_3bdfa897-d2b5-4d20-aab4-b5beb3d03381.txt
2026-09-30,GRAVITA,Gravita India Ltd.,BSE-screener,Announcement under Regulation 30 (LODR)-Issue of Securities,rights_issue,rights_issue,Material subsidiary RMIL approved rights issue to raise about Rs. 94.81 crore for strategic initiatives.,https://www.bseindia.com/xml-data/corpfiling/AttachLive/0876ebd4-2b72-42f4-974f-107610a80dc7.pdf,0876ebd4-2b72-42f4-974f-107610a80dc7,,text/GRAVITA_0876ebd4-2b72-42f4-974f-107610a80dc7.txt
2026-09-30,SUNTV,Sun TV Network Ltd.,NSE,News Verification,demerger,demerger,The Exchange has sought clarification from Sun TV Network Limited with respect to recent news item captioned Possible Demerger of SUN TV's sports division.. The response from the Company is awaited.,-,106801924,0 Bytes,
2026-09-30,SUNTV,Sun TV Network Ltd.,NSE,News Verification,demerger,demerger,The Exchange has sought clarification from Sun TV Network Limited with respect to recent news item captioned Possible Demerger of SUN TV's sports division.. The response from the Company is attached.,https://nsearchives.nseindia.com/corporate/SUNTV1_30092026141339_SunTVreply30092026.pdf,106802173,0 Bytes,text/SUNTV_106802173.txt
2026-09-30,SUNTV,Sun TV Network Ltd.,BSE-screener,Rumour verification - Regulation 30(11),demerger,demerger,Sun TV denies CNBC-TV18 rumor of possible sports division demerger.,https://www.bseindia.com/xml-data/corpfiling/AttachLive/3ba24309-c89e-4952-8d1d-9370bfcfa599.pdf,3ba24309-c89e-4952-8d1d-9370bfcfa599,,text/SUNTV_3ba24309-c89e-4952-8d1d-9370bfcfa599.txt
2026-09-30,TIPSMUSIC,Tips Music Ltd.,NSE,Closure of Buy Back,capital_reduction,capital_reduction,"Tips Music Limited has informed the Exchange regarding Closure of Buy Back with effect from September 30, 2026",https://nsearchives.nseindia.com/corporate/TIPSINDLTD_30092026172745_TIPSMUSIC_POSTPApf.pdf,106803003,252.95 KB,text/TIPSMUSIC_106803003.txt
2026-09-30,TIPSMUSIC,Tips Music Ltd.,BSE-screener,Announcement under Regulation 30 (LODR)-Daily Buy Back of equity shares,capital_reduction,capital_reduction,"September 30, 2026 buyback report: 36,114 shares bought at average INR 655.1380; total 6,71,946 shares.",https://www.bseindia.com/xml-data/corpfiling/AttachLive/64a0fbdf-7db5-45f0-b100-f8b6c709d546.pdf,64a0fbdf-7db5-45f0-b100-f8b6c709d546,,text/TIPSMUSIC_64a0fbdf-7db5-45f0-b100-f8b6c709d546.txt
2026-09-30,TIPSMUSIC,Tips Music Ltd.,BSE-screener,Announcement under Regulation 30 (LODR)-Closure of Buy Back,capital_reduction,capital_reduction,"Tips Music closed its ₹44.5 crore buyback on September 30, 2026 after deploying 99.86% of the size.",https://www.bseindia.com/xml-data/corpfiling/AttachLive/ad5f29d8-cee9-4217-a1fe-3f50deb98d38.pdf,ad5f29d8-cee9-4217-a1fe-3f50deb98d38,,text/TIPSMUSIC_ad5f29d8-cee9-4217-a1fe-3f50deb98d38.txt
2026-10-01,ADVENZYMES,Advanced Enzyme Tech Ltd.,BSE-screener,Announcement under Regulation 30 (LODR)-Daily Buy Back of equity shares,capital_reduction,capital_reduction,Announcement under Regulation 30 (LODR)-Daily Buy Back of equity shares,https://www.bseindia.com/xml-data/corpfiling/AttachLive/c7320147-ffaf-45aa-ab03-682a21eecbfb.pdf,c7320147-ffaf-45aa-ab03-682a21eecbfb,,text/ADVENZYMES_c7320147-ffaf-45aa-ab03-682a21eecbfb.txt
2026-10-01,AMBER,Amber Enterprises India Ltd.,NSE,Amalgamation/Merger,merger,merger|scheme_other,"Pursuant to Regulation 30 of SEBI LODR Regulations, we wish to update the exchange on the Scheme of Amalgamation of AmberPR Technoplast India Private Limited with and into the Company. In context of hearing held on 25th September 2026, the Company has received an order dated 25th September 2026 received on 1st October 2026, passed by Hon'ble National Company Law Tribunal, in CP(CAA) No. 18/Chd/Pb/2026 connected with CA(CAA) No. 11/Chd/Pb/2026.",https://nsearchives.nseindia.com/corporate/AMBER_01102026185615_IntimationDisclosureRegulation30AmberOrderdated25092026.pdf,106805422,707.26 KB,text/AMBER_106805422.txt
2026-10-01,AMBER,Amber Enterprises India Ltd.,BSE-screener,Announcement under Regulation 30 (LODR)-Scheme of Arrangement,merger,merger|scheme_other,NCLT noted no objections from Income Tax and OL on AmberPR merger; next hearing on 23 October 2026.,https://www.bseindia.com/xml-data/corpfiling/AttachLive/8c3498cb-dcec-4256-9438-b81116fa0e7d.pdf,8c3498cb-dcec-4256-9438-b81116fa0e7d,,text/AMBER_8c3498cb-dcec-4256-9438-b81116fa0e7d.txt
2026-10-01,EMAMILTD,Emami Ltd.,BSE-screener,Announcement under Regulation 30 (LODR)-Daily Buy Back of equity shares,capital_reduction,capital_reduction,"Emami bought back 8,55,000 shares on 1 Oct 2026 at ₹374.89; cumulative buyback reached 61,22,000 shares.",https://www.bseindia.com/xml-data/corpfiling/AttachLive/dbcb86c9-6274-43d6-8769-a47d3f4843a3.pdf,dbcb86c9-6274-43d6-8769-a47d3f4843a3,,text/EMAMILTD_dbcb86c9-6274-43d6-8769-a47d3f4843a3.txt
2026-10-01,JSWENERGY,JSW Energy Ltd.,NSE,General Updates,demerger,demerger|scheme_other,"Intimation of receipt of copy of order sanctioning the Scheme of Arrangementbetween GE Power India Limited ( GEPIL or Demerged Company ) and JSW Energy Limited ( Company or Resulting Company ) and their respective shareholders under Sections 230 to 232 and other applicable provisions of the Companies Act, 2013 ( Scheme )",https://nsearchives.nseindia.com/corporate/KRUTIKAJSWEL_01102026210850_SEintimationreceiptoforder_sd.pdf,106805660,259.53 KB,text/JSWENERGY_106805660.txt
2026-10-01,JSWENERGY,JSW Energy Ltd.,BSE-screener,Intimation Of Receipt Of Copy Of Order Sanctioning The Scheme Of Arrangement Bet,demerger,demerger|scheme_other,NCLT sanctioned JSW Energy-GE Power India scheme on 1 October 2026.,https://www.bseindia.com/xml-data/corpfiling/AttachLive/852b617a-3e02-455e-9126-1fa5145a0908.pdf,852b617a-3e02-455e-9126-1fa5145a0908,,text/JSWENERGY_852b617a-3e02-455e-9126-1fa5145a0908.txt
2026-10-01,LUPIN,Lupin Ltd.,NSE,General Updates,capital_reduction,capital_reduction,"Lupin Limited has informed the Exchange about Multicare Pharmaceuticals Philippines, Inc. ('MPPI') has completed buyback of 30,559 shares, pursuant to which MPPI has become a step-down wholly owned subsidiary of the Company effective from October 01, 2026.",https://nsearchives.nseindia.com/corporate/Lupin2_01102026100316_SE_intimation_of_Buyback_completion.pdf,106804263,672.98 KB,text/LUPIN_106804263.txt
2026-10-01,LUPIN,Lupin Ltd.,BSE-screener,"Completion Of Buyback Of Shares By Multicare Pharmaceuticals Philippines, Inc.",capital_reduction,capital_reduction,"On October 1, 2026, MPPI completed buyback of 30,559 shares, becoming wholly owned by Nanomi.",https://www.bseindia.com/xml-data/corpfiling/AttachLive/a6c2c60c-d27f-413f-b189-1a6803efec74.pdf,a6c2c60c-d27f-413f-b189-1a6803efec74,,text/LUPIN_a6c2c60c-d27f-413f-b189-1a6803efec74.txt
2026-10-01,SUNTECK,Sunteck Realty Ltd.,BSE-screener,Board Meeting Outcome for Outcome Of Board Meeting,demerger,demerger,Board approved demerger scheme with Satguru Corporate Services; EY appointed internal auditor till 31 March 2027.,https://www.bseindia.com/xml-data/corpfiling/AttachLive/03d03a6a-631f-4802-bce5-25b5c8f80566.pdf,03d03a6a-631f-4802-bce5-25b5c8f80566,,text/SUNTECK_03d03a6a-631f-4802-bce5-25b5c8f80566.txt
2026-10-01,SUNTECK,Sunteck Realty Ltd.,NSE,Demerger,demerger,demerger|scheme_other,Sunteck Realty Limited has informed the Exchange about Scheme of Arrangement,https://nsearchives.nseindia.com/corporate/SUNTECK_01102026202518_SRL.pdf,106805629,456.39 KB,text/SUNTECK_106805629.txt
2026-10-01,SUNTECK,Sunteck Realty Ltd.,BSE-screener,Announcement under Regulation 30 (LODR)-Change in Management,scheme_other,scheme_other,"On 1 Oct 2026, board approved scheme of arrangement with Satguru Corporate Services and appointed EY as internal auditor.",https://www.bseindia.com/xml-data/corpfiling/AttachLive/3dd2c599-9d90-4988-a216-cab5441c90dd.pdf,3dd2c599-9d90-4988-a216-cab5441c90dd,,text/SUNTECK_3dd2c599-9d90-4988-a216-cab5441c90dd.txt
2026-10-01,SUNTECK,Sunteck Realty Ltd.,BSE-screener,Announcement under Regulation 30 (LODR)-Scheme of Arrangement,demerger,demerger|scheme_other,"Board approved scheme demerging Sunteck City 4th Avenue undertaking from Satguru into Sunteck, subject to approvals.",https://www.bseindia.com/xml-data/corpfiling/AttachLive/da241c15-8b05-4df4-b056-3d11d6ed9a55.pdf,da241c15-8b05-4df4-b056-3d11d6ed9a55,,text/SUNTECK_da241c15-8b05-4df4-b056-3d11d6ed9a55.txt
2026-10-01,TATASTEEL,Tata Steel Ltd.,NSE,Amalgamation/Merger,merger,merger|scheme_other,"Tata Steel Limited has informed the Exchange about Pronouncement of Order by the Hon ble National Company Law Tribunal, Mumbai Bench, approving and sanctioning the Scheme of Amalgamation amongst Tata Steel Limited and Rujuvalika Investments Limited and their respective shareholders",https://nsearchives.nseindia.com/corporate/NIDHIFADNAVIS_01102026205831_BSENSE_-_RIL_Order.pdf,106805654,762.32 KB,text/TATASTEEL_106805654.txt
2026-10-01,TATASTEEL,Tata Steel Ltd.,NSE,Scheme of Arrangement,merger,merger|scheme_other,"Tata Steel Limited has informed the Exchange about Pronouncement of Order by the Hon ble National Company Law Tribunal, Mumbai Bench, approving and sanctioning the Scheme of Amalgamation amongst Tata Steel Limited and Rujuvalika Investments Limited and their respective shareholders",https://nsearchives.nseindia.com/corporate/NIDHIFADNAVIS_01102026210329_BSENSE_-_RIL_Order.pdf,106805657,762.32 KB,text/TATASTEEL_106805657.txt
2026-10-01,TATASTEEL,Tata Steel Ltd.,BSE-screener,Announcement under Regulation 30 (LODR)-Scheme of Arrangement,merger,merger|scheme_other,"NCLT Mumbai approved Tata Steel's amalgamation of wholly owned subsidiary Rujuvalika Investments on October 1, 2026.",https://www.bseindia.com/xml-data/corpfiling/AttachLive/fd5d0d2e-5082-44e3-85fc-c42d83d89113.pdf,fd5d0d2e-5082-44e3-85fc-c42d83d89113,,text/TATASTEEL_fd5d0d2e-5082-44e3-85fc-c42d83d89113.txt
2026-10-01,TIPSMUSIC,Tips Music Ltd.,NSE,Post Buyback Public Announcement,capital_reduction,capital_reduction,Tips Music Limited has informed the Exchange about post Buyback Public Announcement,https://nsearchives.nseindia.com/corporate/TIPSINDLTD_01102026120430_TIPSMUSICpap.pdf,106804505,5.41 MB,text/TIPSMUSIC_106804505.txt
2026-10-01,TIPSMUSIC,Tips Music Ltd.,BSE-screener,Post Buyback Public Announcement,capital_reduction,capital_reduction,"Inga Ventures Pvt Ltd (""Manager to the Buyback Offer"") has submitted to BSE a copy of Post Buyback Public Announcement for the attention of Shareholders …",https://www.bseindia.com/xml-data/corpfiling/AttachLive/3918248F-F31C-4A19-B13F-6504E07B64C4-131921.pdf,3918248F-F31C-4A19-B13F-6504E07B64C4-131921,,text/TIPSMUSIC_3918248F-F31C-4A19-B13F-6504E07B64C4-131.txt
2026-10-01,TIPSMUSIC,Tips Music Ltd.,BSE-screener,Announcement under Regulation 30 (LODR)-Post Buyback Public Announcement,capital_reduction,capital_reduction,"Tips Music published post-buyback advertisement on October 1, 2026 after buyback closure.",https://www.bseindia.com/xml-data/corpfiling/AttachLive/fa11c372-156c-4ffe-a5bd-6d6b55b0d958.pdf,fa11c372-156c-4ffe-a5bd-6d6b55b0d958,,text/TIPSMUSIC_fa11c372-156c-4ffe-a5bd-6d6b55b0d958.txt
2026-10-01,TVSSCS,TVS Supply Chain Solutions Ltd.,NSE,Amalgamation/Merger,merger,merger|scheme_other,"TVS Supply Chain Solutions Limited has informed the Stock exchanges that the Hon'ble National Company Law Tribunal, Bengaluru Bench has Sanctioned the Scheme of Amalgamation.",https://nsearchives.nseindia.com/corporate/CSCOMPLIANCE_01102026165404_SE_Disclosure_-_SPC-_NCLT_ORDER_signed.pdf,106805027,3.79 MB,text/TVSSCS_106805027.txt
2026-10-01,TVSSCS,TVS Supply Chain Solutions Ltd.,BSE-screener,Announcement under Regulation 30 (LODR)-Scheme of Arrangement,merger,merger|scheme_other,NCLT Bengaluru sanctioned SPC International merger scheme; effective after ROC filings.,https://www.bseindia.com/xml-data/corpfiling/AttachLive/7a62b9ea-bf36-4e1a-81cb-2c6e6f7844f3.pdf,7a62b9ea-bf36-4e1a-81cb-2c6e6f7844f3,,text/TVSSCS_7a62b9ea-bf36-4e1a-81cb-2c6e6f7844f3.txt
2026-10-03,WIPRO,Wipro Ltd.,NSE,Amalgamation/Merger,merger,merger,"Wipro Limited has informed the Exchange that pursuant to Regulation 30 read with Para A of Part A of Schedule III of the SEBI (Listing Obligations and Disclosure Requirements) Regulations, 2015, it is informed that merger of Wipro VLSI Design Services, LLC (step-down subsidiary) into Wipro IT Services, LLC (step-down subsidiary) is completed and is effective from October 1, 2026 (Eastern Time). The Company received intimation to this effect on October 3, 2026.",https://nsearchives.nseindia.com/corporate/Wipro_Secretarial_03102026155257_Reg30SEIntimation03102026.pdf,106806255,239.97 KB,text/WIPRO_106806255.txt
2026-10-05,ADVENZYMES,Advanced Enzyme Tech Ltd.,BSE-screener,Announcement under Regulation 30 (LODR)-Daily Buy Back of equity shares,capital_reduction,capital_reduction,Announcement under Regulation 30 (LODR)-Daily Buy Back of equity shares,https://www.bseindia.com/xml-data/corpfiling/AttachLive/6735a316-8ae0-4fbd-aefc-4b83a3c5d354.pdf,6735a316-8ae0-4fbd-aefc-4b83a3c5d354,,text/ADVENZYMES_6735a316-8ae0-4fbd-aefc-4b83a3c5d354.txt
2026-10-05,AGARWALEYE,Dr. Agarwal's Health Care Ltd.,NSE,Amalgamation/Merger,merger,merger|scheme_other,"Dr. Agarwal's Health Care Limited has informed the Exchange about the receipt of Sanction from the Hon'ble NCLT, Chennai Bench towards the Scheme of Amalgamation between Dr. Agarwal s Eye Hospital Limited and Dr. Agarwal s Health Care Limited and their respective shareholders and creditors.",https://nsearchives.nseindia.com/corporate/DRAGARWALS_05102026224943_C45_AHCL_NCLT_Sanction_Order_sd.pdf,106807600,359.79 KB,text/AGARWALEYE_106807600.txt
2026-10-05,AGARWALEYE,Dr. Agarwal's Health Care Ltd.,BSE-screener,Announcement under Regulation 30 (LODR)-Scheme of Arrangement,merger,merger|scheme_other,"NCLT sanctioned amalgamation of AEHL with and into AHCL; effective date April 1, 2026.",https://www.bseindia.com/xml-data/corpfiling/AttachLive/8458904e-7495-496a-bfed-e190c60cd94a.pdf,8458904e-7495-496a-bfed-e190c60cd94a,,text/AGARWALEYE_8458904e-7495-496a-bfed-e190c60cd94a.txt
2026-10-05,APOLLO,Apollo Micro Systems Ltd.,NSE,Updates,rights_issue,rights_issue,Cumulative Capital Private Limited has Submitted to the Exchange a copy of Letter of Offer.,https://nsearchives.nseindia.com/corporate/team_sandeshc_05102026105341_APOLLO.zip,106806672,22.81 MB,
2026-10-05,EMAMILTD,Emami Ltd.,BSE-screener,Announcement under Regulation 30 (LODR)-Daily Buy Back of equity shares,capital_reduction,capital_reduction,"Emami bought back 6,50,000 shares on 5 Oct 2026 at ₹375.94; cumulative buyback reached 67,72,000 shares.",https://www.bseindia.com/xml-data/corpfiling/AttachLive/44f34ae1-f4ce-4988-a334-6bbf04d61fb4.pdf,44f34ae1-f4ce-4988-a334-6bbf04d61fb4,,text/EMAMILTD_44f34ae1-f4ce-4988-a334-6bbf04d61fb4.txt
2026-10-05,GESHIP,Great Eastern Shipping Co. Ltd.,BSE-screener,Announcement under Regulation 30 (LODR)-Daily Buy Back of equity shares,capital_reduction,capital_reduction,Announcement under Regulation 30 (LODR)-Daily Buy Back of equity shares,https://www.bseindia.com/xml-data/corpfiling/AttachLive/3b869d7c-f257-47bb-a696-346fb555ceeb.pdf,3b869d7c-f257-47bb-a696-346fb555ceeb,,text/GESHIP_3b869d7c-f257-47bb-a696-346fb555ceeb.txt
2026-10-05,PVRINOX,PVR INOX Ltd.,NSE,Closure of Buy Back,capital_reduction,capital_reduction,"PVR INOX Limited has informed the Exchange about Completion of extinguishment of 20,68,965 Equity Shares of the Company pursuant to Buyback.",https://nsearchives.nseindia.com/corporate/PVRINOXLTD_05102026191017_PVRINOXExtinguishmentCertificate05102026.pdf,106807424,2.78 MB,text/PVRINOX_106807424.txt
2026-10-05,PVRINOX,PVR INOX Ltd.,BSE-screener,Announcement under Regulation 30 (LODR)-Closure of Buy Back,capital_reduction,capital_reduction,"PVR INOX extinguished 20,68,965 shares after buyback; post-capital now 9,61,30,997 shares.",https://www.bseindia.com/xml-data/corpfiling/AttachLive/51260852-2044-4845-a773-ca269b43f01d.pdf,51260852-2044-4845-a773-ca269b43f01d,,text/PVRINOX_51260852-2044-4845-a773-ca269b43f01d.txt
2026-10-06,ADVENZYMES,Advanced Enzyme Tech Ltd.,BSE-screener,Announcement under Regulation 30 (LODR)-Daily Buy Back of equity shares,capital_reduction,capital_reduction,"October 6, 2026 buyback report: 26,000 shares bought at ₹276.1955; cumulative 17,69,324 shares.",https://www.bseindia.com/xml-data/corpfiling/AttachLive/ba76db2e-93fa-4874-ae1e-b0d1d2b154a5.pdf,ba76db2e-93fa-4874-ae1e-b0d1d2b154a5,,text/ADVENZYMES_ba76db2e-93fa-4874-ae1e-b0d1d2b154a5.txt
2026-10-06,EMAMILTD,Emami Ltd.,BSE-screener,Announcement under Regulation 30 (LODR)-Daily Buy Back of equity shares,capital_reduction,capital_reduction,"Emami bought back 5,28,000 shares on 6 Oct 2026 at ₹379.49; cumulative buyback reached 73,00,000 shares.",https://www.bseindia.com/xml-data/corpfiling/AttachLive/6fd8db57-35cc-440c-8b39-ae1ce1e9290f.pdf,6fd8db57-35cc-440c-8b39-ae1ce1e9290f,,text/EMAMILTD_6fd8db57-35cc-440c-8b39-ae1ce1e9290f.txt
2026-10-06,GESHIP,Great Eastern Shipping Co. Ltd.,BSE-screener,Announcement under Regulation 30 (LODR)-Daily Buy Back of equity shares,capital_reduction,capital_reduction,Announcement under Regulation 30 (LODR)-Daily Buy Back of equity shares,https://www.bseindia.com/xml-data/corpfiling/AttachLive/5b796080-3157-4311-b8c2-42244613002a.pdf,5b796080-3157-4311-b8c2-42244613002a,,text/GESHIP_5b796080-3157-4311-b8c2-42244613002a.txt
2026-10-06,INDIAGLYCO,India Glycols Ltd.,NSE,Updates,demerger,demerger|scheme_other,"India Glycols Limited has informed the Exchange regarding 'Apportionment of Cost of Acquisition of Equity Shares of India GlycolsLimited ( Demerged Company / the Company ), Ennature Bio PharmaLimited ( Resulting Company 1 ) and IGL Spirits Limited ( ResultingCompany 2 ) pursuant to Scheme of Arrangement amongst theCompany, Resulting Company 1 and Resulting Company 2 and theirrespective shareholders ( Scheme / Scheme of Arrangement )'.",https://nsearchives.nseindia.com/corporate/INDIAGLYCO_06102026180443_Apportionment_of_Cost_of_Acquisition.pdf,106808685,192.18 KB,text/INDIAGLYCO_106808685.txt
2026-10-06,INDIAGLYCO,India Glycols Ltd.,BSE-screener,Apportionment Of Cost Of Acquisition Of Equity Shares Of India Glycols Limited (,demerger,demerger|scheme_other,Resulting Company 2 And Their Respective Shareholders ('Scheme'/'Scheme Of Arrangement') 6 Oct - India Glycols shares apportioned 31.77%/20.61%/47.62% across demerged and resulting companies.,https://www.bseindia.com/xml-data/corpfiling/AttachLive/67e7368c-4760-424d-a45e-87a0f21ece19.pdf,67e7368c-4760-424d-a45e-87a0f21ece19,,text/INDIAGLYCO_67e7368c-4760-424d-a45e-87a0f21ece19.txt
2026-10-06,LAURUSLABS,Laurus Labs Ltd.,BSE-screener,Announcement under Regulation 30 (LODR)-Updates on Acquisition,rights_issue,rights_issue,Laurus Labs invested ₹12.10 crore in KRPL rights issue; stake remains 26%.,https://www.bseindia.com/xml-data/corpfiling/AttachLive/b8532ed8-a540-439d-af0b-ea5a7ca6551c.pdf,b8532ed8-a540-439d-af0b-ea5a7ca6551c,,text/LAURUSLABS_b8532ed8-a540-439d-af0b-ea5a7ca6551c.txt
2026-10-06,OLAELEC,Ola Electric Mobility Ltd.,BSE-screener,Update on board meeting,rights_issue,rights_issue,"Board meets October 7, 2026 to approve ₹1,000 crore rights issue terms after exchange in-principle approval.",https://www.bseindia.com/xml-data/corpfiling/AttachLive/622d8a18-8c1e-4411-ba53-b4ceaf6a41d4.pdf,622d8a18-8c1e-4411-ba53-b4ceaf6a41d4,,text/OLAELEC_622d8a18-8c1e-4411-ba53-b4ceaf6a41d4.txt
2026-10-06,PRIVISCL,Privi Speciality Chemicals Ltd.,BSE-screener,Notice Of Meeting Of Equity Shareholders (Meeting) Of The Company Convened In Ac,merger,merger|scheme_other,NCLT ordered shareholder meeting on 27 October 2026 for Privi amalgamation scheme.,https://www.bseindia.com/xml-data/corpfiling/AttachLive/073d6e35-29c4-4102-80ea-43c4d43fbb1f.pdf,073d6e35-29c4-4102-80ea-43c4d43fbb1f,,text/PRIVISCL_073d6e35-29c4-4102-80ea-43c4d43fbb1f.txt
2026-10-06,PRIVISCL,Privi Speciality Chemicals Ltd.,NSE,General Updates,merger,merger,"Privi Speciality Chemicals Limited has informed the Exchange about Notice of Meeting of Equity Shareholders (Meeting) of the Company in the matter of Scheme of Amalgamation scheduled to be held on on Tuesday, October 27, 2026, at 12.30 p.m.",https://nsearchives.nseindia.com/corporate/FAIRCHEMDP_06102026111909_NoticetoNSE.pdf,106807972,18.69 MB,text/PRIVISCL_106807972.txt
2026-10-07,ADVENZYMES,Advanced Enzyme Tech Ltd.,BSE-screener,Corporate Action-Updates on Buy back,capital_reduction,capital_reduction,"Advanced Enzyme extinguished 8,88,296 bought-back shares on October 7, 2026 under ongoing buyback.",https://www.bseindia.com/xml-data/corpfiling/AttachLive/0fb9730b-ba01-42d4-9094-5873fe2d55b1.pdf,0fb9730b-ba01-42d4-9094-5873fe2d55b1,,text/ADVENZYMES_0fb9730b-ba01-42d4-9094-5873fe2d55b1.txt
2026-10-07,ADVENZYMES,Advanced Enzyme Tech Ltd.,BSE-screener,Announcement under Regulation 30 (LODR)-Daily Buy Back of equity shares,capital_reduction,capital_reduction,"Advanced Enzyme bought back 26,000 shares on Oct 7, 2026; cumulative buyback reached 17,95,324 shares.",https://www.bseindia.com/xml-data/corpfiling/AttachLive/3bb2b0c1-2724-4dc8-b097-ef0c70dfa0d8.pdf,3bb2b0c1-2724-4dc8-b097-ef0c70dfa0d8,,text/ADVENZYMES_3bb2b0c1-2724-4dc8-b097-ef0c70dfa0d8.txt
2026-10-07,EMAMILTD,Emami Ltd.,BSE-screener,Announcement under Regulation 30 (LODR)-Daily Buy Back of equity shares,capital_reduction,capital_reduction,"Emami reported buyback daily update for 7 Oct 2026; no shares bought, cumulative buyback remains 73,00,000.",https://www.bseindia.com/xml-data/corpfiling/AttachLive/e054d225-0205-49e8-9715-961ae21b7fbb.pdf,e054d225-0205-49e8-9715-961ae21b7fbb,,text/EMAMILTD_e054d225-0205-49e8-9715-961ae21b7fbb.txt
2026-10-07,GESHIP,Great Eastern Shipping Co. Ltd.,BSE-screener,Announcement under Regulation 30 (LODR)-Daily Buy Back of equity shares,capital_reduction,capital_reduction,Announcement under Regulation 30 (LODR)-Daily Buy Back of equity shares,https://www.bseindia.com/xml-data/corpfiling/AttachLive/2cd7c685-1760-489b-9f5d-f503b3504b60.pdf,2cd7c685-1760-489b-9f5d-f503b3504b60,,text/GESHIP_2cd7c685-1760-489b-9f5d-f503b3504b60.txt
2026-10-07,INOXGREEN,Inox Green Energy Services Ltd.,NSE,Press Release,slump_sale,slump_sale,"Inox Green Energy Services Limited has informed the Exchange regarding a press release dated October 07, 2026, titled ""Inox Green Completes payment for the transfer of Wind World India s 4.5 GW Wind O&M Business as per the Business Transfer Agreement"".",https://nsearchives.nseindia.com/corporate/IGESL_07102026074723_IGESL__PR_STXs_dsc.pdf,106809137,448.88 KB,text/INOXGREEN_106809137.txt
2026-10-07,INOXGREEN,Inox Green Energy Services Ltd.,BSE-screener,Update On The Resolution Plan For Wind World (India) Limited And Investment In V,slump_sale,slump_sale,Vibhav signed BTA with WWIL and paid Rs 550 crore for O&M business acquisition.,https://www.bseindia.com/xml-data/corpfiling/AttachLive/d3241df5-32e2-4476-8075-bb5ed130e697.pdf,d3241df5-32e2-4476-8075-bb5ed130e697,,text/INOXGREEN_d3241df5-32e2-4476-8075-bb5ed130e697.txt
2026-10-07,MAHSEAMLES,Maharashtra Seamless Ltd.,NSE,Scheme of Arrangement,scheme_other,scheme_other,Maharashtra Seamless Limited has informed the Exchange about Scheme of Arrangement,https://nsearchives.nseindia.com/corporate/MAHSEAMLES_07102026172556_MSLIntimationDemerger.pdf,106810015,431.05 KB,text/MAHSEAMLES_106810015.txt
2026-10-07,MAHSEAMLES,Maharashtra Seamless Ltd.,BSE-screener,Announcement under Regulation 30 (LODR)-Scheme of Arrangement,demerger,demerger|scheme_other,Board approved demerger of two undertakings into MSTL and USL; appointed date 1 Oct 2026.,https://www.bseindia.com/xml-data/corpfiling/AttachLive/627a4417-07de-4efe-bd9e-ea6a236cc447.pdf,627a4417-07de-4efe-bd9e-ea6a236cc447,,text/MAHSEAMLES_627a4417-07de-4efe-bd9e-ea6a236cc447.txt
2026-10-07,OLAELEC,Ola Electric Mobility Ltd.,NSE,Rights Issue,rights_issue,rights_issue,"Ola Electric Mobility Limited has informed the Exchange that Board of Directors at its meeting held on October 07, 2026, has decided to issue equity shares on rights basis in the ratio of 2 : 25, i.e 2 Equity Shares for every 25 Equity Shares held at an Issue Price of Rs. 27 per share.",https://nsearchives.nseindia.com/corporate/OLAELECTRIC_07102026185359_OutcomeRightsIssueOctober072026.pdf,106810214,337.67 KB,text/OLAELEC_106810214.txt
2026-10-07,OLAELEC,Ola Electric Mobility Ltd.,NSE,Record Date,rights_issue,rights_issue,Ola Electric Mobility Limited has informed the Exchange that Record date for the purpose of Rights Issue is 13-Oct-2026.,https://nsearchives.nseindia.com/corporate/OLAELECTRIC_07102026185643_OutcomeRightsIssueOctober072026.pdf,106810219,337.67 KB,text/OLAELEC_106810219.txt
2026-10-07,OLAELEC,Ola Electric Mobility Ltd.,NSE,Updates,rights_issue,rights_issue,Ola Electric Mobility Limited has informed the Exchange regarding 'Submission of Letter of Offer for Rights Issue of partly paid-up Equity Shares of Ola Electric Mobility Limited'.,https://nsearchives.nseindia.com/corporate/OLAELECTRIC_07102026235805_IntimationLetterofOfferOctober072026.pdf,106810550,2.65 MB,text/OLAELEC_106810550.txt
2026-10-07,OLAELEC,Ola Electric Mobility Ltd.,BSE-screener,"Company Statement Dated October 07, 2026",rights_issue,rights_issue,"Board approved rights issue up to ₹1,000 crore at ₹27 per share, payable in two calls.",https://www.bseindia.com/xml-data/corpfiling/AttachLive/42675485-6121-4111-b1b3-83002c64f9eb.pdf,42675485-6121-4111-b1b3-83002c64f9eb,,text/OLAELEC_42675485-6121-4111-b1b3-83002c64f9eb.txt
2026-10-07,OLAELEC,Ola Electric Mobility Ltd.,BSE-screener,"Intimation Of Record Date For The Purpose Of Rights Issue Is October 13, 2026",rights_issue,rights_issue,"Board approved ₹999.74 crore rights issue at ₹27; record date October 13, 2026, opens October 22.",https://www.bseindia.com/xml-data/corpfiling/AttachLive/9e125ec1-598d-417c-9cd8-940fd1d9ee2b.pdf,9e125ec1-598d-417c-9cd8-940fd1d9ee2b,,text/OLAELEC_9e125ec1-598d-417c-9cd8-940fd1d9ee2b.txt
2026-10-07,OLAELEC,Ola Electric Mobility Ltd.,BSE-screener,Board Meeting Outcome for Outcome Of The Meeting Of The Board Of Ola Electric Mo,rights_issue,rights_issue,"Board approved ₹1,000 crore rights issue at ₹27/share; record date October 13, 2026.",https://www.bseindia.com/xml-data/corpfiling/AttachLive/c7924b90-5408-4851-ae0d-41d7f22db7fd.pdf,c7924b90-5408-4851-ae0d-41d7f22db7fd,,text/OLAELEC_c7924b90-5408-4851-ae0d-41d7f22db7fd.txt
2026-10-07,OLAELEC,Ola Electric Mobility Ltd.,BSE-screener,Submission Of Letter Of Offer For Rights Issue Of Partly Paid-Up Equity Shares O,rights_issue,rights_issue,"Ola Electric filed LOF for ₹999.74 crore rights issue on October 7, 2026; record date October 13.",https://www.bseindia.com/xml-data/corpfiling/AttachLive/d3473aa8-ff46-4d87-90ef-3eee53687884.pdf,d3473aa8-ff46-4d87-90ef-3eee53687884,,text/OLAELEC_d3473aa8-ff46-4d87-90ef-3eee53687884.txt
2026-10-07,POLYCAB,Polycab India Ltd.,BSE-screener,"Disclosure Under Regulation 30 Of SEBI (LODR) Regulations, 2015",scheme_other,scheme_other,NCLT admitted CIRP petition against Polycab for ₹2.79 crore operational debt; company plans to appeal.,https://www.bseindia.com/xml-data/corpfiling/AttachLive/0642c007-0688-4bcf-aab0-5b77cfd3dd5c.pdf,0642c007-0688-4bcf-aab0-5b77cfd3dd5c,,text/POLYCAB_0642c007-0688-4bcf-aab0-5b77cfd3dd5c.txt
2026-10-07,POLYCAB,Polycab India Ltd.,NSE,General Updates,scheme_other,scheme_other,Polycab India Limited has informed the Exchange about intimation of NCLT order,https://nsearchives.nseindia.com/corporate/POLYCAB_07102026224543_Intimationtostockexchange.pdf,106810424,264.58 KB,text/POLYCAB_106810424.txt
