date,bse_code,company,headline,link
2026-10-08,9002050,Mirae Asset Nifty LargeMidcap 250 Index Fund - Regular Plan - IDCW REINVESTMENT (9002050),NAV Upload - 07.10.2026,https://www.bseindia.com/xml-data/corpfiling/AttachLive/04949eec-9c6f-4be4-be7a-1424dfa28fe8.pdf
2026-10-08,9002049,Mirae Asset Nifty LargeMidcap 250 Index Fund - Regular Plan - IDCW PAYOUT (9002049),NAV Upload - 07.10.2026,https://www.bseindia.com/xml-data/corpfiling/AttachLive/04949eec-9c6f-4be4-be7a-1424dfa28fe8.pdf
2026-10-08,9002048,Mirae Asset Nifty LargeMidcap 250 Index Fund - Regular Plan - Growth (9002048),NAV Upload - 07.10.2026,https://www.bseindia.com/xml-data/corpfiling/AttachLive/04949eec-9c6f-4be4-be7a-1424dfa28fe8.pdf
2026-10-08,9002047,Mirae Asset Nifty LargeMidcap 250 Index Fund - Direct Plan - Growth (9002047),NAV Upload - 07.10.2026,https://www.bseindia.com/xml-data/corpfiling/AttachLive/04949eec-9c6f-4be4-be7a-1424dfa28fe8.pdf
2026-10-08,9002046,Mirae Asset Nifty LargeMidcap 250 Index Fund - Direct Plan - IDCW REINVESTMENT (9002046),NAV Upload - 07.10.2026,https://www.bseindia.com/xml-data/corpfiling/AttachLive/04949eec-9c6f-4be4-be7a-1424dfa28fe8.pdf
2026-10-08,9002045,Mirae Asset Nifty LargeMidcap 250 Index Fund - Direct Plan - IDCW PAYOUT (9002045),NAV Upload - 07.10.2026,https://www.bseindia.com/xml-data/corpfiling/AttachLive/04949eec-9c6f-4be4-be7a-1424dfa28fe8.pdf
2026-10-08,9002043,Mirae Asset Nifty Total Market Index Fund - Regular Plan - IDCW REINVESTMENT (9002043),NAV Upload - 07.10.2026,https://www.bseindia.com/xml-data/corpfiling/AttachLive/04949eec-9c6f-4be4-be7a-1424dfa28fe8.pdf
2026-10-08,9002042,Mirae Asset Nifty Total Market Index Fund - Regular Plan - IDCW PAYOUT (9002042),NAV Upload - 07.10.2026,https://www.bseindia.com/xml-data/corpfiling/AttachLive/04949eec-9c6f-4be4-be7a-1424dfa28fe8.pdf
2026-10-08,9002041,Mirae Asset Nifty Total Market Index Fund - Regular Plan - Growth (9002041),NAV Upload - 07.10.2026,https://www.bseindia.com/xml-data/corpfiling/AttachLive/04949eec-9c6f-4be4-be7a-1424dfa28fe8.pdf
2026-10-08,9002040,Mirae Asset Nifty Total Market Index Fund - Direct Plan - IDCW REINVESTMENT (9002040),NAV Upload - 07.10.2026,https://www.bseindia.com/xml-data/corpfiling/AttachLive/04949eec-9c6f-4be4-be7a-1424dfa28fe8.pdf
2026-10-08,9002039,Mirae Asset Nifty Total Market Index Fund - Direct Plan - IDCW PAYOUT (9002039),NAV Upload - 07.10.2026,https://www.bseindia.com/xml-data/corpfiling/AttachLive/04949eec-9c6f-4be4-be7a-1424dfa28fe8.pdf
2026-10-08,9002038,Mirae Asset Nifty Total Market Index Fund - Direct Plan - Growth (9002038),NAV Upload - 07.10.2026,https://www.bseindia.com/xml-data/corpfiling/AttachLive/04949eec-9c6f-4be4-be7a-1424dfa28fe8.pdf
2026-10-08,9002037,Mirae Asset Nifty 50 Index Fund - Regular Plan - IDCW REINVESTMENT (9002037),NAV Upload - 07.10.2026,https://www.bseindia.com/xml-data/corpfiling/AttachLive/04949eec-9c6f-4be4-be7a-1424dfa28fe8.pdf
2026-10-08,9002036,Mirae Asset Nifty 50 Index Fund - Regular Plan - IDCW payout (9002036),NAV Upload - 07.10.2026,https://www.bseindia.com/xml-data/corpfiling/AttachLive/04949eec-9c6f-4be4-be7a-1424dfa28fe8.pdf
2026-10-08,9002035,Mirae Asset Nifty 50 Index Fund - Regular Plan - Growth (9002035),NAV Upload - 07.10.2026,https://www.bseindia.com/xml-data/corpfiling/AttachLive/04949eec-9c6f-4be4-be7a-1424dfa28fe8.pdf
2026-10-08,9002034,Mirae Asset Nifty 50 Index Fund - Direct Plan - Growth (9002034),NAV Upload - 07.10.2026,https://www.bseindia.com/xml-data/corpfiling/AttachLive/04949eec-9c6f-4be4-be7a-1424dfa28fe8.pdf
2026-10-08,9002033,Mirae Asset Nifty 50 Index Fund - Direct Plan - IDCW PAYOUT (9002033),NAV Upload - 07.10.2026,https://www.bseindia.com/xml-data/corpfiling/AttachLive/04949eec-9c6f-4be4-be7a-1424dfa28fe8.pdf
2026-10-08,9002032,Mirae Asset Nifty 50 Index Fund - Direct Plan - IDCW REINVESTMENT (9002032),NAV Upload - 07.10.2026,https://www.bseindia.com/xml-data/corpfiling/AttachLive/04949eec-9c6f-4be4-be7a-1424dfa28fe8.pdf
2026-10-08,9001612,Mirae Asset Multi Asset Allocation Fund - Regular Plan - IDCW REINVESTMENT  (9001612),NAV Upload - 07.10.2026,https://www.bseindia.com/xml-data/corpfiling/AttachLive/04949eec-9c6f-4be4-be7a-1424dfa28fe8.pdf
2026-10-08,9001611,Mirae Asset Multi Asset Allocation Fund - Regular Plan - IDCW PAYOUT (9001611),NAV Upload - 07.10.2026,https://www.bseindia.com/xml-data/corpfiling/AttachLive/04949eec-9c6f-4be4-be7a-1424dfa28fe8.pdf
2026-10-08,9001610,Mirae Asset Multi Asset Allocation Fund - Regular Plan - Growth (9001610),NAV Upload - 07.10.2026,https://www.bseindia.com/xml-data/corpfiling/AttachLive/04949eec-9c6f-4be4-be7a-1424dfa28fe8.pdf
2026-10-08,9001609,Mirae Asset Multi Asset Allocation Fund - Direct Plan - IDCW REINVESTMENT  (9001609),NAV Upload - 07.10.2026,https://www.bseindia.com/xml-data/corpfiling/AttachLive/04949eec-9c6f-4be4-be7a-1424dfa28fe8.pdf
2026-10-08,9001608,Mirae Asset Multi Asset Allocation Fund - Direct Plan - IDCW PAYOUT (9001608),NAV Upload - 07.10.2026,https://www.bseindia.com/xml-data/corpfiling/AttachLive/04949eec-9c6f-4be4-be7a-1424dfa28fe8.pdf
2026-10-08,9001607,Mirae Asset Multi Asset Allocation Fund - Direct Plan - Growth (9001607),NAV Upload - 07.10.2026,https://www.bseindia.com/xml-data/corpfiling/AttachLive/04949eec-9c6f-4be4-be7a-1424dfa28fe8.pdf
2026-10-08,9001606,Mirae Asset Multicap Fund - Regular Plan - IDCW REINVESTMENT (9001606),NAV Upload - 07.10.2026,https://www.bseindia.com/xml-data/corpfiling/AttachLive/04949eec-9c6f-4be4-be7a-1424dfa28fe8.pdf
2026-10-08,9001605,Mirae Asset Multicap Fund - Regular Plan - IDCW PAYOUT (9001605),NAV Upload - 07.10.2026,https://www.bseindia.com/xml-data/corpfiling/AttachLive/04949eec-9c6f-4be4-be7a-1424dfa28fe8.pdf
2026-10-08,9001604,Mirae Asset Multicap Fund - Regular Plan - Growth (9001604),NAV Upload - 07.10.2026,https://www.bseindia.com/xml-data/corpfiling/AttachLive/04949eec-9c6f-4be4-be7a-1424dfa28fe8.pdf
2026-10-08,9001603,Mirae Asset Multicap Fund - Direct Plan - IDCW REINVESTMENT  (9001603),NAV Upload - 07.10.2026,https://www.bseindia.com/xml-data/corpfiling/AttachLive/04949eec-9c6f-4be4-be7a-1424dfa28fe8.pdf
2026-10-08,9001602,Mirae Asset Multicap Fund - Direct Plan - IDCW PAYOUT (9001602),NAV Upload - 07.10.2026,https://www.bseindia.com/xml-data/corpfiling/AttachLive/04949eec-9c6f-4be4-be7a-1424dfa28fe8.pdf
2026-10-08,9001601,Mirae Asset Multicap Fund - Direct Plan - Growth (9001601),NAV Upload - 07.10.2026,https://www.bseindia.com/xml-data/corpfiling/AttachLive/04949eec-9c6f-4be4-be7a-1424dfa28fe8.pdf
2026-10-08,9001563,Mirae Asset Nifty SDL June 2028 Index Fund - Regular Plan - IDCW REINVESTMENT (9001563),NAV Upload - 07.10.2026,https://www.bseindia.com/xml-data/corpfiling/AttachLive/04949eec-9c6f-4be4-be7a-1424dfa28fe8.pdf
2026-10-08,9001562,Mirae Asset Nifty SDL June 2028 Index Fund - Regular Plan - IDCW PAYOUT (9001562),NAV Upload - 07.10.2026,https://www.bseindia.com/xml-data/corpfiling/AttachLive/04949eec-9c6f-4be4-be7a-1424dfa28fe8.pdf
2026-10-08,9001561,Mirae Asset Nifty SDL June 2028 Index Fund - Regular Plan - Growth (9001561),NAV Upload - 07.10.2026,https://www.bseindia.com/xml-data/corpfiling/AttachLive/04949eec-9c6f-4be4-be7a-1424dfa28fe8.pdf
2026-10-08,9001560,Mirae Asset Nifty SDL June 2028 Index Fund - Direct Plan - IDCW REINVESTMENT (9001560),NAV Upload - 07.10.2026,https://www.bseindia.com/xml-data/corpfiling/AttachLive/04949eec-9c6f-4be4-be7a-1424dfa28fe8.pdf
2026-10-08,9001559,Mirae Asset Nifty SDL June 2028 Index Fund - Direct Plan - IDCW PAYOUT (9001559),NAV Upload - 07.10.2026,https://www.bseindia.com/xml-data/corpfiling/AttachLive/04949eec-9c6f-4be4-be7a-1424dfa28fe8.pdf
2026-10-08,9001558,Mirae Asset Nifty SDL June 2028 Index Fund - Direct Plan - Growth (9001558),NAV Upload - 07.10.2026,https://www.bseindia.com/xml-data/corpfiling/AttachLive/04949eec-9c6f-4be4-be7a-1424dfa28fe8.pdf
2026-10-08,9001557,Mirae Asset Flexi Cap Fund - Regular Plan - IDCW REINVESTMENT (9001557),NAV Upload - 07.10.2026,https://www.bseindia.com/xml-data/corpfiling/AttachLive/04949eec-9c6f-4be4-be7a-1424dfa28fe8.pdf
2026-10-08,9001556,Mirae Asset Flexi Cap Fund - Regular Plan - IDCW PAYOUT (9001556),NAV Upload - 07.10.2026,https://www.bseindia.com/xml-data/corpfiling/AttachLive/04949eec-9c6f-4be4-be7a-1424dfa28fe8.pdf
2026-10-08,9001555,Mirae Asset Flexi Cap Fund - Regular Plan - Growth (9001555),NAV Upload - 07.10.2026,https://www.bseindia.com/xml-data/corpfiling/AttachLive/04949eec-9c6f-4be4-be7a-1424dfa28fe8.pdf
2026-10-08,9001554,Mirae Asset Flexi Cap Fund - Direct Plan - IDCW REINVESTMENT (9001554),NAV Upload - 07.10.2026,https://www.bseindia.com/xml-data/corpfiling/AttachLive/04949eec-9c6f-4be4-be7a-1424dfa28fe8.pdf
2026-10-08,9001553,Mirae Asset Flexi Cap Fund - Direct Plan - IDCW PAYOUT (9001553),NAV Upload - 07.10.2026,https://www.bseindia.com/xml-data/corpfiling/AttachLive/04949eec-9c6f-4be4-be7a-1424dfa28fe8.pdf
2026-10-08,9001552,Mirae Asset Flexi Cap Fund - Direct Plan - Growth  (9001552),NAV Upload - 07.10.2026,https://www.bseindia.com/xml-data/corpfiling/AttachLive/04949eec-9c6f-4be4-be7a-1424dfa28fe8.pdf
2026-10-08,9001551,Mirae Asset Large Cap Fund - Regular Plan - IDCW REINVESTMENT (9001551),NAV Upload - 07.10.2026,https://www.bseindia.com/xml-data/corpfiling/AttachLive/04949eec-9c6f-4be4-be7a-1424dfa28fe8.pdf
2026-10-08,9001550,Mirae Asset Large Cap Fund - Regular Plan - IDCW PAYOUT (9001550),NAV Upload - 07.10.2026,https://www.bseindia.com/xml-data/corpfiling/AttachLive/04949eec-9c6f-4be4-be7a-1424dfa28fe8.pdf
2026-10-08,9001549,Mirae Asset Large Cap Fund - Regular Plan - Growth (9001549),NAV Upload - 07.10.2026,https://www.bseindia.com/xml-data/corpfiling/AttachLive/04949eec-9c6f-4be4-be7a-1424dfa28fe8.pdf
2026-10-08,9001548,Mirae Asset Large Cap Fund - Direct Plan - IDCW REINVESTMENT  (9001548),NAV Upload - 07.10.2026,https://www.bseindia.com/xml-data/corpfiling/AttachLive/04949eec-9c6f-4be4-be7a-1424dfa28fe8.pdf
2026-10-08,9001547,Mirae Asset Large Cap Fund - Direct Plan - IDCW PAYOUT (9001547),NAV Upload - 07.10.2026,https://www.bseindia.com/xml-data/corpfiling/AttachLive/04949eec-9c6f-4be4-be7a-1424dfa28fe8.pdf
2026-10-08,9001546,Mirae Asset Large Cap Fund - Direct Plan - Growth (9001546),NAV Upload - 07.10.2026,https://www.bseindia.com/xml-data/corpfiling/AttachLive/04949eec-9c6f-4be4-be7a-1424dfa28fe8.pdf
2026-10-08,9001528,Mirae Asset Great Consumer Fund - Regular Plan - IDCW REINVESTMENT (9001528),NAV Upload - 07.10.2026,https://www.bseindia.com/xml-data/corpfiling/AttachLive/04949eec-9c6f-4be4-be7a-1424dfa28fe8.pdf
2026-10-08,9001527,Mirae Asset Great Consumer Fund - Regular Plan - IDCW PAYOUT (9001527),NAV Upload - 07.10.2026,https://www.bseindia.com/xml-data/corpfiling/AttachLive/04949eec-9c6f-4be4-be7a-1424dfa28fe8.pdf
2026-10-08,9001526,Mirae Asset Great Consumer Fund - Regular Plan - Growth (9001526),NAV Upload - 07.10.2026,https://www.bseindia.com/xml-data/corpfiling/AttachLive/04949eec-9c6f-4be4-be7a-1424dfa28fe8.pdf
2026-10-08,9001525,Mirae Asset Great Consumer Fund - Direct Plan - IDCW REINVESTMENT (9001525),NAV Upload - 07.10.2026,https://www.bseindia.com/xml-data/corpfiling/AttachLive/04949eec-9c6f-4be4-be7a-1424dfa28fe8.pdf
2026-10-08,9001524,Mirae Asset Great Consumer Fund - Direct Plan - IDCW PAYOUT (9001524),NAV Upload - 07.10.2026,https://www.bseindia.com/xml-data/corpfiling/AttachLive/04949eec-9c6f-4be4-be7a-1424dfa28fe8.pdf
2026-10-08,9001523,Mirae Asset Great Consumer Fund - Direct Plan - Growth (9001523),NAV Upload - 07.10.2026,https://www.bseindia.com/xml-data/corpfiling/AttachLive/04949eec-9c6f-4be4-be7a-1424dfa28fe8.pdf
2026-10-08,9001522,Mirae Asset ELSS Tax Saver Fund - Regular Plan - IDCW (9001522),NAV Upload - 07.10.2026,https://www.bseindia.com/xml-data/corpfiling/AttachLive/04949eec-9c6f-4be4-be7a-1424dfa28fe8.pdf
2026-10-08,9001521,Mirae Asset ELSS Tax Saver Fund - Regular Plan - Growth (9001521),NAV Upload - 07.10.2026,https://www.bseindia.com/xml-data/corpfiling/AttachLive/04949eec-9c6f-4be4-be7a-1424dfa28fe8.pdf
2026-10-08,9001520,Mirae Asset ELSS Tax Saver Fund - Direct Plan - IDCW (9001520),NAV Upload - 07.10.2026,https://www.bseindia.com/xml-data/corpfiling/AttachLive/04949eec-9c6f-4be4-be7a-1424dfa28fe8.pdf
2026-10-08,9001519,Mirae Asset ELSS Tax Saver Fund - Direct Plan - Growth (9001519),NAV Upload - 07.10.2026,https://www.bseindia.com/xml-data/corpfiling/AttachLive/04949eec-9c6f-4be4-be7a-1424dfa28fe8.pdf
2026-10-08,9001507,Mirae Asset Midcap Fund - Regular Plan - IDCW REINVESTMENT (9001507),NAV Upload - 07.10.2026,https://www.bseindia.com/xml-data/corpfiling/AttachLive/04949eec-9c6f-4be4-be7a-1424dfa28fe8.pdf
2026-10-08,9001506,Mirae Asset Midcap Fund - Regular Plan - IDCW PAYOUT (9001506),NAV Upload - 07.10.2026,https://www.bseindia.com/xml-data/corpfiling/AttachLive/04949eec-9c6f-4be4-be7a-1424dfa28fe8.pdf
2026-10-08,9001505,Mirae Asset Midcap Fund - Regular Plan - Growth (9001505),NAV Upload - 07.10.2026,https://www.bseindia.com/xml-data/corpfiling/AttachLive/04949eec-9c6f-4be4-be7a-1424dfa28fe8.pdf
2026-10-08,9001504,Mirae Asset Midcap Fund - Direct Plan - IDCW REINVESTMENT (9001504),NAV Upload - 07.10.2026,https://www.bseindia.com/xml-data/corpfiling/AttachLive/04949eec-9c6f-4be4-be7a-1424dfa28fe8.pdf
2026-10-08,9001503,Mirae Asset Midcap Fund - Direct Plan - IDCW PAYOUT (9001503),NAV Upload - 07.10.2026,https://www.bseindia.com/xml-data/corpfiling/AttachLive/04949eec-9c6f-4be4-be7a-1424dfa28fe8.pdf
2026-10-08,9001502,Mirae Asset Midcap Fund - Direct Plan - Growth (9001502),NAV Upload - 07.10.2026,https://www.bseindia.com/xml-data/corpfiling/AttachLive/04949eec-9c6f-4be4-be7a-1424dfa28fe8.pdf
2026-10-08,9001501,Mirae Asset Aggressive Hybrid Fund - Regular Plan - IDCW REINVESTMENT (9001501),NAV Upload - 07.10.2026,https://www.bseindia.com/xml-data/corpfiling/AttachLive/04949eec-9c6f-4be4-be7a-1424dfa28fe8.pdf
2026-10-08,9001500,Mirae Asset Aggressive Hybrid Fund - Regular Plan - IDCW PAYOUT (9001500),NAV Upload - 07.10.2026,https://www.bseindia.com/xml-data/corpfiling/AttachLive/04949eec-9c6f-4be4-be7a-1424dfa28fe8.pdf
2026-10-08,9001499,Mirae Asset Aggressive Hybrid Fund - Regular Plan - Growth (9001499),NAV Upload - 07.10.2026,https://www.bseindia.com/xml-data/corpfiling/AttachLive/04949eec-9c6f-4be4-be7a-1424dfa28fe8.pdf
2026-10-08,9001498,Mirae Asset Aggressive Hybrid Fund - Direct Plan - IDCW REINVESTMENT (9001498),NAV Upload - 07.10.2026,https://www.bseindia.com/xml-data/corpfiling/AttachLive/04949eec-9c6f-4be4-be7a-1424dfa28fe8.pdf
2026-10-08,9001497,Mirae Asset Aggressive Hybrid Fund - Direct Plan - IDCW PAYOUT (9001497),NAV Upload - 07.10.2026,https://www.bseindia.com/xml-data/corpfiling/AttachLive/04949eec-9c6f-4be4-be7a-1424dfa28fe8.pdf
2026-10-08,9001496,Mirae Asset Aggressive Hybrid Fund - Direct Plan - Growth (9001496),NAV Upload - 07.10.2026,https://www.bseindia.com/xml-data/corpfiling/AttachLive/04949eec-9c6f-4be4-be7a-1424dfa28fe8.pdf
2026-10-08,9001137,Mirae Asset Healthcare Fund - Regular Plan - IDCW REINVESTMENT (9001137),NAV Upload - 07.10.2026,https://www.bseindia.com/xml-data/corpfiling/AttachLive/04949eec-9c6f-4be4-be7a-1424dfa28fe8.pdf
2026-10-08,9001136,Mirae Asset Healthcare Fund - Regular Plan - IDCW PAYOUT (9001136),NAV Upload - 07.10.2026,https://www.bseindia.com/xml-data/corpfiling/AttachLive/04949eec-9c6f-4be4-be7a-1424dfa28fe8.pdf
2026-10-08,9001135,Mirae Asset Healthcare Fund - Regular Plan - Growth (9001135),NAV Upload - 07.10.2026,https://www.bseindia.com/xml-data/corpfiling/AttachLive/04949eec-9c6f-4be4-be7a-1424dfa28fe8.pdf
2026-10-08,9001134,Mirae Asset Healthcare Fund - Direct Plan - IDCW REINVESTMENT (9001134),NAV Upload - 07.10.2026,https://www.bseindia.com/xml-data/corpfiling/AttachLive/04949eec-9c6f-4be4-be7a-1424dfa28fe8.pdf
2026-10-08,9001133,Mirae Asset Fund - Direct Plan - IDCW PAYOUT (9001133),NAV Upload - 07.10.2026,https://www.bseindia.com/xml-data/corpfiling/AttachLive/04949eec-9c6f-4be4-be7a-1424dfa28fe8.pdf
2026-10-08,9001132,Mirae Asset Healthcare Fund - Direct Plan - Growth  (9001132),NAV Upload - 07.10.2026,https://www.bseindia.com/xml-data/corpfiling/AttachLive/04949eec-9c6f-4be4-be7a-1424dfa28fe8.pdf
2026-10-08,9001131,Mirae Asset Focused Fund - Regular Plan - IDCW REINVESTMENT (9001131),NAV Upload - 07.10.2026,https://www.bseindia.com/xml-data/corpfiling/AttachLive/04949eec-9c6f-4be4-be7a-1424dfa28fe8.pdf
2026-10-08,9001130,Mirae Asset Focused Fund - Regular Plan - IDCW PAYOUT (9001130),NAV Upload - 07.10.2026,https://www.bseindia.com/xml-data/corpfiling/AttachLive/04949eec-9c6f-4be4-be7a-1424dfa28fe8.pdf
2026-10-08,9001129,Mirae Asset Focused Fund - Regular Plan - Growth (9001129),NAV Upload - 07.10.2026,https://www.bseindia.com/xml-data/corpfiling/AttachLive/04949eec-9c6f-4be4-be7a-1424dfa28fe8.pdf
2026-10-08,9001128,Mirae Asset Focused Fund - Regular Plan - IDCW REINVESTMENT (9001128),NAV Upload - 07.10.2026,https://www.bseindia.com/xml-data/corpfiling/AttachLive/04949eec-9c6f-4be4-be7a-1424dfa28fe8.pdf
2026-10-08,9001127,Mirae Asset Focused Fund - Regular Plan - IDCW PAYOUT (9001127),NAV Upload - 07.10.2026,https://www.bseindia.com/xml-data/corpfiling/AttachLive/04949eec-9c6f-4be4-be7a-1424dfa28fe8.pdf
2026-10-08,9001126,Mirae Asset Focused Fund - Direct Plan - Growth (9001126),NAV Upload - 07.10.2026,https://www.bseindia.com/xml-data/corpfiling/AttachLive/04949eec-9c6f-4be4-be7a-1424dfa28fe8.pdf
2026-10-08,9001125,Mirae Asset Equity Savings Fund - Regular Plan - IDCW REINVESTMENT (9001125),NAV Upload - 07.10.2026,https://www.bseindia.com/xml-data/corpfiling/AttachLive/04949eec-9c6f-4be4-be7a-1424dfa28fe8.pdf
2026-10-08,9001124,Mirae Asset Equity Savings Fund - Regular Plan - IDCW PAYOUT (9001124),NAV Upload - 07.10.2026,https://www.bseindia.com/xml-data/corpfiling/AttachLive/04949eec-9c6f-4be4-be7a-1424dfa28fe8.pdf
2026-10-08,9001123,Mirae Asset Equity Savings Fund - Regular Plan - Growth (9001123),NAV Upload - 07.10.2026,https://www.bseindia.com/xml-data/corpfiling/AttachLive/04949eec-9c6f-4be4-be7a-1424dfa28fe8.pdf
2026-10-08,9001122,Mirae Asset Equity Savings Fund - Direct Plan - IDCW REINVESTMENT (9001122),NAV Upload - 07.10.2026,https://www.bseindia.com/xml-data/corpfiling/AttachLive/04949eec-9c6f-4be4-be7a-1424dfa28fe8.pdf
2026-10-08,9001121,Mirae Asset Equity Savings Fund - Direct Plan - IDCW PAYOUT (9001121),NAV Upload - 07.10.2026,https://www.bseindia.com/xml-data/corpfiling/AttachLive/04949eec-9c6f-4be4-be7a-1424dfa28fe8.pdf
2026-10-08,9001120,Mirae Asset Equity Savings Fund - Direct Plan - Growth (9001120),NAV Upload - 07.10.2026,https://www.bseindia.com/xml-data/corpfiling/AttachLive/04949eec-9c6f-4be4-be7a-1424dfa28fe8.pdf
2026-10-08,9001119,Mirae Asset Large &amp; Midcap Fund - Regular Plan - IDCW REINVESTMENT (9001119),NAV Upload - 07.10.2026,https://www.bseindia.com/xml-data/corpfiling/AttachLive/04949eec-9c6f-4be4-be7a-1424dfa28fe8.pdf
2026-10-08,9001118,Mirae Asset Large &amp; Midcap Fund - Regular Plan - IDCW PAYOUT  (9001118),NAV Upload - 07.10.2026,https://www.bseindia.com/xml-data/corpfiling/AttachLive/04949eec-9c6f-4be4-be7a-1424dfa28fe8.pdf
2026-10-08,9001117,Mirae Asset Large &amp; Midcap Fund - Regular Plan - Growth (9001117),NAV Upload - 07.10.2026,https://www.bseindia.com/xml-data/corpfiling/AttachLive/04949eec-9c6f-4be4-be7a-1424dfa28fe8.pdf
2026-10-08,9001116,Mirae Asset Large &amp; Midcap Fund - Direct Plan - IDCW REINVESTMENT (9001116),NAV Upload - 07.10.2026,https://www.bseindia.com/xml-data/corpfiling/AttachLive/04949eec-9c6f-4be4-be7a-1424dfa28fe8.pdf
2026-10-08,9001115,Mirae Asset Large &amp; Midcap Fund - Direct Plan - IDCW PAYOUT (9001115),NAV Upload - 07.10.2026,https://www.bseindia.com/xml-data/corpfiling/AttachLive/04949eec-9c6f-4be4-be7a-1424dfa28fe8.pdf
2026-10-08,9001114,Mirae Asset Large &amp; Midcap Fund - Direct Plan - Growth (9001114),NAV Upload - 07.10.2026,https://www.bseindia.com/xml-data/corpfiling/AttachLive/04949eec-9c6f-4be4-be7a-1424dfa28fe8.pdf
2026-10-08,9000720,Mirae Asset Equity Allocator Fund of Fund - Regular Plan - IDCW REINVESTMENT  (9000720),NAV Upload - 07.10.2026,https://www.bseindia.com/xml-data/corpfiling/AttachLive/04949eec-9c6f-4be4-be7a-1424dfa28fe8.pdf
2026-10-08,9000719,Mirae Asset Equity Allocator Fund of Fund - Regular Plan - IDCW PAYOUT (9000719),NAV Upload - 07.10.2026,https://www.bseindia.com/xml-data/corpfiling/AttachLive/04949eec-9c6f-4be4-be7a-1424dfa28fe8.pdf
2026-10-08,9000718,Mirae Asset Equity Allocator Fund of Fund - Regular Plan - Growth (9000718),NAV Upload - 07.10.2026,https://www.bseindia.com/xml-data/corpfiling/AttachLive/04949eec-9c6f-4be4-be7a-1424dfa28fe8.pdf
2026-10-08,9000717,Mirae Asset Equity Allocator Fund of Fund - Direct Plan - IDCW REINVESTMENT (9000717),NAV Upload - 07.10.2026,https://www.bseindia.com/xml-data/corpfiling/AttachLive/04949eec-9c6f-4be4-be7a-1424dfa28fe8.pdf
2026-10-08,9000716,Mirae Asset Equity Allocator Fund of Fund - Direct Plan - IDCW PAYOUT (9000716),NAV Upload - 07.10.2026,https://www.bseindia.com/xml-data/corpfiling/AttachLive/04949eec-9c6f-4be4-be7a-1424dfa28fe8.pdf
2026-10-08,9000715,Mirae Asset Equity Allocator Fund of Fund - Direct Plan - Growth (9000715),NAV Upload - 07.10.2026,https://www.bseindia.com/xml-data/corpfiling/AttachLive/04949eec-9c6f-4be4-be7a-1424dfa28fe8.pdf
2026-10-08,9000714,Mirae Asset Banking and Financial Services Fund - Regular Plan - IDCW REINVESTMENT  (9000714),NAV Upload - 07.10.2026,https://www.bseindia.com/xml-data/corpfiling/AttachLive/04949eec-9c6f-4be4-be7a-1424dfa28fe8.pdf
2026-10-08,9000713,Mirae Asset Banking and Financial Services Fund - Regular Plan - IDCW PAYOUT  (9000713),NAV Upload - 07.10.2026,https://www.bseindia.com/xml-data/corpfiling/AttachLive/04949eec-9c6f-4be4-be7a-1424dfa28fe8.pdf
2026-10-08,9000712,Mirae Asset Banking and Financial Services Fund - Regular Plan - Growth (9000712),NAV Upload - 07.10.2026,https://www.bseindia.com/xml-data/corpfiling/AttachLive/04949eec-9c6f-4be4-be7a-1424dfa28fe8.pdf
2026-10-08,9000711,Mirae Asset Banking and Financial Services Fund - Direct Plan - IDCW REINVESTMENT (9000711),NAV Upload - 07.10.2026,https://www.bseindia.com/xml-data/corpfiling/AttachLive/04949eec-9c6f-4be4-be7a-1424dfa28fe8.pdf
2026-10-08,9000710,Mirae Asset Banking and Financial Services Fund - Direct Plan - IDCW PAYOUT  (9000710),NAV Upload - 07.10.2026,https://www.bseindia.com/xml-data/corpfiling/AttachLive/04949eec-9c6f-4be4-be7a-1424dfa28fe8.pdf
2026-10-08,9000709,Mirae Asset Banking and Financial Services Fund - Direct Plan - Growth (9000709),NAV Upload - 07.10.2026,https://www.bseindia.com/xml-data/corpfiling/AttachLive/04949eec-9c6f-4be4-be7a-1424dfa28fe8.pdf
2026-10-08,9000708,Mirae Asset Balanced Advantage Fund - Regular Plan - IDCW REINVESTMENT (9000708),NAV Upload - 07.10.2026,https://www.bseindia.com/xml-data/corpfiling/AttachLive/04949eec-9c6f-4be4-be7a-1424dfa28fe8.pdf
2026-10-08,9000707,Mirae Asset Balanced Advantage Fund - Regular Plan - IDCW PAYOUT (9000707),NAV Upload - 07.10.2026,https://www.bseindia.com/xml-data/corpfiling/AttachLive/04949eec-9c6f-4be4-be7a-1424dfa28fe8.pdf
2026-10-08,9000706,Mirae Asset Balanced Advantage Fund - Regular Plan - Growth (9000706),NAV Upload - 07.10.2026,https://www.bseindia.com/xml-data/corpfiling/AttachLive/04949eec-9c6f-4be4-be7a-1424dfa28fe8.pdf
2026-10-08,9000705,Mirae Asset Balanced Advantage Fund - Direct Plan - IDCW REINVESTMENT (9000705),NAV Upload - 07.10.2026,https://www.bseindia.com/xml-data/corpfiling/AttachLive/04949eec-9c6f-4be4-be7a-1424dfa28fe8.pdf
2026-10-08,9000704,Mirae Asset Balanced Advantage Fund - Direct Plan - IDCW PAYOUT (9000704),NAV Upload - 07.10.2026,https://www.bseindia.com/xml-data/corpfiling/AttachLive/04949eec-9c6f-4be4-be7a-1424dfa28fe8.pdf
2026-10-08,9000703,Mirae Asset Balanced Advantage Fund - Direct Plan - Growth (9000703),NAV Upload - 07.10.2026,https://www.bseindia.com/xml-data/corpfiling/AttachLive/04949eec-9c6f-4be4-be7a-1424dfa28fe8.pdf
2026-10-08,9000702,Mirae Asset Global X Artificial Intelligence &amp; Technology ETF Fund of Fund - Regular Plan - Growth (9000702),NAV Upload - 07.10.2026,https://www.bseindia.com/xml-data/corpfiling/AttachLive/04949eec-9c6f-4be4-be7a-1424dfa28fe8.pdf
2026-10-08,9000701,Mirae Asset Global X Artificial Intelligence &amp; Technology ETF Fund of Fund - Direct Plan - Growth (9000701),NAV Upload - 07.10.2026,https://www.bseindia.com/xml-data/corpfiling/AttachLive/04949eec-9c6f-4be4-be7a-1424dfa28fe8.pdf
2026-10-08,9000700,Mirae Asset Arbitrage Fund - Regular Plan - IDCW REINVESTMENT (9000700),NAV Upload - 07.10.2026,https://www.bseindia.com/xml-data/corpfiling/AttachLive/04949eec-9c6f-4be4-be7a-1424dfa28fe8.pdf
2026-10-08,9000699,Mirae Asset Arbitrage Fund - Regular Plan - IDCW PAYOUT (9000699),NAV Upload - 07.10.2026,https://www.bseindia.com/xml-data/corpfiling/AttachLive/04949eec-9c6f-4be4-be7a-1424dfa28fe8.pdf
2026-10-08,9000698,Mirae Asset Arbitrage Fund - Regular Plan - Growth (9000698),NAV Upload - 07.10.2026,https://www.bseindia.com/xml-data/corpfiling/AttachLive/04949eec-9c6f-4be4-be7a-1424dfa28fe8.pdf
2026-10-08,9000697,Mirae Asset Arbitrage Fund - Direct Plan - IDCW REINVESTMENT (9000697),NAV Upload - 07.10.2026,https://www.bseindia.com/xml-data/corpfiling/AttachLive/04949eec-9c6f-4be4-be7a-1424dfa28fe8.pdf
2026-10-08,9000696,Mirae Asset Arbitrage Fund - Direct Plan - IDCW PAYOUT (9000696),NAV Upload - 07.10.2026,https://www.bseindia.com/xml-data/corpfiling/AttachLive/04949eec-9c6f-4be4-be7a-1424dfa28fe8.pdf
2026-10-08,9000695,Mirae Asset Arbitrage Fund - Direct Plan - Growth (9000695),NAV Upload - 07.10.2026,https://www.bseindia.com/xml-data/corpfiling/AttachLive/04949eec-9c6f-4be4-be7a-1424dfa28fe8.pdf
2026-10-08,9000295,Mirae Asset Low Duration Fund - Regular Plan - Quarterly IDCW REINVESTMENT (9000295),NAV Upload - 07.10.2026,https://www.bseindia.com/xml-data/corpfiling/AttachLive/04949eec-9c6f-4be4-be7a-1424dfa28fe8.pdf
2026-10-08,9000294,Mirae Asset Low Duration Fund PAYOUT - Regular Plan - Quarterly IDCW PAYOUT (9000294),NAV Upload - 07.10.2026,https://www.bseindia.com/xml-data/corpfiling/AttachLive/04949eec-9c6f-4be4-be7a-1424dfa28fe8.pdf
2026-10-08,9000293,Mirae Asset Low Duration Fund - Regular Plan - Monthly IDCW REINVESTMENT (9000293),NAV Upload - 07.10.2026,https://www.bseindia.com/xml-data/corpfiling/AttachLive/04949eec-9c6f-4be4-be7a-1424dfa28fe8.pdf
2026-10-08,9000292,Mirae Asset Low Duration Fund - Regular Plan - Monthly IDCW PAYOUT (9000292),NAV Upload - 07.10.2026,https://www.bseindia.com/xml-data/corpfiling/AttachLive/04949eec-9c6f-4be4-be7a-1424dfa28fe8.pdf
2026-10-08,9000291,Mirae Asset Low Duration Fund - Regular Plan - Weekly IDCW (9000291),NAV Upload - 07.10.2026,https://www.bseindia.com/xml-data/corpfiling/AttachLive/04949eec-9c6f-4be4-be7a-1424dfa28fe8.pdf
2026-10-08,9000290,Mirae Asset Low Duration Fund - Regular Plan - Daily IDCW (9000290),NAV Upload - 07.10.2026,https://www.bseindia.com/xml-data/corpfiling/AttachLive/04949eec-9c6f-4be4-be7a-1424dfa28fe8.pdf
2026-10-08,9000289,Mirae Asset Low Duration Fund - Regular Plan - Growth (9000289),NAV Upload - 07.10.2026,https://www.bseindia.com/xml-data/corpfiling/AttachLive/04949eec-9c6f-4be4-be7a-1424dfa28fe8.pdf
2026-10-08,9000288,Mirae Asset Low Duration Fund - Direct Plan - Quarterly IDCW REINVESTMENT (9000288),NAV Upload - 07.10.2026,https://www.bseindia.com/xml-data/corpfiling/AttachLive/04949eec-9c6f-4be4-be7a-1424dfa28fe8.pdf
2026-10-08,9000287,Mirae Asset Low Duration Fund - Direct Plan - Quarterly IDCW PAYOUT (9000287),NAV Upload - 07.10.2026,https://www.bseindia.com/xml-data/corpfiling/AttachLive/04949eec-9c6f-4be4-be7a-1424dfa28fe8.pdf
2026-10-08,9000286,Mirae Asset Low Duration Fund - Direct Plan - Monthly IDCW REINVESTMENT (9000286),NAV Upload - 07.10.2026,https://www.bseindia.com/xml-data/corpfiling/AttachLive/04949eec-9c6f-4be4-be7a-1424dfa28fe8.pdf
2026-10-08,9000285,Mirae Asset Low Duration Fund - Direct Plan - Monthly IDCW payout (9000285),NAV Upload - 07.10.2026,https://www.bseindia.com/xml-data/corpfiling/AttachLive/04949eec-9c6f-4be4-be7a-1424dfa28fe8.pdf
2026-10-08,9000284,Mirae Asset Low Duration Fund - Direct Plan - Weekly IDCW (9000284),NAV Upload - 07.10.2026,https://www.bseindia.com/xml-data/corpfiling/AttachLive/04949eec-9c6f-4be4-be7a-1424dfa28fe8.pdf
2026-10-08,9000283,Mirae Asset Low Duration Fund - Direct Plan - Daily IDCW (9000283),NAV Upload - 07.10.2026,https://www.bseindia.com/xml-data/corpfiling/AttachLive/04949eec-9c6f-4be4-be7a-1424dfa28fe8.pdf
2026-10-08,9000282,Mirae Asset Low Duration Fund - Direct Plan - Growth (9000282),NAV Upload - 07.10.2026,https://www.bseindia.com/xml-data/corpfiling/AttachLive/04949eec-9c6f-4be4-be7a-1424dfa28fe8.pdf
2026-10-08,9000265,Mirae Asset Dynamic Bond Fund - Regular Plan - IDCW REINVESTMENT (9000265),NAV Upload - 07.10.2026,https://www.bseindia.com/xml-data/corpfiling/AttachLive/04949eec-9c6f-4be4-be7a-1424dfa28fe8.pdf
2026-10-08,9000264,Mirae Asset Dynamic Bond Fund - Regular Plan - IDCW PAYOUT (9000264),NAV Upload - 07.10.2026,https://www.bseindia.com/xml-data/corpfiling/AttachLive/04949eec-9c6f-4be4-be7a-1424dfa28fe8.pdf
2026-10-08,9000263,Mirae Asset Dynamic Bond Fund - Regular Plan - Growth (9000263),NAV Upload - 07.10.2026,https://www.bseindia.com/xml-data/corpfiling/AttachLive/04949eec-9c6f-4be4-be7a-1424dfa28fe8.pdf
2026-10-08,9000262,Mirae Asset Dynamic Bond Fund - Direct Plan - IDCW REINVESTMENT (9000262),NAV Upload - 07.10.2026,https://www.bseindia.com/xml-data/corpfiling/AttachLive/04949eec-9c6f-4be4-be7a-1424dfa28fe8.pdf
2026-10-08,9000261,Mirae Asset Dynamic Bond Fund - Direct Plan - IDCW PAYOUT (9000261),NAV Upload - 07.10.2026,https://www.bseindia.com/xml-data/corpfiling/AttachLive/04949eec-9c6f-4be4-be7a-1424dfa28fe8.pdf
2026-10-08,9000260,Mirae Asset Dynamic Bond Fund - Direct Plan - Growth (9000260),NAV Upload - 07.10.2026,https://www.bseindia.com/xml-data/corpfiling/AttachLive/04949eec-9c6f-4be4-be7a-1424dfa28fe8.pdf
2026-10-08,9000259,Mirae Asset Ultra Short Duration Fund - Regular Plan - IDCW REINVESTMENT (9000259),NAV Upload - 07.10.2026,https://www.bseindia.com/xml-data/corpfiling/AttachLive/04949eec-9c6f-4be4-be7a-1424dfa28fe8.pdf
2026-10-08,9000258,Mirae Asset Ultra Short Duration Fund - Regular Plan - IDCW PAYOUT (9000258),NAV Upload - 07.10.2026,https://www.bseindia.com/xml-data/corpfiling/AttachLive/04949eec-9c6f-4be4-be7a-1424dfa28fe8.pdf
2026-10-08,9000257,Mirae Asset Ultra Short Duration Fund - Regular Plan - Growth (9000257),NAV Upload - 07.10.2026,https://www.bseindia.com/xml-data/corpfiling/AttachLive/04949eec-9c6f-4be4-be7a-1424dfa28fe8.pdf
2026-10-08,9000256,Mirae Asset Ultra Short Duration Fund - Direct Plan - IDCW REINVESTMENT (9000256),NAV Upload - 07.10.2026,https://www.bseindia.com/xml-data/corpfiling/AttachLive/04949eec-9c6f-4be4-be7a-1424dfa28fe8.pdf
2026-10-08,9000255,Mirae Asset Ultra Short Duration Fund - Direct Plan - IDCW PAYOUT (9000255),NAV Upload - 07.10.2026,https://www.bseindia.com/xml-data/corpfiling/AttachLive/04949eec-9c6f-4be4-be7a-1424dfa28fe8.pdf
2026-10-08,9000254,Mirae Asset Ultra Short Duration Fund - Direct Plan - Growth (9000254),NAV Upload - 07.10.2026,https://www.bseindia.com/xml-data/corpfiling/AttachLive/04949eec-9c6f-4be4-be7a-1424dfa28fe8.pdf
2026-10-08,9000231,Mirae Asset Short Duration Fund - Regular Plan - IDCW REINVESTMENT (9000231),NAV Upload - 07.10.2026,https://www.bseindia.com/xml-data/corpfiling/AttachLive/04949eec-9c6f-4be4-be7a-1424dfa28fe8.pdf
2026-10-08,9000230,Mirae Asset Short Duration Fund - Regular Plan - IDCW PAYOUT (9000230),NAV Upload - 07.10.2026,https://www.bseindia.com/xml-data/corpfiling/AttachLive/04949eec-9c6f-4be4-be7a-1424dfa28fe8.pdf
2026-10-08,9000229,Mirae Asset Short Duration Fund - Regular Plan - Growth (9000229),NAV Upload - 07.10.2026,https://www.bseindia.com/xml-data/corpfiling/AttachLive/04949eec-9c6f-4be4-be7a-1424dfa28fe8.pdf
2026-10-08,9000228,Mirae Asset Short Duration Fund - Direct Plan - IDCW REINVESTMENT (9000228),NAV Upload - 07.10.2026,https://www.bseindia.com/xml-data/corpfiling/AttachLive/04949eec-9c6f-4be4-be7a-1424dfa28fe8.pdf
2026-10-08,9000227,Mirae Asset Short Duration Fund - Direct Plan - IDCW PAYOUT (9000227),NAV Upload - 07.10.2026,https://www.bseindia.com/xml-data/corpfiling/AttachLive/04949eec-9c6f-4be4-be7a-1424dfa28fe8.pdf
2026-10-08,9000226,Mirae Asset Short Duration Fund - Direct Plan - Growth (9000226),NAV Upload - 07.10.2026,https://www.bseindia.com/xml-data/corpfiling/AttachLive/04949eec-9c6f-4be4-be7a-1424dfa28fe8.pdf
2026-10-08,9000225,Mirae Asset Nifty AAA PSU Bond Plus SDL Apr 2026 50:50 Index Fund - Regular Plan - IDCW REINVESTMENT (9000225),NAV Upload - 07.10.2026,https://www.bseindia.com/xml-data/corpfiling/AttachLive/04949eec-9c6f-4be4-be7a-1424dfa28fe8.pdf
2026-10-08,9000224,Mirae Asset Nifty AAA PSU Bond Plus SDL Apr 2026 50:50 Index Fund - Regular Plan - IDCW PAYOUT (9000224),NAV Upload - 07.10.2026,https://www.bseindia.com/xml-data/corpfiling/AttachLive/04949eec-9c6f-4be4-be7a-1424dfa28fe8.pdf
2026-10-08,9000223,Mirae Asset Nifty AAA PSU Bond Plus SDL Apr 2026 50:50 Index Fund - Regular Plan - Growth (9000223),NAV Upload - 07.10.2026,https://www.bseindia.com/xml-data/corpfiling/AttachLive/04949eec-9c6f-4be4-be7a-1424dfa28fe8.pdf
2026-10-08,9000222,Mirae Asset Nifty AAA PSU Bond Plus SDL Apr 2026 50:50 Index Fund - Direct Plan - IDCW REINVESTMENT (9000222),NAV Upload - 07.10.2026,https://www.bseindia.com/xml-data/corpfiling/AttachLive/04949eec-9c6f-4be4-be7a-1424dfa28fe8.pdf
2026-10-08,9000221,Mirae Asset Nifty AAA PSU Bond Plus SDL Apr 2026 50:50 Index Fund - Direct Plan - IDCW PAYOUT (9000221),NAV Upload - 07.10.2026,https://www.bseindia.com/xml-data/corpfiling/AttachLive/04949eec-9c6f-4be4-be7a-1424dfa28fe8.pdf
2026-10-08,9000220,Mirae Asset Nifty AAA PSU Bond Plus SDL Apr 2026 50:50 Index Fund - Direct Plan - Growth (9000220),NAV Upload - 07.10.2026,https://www.bseindia.com/xml-data/corpfiling/AttachLive/04949eec-9c6f-4be4-be7a-1424dfa28fe8.pdf
2026-10-08,9000219,Mirae Asset Nifty SDL Jun 2027 Index Fund - Regular Plan - IDCW REINVESTMENT (9000219),NAV Upload - 07.10.2026,https://www.bseindia.com/xml-data/corpfiling/AttachLive/04949eec-9c6f-4be4-be7a-1424dfa28fe8.pdf
2026-10-08,9000218,Mirae Asset Nifty SDL Jun 2027 Index Fund - Regular Plan - IDCW PAYOUT  (9000218),NAV Upload - 07.10.2026,https://www.bseindia.com/xml-data/corpfiling/AttachLive/04949eec-9c6f-4be4-be7a-1424dfa28fe8.pdf
2026-10-08,9000217,Mirae Asset Nifty SDL Jun 2027 Index Fund - Regular Plan - Growth (9000217),NAV Upload - 07.10.2026,https://www.bseindia.com/xml-data/corpfiling/AttachLive/04949eec-9c6f-4be4-be7a-1424dfa28fe8.pdf
2026-10-08,9000216,Mirae Asset Nifty SDL Jun 2027 Index Fund - Direct Plan - IDCW REINVESTMENT (9000216),NAV Upload - 07.10.2026,https://www.bseindia.com/xml-data/corpfiling/AttachLive/04949eec-9c6f-4be4-be7a-1424dfa28fe8.pdf
2026-10-08,9000215,Mirae Asset Nifty SDL Jun 2027 Index Fund - Direct Plan - IDCW  PAYOUT (9000215),NAV Upload - 07.10.2026,https://www.bseindia.com/xml-data/corpfiling/AttachLive/04949eec-9c6f-4be4-be7a-1424dfa28fe8.pdf
2026-10-08,9000214,Mirae Asset Nifty SDL Jun 2027 Index Fund - Direct Plan - Growth (9000214),NAV Upload - 07.10.2026,https://www.bseindia.com/xml-data/corpfiling/AttachLive/04949eec-9c6f-4be4-be7a-1424dfa28fe8.pdf
2026-10-08,9000213,Mirae Asset Money Market Fund - Regular Plan - IDCW REINVESTMENT (9000213),NAV Upload - 07.10.2026,https://www.bseindia.com/xml-data/corpfiling/AttachLive/04949eec-9c6f-4be4-be7a-1424dfa28fe8.pdf
2026-10-08,9000212,Mirae Asset Money Market Fund - Regular Plan - IDCW PAYOUT (9000212),NAV Upload - 07.10.2026,https://www.bseindia.com/xml-data/corpfiling/AttachLive/04949eec-9c6f-4be4-be7a-1424dfa28fe8.pdf
2026-10-08,9000211,Mirae Asset Money Market Fund - Regular Plan - Growth (9000211),NAV Upload - 07.10.2026,https://www.bseindia.com/xml-data/corpfiling/AttachLive/04949eec-9c6f-4be4-be7a-1424dfa28fe8.pdf
2026-10-08,9000210,Mirae Asset Money Market Fund - Direct Plan - IDCW REINVESTMENT (9000210),NAV Upload - 07.10.2026,https://www.bseindia.com/xml-data/corpfiling/AttachLive/04949eec-9c6f-4be4-be7a-1424dfa28fe8.pdf
2026-10-08,9000209,Mirae Asset Money Market Fund - Direct Plan - IDCW PAYOUT (9000209),NAV Upload - 07.10.2026,https://www.bseindia.com/xml-data/corpfiling/AttachLive/04949eec-9c6f-4be4-be7a-1424dfa28fe8.pdf
2026-10-08,9000208,Mirae Asset Money Market Fund - Direct Plan - Growth (9000208),NAV Upload - 07.10.2026,https://www.bseindia.com/xml-data/corpfiling/AttachLive/04949eec-9c6f-4be4-be7a-1424dfa28fe8.pdf
2026-10-08,9000207,Mirae Asset CRISIL IBX Gilt Index - April 2033 Index Fund - Regular Plan - IDCW REINVESTMENT (9000207),NAV Upload - 07.10.2026,https://www.bseindia.com/xml-data/corpfiling/AttachLive/04949eec-9c6f-4be4-be7a-1424dfa28fe8.pdf
2026-10-08,9000206,Mirae Asset CRISIL IBX Gilt Index - April 2033 Index Fund - Regular Plan - IDCW PAYOUT (9000206),NAV Upload - 07.10.2026,https://www.bseindia.com/xml-data/corpfiling/AttachLive/04949eec-9c6f-4be4-be7a-1424dfa28fe8.pdf
2026-10-08,9000205,Mirae Asset CRISIL IBX Gilt Index - April 2033 Index Fund - Regular Plan - Growth (9000205),NAV Upload - 07.10.2026,https://www.bseindia.com/xml-data/corpfiling/AttachLive/04949eec-9c6f-4be4-be7a-1424dfa28fe8.pdf
2026-10-08,9000204,Mirae Asset CRISIL IBX Gilt Index - April 2033 Index Fund - Direct Plan - IDCW REINVESTMENT (9000204),NAV Upload - 07.10.2026,https://www.bseindia.com/xml-data/corpfiling/AttachLive/04949eec-9c6f-4be4-be7a-1424dfa28fe8.pdf
2026-10-08,9000203,Mirae Asset CRISIL IBX Gilt Index - April 2033 Index Fund - Direct Plan - IDCW PAYOUT (9000203),NAV Upload - 07.10.2026,https://www.bseindia.com/xml-data/corpfiling/AttachLive/04949eec-9c6f-4be4-be7a-1424dfa28fe8.pdf
2026-10-08,9000202,Mirae Asset CRISIL IBX Gilt Index - April 2033 Index Fund - Direct Plan - Growth (9000202),NAV Upload - 07.10.2026,https://www.bseindia.com/xml-data/corpfiling/AttachLive/04949eec-9c6f-4be4-be7a-1424dfa28fe8.pdf
2026-10-08,9000193,Mirae Asset Corporate Bond Fund - Regular Plan - IDCW REINVESTMENT (9000193),NAV Upload - 07.10.2026,https://www.bseindia.com/xml-data/corpfiling/AttachLive/04949eec-9c6f-4be4-be7a-1424dfa28fe8.pdf
2026-10-08,9000192,Mirae Asset Corporate Bond Fund - Regular Plan - IDCW PAYOUT (9000192),NAV Upload - 07.10.2026,https://www.bseindia.com/xml-data/corpfiling/AttachLive/04949eec-9c6f-4be4-be7a-1424dfa28fe8.pdf
2026-10-08,9000191,Mirae Asset Corporate Bond Fund - Regular Plan - Growth (9000191),NAV Upload - 07.10.2026,https://www.bseindia.com/xml-data/corpfiling/AttachLive/04949eec-9c6f-4be4-be7a-1424dfa28fe8.pdf
2026-10-08,9000190,Mirae Asset Corporate Bond Fund - Direct Plan - IDCW REINVESTMENT (9000190),NAV Upload - 07.10.2026,https://www.bseindia.com/xml-data/corpfiling/AttachLive/04949eec-9c6f-4be4-be7a-1424dfa28fe8.pdf
2026-10-08,9000189,Mirae Asset Corporate Bond Fund - Direct Plan - IDCW PAYOUT (9000189),NAV Upload - 07.10.2026,https://www.bseindia.com/xml-data/corpfiling/AttachLive/04949eec-9c6f-4be4-be7a-1424dfa28fe8.pdf
2026-10-08,9000188,Mirae Asset Corporate Bond Fund - Direct Plan - Growth (9000188),NAV Upload - 07.10.2026,https://www.bseindia.com/xml-data/corpfiling/AttachLive/04949eec-9c6f-4be4-be7a-1424dfa28fe8.pdf
2026-10-08,9000187,Mirae Asset Banking and PSU Fund - Regular Plan - IDCW REINVESTMENT (9000187),NAV Upload - 07.10.2026,https://www.bseindia.com/xml-data/corpfiling/AttachLive/04949eec-9c6f-4be4-be7a-1424dfa28fe8.pdf
2026-10-08,9000186,Mirae Asset Banking and PSU Fund - Regular Plan - IDCW PAYOUT (9000186),NAV Upload - 07.10.2026,https://www.bseindia.com/xml-data/corpfiling/AttachLive/04949eec-9c6f-4be4-be7a-1424dfa28fe8.pdf
2026-10-08,9000185,Mirae Asset Banking and PSU Fund - Regular Plan - Growth (9000185),NAV Upload - 07.10.2026,https://www.bseindia.com/xml-data/corpfiling/AttachLive/04949eec-9c6f-4be4-be7a-1424dfa28fe8.pdf
2026-10-08,9000184,Mirae Asset Banking and PSU Fund - Direct Plan - IDCW REINVESTMENT (9000184),NAV Upload - 07.10.2026,https://www.bseindia.com/xml-data/corpfiling/AttachLive/04949eec-9c6f-4be4-be7a-1424dfa28fe8.pdf
2026-10-08,9000183,Mirae Asset Banking and PSU Fund - Direct Plan - IDCW PAYOUT (9000183),NAV Upload - 07.10.2026,https://www.bseindia.com/xml-data/corpfiling/AttachLive/04949eec-9c6f-4be4-be7a-1424dfa28fe8.pdf
2026-10-08,9000182,Mirae Asset Banking and PSU Fund - Direct Plan - Growth (9000182),NAV Upload - 07.10.2026,https://www.bseindia.com/xml-data/corpfiling/AttachLive/04949eec-9c6f-4be4-be7a-1424dfa28fe8.pdf
2026-10-08,9000181,Mirae Asset Overnight Fund - Regular Plan - Monthly IDCW REINVESTMENT (9000181),NAV Upload - 07.10.2026,https://www.bseindia.com/xml-data/corpfiling/AttachLive/04949eec-9c6f-4be4-be7a-1424dfa28fe8.pdf
2026-10-08,9000180,Mirae Asset Overnight Fund - Regular Plan - Monthly IDCW PAYOUT (9000180),NAV Upload - 07.10.2026,https://www.bseindia.com/xml-data/corpfiling/AttachLive/04949eec-9c6f-4be4-be7a-1424dfa28fe8.pdf
2026-10-08,9000179,Mirae Asset Overnight Fund - Regular Plan - Weekly IDCW (9000179),NAV Upload - 07.10.2026,https://www.bseindia.com/xml-data/corpfiling/AttachLive/04949eec-9c6f-4be4-be7a-1424dfa28fe8.pdf
2026-10-08,9000178,Mirae Asset Overnight Fund - Regular Plan - Daily IDCW (9000178),NAV Upload - 07.10.2026,https://www.bseindia.com/xml-data/corpfiling/AttachLive/04949eec-9c6f-4be4-be7a-1424dfa28fe8.pdf
2026-10-08,9000177,Mirae Asset Overnight Fund - Regular Plan - Growth (9000177),NAV Upload - 07.10.2026,https://www.bseindia.com/xml-data/corpfiling/AttachLive/04949eec-9c6f-4be4-be7a-1424dfa28fe8.pdf
2026-10-08,9000176,Mirae Asset Overnight Fund - Direct Plan - Monthly IDCW REINVESTMENT (9000176),NAV Upload - 07.10.2026,https://www.bseindia.com/xml-data/corpfiling/AttachLive/04949eec-9c6f-4be4-be7a-1424dfa28fe8.pdf
2026-10-08,9000175,Mirae Asset Overnight Fund - Direct Plan - Monthly IDCW PAYOUT (9000175),NAV Upload - 07.10.2026,https://www.bseindia.com/xml-data/corpfiling/AttachLive/04949eec-9c6f-4be4-be7a-1424dfa28fe8.pdf
2026-10-08,9000174,Mirae Asset Overnight Fund - Direct Plan - Weekly IDCW (9000174),NAV Upload - 07.10.2026,https://www.bseindia.com/xml-data/corpfiling/AttachLive/04949eec-9c6f-4be4-be7a-1424dfa28fe8.pdf
2026-10-08,9000173,Mirae Asset Overnight Fund - Direct Plan - Daily IDCW (9000173),NAV Upload - 07.10.2026,https://www.bseindia.com/xml-data/corpfiling/AttachLive/04949eec-9c6f-4be4-be7a-1424dfa28fe8.pdf
2026-10-08,9000172,Mirae Asset Overnight Fund - Direct Plan - Growth (9000172),NAV Upload - 07.10.2026,https://www.bseindia.com/xml-data/corpfiling/AttachLive/04949eec-9c6f-4be4-be7a-1424dfa28fe8.pdf
2026-10-08,9000171,Mirae Asset Liquid Fund - Regular Plan - Monthly IDCWREINVESTMENT (9000171),NAV Upload - 07.10.2026,https://www.bseindia.com/xml-data/corpfiling/AttachLive/04949eec-9c6f-4be4-be7a-1424dfa28fe8.pdf
2026-10-08,9000170,Mirae Asset Liquid Fund - Regular Plan - Monthly IDCW  PAY OUT  (9000170),NAV Upload - 07.10.2026,https://www.bseindia.com/xml-data/corpfiling/AttachLive/04949eec-9c6f-4be4-be7a-1424dfa28fe8.pdf
2026-10-08,9000169,Mirae Asset Liquid Fund - Regular Plan - Weekly IDCW (9000169),NAV Upload - 07.10.2026,https://www.bseindia.com/xml-data/corpfiling/AttachLive/04949eec-9c6f-4be4-be7a-1424dfa28fe8.pdf
2026-10-08,9000168,Mirae Asset Liquid Fund - Regular Plan - Daily IDCW (9000168),NAV Upload - 07.10.2026,https://www.bseindia.com/xml-data/corpfiling/AttachLive/04949eec-9c6f-4be4-be7a-1424dfa28fe8.pdf
2026-10-08,9000167,Mirae Asset Liquid Fund - Regular Plan - Growth (9000167),NAV Upload - 07.10.2026,https://www.bseindia.com/xml-data/corpfiling/AttachLive/04949eec-9c6f-4be4-be7a-1424dfa28fe8.pdf
2026-10-08,9000166,Mirae Asset Liquid Fund - Direct Plan - Monthly IDCW REINVESTMENT (9000166),NAV Upload - 07.10.2026,https://www.bseindia.com/xml-data/corpfiling/AttachLive/04949eec-9c6f-4be4-be7a-1424dfa28fe8.pdf
2026-10-08,9000165,Mirae Asset Liquid Fund - Direct Plan - Monthly IDCW PAYOUT (9000165),NAV Upload - 07.10.2026,https://www.bseindia.com/xml-data/corpfiling/AttachLive/04949eec-9c6f-4be4-be7a-1424dfa28fe8.pdf
2026-10-08,9000164,Mirae Asset Liquid Fund - Direct Plan - Weekly IDCW (9000164),NAV Upload - 07.10.2026,https://www.bseindia.com/xml-data/corpfiling/AttachLive/04949eec-9c6f-4be4-be7a-1424dfa28fe8.pdf
2026-10-08,9000163,Mirae Asset Liquid Fund - Direct Plan - Daily IDCW (9000163),NAV Upload - 07.10.2026,https://www.bseindia.com/xml-data/corpfiling/AttachLive/04949eec-9c6f-4be4-be7a-1424dfa28fe8.pdf
2026-10-08,9000162,Mirae Asset Liquid Fund - Direct Plan - Growth (9000162),NAV Upload - 07.10.2026,https://www.bseindia.com/xml-data/corpfiling/AttachLive/04949eec-9c6f-4be4-be7a-1424dfa28fe8.pdf
2026-10-08,544874,Mirae Asset BSE LargeMid (60:40) Stable Dividend 50 ETF,NAV Upload - 07.10.2026,https://www.bseindia.com/xml-data/corpfiling/AttachLive/04949eec-9c6f-4be4-be7a-1424dfa28fe8.pdf
2026-10-08,544841,Mirae Asset Nifty200 Momentum 30 Plus 8-13 yr GSec 50:50 ETF,NAV Upload - 07.10.2026,https://www.bseindia.com/xml-data/corpfiling/AttachLive/04949eec-9c6f-4be4-be7a-1424dfa28fe8.pdf
2026-10-08,544830,Mirae Asset BSE Midcap 150 Momentum 30 ETF,NAV Upload - 07.10.2026,https://www.bseindia.com/xml-data/corpfiling/AttachLive/04949eec-9c6f-4be4-be7a-1424dfa28fe8.pdf
2026-10-08,544792,Platinum Hybrid Long-Short Fund – Direct Plan IDCW payout,NAV Upload - 07.10.2026,https://www.bseindia.com/xml-data/corpfiling/AttachLive/04949eec-9c6f-4be4-be7a-1424dfa28fe8.pdf
2026-10-08,544791,Platinum Hybrid Long-Short Fund – Direct Plan IDCW reinvestments,NAV Upload - 07.10.2026,https://www.bseindia.com/xml-data/corpfiling/AttachLive/04949eec-9c6f-4be4-be7a-1424dfa28fe8.pdf
2026-10-08,544790,Platinum Hybrid Long-Short Fund – Direct Plan growth,NAV Upload - 07.10.2026,https://www.bseindia.com/xml-data/corpfiling/AttachLive/04949eec-9c6f-4be4-be7a-1424dfa28fe8.pdf
2026-10-08,544789,Platinum Hybrid Long-Short Fund – Regular plan IDCW payout,NAV Upload - 07.10.2026,https://www.bseindia.com/xml-data/corpfiling/AttachLive/04949eec-9c6f-4be4-be7a-1424dfa28fe8.pdf
2026-10-08,544788,Platinum Hybrid Long-Short Fund- Regular plan IDCW reinvestments,NAV Upload - 07.10.2026,https://www.bseindia.com/xml-data/corpfiling/AttachLive/04949eec-9c6f-4be4-be7a-1424dfa28fe8.pdf
2026-10-08,544787,Platinum Hybrid Long-Short Fund- Regular plan growth,NAV Upload - 07.10.2026,https://www.bseindia.com/xml-data/corpfiling/AttachLive/04949eec-9c6f-4be4-be7a-1424dfa28fe8.pdf
2026-10-08,544737,Mirae Asset Nifty 500 Value 50 ETF,NAV Upload - 07.10.2026,https://www.bseindia.com/xml-data/corpfiling/AttachLive/04949eec-9c6f-4be4-be7a-1424dfa28fe8.pdf
2026-10-08,544705,Mirae Asset BSE India Defence ETF,NAV Upload - 07.10.2026,https://www.bseindia.com/xml-data/corpfiling/AttachLive/04949eec-9c6f-4be4-be7a-1424dfa28fe8.pdf
2026-10-08,544704,"Mirae Asset Nifty India Infrastructure &amp; Logistics
ETF (544704)",NAV Upload - 07.10.2026,https://www.bseindia.com/xml-data/corpfiling/AttachLive/04949eec-9c6f-4be4-be7a-1424dfa28fe8.pdf
2026-10-08,544701,Mirae Asset Nifty 500 Healthcare ETF,NAV Upload - 07.10.2026,https://www.bseindia.com/xml-data/corpfiling/AttachLive/04949eec-9c6f-4be4-be7a-1424dfa28fe8.pdf
2026-10-08,544661,Mirae Asset BSE 500 Dividend Leaders 50 ETF,NAV Upload - 07.10.2026,https://www.bseindia.com/xml-data/corpfiling/AttachLive/04949eec-9c6f-4be4-be7a-1424dfa28fe8.pdf
2026-10-08,544660,Mirae Asset Nifty Top 20 Equal Weight ETF,NAV Upload - 07.10.2026,https://www.bseindia.com/xml-data/corpfiling/AttachLive/04949eec-9c6f-4be4-be7a-1424dfa28fe8.pdf
2026-10-08,544605,Mirae Asset Nifty Smallcap 250 ETF,NAV Upload - 07.10.2026,https://www.bseindia.com/xml-data/corpfiling/AttachLive/04949eec-9c6f-4be4-be7a-1424dfa28fe8.pdf
2026-10-08,544604,Mirae Asset Nifty Energy ETF,NAV Upload - 07.10.2026,https://www.bseindia.com/xml-data/corpfiling/AttachLive/04949eec-9c6f-4be4-be7a-1424dfa28fe8.pdf
2026-10-08,544438,Mirae Asset Nifty India Internet ETF,NAV Upload - 07.10.2026,https://www.bseindia.com/xml-data/corpfiling/AttachLive/04949eec-9c6f-4be4-be7a-1424dfa28fe8.pdf
2026-10-08,544401,Mirae Asset Nifty50 Equal Weight ETF,NAV Upload - 07.10.2026,https://www.bseindia.com/xml-data/corpfiling/AttachLive/04949eec-9c6f-4be4-be7a-1424dfa28fe8.pdf
2026-10-08,544377,Mirae Asset BSE 200 Equal Weight ETF,NAV Upload - 07.10.2026,https://www.bseindia.com/xml-data/corpfiling/AttachLive/04949eec-9c6f-4be4-be7a-1424dfa28fe8.pdf
2026-10-08,544376,Mirae Asset BSE Select IPO ETF,NAV Upload - 07.10.2026,https://www.bseindia.com/xml-data/corpfiling/AttachLive/04949eec-9c6f-4be4-be7a-1424dfa28fe8.pdf
2026-10-08,544323,Mirae Asset Nifty India New Age Consumption ETF,NAV Upload - 07.10.2026,https://www.bseindia.com/xml-data/corpfiling/AttachLive/04949eec-9c6f-4be4-be7a-1424dfa28fe8.pdf
2026-10-08,544284,Mirae Asset Nifty 1D Rate Liquid ETF-Growth,NAV Upload - 07.10.2026,https://www.bseindia.com/xml-data/corpfiling/AttachLive/04949eec-9c6f-4be4-be7a-1424dfa28fe8.pdf
2026-10-08,544268,Mirae Asset Nifty Metal ETF,NAV Upload - 07.10.2026,https://www.bseindia.com/xml-data/corpfiling/AttachLive/04949eec-9c6f-4be4-be7a-1424dfa28fe8.pdf
2026-10-08,544266,Mirae Asset Nifty PSU Bank ETF,NAV Upload - 07.10.2026,https://www.bseindia.com/xml-data/corpfiling/AttachLive/04949eec-9c6f-4be4-be7a-1424dfa28fe8.pdf
2026-10-08,544241,Mirae Asset Nifty500 Multicap 50:25:25 ETF,NAV Upload - 07.10.2026,https://www.bseindia.com/xml-data/corpfiling/AttachLive/04949eec-9c6f-4be4-be7a-1424dfa28fe8.pdf
2026-10-08,544212,Mirae Asset Nifty EV and New Age Automotive ETF,NAV Upload - 07.10.2026,https://www.bseindia.com/xml-data/corpfiling/AttachLive/04949eec-9c6f-4be4-be7a-1424dfa28fe8.pdf
2026-10-08,544180,Mirae Asset Nifty Midsmallcap400 Momentum Quality 100 ETF,NAV Upload - 07.10.2026,https://www.bseindia.com/xml-data/corpfiling/AttachLive/04949eec-9c6f-4be4-be7a-1424dfa28fe8.pdf
2026-10-08,544130,Mirae Asset Nifty Smallcap 250 Momentum Quality 100 ETF,NAV Upload - 07.10.2026,https://www.bseindia.com/xml-data/corpfiling/AttachLive/04949eec-9c6f-4be4-be7a-1424dfa28fe8.pdf
2026-10-08,544007,Mirae Asset Nifty 200 Alpha 30 ETF,NAV Upload - 07.10.2026,https://www.bseindia.com/xml-data/corpfiling/AttachLive/04949eec-9c6f-4be4-be7a-1424dfa28fe8.pdf
2026-10-08,544006,Mirae Asset Nifty IT ETF,NAV Upload - 07.10.2026,https://www.bseindia.com/xml-data/corpfiling/AttachLive/04949eec-9c6f-4be4-be7a-1424dfa28fe8.pdf
2026-10-08,543999,Mirae Asset S&amp;P BSE Sensex ETF,NAV Upload - 07.10.2026,https://www.bseindia.com/xml-data/corpfiling/AttachLive/04949eec-9c6f-4be4-be7a-1424dfa28fe8.pdf
2026-10-08,543946,MIRAE ASSET NIFTY 1 D RATE LIQUID ETF,NAV Upload - 07.10.2026,https://www.bseindia.com/xml-data/corpfiling/AttachLive/04949eec-9c6f-4be4-be7a-1424dfa28fe8.pdf
2026-10-08,543944,Mirae Asset Nifty Bank ETF,NAV Upload - 07.10.2026,https://www.bseindia.com/xml-data/corpfiling/AttachLive/04949eec-9c6f-4be4-be7a-1424dfa28fe8.pdf
2026-10-08,543922,Mirae Asset Silver ETF,NAV Upload - 07.10.2026,https://www.bseindia.com/xml-data/corpfiling/AttachLive/04949eec-9c6f-4be4-be7a-1424dfa28fe8.pdf
2026-10-08,543875,Mirae Asset Nifty 8-13 Yr G-Sec ETF,NAV Upload - 07.10.2026,https://www.bseindia.com/xml-data/corpfiling/AttachLive/04949eec-9c6f-4be4-be7a-1424dfa28fe8.pdf
2026-10-08,543858,Mirae Asset Nifty 100 Low Volatility 30 ETF,NAV Upload - 07.10.2026,https://www.bseindia.com/xml-data/corpfiling/AttachLive/04949eec-9c6f-4be4-be7a-1424dfa28fe8.pdf
2026-10-08,543823,Mirae Asset Fixed Maturity Plan - Series V - Plan 2 - 91 Days Regular Plan- IDCW - Payout,NAV Upload - 07.10.2026,https://www.bseindia.com/xml-data/corpfiling/AttachLive/04949eec-9c6f-4be4-be7a-1424dfa28fe8.pdf
2026-10-08,543822,Mirae Asset Fixed Maturity Plan - Series V - Plan 2 - 91 Days Regular Plan - Growth,NAV Upload - 07.10.2026,https://www.bseindia.com/xml-data/corpfiling/AttachLive/04949eec-9c6f-4be4-be7a-1424dfa28fe8.pdf
2026-10-08,543821,Mirae Asset Fixed Maturity Plan - Series V - Plan 2 - 91 Days - Direct Plan - IDCW - Payout,NAV Upload - 07.10.2026,https://www.bseindia.com/xml-data/corpfiling/AttachLive/04949eec-9c6f-4be4-be7a-1424dfa28fe8.pdf
2026-10-08,543820,Mirae Asset Fixed Maturity Plan - Series V - Plan 2 - 91 Days Direct Plan - Growth,NAV Upload - 07.10.2026,https://www.bseindia.com/xml-data/corpfiling/AttachLive/04949eec-9c6f-4be4-be7a-1424dfa28fe8.pdf
2026-10-08,543781,Mirae Asset Gold ETF,NAV Upload - 07.10.2026,https://www.bseindia.com/xml-data/corpfiling/AttachLive/04949eec-9c6f-4be4-be7a-1424dfa28fe8.pdf
2026-10-08,543773,Mirae Asset Fixed Maturity Plan - Series V - Plan 1 - Regular Plan - IDCW payout,NAV Upload - 07.10.2026,https://www.bseindia.com/xml-data/corpfiling/AttachLive/04949eec-9c6f-4be4-be7a-1424dfa28fe8.pdf
2026-10-08,543772,Mirae Asset Fixed Maturity Plan - Series V - Plan 1 - Regular Plan - Growth,NAV Upload - 07.10.2026,https://www.bseindia.com/xml-data/corpfiling/AttachLive/04949eec-9c6f-4be4-be7a-1424dfa28fe8.pdf
2026-10-08,543771,Mirae Asset Fixed Maturity Plan - Series V - Plan 1 - Direct Plan - IDCW payout,NAV Upload - 07.10.2026,https://www.bseindia.com/xml-data/corpfiling/AttachLive/04949eec-9c6f-4be4-be7a-1424dfa28fe8.pdf
2026-10-08,543770,Mirae Asset Fixed Maturity Plan - Series V - Plan 1 - Direct Plan - Growth,NAV Upload - 07.10.2026,https://www.bseindia.com/xml-data/corpfiling/AttachLive/04949eec-9c6f-4be4-be7a-1424dfa28fe8.pdf
2026-10-08,543481,Mirae Asset Nifty Midcap 150 ETF,NAV Upload - 07.10.2026,https://www.bseindia.com/xml-data/corpfiling/AttachLive/04949eec-9c6f-4be4-be7a-1424dfa28fe8.pdf
2026-10-08,543454,Mirae Asset Nifty India Manufacturing ETF,NAV Upload - 07.10.2026,https://www.bseindia.com/xml-data/corpfiling/AttachLive/04949eec-9c6f-4be4-be7a-1424dfa28fe8.pdf
2026-10-08,543414,Mirae Asset Hang Seng TECH ETF,NAV Upload - 07.10.2026,https://www.bseindia.com/xml-data/corpfiling/AttachLive/04949eec-9c6f-4be4-be7a-1424dfa28fe8.pdf
2026-10-08,543365,Mirae Asset S&amp;P 500 Top 50 ETF,NAV Upload - 07.10.2026,https://www.bseindia.com/xml-data/corpfiling/AttachLive/04949eec-9c6f-4be4-be7a-1424dfa28fe8.pdf
2026-10-08,543323,Mirae Asset Nifty Financial Services ETF,NAV Upload - 07.10.2026,https://www.bseindia.com/xml-data/corpfiling/AttachLive/04949eec-9c6f-4be4-be7a-1424dfa28fe8.pdf
2026-10-08,543291,Mirae Asset NYSE FANG+ ETF,NAV Upload - 07.10.2026,https://www.bseindia.com/xml-data/corpfiling/AttachLive/04949eec-9c6f-4be4-be7a-1424dfa28fe8.pdf
2026-10-08,543246,Mirae Asset Nifty 100 ESG Sector Leaders ETF,NAV Upload - 07.10.2026,https://www.bseindia.com/xml-data/corpfiling/AttachLive/04949eec-9c6f-4be4-be7a-1424dfa28fe8.pdf
2026-10-08,542922,Mirae Asset Nifty Next 50 ETF (MANXT50ETF),NAV Upload - 07.10.2026,https://www.bseindia.com/xml-data/corpfiling/AttachLive/04949eec-9c6f-4be4-be7a-1424dfa28fe8.pdf
2026-10-08,542568,Mirae Asset Fixed Maturity Plan - Series III - 1122 days - Regular Plan - Growth Option,NAV Upload - 07.10.2026,https://www.bseindia.com/xml-data/corpfiling/AttachLive/04949eec-9c6f-4be4-be7a-1424dfa28fe8.pdf
2026-10-08,542567,Mirae Asset Fixed Maturity Plan - Series III - 1122 days - Regular Plan - Dividend Payout Option,NAV Upload - 07.10.2026,https://www.bseindia.com/xml-data/corpfiling/AttachLive/04949eec-9c6f-4be4-be7a-1424dfa28fe8.pdf
2026-10-08,542566,Mirae Asset Fixed Maturity Plan - Series III - 1122 days - Direct Plan - Dividend Payout Option,NAV Upload - 07.10.2026,https://www.bseindia.com/xml-data/corpfiling/AttachLive/04949eec-9c6f-4be4-be7a-1424dfa28fe8.pdf
2026-10-08,542565,Mirae Asset Fixed Maturity Plan - Series III - 1122 days - Direct Plan - Growth Option,NAV Upload - 07.10.2026,https://www.bseindia.com/xml-data/corpfiling/AttachLive/04949eec-9c6f-4be4-be7a-1424dfa28fe8.pdf
2026-10-08,542131,MIRAE ASSET NIFTY 50 ETF (MAN50ETF),NAV Upload - 07.10.2026,https://www.bseindia.com/xml-data/corpfiling/AttachLive/04949eec-9c6f-4be4-be7a-1424dfa28fe8.pdf
2026-10-08,533179,Persistent Systems Ltd,"The intimation of investor/analyst call scheduled on Thursday, October 15, 2026 (IST), is as enclosed.",https://www.bseindia.com/xml-data/corpfiling/AttachLive/779ec07d-27e0-4d25-8703-4e8b2cd70821.pdf
2026-10-08,531082,Alankit Ltd,"ALLOTMENT OF 1,65,00,000 EQUITY SHARES PURSUANT TO THE CONVERSION OF 1,65,00,000 FULLY CONVERTIBLE WARRANTS ISSUED ON A PREFERENTIAL BASIS TO THE PERSONS BELONGING TO THE PROMOTER GROUP CATEGORY",https://www.bseindia.com/xml-data/corpfiling/AttachLive/b13f52b3-ed07-4d76-b4f5-ef604ef5245f.pdf
2026-10-08,544827,Bajaj Finserv BSE Top 10 Banks ETF,"NAV as on October 07, 2026",https://www.bseindia.com/xml-data/corpfiling/AttachLive/ed056121-f0b8-4c45-bc7c-b4414b95a724.pdf
2026-10-08,544182,Bajaj Finserve Nifty1D Rate Liquid ETF - Growth,"NAV as on October 07, 2026",https://www.bseindia.com/xml-data/corpfiling/AttachLive/ed056121-f0b8-4c45-bc7c-b4414b95a724.pdf
2026-10-08,544093,Bajaj Finserv Nifty Bank ETF,"NAV as on October 07, 2026",https://www.bseindia.com/xml-data/corpfiling/AttachLive/ed056121-f0b8-4c45-bc7c-b4414b95a724.pdf
2026-10-08,544092,Bajaj Finserv Nifty 50 ETF,"NAV as on October 07, 2026",https://www.bseindia.com/xml-data/corpfiling/AttachLive/ed056121-f0b8-4c45-bc7c-b4414b95a724.pdf
2026-10-08,544450,Chembond Chemicals Ltd,"Certificate under Regulation 74(5) of SEBI (DP) Regulations , 2018 for the Quarter ended 30th September 2026.",https://www.bseindia.com/xml-data/corpfiling/AttachLive/4f73caeb-c174-4cfc-ab79-44aa4664c607.pdf
2026-10-08,532648,Yes Bank Ltd,"Conference Call for the Quarter (Q2) and Half year ended September 30, 2026 - Disclosure under Regulation 30 of the SEBI (Listing Obligations and Disclosure Requirements) Regulations, 2015",https://www.bseindia.com/xml-data/corpfiling/AttachLive/7d9ea64c-8c51-46e1-9ac1-c26fa94f18fc.pdf
2026-10-08,958246,Yes Bank Ltd,"Conference Call for the Quarter (Q2) and Half year ended September 30, 2026 - Disclosure under Regulation 30 of the SEBI (Listing Obligations and Disclosure Requirements) Regulations, 2015",https://www.bseindia.com/xml-data/corpfiling/AttachLive/7d9ea64c-8c51-46e1-9ac1-c26fa94f18fc.pdf
2026-10-08,957656,Yes Bank Ltd,"Conference Call for the Quarter (Q2) and Half year ended September 30, 2026 - Disclosure under Regulation 30 of the SEBI (Listing Obligations and Disclosure Requirements) Regulations, 2015",https://www.bseindia.com/xml-data/corpfiling/AttachLive/7d9ea64c-8c51-46e1-9ac1-c26fa94f18fc.pdf
2026-10-08,957039,Yes Bank Ltd,"Conference Call for the Quarter (Q2) and Half year ended September 30, 2026 - Disclosure under Regulation 30 of the SEBI (Listing Obligations and Disclosure Requirements) Regulations, 2015",https://www.bseindia.com/xml-data/corpfiling/AttachLive/7d9ea64c-8c51-46e1-9ac1-c26fa94f18fc.pdf
2026-10-08,956948,Yes Bank Ltd,"Conference Call for the Quarter (Q2) and Half year ended September 30, 2026 - Disclosure under Regulation 30 of the SEBI (Listing Obligations and Disclosure Requirements) Regulations, 2015",https://www.bseindia.com/xml-data/corpfiling/AttachLive/7d9ea64c-8c51-46e1-9ac1-c26fa94f18fc.pdf
2026-10-08,954975,Yes Bank Ltd,"Conference Call for the Quarter (Q2) and Half year ended September 30, 2026 - Disclosure under Regulation 30 of the SEBI (Listing Obligations and Disclosure Requirements) Regulations, 2015",https://www.bseindia.com/xml-data/corpfiling/AttachLive/7d9ea64c-8c51-46e1-9ac1-c26fa94f18fc.pdf
2026-10-08,953688,Yes Bank Ltd,"Conference Call for the Quarter (Q2) and Half year ended September 30, 2026 - Disclosure under Regulation 30 of the SEBI (Listing Obligations and Disclosure Requirements) Regulations, 2015",https://www.bseindia.com/xml-data/corpfiling/AttachLive/7d9ea64c-8c51-46e1-9ac1-c26fa94f18fc.pdf
2026-10-08,526299,Mphasis Ltd,Grant of 325460 Employees Stock Options and 163040 Restricted Stock Units,https://www.bseindia.com/xml-data/corpfiling/AttachLive/2ed95fcf-cc05-4fb0-bb0d-92fe95b980e3.pdf
2026-10-08,534748,Steel Exchange India Ltd,Press Release,https://www.bseindia.com/xml-data/corpfiling/AttachLive/eb3dd087-d48a-4f9d-999b-be8400fcbea5.pdf
2026-10-08,960441,Steel Exchange India Ltd,Press Release,https://www.bseindia.com/xml-data/corpfiling/AttachLive/eb3dd087-d48a-4f9d-999b-be8400fcbea5.pdf
2026-10-08,539112,SAB Industries Ltd,"Certificate under Reg.74(5) of SEBI (DP) Regulations, 2018 for the quarter ended 30.09.2026.",https://www.bseindia.com/xml-data/corpfiling/AttachLive/3041c85c-fefd-43b8-babf-441d3d0a9587.pdf
2026-10-08,533100,Premier Energy and Infrastructure Ltd,"Compliance Certificate under Reg. 74(5) of SEBI (DP) Regulations, 2018",https://www.bseindia.com/xml-data/corpfiling/AttachLive/2609fb3b-d281-403b-b099-c87122c0bc6c.pdf
2026-10-08,526775,Valiant Communications Ltd-$,As attached,https://www.bseindia.com/xml-data/corpfiling/AttachLive/1d8e73e5-5378-48bb-8afb-e213468e034f.pdf
2026-10-08,539730,Fredun Pharmaceuticals Ltd,"Press Release Issued by Fredun Pharmaceuticals Limited dated 08 October, 2026.",https://www.bseindia.com/xml-data/corpfiling/AttachLive/97a85886-3e28-45aa-9742-2b489c2be971.pdf
2026-10-08,543232,Computer Age Management Services Ltd,"Certificate pursuant to Regulation 74(5) of SEBI (DP) Regulations, 2018 for the quarter ended 30th September 2026",https://www.bseindia.com/xml-data/corpfiling/AttachLive/edb5e601-5bc5-4399-a0ae-1c74382e1e29.pdf
2026-10-08,539336,Gujarat Energy Ltd,"The Exchange has received the disclosure under Regulation 29(2) of SEBI (Substantial Acquisition of Shares &amp; Takeovers) Regulations, 2011 for ICICI Prudential Mutual Fund",https://www.bseindia.com/xml-data/corpfiling/AttachLive/66E3FE9B_2127_47C1_A3A3_7B312740B189_092809.pdf
2026-10-08,543325,Rolex Rings Ltd,"The Exchange has received the disclosure under Regulation 29(2) of SEBI (Substantial Acquisition of Shares &amp; Takeovers) Regulations, 2011 for ICICI Prudential Mutual Fund",https://www.bseindia.com/xml-data/corpfiling/AttachLive/057CD5E8_BBAC_4CCF_9039_39B1B595289C_092708.pdf
2026-10-08,544483,Icodex Publishing Solutions Ltd,Outcome of 08th Annual General meeting along with clarification,https://www.bseindia.com/xml-data/corpfiling/AttachLive/90146b55-f0f1-499f-81f4-fbcaeaa4fb0c.pdf
2026-10-08,544634,Aequs Ltd,"The Exchange has received the disclosure under Regulation 29(2) of SEBI (Substantial Acquisition of Shares &amp; Takeovers) Regulations, 2011 for Amansa Investments Ltd &amp; Others",https://www.bseindia.com/xml-data/corpfiling/AttachLive/40B8F842_9F8D_4CC6_8C9B_1D8F3CE8604D_092101.pdf
2026-10-08,532777,Info Edge (India) Ltd,"Company Update for the Quarter and Six Months ended September 30, 2026",https://www.bseindia.com/xml-data/corpfiling/AttachLive/a0fe8432-d748-45c9-9b2f-9df05a9cd5bf.pdf
2026-10-08,978149,Gabriel India Ltd,"Gabriel India Limited has informed the exchange regarding half yearly submission on ISINs of debt securities as on September 30, 2026.",https://www.bseindia.com/xml-data/corpfiling/AttachLive/59586a4b-81ae-4821-9d2c-d01393eb9d23.pdf
2026-10-08,532380,Baba Arts Ltd-$,"The Exchange has received the disclosure under Regulation 29(1) of SEBI (Substantial Acquisition of Shares &amp; Takeovers) Regulations, 2011 for Skybridge Interactive LLP",https://www.bseindia.com/xml-data/corpfiling/AttachLive/04FB21AA_127C_4BEB_9E7C_EE02D3E147C3_091730.pdf
2026-10-08,532380,Baba Arts Ltd-$,"The Exchange has received the disclosure under Regulation 29(2) of SEBI (Substantial Acquisition of Shares &amp; Takeovers) Regulations, 2011 for Gordhan P Tanwani &amp; Others",https://www.bseindia.com/xml-data/corpfiling/AttachLive/6A4E0A2B_8E11_492E_BE2C_7845F7AF4008_091615.pdf
2026-10-08,543275,Anupam Rasayan India Ltd,"The Exchange has received the disclosure under Regulation 29(2) of SEBI (Substantial Acquisition of Shares &amp; Takeovers) Regulations, 2011 for Catalyst Trusteeship Ltd",https://www.bseindia.com/xml-data/corpfiling/AttachLive/B0C3FAE6_890C_418E_8E97_9D7E208CF3B1_091422.pdf
2026-10-08,544112,Jasch Gauging Technologies Ltd,Attached,https://www.bseindia.com/xml-data/corpfiling/AttachLive/670b3f52-6c80-4671-af6d-4124ed16b37a.pdf
2026-10-08,544208,Shriram Nifty 1D Rate Liquid ETF,UNIT,https://www.bseindia.com/xml-data/corpfiling/AttachLive/db6d8533-9392-4a91-9faa-2cdeaec30702.pdf
2026-10-08,544208,Shriram Nifty 1D Rate Liquid ETF,NAV,https://www.bseindia.com/xml-data/corpfiling/AttachLive/e4a5bc9d-6afc-4ff0-b319-4de8af49ca18.pdf
2026-10-08,539607,Blue Cloud Softech Solutions Ltd,"Disclosure under Regulation 30 of the SEBI (Listing Obligations and Disclosure Requirements) Regulations, 2015: Press release on Signing of Memorandum of Understanding with the Ministry of Telecommunications and Digital Affairs of Senegal and GCIB for Africa.",https://www.bseindia.com/xml-data/corpfiling/AttachLive/f161e915-91c1-437a-9b41-6c6ab26f52c5.pdf
2026-10-08,533229,Bajaj Consumer Care Ltd,"ursuant to Regulation 30 of the SEBI (Listing Obligations and Disclosure Requirements) Regulations, 2015, we wish to inform you that the Company will participate in the earning conference call organized by ICICI Securities on Thursday, October 15, 2026 at 10:30 A.M., with regard to the Unaudited Financial Results of the Company for the second quarter/half year ended September 30, 2026. The details of conference, transcript and audio cast will be hosted on Company's website at www.bajajconsumercare.com. The details of the conference call is enclosed with this letter.",https://www.bseindia.com/xml-data/corpfiling/AttachLive/55c547ce-1723-4996-bdd0-8d4644ebfaf5.pdf
2026-10-08,526299,Mphasis Ltd,"The Exchange has received the disclosure under Regulation 29(2) of SEBI (Substantial Acquisition of Shares &amp; Takeovers) Regulations, 2011 for Kotak Mahindra Mutual Fund",https://www.bseindia.com/xml-data/corpfiling/AttachLive/36ABFC3E_F741_4854_9449_A496B8A3961D_083857.pdf
2026-10-08,544055,Muthoot Microfin Ltd,"Key business update for the quarter ended September 30,2026",https://www.bseindia.com/xml-data/corpfiling/AttachLive/12c5ab11-4ce4-4e1e-bdc9-46eb84ce8884.pdf
2026-10-08,978131,Muthoot Microfin Ltd,"Key business update for the quarter ended September 30,2026",https://www.bseindia.com/xml-data/corpfiling/AttachLive/12c5ab11-4ce4-4e1e-bdc9-46eb84ce8884.pdf
2026-10-08,977754,Muthoot Microfin Ltd,"Key business update for the quarter ended September 30,2026",https://www.bseindia.com/xml-data/corpfiling/AttachLive/12c5ab11-4ce4-4e1e-bdc9-46eb84ce8884.pdf
2026-10-08,977529,Muthoot Microfin Ltd,"Key business update for the quarter ended September 30,2026",https://www.bseindia.com/xml-data/corpfiling/AttachLive/12c5ab11-4ce4-4e1e-bdc9-46eb84ce8884.pdf
2026-10-08,977494,Muthoot Microfin Ltd,"Key business update for the quarter ended September 30,2026",https://www.bseindia.com/xml-data/corpfiling/AttachLive/12c5ab11-4ce4-4e1e-bdc9-46eb84ce8884.pdf
2026-10-08,977380,Muthoot Microfin Ltd,"Key business update for the quarter ended September 30,2026",https://www.bseindia.com/xml-data/corpfiling/AttachLive/12c5ab11-4ce4-4e1e-bdc9-46eb84ce8884.pdf
2026-10-08,977379,Muthoot Microfin Ltd,"Key business update for the quarter ended September 30,2026",https://www.bseindia.com/xml-data/corpfiling/AttachLive/12c5ab11-4ce4-4e1e-bdc9-46eb84ce8884.pdf
2026-10-08,977342,Muthoot Microfin Ltd,"Key business update for the quarter ended September 30,2026",https://www.bseindia.com/xml-data/corpfiling/AttachLive/12c5ab11-4ce4-4e1e-bdc9-46eb84ce8884.pdf
2026-10-08,977289,Muthoot Microfin Ltd,"Key business update for the quarter ended September 30,2026",https://www.bseindia.com/xml-data/corpfiling/AttachLive/12c5ab11-4ce4-4e1e-bdc9-46eb84ce8884.pdf
2026-10-08,977288,Muthoot Microfin Ltd,"Key business update for the quarter ended September 30,2026",https://www.bseindia.com/xml-data/corpfiling/AttachLive/12c5ab11-4ce4-4e1e-bdc9-46eb84ce8884.pdf
2026-10-08,977280,Muthoot Microfin Ltd,"Key business update for the quarter ended September 30,2026",https://www.bseindia.com/xml-data/corpfiling/AttachLive/12c5ab11-4ce4-4e1e-bdc9-46eb84ce8884.pdf
2026-10-08,977142,Muthoot Microfin Ltd,"Key business update for the quarter ended September 30,2026",https://www.bseindia.com/xml-data/corpfiling/AttachLive/12c5ab11-4ce4-4e1e-bdc9-46eb84ce8884.pdf
2026-10-08,977116,Muthoot Microfin Ltd,"Key business update for the quarter ended September 30,2026",https://www.bseindia.com/xml-data/corpfiling/AttachLive/12c5ab11-4ce4-4e1e-bdc9-46eb84ce8884.pdf
2026-10-08,975885,Muthoot Microfin Ltd,"Key business update for the quarter ended September 30,2026",https://www.bseindia.com/xml-data/corpfiling/AttachLive/12c5ab11-4ce4-4e1e-bdc9-46eb84ce8884.pdf
2026-10-08,975004,Muthoot Microfin Ltd,"Key business update for the quarter ended September 30,2026",https://www.bseindia.com/xml-data/corpfiling/AttachLive/12c5ab11-4ce4-4e1e-bdc9-46eb84ce8884.pdf
2026-10-08,974966,Muthoot Microfin Ltd,"Key business update for the quarter ended September 30,2026",https://www.bseindia.com/xml-data/corpfiling/AttachLive/12c5ab11-4ce4-4e1e-bdc9-46eb84ce8884.pdf
2026-10-08,732227,Muthoot Microfin Ltd,"Key business update for the quarter ended September 30,2026",https://www.bseindia.com/xml-data/corpfiling/AttachLive/12c5ab11-4ce4-4e1e-bdc9-46eb84ce8884.pdf
2026-10-08,730012,Muthoot Microfin Ltd,"Key business update for the quarter ended September 30,2026",https://www.bseindia.com/xml-data/corpfiling/AttachLive/12c5ab11-4ce4-4e1e-bdc9-46eb84ce8884.pdf
2026-10-08,539176,Hawa Engineers Ltd,"The Exchange has received the disclosure under Regulation 29(2) of SEBI (Substantial Acquisition of Shares &amp; Takeovers) Regulations, 2011 for Asad F Kagdi, Jamilabibi Kagdi,",https://www.bseindia.com/xml-data/corpfiling/AttachLive/9C0BAA21_DD45_46CF_AABD_41A727834247_082644.pdf
2026-10-08,530805,Onesource Industries And Ventures Ltd,"Certificate under Regulation 74(5) of SEBI (Depository and Participants) Regulations, 2018 for the quarter ended on September 30, 2026.",https://www.bseindia.com/xml-data/corpfiling/AttachLive/f3a0cb1f-7185-4e97-8930-d19c99425e28.pdf
2026-10-08,539176,Hawa Engineers Ltd,"The Exchange has received the disclosure under Regulation 10(6) of SEBI (Substantial Acquisition of Shares &amp; Takeovers) Regulations, 2011 for Asad F Kagdi, Aslam F Kagdi &amp; Mohammed Kagdi",https://www.bseindia.com/xml-data/corpfiling/AttachLive/CD419EC4_86B1_4B21_B3D4_82A939DEC6F7_082300.pdf
2026-10-08,543638,Tracxn Technologies Ltd,"Intimation for Allotment of 18,620 Equity Shares under ""TRACXN Employee Stock Option Plan 2016""",https://www.bseindia.com/xml-data/corpfiling/AttachLive/a6702b02-278e-46b8-9f4c-8363d93fe248.pdf
2026-10-08,531082,Alankit Ltd,"The Exchange has received the disclosure under Regulation 29(2) of SEBI (Substantial Acquisition of Shares &amp; Takeovers) Regulations, 2011 for Alka Agarwal &amp; Others",https://www.bseindia.com/xml-data/corpfiling/AttachLive/FFD47516_408E_4BA2_AD8A_0B28F37C9FEA_082121.pdf
2026-10-08,506122,Kairosoft AI Solutions Ltd,"The Exchange has received the disclosure under Regulation 29(2) of SEBI (Substantial Acquisition of Shares &amp; Takeovers) Regulations, 2011 for Kreon Financial Services Ltd",https://www.bseindia.com/xml-data/corpfiling/AttachLive/AE987AB0_6EF6_4DB0_ACD8_A802EF7A7A2A_082012.pdf
2026-10-08,590003,Karur Vysya Bank Ltd,"Karur Vysya Bank Ltd has informed BSE regarding ""Intimation under Regulation 30 of SEBI (LODR) Regulations, 2015 -&lt;BR&gt;Revision in EBR-R of the Bank"".",https://www.bseindia.com/xml-data/corpfiling/AttachLive/4389C4A5-EBF6-4398-B928-C4C770E85D9D-081622.pdf
2026-10-08,544979,Everestims Technologies Ltd,"Trading Members of the Exchange are hereby informed that effective from October 08, 2026, the Equity Shares of Everestims Technologies Ltd (Scrip Code: 544979) are listed and admitted to dealings on the Exchange in the list of ''MT'' Group Securities. For further details please refer to the notice no. 20261007-36 dated October 07, 2026.",https://www.bseindia.com/xml-data/corpfiling/AttachLive/
2026-10-08,544978,Shree TNB Polymers Ltd,"Trading Members of the Exchange are hereby informed that effective from October 08, 2026, the Equity Shares of Shree TNB Polymers Ltd (Scrip Code: 544978) are listed and admitted to dealings on the Exchange in the list of ''MT'' Group Securities. For further details please refer to the notice no. 20261007-35 dated October 07, 2026.",https://www.bseindia.com/xml-data/corpfiling/AttachLive/
2026-10-08,544975,Dove Soft Ltd,"Trading Members of the Exchange are hereby informed that effective from October 08, 2026, the Equity Shares of Dove Soft Ltd (Scrip Code: 544975) are listed and admitted to dealings on the Exchange in the list of ''MT'' Group Securities. For further details please refer to the notice no. 20261007-29 dated October 07, 2026.",https://www.bseindia.com/xml-data/corpfiling/AttachLive/
2026-10-08,544980,Sjp Ultrasonics Ltd,"Trading Members of the Exchange are hereby informed that effective from October 08, 2026, the Equity Shares of Sjp Ultrasonics Ltd (Scrip Code: 544980) are listed and admitted to dealings on the Exchange in the list of ''MT'' Group Securities. For further details please refer to the notice no. 20261007-37 dated October 07, 2026.",https://www.bseindia.com/xml-data/corpfiling/AttachLive/
2026-10-08,544976,Omara Ventures India Ltd,"Trading Members of the Exchange are hereby informed that effective from October 08, 2026, the Equity Shares of Omara Ventures India Ltd (Scrip Code: 544976) are listed and admitted to dealings on the Exchange in the list of ''MT'' Group Securities. For further details please refer to the notice no. 20261007-23 dated October 07, 2026.",https://www.bseindia.com/xml-data/corpfiling/AttachLive/
2026-10-08,544973,Vishal Nirmiti Ltd,"Trading Members of the Exchange are hereby informed that effective from October 08, 2026, the Equity Shares of Vishal Nirmiti Ltd (Scrip Code: 544973) are listed and admitted to dealings on the Exchange in the list of ''T'' Group Securities. For further details please refer to the notice no. 20261007-25 dated October 07, 2026.",https://www.bseindia.com/xml-data/corpfiling/AttachLive/
2026-10-08,544977,Sollfege Smart Electronics Ltd,"Trading Members of the Exchange are hereby informed that effective from October 08, 2026, the Equity Shares of Sollfege Smart Electronics Ltd (Scrip Code: 544977) are listed and admitted to dealings on the Exchange in the list of ''MT'' Group Securities. For further details please refer to the notice no. 20261007-27 dated October 07, 2026.",https://www.bseindia.com/xml-data/corpfiling/AttachLive/
2026-10-08,544974,Nityas Gems and Jewellery Ltd,"Trading Members of the Exchange are hereby informed that effective from October 08, 2026, the Equity Shares of Nityas Gems and Jewellery Ltd (Scrip Code: 544974) are listed and admitted to dealings on the Exchange in the list of ''T'' Group Securities. For further details please refer to the notice no. 20261007-26 dated October 07, 2026.",https://www.bseindia.com/xml-data/corpfiling/AttachLive/
2026-10-08,533275,Shah Metacorp Ltd,"With reference to above mentioned subject, we submit herewith confirmation certificate for Securities Dematerialized/ rematerialized as received pursuant to Regulation 74(5) of SEBI (Depositories and Participants) Regulation, 2018 for the quarter ended September 30, 2026 as received from MUFG Intime India Private Limited (Formerly Link Intime India Private Limited), Registrar and Share Transfer Agent (RTA) of the Company dated October 03, 2026. You are requested to take the same on record.",https://www.bseindia.com/xml-data/corpfiling/AttachLive/374684e0-4f02-432b-91e9-225f34537689.pdf
2026-10-08,9008221,Union Liquid Fund Monthly IDCW Reinvestment (9008221),.,https://www.bseindia.com/xml-data/corpfiling/AttachLive/18c0e11d-958e-45ec-b934-56836d496abd.pdf
2026-10-08,9008220,Union Multi Asset Allocation Fund Direct IDCW Transfer (9008220),.,https://www.bseindia.com/xml-data/corpfiling/AttachLive/18c0e11d-958e-45ec-b934-56836d496abd.pdf
2026-10-08,9008219,Union Multi Asset Allocation Fund Direct IDCW Payout (9008219),.,https://www.bseindia.com/xml-data/corpfiling/AttachLive/18c0e11d-958e-45ec-b934-56836d496abd.pdf
2026-10-08,9008218,Union Multi Asset Allocation Fund Direct IDCW Reinvestment (9008218),.,https://www.bseindia.com/xml-data/corpfiling/AttachLive/18c0e11d-958e-45ec-b934-56836d496abd.pdf
2026-10-08,9008217,Union Multi Asset Allocation Fund Direct Growth (9008217),.,https://www.bseindia.com/xml-data/corpfiling/AttachLive/18c0e11d-958e-45ec-b934-56836d496abd.pdf
2026-10-08,9008216,Union Multi Asset Allocation Fund Regular IDCW Transfer (9008216),.,https://www.bseindia.com/xml-data/corpfiling/AttachLive/18c0e11d-958e-45ec-b934-56836d496abd.pdf
2026-10-08,9008215,Union Multi Asset Allocation Fund Regular IDCW Payout (9008215),.,https://www.bseindia.com/xml-data/corpfiling/AttachLive/18c0e11d-958e-45ec-b934-56836d496abd.pdf
2026-10-08,9008214,Union Multi Asset Allocation Fund Regular IDCW Reinvestment (9008214),.,https://www.bseindia.com/xml-data/corpfiling/AttachLive/18c0e11d-958e-45ec-b934-56836d496abd.pdf
2026-10-08,9008213,Union Multi Asset Allocation Fund Regular Growth (9008213),.,https://www.bseindia.com/xml-data/corpfiling/AttachLive/18c0e11d-958e-45ec-b934-56836d496abd.pdf
2026-10-08,9008212,Union Business Cycle Fund Direct IDCW Transfer (9008212),.,https://www.bseindia.com/xml-data/corpfiling/AttachLive/18c0e11d-958e-45ec-b934-56836d496abd.pdf
2026-10-08,9008211,Union Business Cycle Fund Direct IDCW Payout (9008211),.,https://www.bseindia.com/xml-data/corpfiling/AttachLive/18c0e11d-958e-45ec-b934-56836d496abd.pdf
2026-10-08,9008210,Union Business Cycle Fund Direct IDCW Reinvestment (9008210),.,https://www.bseindia.com/xml-data/corpfiling/AttachLive/18c0e11d-958e-45ec-b934-56836d496abd.pdf
2026-10-08,9008209,Union Business Cycle Fund Direct Growth (9008209),.,https://www.bseindia.com/xml-data/corpfiling/AttachLive/18c0e11d-958e-45ec-b934-56836d496abd.pdf
2026-10-08,9008208,Union Business Cycle Fund Regular IDCW Transfer (9008208),.,https://www.bseindia.com/xml-data/corpfiling/AttachLive/18c0e11d-958e-45ec-b934-56836d496abd.pdf
2026-10-08,9008207,Union Business Cycle Fund Regular IDCW Payout (9008207),.,https://www.bseindia.com/xml-data/corpfiling/AttachLive/18c0e11d-958e-45ec-b934-56836d496abd.pdf
2026-10-08,9008206,Union Business Cycle Fund Regular IDCW Reinvestment (9008206),.,https://www.bseindia.com/xml-data/corpfiling/AttachLive/18c0e11d-958e-45ec-b934-56836d496abd.pdf
2026-10-08,9008205,Union Business Cycle Fund Regular Growth (9008205),.,https://www.bseindia.com/xml-data/corpfiling/AttachLive/18c0e11d-958e-45ec-b934-56836d496abd.pdf
2026-10-08,9008204,Union Childrens Fund Regular Growth (9008204),.,https://www.bseindia.com/xml-data/corpfiling/AttachLive/18c0e11d-958e-45ec-b934-56836d496abd.pdf
2026-10-08,9008203,Union Childrens Fund Regular IDCW Payout (9008203),.,https://www.bseindia.com/xml-data/corpfiling/AttachLive/18c0e11d-958e-45ec-b934-56836d496abd.pdf
2026-10-08,9008202,Union Childrens Fund Direct Growth (9008202),.,https://www.bseindia.com/xml-data/corpfiling/AttachLive/18c0e11d-958e-45ec-b934-56836d496abd.pdf
2026-10-08,9008201,Union Childrens Fund Direct IDCW Payout (9008201),.,https://www.bseindia.com/xml-data/corpfiling/AttachLive/18c0e11d-958e-45ec-b934-56836d496abd.pdf
2026-10-08,9008200,Union Innovation and Opportunity Fund Regular IDCW Reinvestment (9008200),.,https://www.bseindia.com/xml-data/corpfiling/AttachLive/18c0e11d-958e-45ec-b934-56836d496abd.pdf
2026-10-08,9008199,Union Innovation and Opportunity Fund Direct Growth (9008199),.,https://www.bseindia.com/xml-data/corpfiling/AttachLive/18c0e11d-958e-45ec-b934-56836d496abd.pdf
2026-10-08,9008198,Union Innovation and Opportunity Fund Regular Growth (9008198),.,https://www.bseindia.com/xml-data/corpfiling/AttachLive/18c0e11d-958e-45ec-b934-56836d496abd.pdf
2026-10-08,9008197,Union Innovation and Opportunity Fund Regular IDCW Transfer (9008197),.,https://www.bseindia.com/xml-data/corpfiling/AttachLive/18c0e11d-958e-45ec-b934-56836d496abd.pdf
2026-10-08,9008196,Union Innovation and Opportunity Fund Regular IDCW Payout (9008196),.,https://www.bseindia.com/xml-data/corpfiling/AttachLive/18c0e11d-958e-45ec-b934-56836d496abd.pdf
2026-10-08,9008195,Union Innovation and Opportunity Fund Direct IDCW Transfer (9008195),.,https://www.bseindia.com/xml-data/corpfiling/AttachLive/18c0e11d-958e-45ec-b934-56836d496abd.pdf
2026-10-08,9008194,Union Innovation and Opportunity Fund Direct IDCW Reinvestment (9008194),.,https://www.bseindia.com/xml-data/corpfiling/AttachLive/18c0e11d-958e-45ec-b934-56836d496abd.pdf
2026-10-08,9008193,Union Innovation and Opportunity Fund Direct IDCW Payout (9008193),.,https://www.bseindia.com/xml-data/corpfiling/AttachLive/18c0e11d-958e-45ec-b934-56836d496abd.pdf
2026-10-08,9008192,Union Fixed Maturity Plan Series 13 Direct Plan Growth (9008192),.,https://www.bseindia.com/xml-data/corpfiling/AttachLive/18c0e11d-958e-45ec-b934-56836d496abd.pdf
2026-10-08,9008191,Union Fixed Maturity Plan Series 13 Regular Plan Growth (9008191),.,https://www.bseindia.com/xml-data/corpfiling/AttachLive/18c0e11d-958e-45ec-b934-56836d496abd.pdf
2026-10-08,9008190,Union Fixed Maturity Plan Series 13 Direct Plan IDCW Payout (9008190),.,https://www.bseindia.com/xml-data/corpfiling/AttachLive/18c0e11d-958e-45ec-b934-56836d496abd.pdf
2026-10-08,9008189,Union Fixed Maturity Plan Series 13 Regular Plan IDCW Payout (9008189),.,https://www.bseindia.com/xml-data/corpfiling/AttachLive/18c0e11d-958e-45ec-b934-56836d496abd.pdf
2026-10-08,9008188,Union Multicap Fund Direct Plan IDCW Payout (9008188),.,https://www.bseindia.com/xml-data/corpfiling/AttachLive/18c0e11d-958e-45ec-b934-56836d496abd.pdf
2026-10-08,9008187,Union Multicap Fund Direct Plan IDCW Transfer (9008187),.,https://www.bseindia.com/xml-data/corpfiling/AttachLive/18c0e11d-958e-45ec-b934-56836d496abd.pdf
2026-10-08,9008186,Union Multicap Fund Direct Plan IDCW Reinvestment (9008186),.,https://www.bseindia.com/xml-data/corpfiling/AttachLive/18c0e11d-958e-45ec-b934-56836d496abd.pdf
2026-10-08,9008185,Union Multicap Fund Direct Plan Growth (9008185),.,https://www.bseindia.com/xml-data/corpfiling/AttachLive/18c0e11d-958e-45ec-b934-56836d496abd.pdf
2026-10-08,9008184,Union Multicap Fund Regular Plan IDCW Transfer Option (9008184),.,https://www.bseindia.com/xml-data/corpfiling/AttachLive/18c0e11d-958e-45ec-b934-56836d496abd.pdf
2026-10-08,9008183,Union Multicap Fund Regular Plan IDCW Payout (9008183),.,https://www.bseindia.com/xml-data/corpfiling/AttachLive/18c0e11d-958e-45ec-b934-56836d496abd.pdf
2026-10-08,9008182,Union Multicap Fund Regular Plan IDCW Reinvestment (9008182),.,https://www.bseindia.com/xml-data/corpfiling/AttachLive/18c0e11d-958e-45ec-b934-56836d496abd.pdf
2026-10-08,9008181,Union Multicap Fund  Regular Plan Growth (9008181),.,https://www.bseindia.com/xml-data/corpfiling/AttachLive/18c0e11d-958e-45ec-b934-56836d496abd.pdf
2026-10-08,9008180,Union Retirement Fund Regular IDCW Payout (9008180),.,https://www.bseindia.com/xml-data/corpfiling/AttachLive/18c0e11d-958e-45ec-b934-56836d496abd.pdf
2026-10-08,9008179,Union Retirement Fund Regular Growth (9008179),.,https://www.bseindia.com/xml-data/corpfiling/AttachLive/18c0e11d-958e-45ec-b934-56836d496abd.pdf
2026-10-08,9008178,Union Retirement Fund Direct IDCW Payout (9008178),.,https://www.bseindia.com/xml-data/corpfiling/AttachLive/18c0e11d-958e-45ec-b934-56836d496abd.pdf
2026-10-08,9008177,Union Retirement Fund Direct Growth (9008177),.,https://www.bseindia.com/xml-data/corpfiling/AttachLive/18c0e11d-958e-45ec-b934-56836d496abd.pdf
2026-10-08,9008176,Union Gilt Fund Regular Half Yearly IDCW Transfer (9008176),.,https://www.bseindia.com/xml-data/corpfiling/AttachLive/18c0e11d-958e-45ec-b934-56836d496abd.pdf
2026-10-08,9008175,Union Gilt Fund Regular Half Yearly IDCW Reinvestment (9008175),.,https://www.bseindia.com/xml-data/corpfiling/AttachLive/18c0e11d-958e-45ec-b934-56836d496abd.pdf
2026-10-08,9008174,Union Gilt Fund Regular Half Yearly IDCW Payout (9008174),.,https://www.bseindia.com/xml-data/corpfiling/AttachLive/18c0e11d-958e-45ec-b934-56836d496abd.pdf
2026-10-08,9008173,Union Gilt Fund Regular Growth (9008173),.,https://www.bseindia.com/xml-data/corpfiling/AttachLive/18c0e11d-958e-45ec-b934-56836d496abd.pdf
2026-10-08,9008172,Union Gilt Fund Regular Annual IDCW Transfer (9008172),.,https://www.bseindia.com/xml-data/corpfiling/AttachLive/18c0e11d-958e-45ec-b934-56836d496abd.pdf
2026-10-08,9008171,Union Gilt Fund Regular Annual IDCW Reinvestment (9008171),.,https://www.bseindia.com/xml-data/corpfiling/AttachLive/18c0e11d-958e-45ec-b934-56836d496abd.pdf
2026-10-08,9008170,Union Gilt Fund Regular Annual IDCW Payout (9008170),.,https://www.bseindia.com/xml-data/corpfiling/AttachLive/18c0e11d-958e-45ec-b934-56836d496abd.pdf
2026-10-08,9008169,Union Gilt Fund Direct Half Yearly IDCW Transfer (9008169),.,https://www.bseindia.com/xml-data/corpfiling/AttachLive/18c0e11d-958e-45ec-b934-56836d496abd.pdf
2026-10-08,9008168,Union Gilt Fund Direct Half Yearly IDCW Reinvestment (9008168),.,https://www.bseindia.com/xml-data/corpfiling/AttachLive/18c0e11d-958e-45ec-b934-56836d496abd.pdf
2026-10-08,9008167,Union Gilt Fund Direct Half Yearly IDCW Payout (9008167),.,https://www.bseindia.com/xml-data/corpfiling/AttachLive/18c0e11d-958e-45ec-b934-56836d496abd.pdf
2026-10-08,9008166,Union Gilt Fund Direct Growth (9008166),.,https://www.bseindia.com/xml-data/corpfiling/AttachLive/18c0e11d-958e-45ec-b934-56836d496abd.pdf
2026-10-08,9008165,Union Gilt Fund Direct Annual IDCW Transfer (9008165),.,https://www.bseindia.com/xml-data/corpfiling/AttachLive/18c0e11d-958e-45ec-b934-56836d496abd.pdf
2026-10-08,9008164,Union Gilt Fund Direct Annual IDCW Reinvestment (9008164),.,https://www.bseindia.com/xml-data/corpfiling/AttachLive/18c0e11d-958e-45ec-b934-56836d496abd.pdf
2026-10-08,9008163,Union Gilt Fund Direct Annual IDCW Payout (9008163),.,https://www.bseindia.com/xml-data/corpfiling/AttachLive/18c0e11d-958e-45ec-b934-56836d496abd.pdf
2026-10-08,9008162,Union Value Fund Direct Plan IDCW Transfer (9008162),.,https://www.bseindia.com/xml-data/corpfiling/AttachLive/18c0e11d-958e-45ec-b934-56836d496abd.pdf
2026-10-08,9008161,Union Value Fund Regular Plan IDCW Transfer (9008161),.,https://www.bseindia.com/xml-data/corpfiling/AttachLive/18c0e11d-958e-45ec-b934-56836d496abd.pdf
2026-10-08,9008160,Union Value Fund Direct Plan IDCW Reinvestment (9008160),.,https://www.bseindia.com/xml-data/corpfiling/AttachLive/18c0e11d-958e-45ec-b934-56836d496abd.pdf
2026-10-08,9008159,Union Value Fund Regular Plan IDCW Reinvestment (9008159),.,https://www.bseindia.com/xml-data/corpfiling/AttachLive/18c0e11d-958e-45ec-b934-56836d496abd.pdf
2026-10-08,9008158,Union Value Fund Direct Plan IDCW Payout (9008158),.,https://www.bseindia.com/xml-data/corpfiling/AttachLive/18c0e11d-958e-45ec-b934-56836d496abd.pdf
2026-10-08,9008157,Union Value Fund Regular Plan IDCW Payout (9008157),.,https://www.bseindia.com/xml-data/corpfiling/AttachLive/18c0e11d-958e-45ec-b934-56836d496abd.pdf
2026-10-08,9008156,Union Value Fund Direct Plan Growth (9008156),.,https://www.bseindia.com/xml-data/corpfiling/AttachLive/18c0e11d-958e-45ec-b934-56836d496abd.pdf
2026-10-08,9008155,Union Value Fund Regular Plan Growth (9008155),.,https://www.bseindia.com/xml-data/corpfiling/AttachLive/18c0e11d-958e-45ec-b934-56836d496abd.pdf
2026-10-08,9008154,Union Focused Fund Direct Plan Growth Option (9008154),.,https://www.bseindia.com/xml-data/corpfiling/AttachLive/18c0e11d-958e-45ec-b934-56836d496abd.pdf
2026-10-08,9008153,Union Focused Fund Regular  Plan Growth Option (9008153),.,https://www.bseindia.com/xml-data/corpfiling/AttachLive/18c0e11d-958e-45ec-b934-56836d496abd.pdf
2026-10-08,9008152,Union Focused Fund Direct Plan IDCW Transfer (9008152),.,https://www.bseindia.com/xml-data/corpfiling/AttachLive/18c0e11d-958e-45ec-b934-56836d496abd.pdf
2026-10-08,9008151,Union Focused Fund Regular Plan IDCW Transfer Option (9008151),.,https://www.bseindia.com/xml-data/corpfiling/AttachLive/18c0e11d-958e-45ec-b934-56836d496abd.pdf
2026-10-08,9008150,Union Focused Fund Direct Plan IDCW Reinvestment Option (9008150),.,https://www.bseindia.com/xml-data/corpfiling/AttachLive/18c0e11d-958e-45ec-b934-56836d496abd.pdf
2026-10-08,9008149,Union Focused Fund Regular Plan IDCW Reinvestment Option (9008149),.,https://www.bseindia.com/xml-data/corpfiling/AttachLive/18c0e11d-958e-45ec-b934-56836d496abd.pdf
2026-10-08,9008148,Union Focused Fund Direct Plan IDCW Payout Option (9008148),.,https://www.bseindia.com/xml-data/corpfiling/AttachLive/18c0e11d-958e-45ec-b934-56836d496abd.pdf
2026-10-08,9008147,Union Focused Fund Regular Plan IDCW Payout Option (9008147),.,https://www.bseindia.com/xml-data/corpfiling/AttachLive/18c0e11d-958e-45ec-b934-56836d496abd.pdf
2026-10-08,9008146,Union ELSS Tax Saver Fund IDCW Payout Direct Plan (9008146),.,https://www.bseindia.com/xml-data/corpfiling/AttachLive/18c0e11d-958e-45ec-b934-56836d496abd.pdf
2026-10-08,9008145,Union ELSS Tax Saver Fund Growth Direct Plan (9008145),.,https://www.bseindia.com/xml-data/corpfiling/AttachLive/18c0e11d-958e-45ec-b934-56836d496abd.pdf
2026-10-08,9008144,Union ELSS Tax Saver Fund Growth Regular Plan (9008144),.,https://www.bseindia.com/xml-data/corpfiling/AttachLive/18c0e11d-958e-45ec-b934-56836d496abd.pdf
2026-10-08,9008143,Union ELSS Tax Saver Fund IDCW Payout Regular Plan (9008143),.,https://www.bseindia.com/xml-data/corpfiling/AttachLive/18c0e11d-958e-45ec-b934-56836d496abd.pdf
2026-10-08,9008142,Union Small Cap Fund Direct Plan Transfer of IDCW Option (9008142),.,https://www.bseindia.com/xml-data/corpfiling/AttachLive/18c0e11d-958e-45ec-b934-56836d496abd.pdf
2026-10-08,9008141,Union Small Cap Fund Regular Plan Transfer of IDCW Option (9008141),.,https://www.bseindia.com/xml-data/corpfiling/AttachLive/18c0e11d-958e-45ec-b934-56836d496abd.pdf
2026-10-08,9008140,Union Small Cap Fund Direct Plan IDCW Reinvestment (9008140),.,https://www.bseindia.com/xml-data/corpfiling/AttachLive/18c0e11d-958e-45ec-b934-56836d496abd.pdf
2026-10-08,9008139,Union Small Cap Fund Regular Plan IDCW Reinvestment (9008139),.,https://www.bseindia.com/xml-data/corpfiling/AttachLive/18c0e11d-958e-45ec-b934-56836d496abd.pdf
2026-10-08,9008138,Union Small Cap Fund Direct Plan IDCW Payout (9008138),.,https://www.bseindia.com/xml-data/corpfiling/AttachLive/18c0e11d-958e-45ec-b934-56836d496abd.pdf
2026-10-08,9008137,Union Small Cap Fund Regular Plan IDCW Payout (9008137),.,https://www.bseindia.com/xml-data/corpfiling/AttachLive/18c0e11d-958e-45ec-b934-56836d496abd.pdf
2026-10-08,9008136,Union Small Cap Fund Direct Plan Growth (9008136),.,https://www.bseindia.com/xml-data/corpfiling/AttachLive/18c0e11d-958e-45ec-b934-56836d496abd.pdf
2026-10-08,9008135,Union Small Cap Fund Regular Plan Growth (9008135),.,https://www.bseindia.com/xml-data/corpfiling/AttachLive/18c0e11d-958e-45ec-b934-56836d496abd.pdf
2026-10-08,9008134,Union Balanced Advantage Fund Direct Plan IDCW Transfer (9008134),.,https://www.bseindia.com/xml-data/corpfiling/AttachLive/18c0e11d-958e-45ec-b934-56836d496abd.pdf
2026-10-08,9008133,Union Balanced Advantage Fund Regular Plan IDCW Transfer (9008133),.,https://www.bseindia.com/xml-data/corpfiling/AttachLive/18c0e11d-958e-45ec-b934-56836d496abd.pdf
2026-10-08,9008132,Union Balanced Advantage Fund Direct Plan IDCW Reinvestment (9008132),.,https://www.bseindia.com/xml-data/corpfiling/AttachLive/18c0e11d-958e-45ec-b934-56836d496abd.pdf
2026-10-08,9008131,Union Balanced Advantage Fund Reg Plan IDCW Reinvestment (9008131),.,https://www.bseindia.com/xml-data/corpfiling/AttachLive/18c0e11d-958e-45ec-b934-56836d496abd.pdf
2026-10-08,9008130,Union Balanced Advantage Fund Direct Plan IDCW Payout (9008130),.,https://www.bseindia.com/xml-data/corpfiling/AttachLive/18c0e11d-958e-45ec-b934-56836d496abd.pdf
2026-10-08,9008129,Union Balanced Advantage Fund Regular Plan IDCW Payout (9008129),.,https://www.bseindia.com/xml-data/corpfiling/AttachLive/18c0e11d-958e-45ec-b934-56836d496abd.pdf
2026-10-08,9008128,Union Balanced Advantage Fund Direct Plan  Growth (9008128),.,https://www.bseindia.com/xml-data/corpfiling/AttachLive/18c0e11d-958e-45ec-b934-56836d496abd.pdf
2026-10-08,9008127,Union Balanced Advantage Fund Regular Plan  Growth (9008127),.,https://www.bseindia.com/xml-data/corpfiling/AttachLive/18c0e11d-958e-45ec-b934-56836d496abd.pdf
2026-10-08,9008126,Union Overnight Fund Weekly IDCW Reinvestment (9008126),.,https://www.bseindia.com/xml-data/corpfiling/AttachLive/18c0e11d-958e-45ec-b934-56836d496abd.pdf
2026-10-08,9008125,Union Overnight Fund Weekly IDCW Reinvestment Direct Plan (9008125),.,https://www.bseindia.com/xml-data/corpfiling/AttachLive/18c0e11d-958e-45ec-b934-56836d496abd.pdf
2026-10-08,9008124,Union Overnight Fund Monthly IDCW Transfer (9008124),.,https://www.bseindia.com/xml-data/corpfiling/AttachLive/18c0e11d-958e-45ec-b934-56836d496abd.pdf
2026-10-08,9008123,Union Overnight Fund Monthly IDCW Transfer  Direct (9008123),.,https://www.bseindia.com/xml-data/corpfiling/AttachLive/18c0e11d-958e-45ec-b934-56836d496abd.pdf
2026-10-08,9008122,Union Overnight Fund Monthly IDCW Reinvestment (9008122),.,https://www.bseindia.com/xml-data/corpfiling/AttachLive/18c0e11d-958e-45ec-b934-56836d496abd.pdf
2026-10-08,9008121,Union Overnight Fund Monthly IDCW Reinvestment Direct Plan (9008121),.,https://www.bseindia.com/xml-data/corpfiling/AttachLive/18c0e11d-958e-45ec-b934-56836d496abd.pdf
2026-10-08,9008120,Union Overnight Fund Monthly IDCW Payout (9008120),.,https://www.bseindia.com/xml-data/corpfiling/AttachLive/18c0e11d-958e-45ec-b934-56836d496abd.pdf
2026-10-08,9008119,Union Overnight Fund Monthly IDCW Payout Direct Plan (9008119),.,https://www.bseindia.com/xml-data/corpfiling/AttachLive/18c0e11d-958e-45ec-b934-56836d496abd.pdf
2026-10-08,9008118,Union Overnight Fund Growth (9008118),.,https://www.bseindia.com/xml-data/corpfiling/AttachLive/18c0e11d-958e-45ec-b934-56836d496abd.pdf
2026-10-08,9008117,Union Overnight Fund Growth Direct Plan (9008117),.,https://www.bseindia.com/xml-data/corpfiling/AttachLive/18c0e11d-958e-45ec-b934-56836d496abd.pdf
2026-10-08,9008116,Union Overnight Fund Fortnightly IDCW Transfer (9008116),.,https://www.bseindia.com/xml-data/corpfiling/AttachLive/18c0e11d-958e-45ec-b934-56836d496abd.pdf
2026-10-08,9008115,Union Overnight Fund Fortnightly IDCW Transfer Direct (9008115),.,https://www.bseindia.com/xml-data/corpfiling/AttachLive/18c0e11d-958e-45ec-b934-56836d496abd.pdf
2026-10-08,9008114,Union Overnight Fund Fortnightly IDCW Reinvestment (9008114),.,https://www.bseindia.com/xml-data/corpfiling/AttachLive/18c0e11d-958e-45ec-b934-56836d496abd.pdf
2026-10-08,9008113,Union Overnight Fund Fortnightly IDCW Reinvestment Direct Plan (9008113),.,https://www.bseindia.com/xml-data/corpfiling/AttachLive/18c0e11d-958e-45ec-b934-56836d496abd.pdf
2026-10-08,9008112,Union Overnight Fund Fortnightly IDCW Payout (9008112),.,https://www.bseindia.com/xml-data/corpfiling/AttachLive/18c0e11d-958e-45ec-b934-56836d496abd.pdf
2026-10-08,9008111,Union Overnight Fund Daily IDCW Reinvestment  (9008111),.,https://www.bseindia.com/xml-data/corpfiling/AttachLive/18c0e11d-958e-45ec-b934-56836d496abd.pdf
2026-10-08,9008110,Union Overnight Fund Daily IDCW Reinvestment Direct Plan (9008110),.,https://www.bseindia.com/xml-data/corpfiling/AttachLive/18c0e11d-958e-45ec-b934-56836d496abd.pdf
2026-10-08,9008109,Union Overnight Fund Fortnightly IDCW Payout Direct Plan (9008109),.,https://www.bseindia.com/xml-data/corpfiling/AttachLive/18c0e11d-958e-45ec-b934-56836d496abd.pdf
2026-10-08,9008108,Union Money Market Fund Regular Plan Transfer of Weekly IDCW Option (9008108),.,https://www.bseindia.com/xml-data/corpfiling/AttachLive/18c0e11d-958e-45ec-b934-56836d496abd.pdf
2026-10-08,9008107,Union Money Market Fund Direct Plan Transfer of Weekly IDCW Option (9008107),.,https://www.bseindia.com/xml-data/corpfiling/AttachLive/18c0e11d-958e-45ec-b934-56836d496abd.pdf
2026-10-08,9008106,Union Money Market Fund Regular Plan Reinvestment of Weekly IDCW Option (9008106),.,https://www.bseindia.com/xml-data/corpfiling/AttachLive/18c0e11d-958e-45ec-b934-56836d496abd.pdf
2026-10-08,9008105,Union Money Market Fund Direct Plan Reinvestment of Weekly IDCW Option (9008105),.,https://www.bseindia.com/xml-data/corpfiling/AttachLive/18c0e11d-958e-45ec-b934-56836d496abd.pdf
2026-10-08,9008104,Union Money Market Fund Regular Plan Transfer of Monthly IDCW Option (9008104),.,https://www.bseindia.com/xml-data/corpfiling/AttachLive/18c0e11d-958e-45ec-b934-56836d496abd.pdf
2026-10-08,9008103,Union Money Market Fund Direct Plan Transfer of Monthly IDCW Option (9008103),.,https://www.bseindia.com/xml-data/corpfiling/AttachLive/18c0e11d-958e-45ec-b934-56836d496abd.pdf
2026-10-08,9008102,Union Money Market Fund Regular Plan Reinvestment of Monthly IDCW Option (9008102),.,https://www.bseindia.com/xml-data/corpfiling/AttachLive/18c0e11d-958e-45ec-b934-56836d496abd.pdf
2026-10-08,9008101,Union Money Market Fund Direct Plan Reinvestment of Monthly IDCW Option (9008101),.,https://www.bseindia.com/xml-data/corpfiling/AttachLive/18c0e11d-958e-45ec-b934-56836d496abd.pdf
2026-10-08,9008100,Union Money Market Fund Regular Plan Payout of Monthly IDCW Option (9008100),.,https://www.bseindia.com/xml-data/corpfiling/AttachLive/18c0e11d-958e-45ec-b934-56836d496abd.pdf
2026-10-08,9008099,Union Money Market Fund Direct Plan Payout of Monthly IDCW Option (9008099),.,https://www.bseindia.com/xml-data/corpfiling/AttachLive/18c0e11d-958e-45ec-b934-56836d496abd.pdf
2026-10-08,9008098,Union Money Market Fund Regular Plan Growth (9008098),.,https://www.bseindia.com/xml-data/corpfiling/AttachLive/18c0e11d-958e-45ec-b934-56836d496abd.pdf
2026-10-08,9008097,Union Money Market Fund Direct Plan Growth (9008097),.,https://www.bseindia.com/xml-data/corpfiling/AttachLive/18c0e11d-958e-45ec-b934-56836d496abd.pdf
2026-10-08,9008096,Union Money Market Fund Regular Plan Transfer of Daily IDCW Option (9008096),.,https://www.bseindia.com/xml-data/corpfiling/AttachLive/18c0e11d-958e-45ec-b934-56836d496abd.pdf
2026-10-08,9008095,Union Money Market Fund Direct Plan Transfer of Daily IDCW Option (9008095),.,https://www.bseindia.com/xml-data/corpfiling/AttachLive/18c0e11d-958e-45ec-b934-56836d496abd.pdf
2026-10-08,9008094,Union Money Market Fund Regular Plan Reinvestment of Daily IDCW Option (9008094),.,https://www.bseindia.com/xml-data/corpfiling/AttachLive/18c0e11d-958e-45ec-b934-56836d496abd.pdf
2026-10-08,9008093,Union Money Market Fund Direct Plan Reinvestment of Daily IDCW Option (9008093),.,https://www.bseindia.com/xml-data/corpfiling/AttachLive/18c0e11d-958e-45ec-b934-56836d496abd.pdf
2026-10-08,9008092,Union Medium Duration Fund Regular Plan Growth (9008092),.,https://www.bseindia.com/xml-data/corpfiling/AttachLive/18c0e11d-958e-45ec-b934-56836d496abd.pdf
2026-10-08,9008091,Union Medium Duration Fund Regular Plan IDCW Transfer Option (9008091),.,https://www.bseindia.com/xml-data/corpfiling/AttachLive/18c0e11d-958e-45ec-b934-56836d496abd.pdf
2026-10-08,9008090,Union Medium Duration Fund Regular Plan IDCW Reinvestment (9008090),.,https://www.bseindia.com/xml-data/corpfiling/AttachLive/18c0e11d-958e-45ec-b934-56836d496abd.pdf
2026-10-08,9008089,Union Medium Duration Fund Regular Plan IDCW Payout (9008089),.,https://www.bseindia.com/xml-data/corpfiling/AttachLive/18c0e11d-958e-45ec-b934-56836d496abd.pdf
2026-10-08,9008088,Union Medium Duration Fund Direct Plan Growth (9008088),.,https://www.bseindia.com/xml-data/corpfiling/AttachLive/18c0e11d-958e-45ec-b934-56836d496abd.pdf
2026-10-08,9008087,Union Medium Duration Fund Direct Plan IDCW Transfer (9008087),.,https://www.bseindia.com/xml-data/corpfiling/AttachLive/18c0e11d-958e-45ec-b934-56836d496abd.pdf
2026-10-08,9008086,Union Medium Duration Fund Direct Plan IDCW Reinvestment (9008086),.,https://www.bseindia.com/xml-data/corpfiling/AttachLive/18c0e11d-958e-45ec-b934-56836d496abd.pdf
2026-10-08,9008085,Union Medium Duration Fund Direct Plan IDCW Payout (9008085),.,https://www.bseindia.com/xml-data/corpfiling/AttachLive/18c0e11d-958e-45ec-b934-56836d496abd.pdf
2026-10-08,9008084,Union Midcap Fund  Regular Plan Growth (9008084),.,https://www.bseindia.com/xml-data/corpfiling/AttachLive/18c0e11d-958e-45ec-b934-56836d496abd.pdf
2026-10-08,9008083,Union Midcap Fund Regular Plan IDCW Transfer Option (9008083),.,https://www.bseindia.com/xml-data/corpfiling/AttachLive/18c0e11d-958e-45ec-b934-56836d496abd.pdf
2026-10-08,9008082,Union Midcap Fund Regular Plan IDCW Reinvestment (9008082),.,https://www.bseindia.com/xml-data/corpfiling/AttachLive/18c0e11d-958e-45ec-b934-56836d496abd.pdf
2026-10-08,9008081,Union Midcap Fund Regular Plan IDCW Payout (9008081),.,https://www.bseindia.com/xml-data/corpfiling/AttachLive/18c0e11d-958e-45ec-b934-56836d496abd.pdf
2026-10-08,9008080,Union Midcap Fund Direct Plan Growth (9008080),.,https://www.bseindia.com/xml-data/corpfiling/AttachLive/18c0e11d-958e-45ec-b934-56836d496abd.pdf
2026-10-08,9008079,Union Midcap Fund Direct Plan IDCW Transfer (9008079),.,https://www.bseindia.com/xml-data/corpfiling/AttachLive/18c0e11d-958e-45ec-b934-56836d496abd.pdf
2026-10-08,9008078,Union Midcap Fund Direct Plan IDCW Reinvestment (9008078),.,https://www.bseindia.com/xml-data/corpfiling/AttachLive/18c0e11d-958e-45ec-b934-56836d496abd.pdf
2026-10-08,9008077,Union Midcap Fund Direct Plan IDCW Payout (9008077),.,https://www.bseindia.com/xml-data/corpfiling/AttachLive/18c0e11d-958e-45ec-b934-56836d496abd.pdf
2026-10-08,9008076,Union Large and Midcap Fund Regular Plan Growth (9008076),.,https://www.bseindia.com/xml-data/corpfiling/AttachLive/18c0e11d-958e-45ec-b934-56836d496abd.pdf
2026-10-08,9008075,Union Large and Midcap Fund Regular Plan IDCW Transfer Option (9008075),.,https://www.bseindia.com/xml-data/corpfiling/AttachLive/18c0e11d-958e-45ec-b934-56836d496abd.pdf
2026-10-08,9008074,Union Large and Midcap Fund Regular Plan IDCW Reinvestment (9008074),.,https://www.bseindia.com/xml-data/corpfiling/AttachLive/18c0e11d-958e-45ec-b934-56836d496abd.pdf
2026-10-08,9008073,Union Large and Midcap Fund Regular Plan IDCW Payout (9008073),.,https://www.bseindia.com/xml-data/corpfiling/AttachLive/18c0e11d-958e-45ec-b934-56836d496abd.pdf
2026-10-08,9008072,Union Large and Midcap Fund Direct Plan Growth (9008072),.,https://www.bseindia.com/xml-data/corpfiling/AttachLive/18c0e11d-958e-45ec-b934-56836d496abd.pdf
2026-10-08,9008071,Union Large and Midcap Fund Direct Plan IDCW Transfer (9008071),.,https://www.bseindia.com/xml-data/corpfiling/AttachLive/18c0e11d-958e-45ec-b934-56836d496abd.pdf
2026-10-08,9008070,Union Large and Midcap Fund Direct Plan IDCW Reinvestment (9008070),.,https://www.bseindia.com/xml-data/corpfiling/AttachLive/18c0e11d-958e-45ec-b934-56836d496abd.pdf
2026-10-08,9008069,Union Large and Midcap Fund Direct Plan IDCW Payout (9008069),.,https://www.bseindia.com/xml-data/corpfiling/AttachLive/18c0e11d-958e-45ec-b934-56836d496abd.pdf
2026-10-08,9008068,Union Liquid Fund Monthly IDCW Transfer ?Direct (9008068),.,https://www.bseindia.com/xml-data/corpfiling/AttachLive/18c0e11d-958e-45ec-b934-56836d496abd.pdf
2026-10-08,9008067,Union Liquid Fund Fortnightly IDCW Transfer Regular (9008067),.,https://www.bseindia.com/xml-data/corpfiling/AttachLive/18c0e11d-958e-45ec-b934-56836d496abd.pdf
2026-10-08,9008066,Union Liquid Fund Fortnightly IDCW Transfer Direct (9008066),.,https://www.bseindia.com/xml-data/corpfiling/AttachLive/18c0e11d-958e-45ec-b934-56836d496abd.pdf
2026-10-08,9008065,Union Liquid Fund Monthly IDCW Transfer Regular (9008065),.,https://www.bseindia.com/xml-data/corpfiling/AttachLive/18c0e11d-958e-45ec-b934-56836d496abd.pdf
2026-10-08,9008064,Union Liquid Fund Weekly IDCW Reinvestment Direct Plan (9008064),.,https://www.bseindia.com/xml-data/corpfiling/AttachLive/18c0e11d-958e-45ec-b934-56836d496abd.pdf
2026-10-08,9008063,Union Liquid Fund Weekly IDCW Reinvestment (9008063),.,https://www.bseindia.com/xml-data/corpfiling/AttachLive/18c0e11d-958e-45ec-b934-56836d496abd.pdf
2026-10-08,9008062,Union Liquid Fund Monthly IDCW Reinvestment Direct Plan (9008062),.,https://www.bseindia.com/xml-data/corpfiling/AttachLive/18c0e11d-958e-45ec-b934-56836d496abd.pdf
2026-10-08,9008061,Union Liquid Fund Monthly IDCW Payout Direct Plan (9008061),.,https://www.bseindia.com/xml-data/corpfiling/AttachLive/18c0e11d-958e-45ec-b934-56836d496abd.pdf
2026-10-08,9008060,Union Liquid Fund Monthly IDCW Reinvestment (9008060),.,https://www.bseindia.com/xml-data/corpfiling/AttachLive/18c0e11d-958e-45ec-b934-56836d496abd.pdf
2026-10-08,9008059,Union Liquid Fund Monthly IDCW Payout (9008059),.,https://www.bseindia.com/xml-data/corpfiling/AttachLive/18c0e11d-958e-45ec-b934-56836d496abd.pdf
2026-10-08,9008058,Union Liquid Fund Growth Direct Plan (9008058),.,https://www.bseindia.com/xml-data/corpfiling/AttachLive/18c0e11d-958e-45ec-b934-56836d496abd.pdf
2026-10-08,9008057,Union Liquid Fund Growth (9008057),.,https://www.bseindia.com/xml-data/corpfiling/AttachLive/18c0e11d-958e-45ec-b934-56836d496abd.pdf
2026-10-08,9008056,Union Liquid Fund Fortnightly IDCW Reinvestment Direct Plan (9008056),.,https://www.bseindia.com/xml-data/corpfiling/AttachLive/18c0e11d-958e-45ec-b934-56836d496abd.pdf
2026-10-08,9008055,Union Liquid Fund Fortnightly IDCW Payout Direct Plan (9008055),.,https://www.bseindia.com/xml-data/corpfiling/AttachLive/18c0e11d-958e-45ec-b934-56836d496abd.pdf
2026-10-08,9008054,Union Liquid Fund Fortnightly IDCW Reinvestment (9008054),.,https://www.bseindia.com/xml-data/corpfiling/AttachLive/18c0e11d-958e-45ec-b934-56836d496abd.pdf
2026-10-08,9008053,Union Liquid Fund Fortnightly IDCW Payout (9008053),.,https://www.bseindia.com/xml-data/corpfiling/AttachLive/18c0e11d-958e-45ec-b934-56836d496abd.pdf
2026-10-08,9008052,Union Liquid Fund Daily IDCW Reinvestment Direct Plan (9008052),.,https://www.bseindia.com/xml-data/corpfiling/AttachLive/18c0e11d-958e-45ec-b934-56836d496abd.pdf
2026-10-08,9008051,Union Liquid Fund Daily IDCW Reinvestment (9008051),.,https://www.bseindia.com/xml-data/corpfiling/AttachLive/18c0e11d-958e-45ec-b934-56836d496abd.pdf
2026-10-08,9008050,Union Aggressive Hybrid Fund  Regular Plan Growth (9008050),.,https://www.bseindia.com/xml-data/corpfiling/AttachLive/18c0e11d-958e-45ec-b934-56836d496abd.pdf
2026-10-08,9008049,Union Aggressive Hybrid Fund Regular Plan IDCW Transfer Option (9008049),.,https://www.bseindia.com/xml-data/corpfiling/AttachLive/18c0e11d-958e-45ec-b934-56836d496abd.pdf
2026-10-08,9008048,Union Aggressive Hybrid Fund Regular Plan IDCW Reinvestment (9008048),.,https://www.bseindia.com/xml-data/corpfiling/AttachLive/18c0e11d-958e-45ec-b934-56836d496abd.pdf
2026-10-08,9008047,Union Aggressive Hybrid Fund Regular Plan IDCW Payout (9008047),.,https://www.bseindia.com/xml-data/corpfiling/AttachLive/18c0e11d-958e-45ec-b934-56836d496abd.pdf
2026-10-08,9008046,Union Aggressive Hybrid Fund Direct Plan Growth (9008046),.,https://www.bseindia.com/xml-data/corpfiling/AttachLive/18c0e11d-958e-45ec-b934-56836d496abd.pdf
2026-10-08,9008045,Union Aggressive Hybrid Fund Direct Plan IDCW Transfer (9008045),.,https://www.bseindia.com/xml-data/corpfiling/AttachLive/18c0e11d-958e-45ec-b934-56836d496abd.pdf
2026-10-08,9008044,Union Aggressive Hybrid Fund Direct Plan IDCW Reinvestment (9008044),.,https://www.bseindia.com/xml-data/corpfiling/AttachLive/18c0e11d-958e-45ec-b934-56836d496abd.pdf
2026-10-08,9008043,Union Aggressive Hybrid Fund Direct Plan IDCW Payout (9008043),.,https://www.bseindia.com/xml-data/corpfiling/AttachLive/18c0e11d-958e-45ec-b934-56836d496abd.pdf
2026-10-08,9008042,Union Largecap Fund Direct PlanIDCW Transfer (9008042),.,https://www.bseindia.com/xml-data/corpfiling/AttachLive/18c0e11d-958e-45ec-b934-56836d496abd.pdf
2026-10-08,9008041,Union Largecap Fund Regular Plan IDCW Transfer (9008041),.,https://www.bseindia.com/xml-data/corpfiling/AttachLive/18c0e11d-958e-45ec-b934-56836d496abd.pdf
2026-10-08,9008040,Union Largecap Fund Direct Plan IDCW Reinvestment (9008040),.,https://www.bseindia.com/xml-data/corpfiling/AttachLive/18c0e11d-958e-45ec-b934-56836d496abd.pdf
2026-10-08,9008039,Union Largecap Fund Regular Plan IDCW Reinvestment (9008039),.,https://www.bseindia.com/xml-data/corpfiling/AttachLive/18c0e11d-958e-45ec-b934-56836d496abd.pdf
2026-10-08,9008038,Union Largecap Fund Direct Plan IDCW Payout (9008038),.,https://www.bseindia.com/xml-data/corpfiling/AttachLive/18c0e11d-958e-45ec-b934-56836d496abd.pdf
2026-10-08,9008037,Union Largecap Fund Regular Plan IDCW Payout (9008037),.,https://www.bseindia.com/xml-data/corpfiling/AttachLive/18c0e11d-958e-45ec-b934-56836d496abd.pdf
2026-10-08,9008036,Union Largecap Fund Direct Plan Growth (9008036),.,https://www.bseindia.com/xml-data/corpfiling/AttachLive/18c0e11d-958e-45ec-b934-56836d496abd.pdf
2026-10-08,9008035,Union Largecap Fund Regular Growth (9008035),.,https://www.bseindia.com/xml-data/corpfiling/AttachLive/18c0e11d-958e-45ec-b934-56836d496abd.pdf
2026-10-08,9008034,Union Equity Savings Fund Direct Plan IDCW Transfer (9008034),.,https://www.bseindia.com/xml-data/corpfiling/AttachLive/18c0e11d-958e-45ec-b934-56836d496abd.pdf
2026-10-08,9008033,Union Equity Savings Fund Regular Plan IDCW Transfer (9008033),.,https://www.bseindia.com/xml-data/corpfiling/AttachLive/18c0e11d-958e-45ec-b934-56836d496abd.pdf
2026-10-08,9008032,Union Equity Savings Fund Direct Plan IDCW Reinvestment (9008032),.,https://www.bseindia.com/xml-data/corpfiling/AttachLive/18c0e11d-958e-45ec-b934-56836d496abd.pdf
2026-10-08,9008031,Union Equity Savings Fund Regular Plan IDCW Reinvestment (9008031),.,https://www.bseindia.com/xml-data/corpfiling/AttachLive/18c0e11d-958e-45ec-b934-56836d496abd.pdf
2026-10-08,9008030,Union Equity Savings Fund Direct Plan IDCW Payout (9008030),.,https://www.bseindia.com/xml-data/corpfiling/AttachLive/18c0e11d-958e-45ec-b934-56836d496abd.pdf
2026-10-08,9008029,Union Equity Savings Fund Regular Plan IDCW Payout (9008029),.,https://www.bseindia.com/xml-data/corpfiling/AttachLive/18c0e11d-958e-45ec-b934-56836d496abd.pdf
2026-10-08,9008028,Union Equity Savings Fund Direct Plan Growth (9008028),.,https://www.bseindia.com/xml-data/corpfiling/AttachLive/18c0e11d-958e-45ec-b934-56836d496abd.pdf
2026-10-08,9008027,Union Equity Savings Fund Regular Plan Growth (9008027),.,https://www.bseindia.com/xml-data/corpfiling/AttachLive/18c0e11d-958e-45ec-b934-56836d496abd.pdf
2026-10-08,9008026,Union Flexi Cap Fund Regular Plan Transfer of IDCW Option (9008026),.,https://www.bseindia.com/xml-data/corpfiling/AttachLive/18c0e11d-958e-45ec-b934-56836d496abd.pdf
2026-10-08,9008025,Union Flexi Cap Fund Direct Plan Transfer of IDCW Option (9008025),.,https://www.bseindia.com/xml-data/corpfiling/AttachLive/18c0e11d-958e-45ec-b934-56836d496abd.pdf
2026-10-08,9008024,Union Flexi Cap Fund IDCW Reinvestment Direct Plan (9008024),.,https://www.bseindia.com/xml-data/corpfiling/AttachLive/18c0e11d-958e-45ec-b934-56836d496abd.pdf
2026-10-08,9008023,Union Flexi Cap Fund IDCW Payout Direct Plan (9008023),.,https://www.bseindia.com/xml-data/corpfiling/AttachLive/18c0e11d-958e-45ec-b934-56836d496abd.pdf
2026-10-08,9008022,Union Flexi Cap Fund Growth (9008022),.,https://www.bseindia.com/xml-data/corpfiling/AttachLive/18c0e11d-958e-45ec-b934-56836d496abd.pdf
2026-10-08,9008021,Union Flexi Cap Fund Growth Direct Plan (9008021),.,https://www.bseindia.com/xml-data/corpfiling/AttachLive/18c0e11d-958e-45ec-b934-56836d496abd.pdf
2026-10-08,9008020,Union Flexi Cap Fund IDCW Reinvestment (9008020),.,https://www.bseindia.com/xml-data/corpfiling/AttachLive/18c0e11d-958e-45ec-b934-56836d496abd.pdf
2026-10-08,9008019,Union Flexi Cap Fund IDCW Payout (9008019),.,https://www.bseindia.com/xml-data/corpfiling/AttachLive/18c0e11d-958e-45ec-b934-56836d496abd.pdf
2026-10-08,9008018,Union Dynamic Bond Fund Regular Plan Transfer of IDCW Option (9008018),.,https://www.bseindia.com/xml-data/corpfiling/AttachLive/18c0e11d-958e-45ec-b934-56836d496abd.pdf
2026-10-08,9008017,Union Dynamic Bond Fund Direct Plan Transfer of IDCW Option (9008017),.,https://www.bseindia.com/xml-data/corpfiling/AttachLive/18c0e11d-958e-45ec-b934-56836d496abd.pdf
2026-10-08,9008016,Union Dynamic Bond Fund IDCW Reinvestment Direct Plan (9008016),.,https://www.bseindia.com/xml-data/corpfiling/AttachLive/18c0e11d-958e-45ec-b934-56836d496abd.pdf
2026-10-08,9008015,Union Dynamic Bond Fund IDCW Payout Direct Plan (9008015),.,https://www.bseindia.com/xml-data/corpfiling/AttachLive/18c0e11d-958e-45ec-b934-56836d496abd.pdf
2026-10-08,9008014,Union Dynamic Bond Fund Growth Direct Plan (9008014),.,https://www.bseindia.com/xml-data/corpfiling/AttachLive/18c0e11d-958e-45ec-b934-56836d496abd.pdf
2026-10-08,9008013,Union Dynamic Bond Fund Growth (9008013),.,https://www.bseindia.com/xml-data/corpfiling/AttachLive/18c0e11d-958e-45ec-b934-56836d496abd.pdf
2026-10-08,9008012,Union Dynamic Bond Fund IDCW Reinvestment (9008012),.,https://www.bseindia.com/xml-data/corpfiling/AttachLive/18c0e11d-958e-45ec-b934-56836d496abd.pdf
2026-10-08,9008011,Union Dynamic Bond Fund IDCW Payout (9008011),.,https://www.bseindia.com/xml-data/corpfiling/AttachLive/18c0e11d-958e-45ec-b934-56836d496abd.pdf
2026-10-08,9008010,Union Corporate Bond Fund Direct IDCW Transfer (9008010),.,https://www.bseindia.com/xml-data/corpfiling/AttachLive/18c0e11d-958e-45ec-b934-56836d496abd.pdf
2026-10-08,9008009,Union Corporate Bond Fund Regular Plan IDCW Transfer (9008009),.,https://www.bseindia.com/xml-data/corpfiling/AttachLive/18c0e11d-958e-45ec-b934-56836d496abd.pdf
2026-10-08,9008008,Union Corporate Bond Fund Direct Plan IDCW Reinvestment (9008008),.,https://www.bseindia.com/xml-data/corpfiling/AttachLive/18c0e11d-958e-45ec-b934-56836d496abd.pdf
2026-10-08,9008007,Union Corporate Bond Fund Regular Plan IDCW Reinvestment (9008007),.,https://www.bseindia.com/xml-data/corpfiling/AttachLive/18c0e11d-958e-45ec-b934-56836d496abd.pdf
2026-10-08,9008006,Union Corporate Bond Fund Direct Plan IDCW Payout (9008006),.,https://www.bseindia.com/xml-data/corpfiling/AttachLive/18c0e11d-958e-45ec-b934-56836d496abd.pdf
2026-10-08,9008005,Union Corporate Bond Fund Regular Plan IDCW Payout (9008005),.,https://www.bseindia.com/xml-data/corpfiling/AttachLive/18c0e11d-958e-45ec-b934-56836d496abd.pdf
2026-10-08,9008004,Union Corporate Bond Fund  Direct Plan Growth (9008004),.,https://www.bseindia.com/xml-data/corpfiling/AttachLive/18c0e11d-958e-45ec-b934-56836d496abd.pdf
2026-10-08,9008003,Union Corporate Bond Fund Regular Plan Growth (9008003),.,https://www.bseindia.com/xml-data/corpfiling/AttachLive/18c0e11d-958e-45ec-b934-56836d496abd.pdf
2026-10-08,9008002,Union  Arbitrage Fund Direct Plan IDCW Transfer (9008002),.,https://www.bseindia.com/xml-data/corpfiling/AttachLive/18c0e11d-958e-45ec-b934-56836d496abd.pdf
2026-10-08,9008001,Union Arbitrage Fund Direct Plan IDCW Reinvestment (9008001),.,https://www.bseindia.com/xml-data/corpfiling/AttachLive/18c0e11d-958e-45ec-b934-56836d496abd.pdf
2026-10-08,9008000,Union Arbitrage Fund Direct Plan IDCW Payout (9008000),.,https://www.bseindia.com/xml-data/corpfiling/AttachLive/18c0e11d-958e-45ec-b934-56836d496abd.pdf
2026-10-08,9007999,Union Arbitrage Fund Direct Plan Growth (9007999),.,https://www.bseindia.com/xml-data/corpfiling/AttachLive/18c0e11d-958e-45ec-b934-56836d496abd.pdf
2026-10-08,9007998,Union Arbitrage Fund Regular Plan Growth (9007998),.,https://www.bseindia.com/xml-data/corpfiling/AttachLive/18c0e11d-958e-45ec-b934-56836d496abd.pdf
2026-10-08,9007997,Union Arbitrage Fund Regular Plan IDCW Transfer (9007997),.,https://www.bseindia.com/xml-data/corpfiling/AttachLive/18c0e11d-958e-45ec-b934-56836d496abd.pdf
2026-10-08,9007996,Union Arbitrage Fund Regular Plan IDCW Reinvestment (9007996),.,https://www.bseindia.com/xml-data/corpfiling/AttachLive/18c0e11d-958e-45ec-b934-56836d496abd.pdf
2026-10-08,9007995,Union Arbitrage Fund Regular Plan  IDCW Payout (9007995),.,https://www.bseindia.com/xml-data/corpfiling/AttachLive/18c0e11d-958e-45ec-b934-56836d496abd.pdf
2026-10-08,544749,Arudha Hybrid Long- Short Fund Direct Plan-Annual IDCW,Declaration of SIF NAV as on 7th October 2026,https://www.bseindia.com/xml-data/corpfiling/AttachLive/8b7825e5-3c51-40a9-8833-2a7de521dca3.pdf
2026-10-08,544692,Arudha Hybrid Long- Short Fund Direct Plan-Half yearly IDCW,Declaration of SIF NAV as on 7th October 2026,https://www.bseindia.com/xml-data/corpfiling/AttachLive/8b7825e5-3c51-40a9-8833-2a7de521dca3.pdf
2026-10-08,544691,Arudha Hybrid Long- Short Fund Direct Plan-Growth,Declaration of SIF NAV as on 7th October 2026,https://www.bseindia.com/xml-data/corpfiling/AttachLive/8b7825e5-3c51-40a9-8833-2a7de521dca3.pdf
2026-10-08,544690,Arudha Hybrid Long- Short Fund Regular Plan-Monthly IDCW,Declaration of SIF NAV as on 7th October 2026,https://www.bseindia.com/xml-data/corpfiling/AttachLive/8b7825e5-3c51-40a9-8833-2a7de521dca3.pdf
2026-10-08,544689,Arudha Hybrid Long- Short Fund Regular Plan-Growth,Declaration of SIF NAV as on 7th October 2026,https://www.bseindia.com/xml-data/corpfiling/AttachLive/8b7825e5-3c51-40a9-8833-2a7de521dca3.pdf
2026-10-08,544639,Bandhan Silver ETF,Declaration of MF NAV as on 7th October 2026,https://www.bseindia.com/xml-data/corpfiling/AttachLive/1f7196cc-e4f4-4bc5-997f-42a9f51b5829.pdf
2026-10-08,544638,Bandhan Gold ETF,Declaration of MF NAV as on 7th October 2026,https://www.bseindia.com/xml-data/corpfiling/AttachLive/1f7196cc-e4f4-4bc5-997f-42a9f51b5829.pdf
2026-10-08,542541,Bandhan Fixed Term Plan - Series 179 - Direct Plan - Half Yearly IDCW Option,Declaration of MF NAV as on 7th October 2026,https://www.bseindia.com/xml-data/corpfiling/AttachLive/1f7196cc-e4f4-4bc5-997f-42a9f51b5829.pdf
2026-10-08,542539,Bandhan Fixed Term Plan - Series 179 - Direct Plan - Growth Option,Declaration of MF NAV as on 7th October 2026,https://www.bseindia.com/xml-data/corpfiling/AttachLive/1f7196cc-e4f4-4bc5-997f-42a9f51b5829.pdf
2026-10-08,542537,Bandhan Fixed Term Plan - Series 179 - Regular Plan - Periodic IDCW Option,Declaration of MF NAV as on 7th October 2026,https://www.bseindia.com/xml-data/corpfiling/AttachLive/1f7196cc-e4f4-4bc5-997f-42a9f51b5829.pdf
2026-10-08,542536,Bandhan Fixed Term Plan - Series 179 - Regular Plan - Growth Option,Declaration of MF NAV as on 7th October 2026,https://www.bseindia.com/xml-data/corpfiling/AttachLive/1f7196cc-e4f4-4bc5-997f-42a9f51b5829.pdf
2026-10-08,540154,Bandhan S&amp;P BSE SENSEX ETF,Declaration of MF NAV as on 7th October 2026,https://www.bseindia.com/xml-data/corpfiling/AttachLive/1f7196cc-e4f4-4bc5-997f-42a9f51b5829.pdf
2026-10-08,500220,Jasch Industries Ltd,Attached,https://www.bseindia.com/xml-data/corpfiling/AttachLive/118a4787-e2a3-4933-94d3-43122acbc39d.pdf
